District,Tehsil,Block,Station,Latitude,Longitude,Data Acquisition Time,Actual_GWL_Meters,Predicted_GWL_Meters,Absolute_Error_Meters
AMBALA,AMBALA,-,JANDHERI -D,30.089972,76.606444,2023-01-01 00:00:00,42.87,34.12,8.75
AMBALA,AMBALA,-,JANDHERI -D,30.089972,76.606444,2023-06-01 00:00:00,43.5,34.06,9.44
AMBALA,AMBALA,-,JANDHERI -D,30.089972,76.606444,2023-08-20 00:00:00,45.7,36.98,8.72
AMBALA,AMBALA,-,JANDHERI -M,30.089972,76.606444,2023-01-01 00:00:00,43.14,34.12,9.02
AMBALA,AMBALA,-,JANDHERI -M,30.089972,76.606444,2023-06-01 00:00:00,44.6,34.06,10.54
AMBALA,AMBALA,-,JANDHERI -M,30.089972,76.606444,2023-08-20 00:00:00,46.05,36.98,9.07
AMBALA,AMBALA,-,JANDHERI -S,30.089972,76.606444,2023-01-01 00:00:00,43.72,34.12,9.6
AMBALA,AMBALA,-,JANDHERI -S,30.089972,76.606444,2023-06-01 00:00:00,43.54,34.06,9.48
AMBALA,AMBALA,-,JANDHERI -S,30.089972,76.606444,2023-08-20 00:00:00,45.35,36.98,8.37
AMBALA,AMBALA,-,Shahpur-DW,30.3,77.08333333,2022-05-20 06:00:00,4.62,14.0,9.38
AMBALA,AMBALA,AMBALA-I,Ambala Cantt,30.38333333,76.7625,2021-01-10 00:00:00,1.93,1.47,0.46
AMBALA,AMBALA,AMBALA-I,Ambala Cantt,30.38333333,76.7625,2021-08-31 06:00:00,1.71,1.28,0.43
AMBALA,AMBALA,AMBALA-I,Ambala Cantt,30.38333333,76.7625,2021-11-30 06:00:00,1.32,1.56,0.24
AMBALA,AMBALA,AMBALA-I,Ambala Cantt,30.38333333,76.7625,2022-01-30 07:00:00,0.97,1.47,0.5
AMBALA,AMBALA,AMBALA-I,Ambala Cantt,30.38333333,76.7625,2022-05-20 06:00:00,1.77,2.74,0.97
AMBALA,AMBALA,AMBALA-I,Ambala Cantt,30.38333333,76.7625,2022-08-01 06:00:00,1.27,1.28,0.01
AMBALA,AMBALA,AMBALA-I,Ambala Cantt,30.38333333,76.7625,2022-11-01 06:00:00,1.05,1.56,0.51
AMBALA,AMBALA,AMBALA-I,Ambala Cantt,30.38333333,76.7625,2023-01-01 00:00:00,1.35,1.47,0.12
AMBALA,AMBALA,AMBALA-I,Ambala Cantt,30.38333333,76.7625,2023-06-01 00:00:00,1.28,1.89,0.61
AMBALA,AMBALA,AMBALA-I,Ambala Cantt,30.38333333,76.7625,2023-11-01 00:00:00,1.83,1.56,0.27
AMBALA,AMBALA,AMBALA-I,Ambala Cantt,30.38333333,76.7625,2024-01-01 00:00:00,1.72,1.47,0.25
AMBALA,AMBALA,AMBALA-I,Ambala Cantt-Pz,30.36666667,76.83333333,2022-05-20 06:00:00,3.39,2.69,0.7
AMBALA,AMBALA,AMBALA-I,Ambala City-DW,30.38333333,76.73333333,2022-05-20 06:00:00,2.75,1.93,0.82
AMBALA,AMBALA,AMBALA-I,Ambala Harding,30.35138889,76.84722222,2021-01-10 00:00:00,13.88,12.03,1.85
AMBALA,AMBALA,AMBALA-I,Ambala Harding,30.35138889,76.84722222,2021-08-31 06:00:00,14.98,15.28,0.3
AMBALA,AMBALA,AMBALA-I,Ambala Harding,30.35138889,76.84722222,2021-11-30 06:00:00,11.08,13.49,2.41
AMBALA,AMBALA,AMBALA-I,Ambala Harding,30.35138889,76.84722222,2022-01-30 07:00:00,10.78,12.03,1.25
AMBALA,AMBALA,AMBALA-I,Ambala Harding,30.35138889,76.84722222,2022-05-20 06:00:00,10.62,13.5,2.88
AMBALA,AMBALA,AMBALA-I,Ambala Harding,30.35138889,76.84722222,2022-08-01 06:00:00,14.06,15.28,1.22
AMBALA,AMBALA,AMBALA-I,Ambala Harding,30.35138889,76.84722222,2022-11-01 06:00:00,12.65,13.49,0.84
AMBALA,AMBALA,AMBALA-I,Ambala Harding,30.35138889,76.84722222,2023-01-01 00:00:00,11.6,12.03,0.43
AMBALA,AMBALA,AMBALA-I,Ambala Harding,30.35138889,76.84722222,2023-08-20 00:00:00,11.44,15.28,3.84
AMBALA,AMBALA,AMBALA-I,Ambala Harding,30.35138889,76.84722222,2023-11-01 00:00:00,10.58,13.49,2.91
AMBALA,AMBALA,AMBALA-I,Balana,30.32083333,76.72916667,2021-01-10 00:00:00,1.54,1.38,0.16
AMBALA,AMBALA,AMBALA-I,Balana,30.32083333,76.72916667,2021-08-31 06:00:00,1.5,1.44,0.06
AMBALA,AMBALA,AMBALA-I,Balana,30.32083333,76.72916667,2021-11-30 06:00:00,0.81,1.54,0.73
AMBALA,AMBALA,AMBALA-I,Balana,30.32083333,76.72916667,2022-01-30 07:00:00,1.24,1.38,0.14
AMBALA,AMBALA,AMBALA-I,Balana,30.32083333,76.72916667,2022-05-20 06:00:00,1.23,2.85,1.62
AMBALA,AMBALA,AMBALA-I,Balana,30.32083333,76.72916667,2022-08-01 06:00:00,1.65,1.44,0.21
AMBALA,AMBALA,AMBALA-I,Balana,30.32083333,76.72916667,2022-11-01 06:00:00,1.12,1.54,0.42
AMBALA,AMBALA,AMBALA-I,Balana,30.32083333,76.72916667,2023-01-01 00:00:00,0.89,1.38,0.49
AMBALA,AMBALA,AMBALA-I,Balana,30.32083333,76.72916667,2023-06-01 00:00:00,1.14,2.62,1.48
AMBALA,AMBALA,AMBALA-I,Balana,30.32083333,76.72916667,2023-08-20 00:00:00,1.09,1.44,0.35
AMBALA,AMBALA,AMBALA-I,Balana,30.32083333,76.72916667,2023-11-01 00:00:00,0.71,1.54,0.83
AMBALA,AMBALA,AMBALA-I,Balana,30.32083333,76.72916667,2024-01-01 00:00:00,0.84,1.38,0.54
AMBALA,AMBALA,AMBALA-I,Boh-DW,30.37027778,76.87305556,2022-05-20 06:00:00,3.4,5.28,1.88
AMBALA,AMBALA,AMBALA-I,Bullana- DW,30.3775,76.77527778,2022-05-20 06:00:00,0.75,1.54,0.79
AMBALA,AMBALA,AMBALA-I,Churmastpur-DW,30.28333333,76.66666667,2022-05-20 06:00:00,5.75,12.94,7.19
AMBALA,AMBALA,AMBALA-I,Jansui-DW,30.2075,76.68527778,2022-05-20 06:00:00,1.4,3.64,2.24
AMBALA,AMBALA,AMBALA-I,Kakru,30.40833333,76.7875,2021-01-10 00:00:00,1.35,0.98,0.37
AMBALA,AMBALA,AMBALA-I,Kakru,30.40833333,76.7875,2021-08-31 06:00:00,2.67,1.19,1.48
AMBALA,AMBALA,AMBALA-I,Kakru,30.40833333,76.7875,2021-11-30 06:00:00,0.93,2.64,1.71
AMBALA,AMBALA,AMBALA-I,Kakru,30.40833333,76.7875,2022-01-30 07:00:00,1.18,0.98,0.2
AMBALA,AMBALA,AMBALA-I,Kakru,30.40833333,76.7875,2022-05-20 06:00:00,1.62,3.26,1.64
AMBALA,AMBALA,AMBALA-I,Kakru,30.40833333,76.7875,2022-08-01 06:00:00,1.13,1.19,0.06
AMBALA,AMBALA,AMBALA-I,Kakru,30.40833333,76.7875,2023-01-01 00:00:00,1.05,0.98,0.07
AMBALA,AMBALA,AMBALA-I,Kakru,30.40833333,76.7875,2023-06-01 00:00:00,1.05,3.09,2.04
AMBALA,AMBALA,AMBALA-I,Kakru,30.40833333,76.7875,2023-11-01 00:00:00,0.75,2.64,1.89
AMBALA,AMBALA,AMBALA-I,Kakru,30.40833333,76.7875,2024-01-01 00:00:00,0.76,0.98,0.22
AMBALA,AMBALA,AMBALA-I,Kalumazra-DW,30.24861111,76.7625,2022-05-20 06:00:00,2.9,4.09,1.19
AMBALA,AMBALA,AMBALA-I,Kapoori At Saphera-PZ,30.34055556,76.92833333,2022-05-20 06:00:00,18.6,15.67,2.93
AMBALA,AMBALA,AMBALA-I,Keshopur M,30.30583333,76.90111111,2023-08-20 00:00:00,16.3,9.65,6.65
AMBALA,AMBALA,AMBALA-I,Keshopur M,30.30583333,76.90111111,2023-11-01 00:00:00,14.46,9.74,4.72
AMBALA,AMBALA,AMBALA-I,Keshopur S,30.3059,76.9017,2023-08-20 00:00:00,1.52,9.65,8.13
AMBALA,AMBALA,AMBALA-I,Keshopur S,30.3059,76.9017,2023-11-01 00:00:00,1.66,9.74,8.08
AMBALA,AMBALA,AMBALA-I,Keshopur S,30.3059,76.9017,2024-01-01 00:00:00,2.38,10.29,7.91
AMBALA,AMBALA,AMBALA-I,Khanna Majra,30.24777778,76.65722222,2022-05-20 06:00:00,3.95,3.18,0.77
AMBALA,AMBALA,AMBALA-I,Mohra-DW,30.26666667,76.85,2022-05-20 06:00:00,3.45,6.62,3.17
AMBALA,AMBALA,AMBALA-I,Nagal (D),30.24861111,76.71666667,2021-01-10 00:00:00,2.97,32.74,29.77
AMBALA,AMBALA,AMBALA-I,Nagal (D),30.24861111,76.71666667,2022-05-20 06:00:00,41.6,32.61,8.99
AMBALA,AMBALA,AMBALA-I,Nagal (D),30.24861111,76.71666667,2022-08-01 06:00:00,57.44,30.73,26.71
AMBALA,AMBALA,AMBALA-I,Nagal (D),30.24861111,76.71666667,2022-11-01 06:00:00,45.68,4.88,40.8
AMBALA,AMBALA,AMBALA-I,Nagal (D),30.24861111,76.71666667,2023-01-01 00:00:00,44.89,32.74,12.15
AMBALA,AMBALA,AMBALA-I,Nagal (M),30.24861111,76.71666667,2021-01-10 00:00:00,4.71,12.9,8.19
AMBALA,AMBALA,AMBALA-I,Nagal (M),30.24861111,76.71666667,2022-08-01 06:00:00,53.99,11.75,42.24
AMBALA,AMBALA,AMBALA-I,Nagal (M),30.24861111,76.71666667,2022-11-01 06:00:00,45.72,14.07,31.65
AMBALA,AMBALA,AMBALA-I,Nagal (M),30.24861111,76.71666667,2023-01-01 00:00:00,44.13,12.9,31.23
AMBALA,AMBALA,AMBALA-I,Nagal (M),30.24861111,76.71666667,2023-11-01 00:00:00,42.69,14.07,28.62
AMBALA,AMBALA,AMBALA-I,Nasirpur-Pz,30.35,76.76666667,2022-05-20 06:00:00,2.3,4.24,1.94
AMBALA,AMBALA,AMBALA-I,Panjokhra,30.40833333,76.84583333,2021-01-10 00:00:00,5.83,6.08,0.25
AMBALA,AMBALA,AMBALA-I,Panjokhra,30.40833333,76.84583333,2021-08-31 06:00:00,5.65,6.25,0.6
AMBALA,AMBALA,AMBALA-I,Panjokhra,30.40833333,76.84583333,2021-11-30 06:00:00,7.4,7.91,0.51
AMBALA,AMBALA,AMBALA-I,Panjokhra,30.40833333,76.84583333,2022-01-30 07:00:00,7.73,6.08,1.65
AMBALA,AMBALA,AMBALA-I,Panjokhra,30.40833333,76.84583333,2022-05-20 06:00:00,6.45,8.47,2.02
AMBALA,AMBALA,AMBALA-I,Panjokhra,30.40833333,76.84583333,2022-08-01 06:00:00,7.21,6.25,0.96
AMBALA,AMBALA,AMBALA-I,Panjokhra,30.40833333,76.84583333,2022-11-01 06:00:00,7.01,7.91,0.9
AMBALA,AMBALA,AMBALA-I,Panjokhra,30.40833333,76.84583333,2023-01-01 00:00:00,6.83,6.08,0.75
AMBALA,AMBALA,AMBALA-I,Panjokhra,30.40833333,76.84583333,2023-06-01 00:00:00,7.06,8.01,0.95
AMBALA,AMBALA,AMBALA-I,Panjokhra,30.40833333,76.84583333,2023-08-20 00:00:00,3.53,6.25,2.72
AMBALA,AMBALA,AMBALA-I,Panjokhra,30.40833333,76.84583333,2023-11-01 00:00:00,3.83,7.91,4.08
AMBALA,AMBALA,AMBALA-I,Panjokhra,30.40833333,76.84583333,2024-01-01 00:00:00,3.74,6.08,2.34
AMBALA,AMBALA,AMBALA-I,Pinjola,30.2625,76.61388889,2021-01-10 00:00:00,5.5,6.13,0.63
AMBALA,AMBALA,AMBALA-I,Pinjola,30.2625,76.61388889,2021-08-31 06:00:00,5.6,3.56,2.04
AMBALA,AMBALA,AMBALA-I,Pinjola,30.2625,76.61388889,2021-11-30 06:00:00,4.0,6.1,2.1
AMBALA,AMBALA,AMBALA-I,Pinjola,30.2625,76.61388889,2022-01-30 07:00:00,4.89,6.13,1.24
AMBALA,AMBALA,AMBALA-I,Pinjola,30.2625,76.61388889,2022-05-20 06:00:00,5.7,8.13,2.43
AMBALA,AMBALA,AMBALA-I,Pinjola,30.2625,76.61388889,2022-08-01 06:00:00,4.3,3.56,0.74
AMBALA,AMBALA,AMBALA-I,Pinjola,30.2625,76.61388889,2022-11-01 06:00:00,4.0,6.1,2.1
AMBALA,AMBALA,AMBALA-I,Pinjola,30.2625,76.61388889,2023-01-01 00:00:00,4.35,6.13,1.78
AMBALA,AMBALA,AMBALA-I,Pinjola,30.2625,76.61388889,2023-06-01 00:00:00,6.15,7.67,1.52
AMBALA,AMBALA,AMBALA-I,Pinjola,30.2625,76.61388889,2023-08-20 00:00:00,5.95,3.56,2.39
AMBALA,AMBALA,AMBALA-I,Pinjola,30.2625,76.61388889,2023-11-01 00:00:00,4.06,6.1,2.04
AMBALA,AMBALA,AMBALA-I,Pinjola,30.2625,76.61388889,2024-01-01 00:00:00,4.89,6.13,1.24
AMBALA,AMBALA,AMBALA-I,Saha-Pz,30.31666667,76.98333333,2022-05-20 06:00:00,36.7,64.94,28.24
AMBALA,AMBALA,AMBALA-I,Saha-Pz,30.31666667,76.98333333,2023-01-01 00:00:00,65.55,65.3,0.25
AMBALA,AMBALA,AMBALA-I,Saha-Pz,30.31666667,76.98333333,2023-06-01 00:00:00,74.87,63.38,11.49
AMBALA,AMBALA,AMBALA-I,Tejan-DW,30.28333333,76.75,2022-05-20 06:00:00,4.36,8.63,4.27
AMBALA,AMBALA,AMBALA-I,Tharwa-DW,30.28,76.78638889,2022-05-20 06:00:00,2.33,7.19,4.86
AMBALA,BARARA,BARARA,Barara-Pz,30.21666667,77.05,2022-05-20 06:00:00,17.5,21.48,3.98
AMBALA,BARARA,BARARA,Binjal Pur-DW,30.30666667,77.13333333,2022-05-20 06:00:00,5.77,6.86,1.09
AMBALA,BARARA,BARARA,Dhanaura,30.29583333,77.11666667,2021-01-10 00:00:00,5.0,3.11,1.89
AMBALA,BARARA,BARARA,Dhanaura,30.29583333,77.11666667,2021-08-31 06:00:00,4.27,1.14,3.13
AMBALA,BARARA,BARARA,Dhanaura,30.29583333,77.11666667,2021-11-30 06:00:00,2.84,2.47,0.37
AMBALA,BARARA,BARARA,Dhanaura,30.29583333,77.11666667,2022-01-30 07:00:00,3.58,3.11,0.47
AMBALA,BARARA,BARARA,Dhanaura,30.29583333,77.11666667,2022-05-20 06:00:00,4.1,8.0,3.9
AMBALA,BARARA,BARARA,Dhanaura,30.29583333,77.11666667,2022-08-01 06:00:00,1.62,1.14,0.48
AMBALA,BARARA,BARARA,Dhanaura,30.29583333,77.11666667,2022-11-01 06:00:00,1.7,2.47,0.77
AMBALA,BARARA,BARARA,Dhanaura,30.29583333,77.11666667,2023-01-01 00:00:00,3.08,3.11,0.03
AMBALA,BARARA,BARARA,Dhanaura,30.29583333,77.11666667,2023-06-01 00:00:00,4.92,6.75,1.83
AMBALA,BARARA,BARARA,Dhanaura,30.29583333,77.11666667,2023-08-20 00:00:00,1.45,1.14,0.31
AMBALA,BARARA,BARARA,Dhanaura,30.29583333,77.11666667,2023-11-01 00:00:00,1.9,2.47,0.57
AMBALA,BARARA,BARARA,Dhanaura,30.29583333,77.11666667,2024-01-01 00:00:00,3.05,3.11,0.06
AMBALA,BARARA,BARARA,Khanahmadpur,30.24166667,77.125,2021-01-10 00:00:00,3.36,3.65,0.29
AMBALA,BARARA,BARARA,Khanahmadpur,30.24166667,77.125,2021-08-31 06:00:00,4.16,10.43,6.27
AMBALA,BARARA,BARARA,Khanahmadpur,30.24166667,77.125,2021-11-30 06:00:00,2.73,3.45,0.72
AMBALA,BARARA,BARARA,Khanahmadpur,30.24166667,77.125,2022-01-30 07:00:00,3.59,3.65,0.06
AMBALA,BARARA,BARARA,Khanahmadpur,30.24166667,77.125,2022-05-20 06:00:00,6.93,4.97,1.96
AMBALA,BARARA,BARARA,Khanahmadpur,30.24166667,77.125,2022-08-01 06:00:00,2.43,10.43,8.0
AMBALA,BARARA,BARARA,Khanahmadpur,30.24166667,77.125,2022-11-01 06:00:00,2.23,3.45,1.22
AMBALA,BARARA,BARARA,Khanahmadpur,30.24166667,77.125,2023-01-01 00:00:00,3.12,3.65,0.53
AMBALA,BARARA,BARARA,Khanahmadpur,30.24166667,77.125,2023-06-01 00:00:00,6.26,3.99,2.27
AMBALA,BARARA,BARARA,Khanahmadpur,30.24166667,77.125,2023-08-20 00:00:00,1.82,10.43,8.61
AMBALA,BARARA,BARARA,Khanahmadpur,30.24166667,77.125,2023-11-01 00:00:00,2.54,3.45,0.91
AMBALA,BARARA,BARARA,Khanahmadpur,30.24166667,77.125,2024-01-01 00:00:00,3.8,3.65,0.15
AMBALA,BARARA,BARARA,Mulana,30.28333333,77.04583333,2021-01-10 00:00:00,1.97,2.99,1.02
AMBALA,BARARA,BARARA,Mulana,30.28333333,77.04583333,2021-08-31 06:00:00,2.83,2.59,0.24
AMBALA,BARARA,BARARA,Mulana,30.28333333,77.04583333,2021-11-30 06:00:00,1.16,2.81,1.65
AMBALA,BARARA,BARARA,Mulana,30.28333333,77.04583333,2022-01-30 07:00:00,1.72,2.99,1.27
AMBALA,BARARA,BARARA,Mulana,30.28333333,77.04583333,2022-05-20 06:00:00,2.65,4.36,1.71
AMBALA,BARARA,BARARA,Mulana,30.28333333,77.04583333,2022-08-01 06:00:00,1.53,2.59,1.06
AMBALA,BARARA,BARARA,Mulana,30.28333333,77.04583333,2022-11-01 06:00:00,2.09,2.81,0.72
AMBALA,BARARA,BARARA,Mulana,30.28333333,77.04583333,2023-01-01 00:00:00,0.89,2.99,2.1
AMBALA,BARARA,BARARA,Mulana,30.28333333,77.04583333,2023-06-01 00:00:00,1.59,3.75,2.16
AMBALA,BARARA,BARARA,Mulana,30.28333333,77.04583333,2023-08-20 00:00:00,0.68,2.59,1.91
AMBALA,BARARA,BARARA,Mulana,30.28333333,77.04583333,2023-11-01 00:00:00,0.09,2.81,2.72
AMBALA,BARARA,BARARA,Mulana,30.28333333,77.04583333,2024-01-01 00:00:00,1.91,2.99,1.08
AMBALA,BARARA,BARARA,Saha M,30.30833333,76.97083333,2022-05-20 06:00:00,72.7,72.24,0.46
AMBALA,BARARA,BARARA,Saha M,30.30833333,76.97083333,2023-08-20 00:00:00,84.55,69.9,14.65
AMBALA,BARARA,BARARA,Saha M,30.30833333,76.97083333,2023-11-01 00:00:00,65.66,77.85,12.19
AMBALA,BARARA,BARARA,Salehpur-DW,30.25444444,77.08888889,2022-05-20 06:00:00,9.62,3.43,6.19
AMBALA,BARARA,BARARA,Sohana-DW,30.25388889,77.02638889,2022-05-20 06:00:00,3.77,13.42,9.65
AMBALA,BARARA,BARARA,Tandwal-DW,30.23444444,76.98444444,2022-05-20 06:00:00,2.7,13.03,10.33
AMBALA,BARARA,BARARA,Ugala S,30.19166667,76.98333333,2022-05-20 06:00:00,35.5,43.26,7.76
AMBALA,BARARA,BARARA,Uplana D,30.28333333,77.03333333,2023-01-01 00:00:00,30.48,57.32,26.84
AMBALA,BARARA,BARARA,Uplana D,30.28333333,77.03333333,2023-06-01 00:00:00,32.73,54.18,21.45
AMBALA,NARAINGARH,-,GADAULI -D,30.549694,77.159181,2023-01-01 00:00:00,40.62,17.42,23.2
AMBALA,NARAINGARH,-,GADAULI -M,30.549694,77.159181,2023-01-01 00:00:00,36.67,17.42,19.25
AMBALA,NARAINGARH,-,GADAULI -S,30.549694,77.159181,2023-01-01 00:00:00,21.82,17.42,4.4
AMBALA,NARAINGARH,-,Haryana AMBALA NARAINGARH Jandheri Pz (D),30.088848,76.61036,2023-11-01 00:00:00,43.96,41.56,2.4
AMBALA,NARAINGARH,-,Haryana AMBALA NARAINGARH Jandheri Pz (M),30.088848,76.61036,2023-11-01 00:00:00,44.69,41.56,3.13
AMBALA,NARAINGARH,-,Haryana AMBALA NARAINGARH Jandheri Pz (S),30.088848,76.61036,2023-11-01 00:00:00,44.6,41.56,3.04
AMBALA,NARAINGARH,NARAINGARH,Bhurewala-Pz,30.5,77.08333333,2022-05-20 06:00:00,10.28,10.27,0.01
AMBALA,NARAINGARH,NARAINGARH,Budhha Khera-DW,30.34777778,77.08388889,2022-05-20 06:00:00,6.85,8.55,1.7
AMBALA,NARAINGARH,NARAINGARH,Gadauli-Pz-D,30.38305556,77.15916667,2021-01-10 00:00:00,39.5,31.02,8.48
AMBALA,NARAINGARH,NARAINGARH,Gadauli-Pz-D,30.38305556,77.15916667,2021-08-31 06:00:00,45.83,48.15,2.32
AMBALA,NARAINGARH,NARAINGARH,Gadauli-Pz-D,30.38305556,77.15916667,2021-11-30 06:00:00,44.3,45.86,1.56
AMBALA,NARAINGARH,NARAINGARH,Gadauli-Pz-D,30.38305556,77.15916667,2022-01-30 07:00:00,38.0,31.02,6.98
AMBALA,NARAINGARH,NARAINGARH,Gadauli-Pz-D,30.38305556,77.15916667,2022-05-20 06:00:00,42.12,35.37,6.75
AMBALA,NARAINGARH,NARAINGARH,Gadauli-Pz-D,30.38305556,77.15916667,2022-08-01 06:00:00,52.25,48.15,4.1
AMBALA,NARAINGARH,NARAINGARH,Gadauli-Pz-D,30.38305556,77.15916667,2022-11-01 06:00:00,44.71,45.86,1.15
AMBALA,NARAINGARH,NARAINGARH,Gadauli-Pz-D,30.38305556,77.15916667,2023-06-01 00:00:00,41.02,36.08,4.94
AMBALA,NARAINGARH,NARAINGARH,Gadauli-Pz-D,30.38305556,77.15916667,2023-11-01 00:00:00,45.93,45.86,0.07
AMBALA,NARAINGARH,NARAINGARH,Gadauli-Pz-M,30.38305556,77.15916667,2021-01-10 00:00:00,36.22,29.15,7.07
AMBALA,NARAINGARH,NARAINGARH,Gadauli-Pz-M,30.38305556,77.15916667,2021-08-31 06:00:00,40.1,48.15,8.05
AMBALA,NARAINGARH,NARAINGARH,Gadauli-Pz-M,30.38305556,77.15916667,2021-11-30 06:00:00,42.15,35.79,6.36
AMBALA,NARAINGARH,NARAINGARH,Gadauli-Pz-M,30.38305556,77.15916667,2022-01-30 07:00:00,35.32,29.15,6.17
AMBALA,NARAINGARH,NARAINGARH,Gadauli-Pz-M,30.38305556,77.15916667,2022-05-20 06:00:00,43.78,37.92,5.86
AMBALA,NARAINGARH,NARAINGARH,Gadauli-Pz-M,30.38305556,77.15916667,2022-08-01 06:00:00,58.22,48.15,10.07
AMBALA,NARAINGARH,NARAINGARH,Gadauli-Pz-M,30.38305556,77.15916667,2022-11-01 06:00:00,41.24,35.79,5.45
AMBALA,NARAINGARH,NARAINGARH,Gadauli-Pz-M,30.38305556,77.15916667,2023-06-01 00:00:00,42.87,38.63,4.24
AMBALA,NARAINGARH,NARAINGARH,Gadauli-Pz-M,30.38305556,77.15916667,2023-11-01 00:00:00,45.45,35.79,9.66
AMBALA,NARAINGARH,NARAINGARH,Gadauli-Pz-S,30.38305556,77.15916667,2021-01-10 00:00:00,19.72,16.66,3.06
AMBALA,NARAINGARH,NARAINGARH,Gadauli-Pz-S,30.38305556,77.15916667,2021-08-31 06:00:00,38.51,32.65,5.86
AMBALA,NARAINGARH,NARAINGARH,Gadauli-Pz-S,30.38305556,77.15916667,2021-11-30 06:00:00,25.9,30.2,4.3
AMBALA,NARAINGARH,NARAINGARH,Gadauli-Pz-S,30.38305556,77.15916667,2022-01-30 07:00:00,20.58,16.66,3.92
AMBALA,NARAINGARH,NARAINGARH,Gadauli-Pz-S,30.38305556,77.15916667,2022-05-20 06:00:00,29.7,26.99,2.71
AMBALA,NARAINGARH,NARAINGARH,Gadauli-Pz-S,30.38305556,77.15916667,2022-08-01 06:00:00,41.53,32.65,8.88
AMBALA,NARAINGARH,NARAINGARH,Gadauli-Pz-S,30.38305556,77.15916667,2022-11-01 06:00:00,25.37,30.2,4.83
AMBALA,NARAINGARH,NARAINGARH,Gadauli-Pz-S,30.38305556,77.15916667,2023-06-01 00:00:00,31.16,27.3,3.86
AMBALA,NARAINGARH,NARAINGARH,Gadauli-Pz-S,30.38305556,77.15916667,2023-11-01 00:00:00,44.98,30.2,14.78
AMBALA,NARAINGARH,NARAINGARH,Gadauli-Pz-S,30.38305556,77.15916667,2024-01-01 00:00:00,22.94,16.66,6.28
AMBALA,NARAINGARH,NARAINGARH,Gobindpur M,30.44972222,76.97888889,2023-11-01 00:00:00,69.96,16.52,53.44
AMBALA,NARAINGARH,NARAINGARH,Gobindpur M,30.44972222,76.97888889,2024-01-01 00:00:00,60.82,16.38,44.44
AMBALA,NARAINGARH,NARAINGARH,Gobindpur S,30.44972222,76.97888889,2023-11-01 00:00:00,70.32,16.52,53.8
AMBALA,NARAINGARH,NARAINGARH,Gobindpur S,30.44972222,76.97888889,2024-01-01 00:00:00,60.06,16.38,43.68
AMBALA,NARAINGARH,NARAINGARH,Jauli-DW,30.35,77.08333333,2022-05-20 06:00:00,21.25,20.18,1.07
AMBALA,NARAINGARH,NARAINGARH,Nanhera-DW,30.31111111,76.84611111,2022-05-20 06:00:00,23.25,19.13,4.12
AMBALA,NARAINGARH,NARAINGARH,Naraingarh,30.47083333,77.125,2021-01-10 00:00:00,14.62,12.98,1.64
AMBALA,NARAINGARH,NARAINGARH,Naraingarh,30.47083333,77.125,2021-11-30 06:00:00,14.99,13.47,1.52
AMBALA,NARAINGARH,NARAINGARH,Naraingarh,30.47083333,77.125,2022-08-01 06:00:00,15.79,11.66,4.13
AMBALA,NARAINGARH,NARAINGARH,Naraingarh,30.47083333,77.125,2022-11-01 06:00:00,15.16,13.47,1.69
AMBALA,NARAINGARH,NARAINGARH,Naraingarh,30.47083333,77.125,2023-08-20 00:00:00,13.09,11.66,1.43
AMBALA,NARAINGARH,NARAINGARH,Naraingarh,30.47083333,77.125,2024-01-01 00:00:00,13.32,12.98,0.34
AMBALA,NARAINGARH,NARAINGARH,Naraingarh-DW,30.47083333,77.125,2021-08-31 06:00:00,15.9,13.19,2.71
AMBALA,NARAINGARH,NARAINGARH,Naraingarh-DW,30.47083333,77.125,2022-01-30 07:00:00,15.39,12.93,2.46
AMBALA,NARAINGARH,NARAINGARH,Naraingarh-DW,30.47083333,77.125,2023-06-01 00:00:00,16.19,11.3,4.89
AMBALA,NARAINGARH,NARAINGARH,Naraingarh-Pz,30.46666667,77.11666667,2022-05-20 06:00:00,30.79,11.9,18.89
AMBALA,NARAINGARH,NARAINGARH,Naraingarh-Pz,30.46666667,77.11666667,2023-01-01 00:00:00,15.51,12.96,2.55
AMBALA,NARAINGARH,SHAHZADPUR,Bari Bassi-DW,30.46277778,77.07222222,2022-05-20 06:00:00,10.75,10.67,0.08
AMBALA,NARAINGARH,SHAHZADPUR,Kakkar Majra-DW,30.45444444,77.02222222,2022-05-20 06:00:00,12.0,12.01,0.01
AMBALA,NARAINGARH,SHAHZADPUR,Khera Jattan-DW,30.45,76.91666667,2022-05-20 06:00:00,10.75,11.79,1.04
AMBALA,NARAINGARH,SHAHZADPUR,Nikuwana-DW,30.38333333,77.08333333,2022-05-20 06:00:00,21.5,20.49,1.01
AMBALA,NARAINGARH,SHAHZADPUR,Patvi,30.43444444,76.955,2022-05-20 06:00:00,20.8,15.65,5.15
AMBALA,NARAINGARH,SHAHZADPUR,Shahzadpur,30.44166667,77.02083333,2022-05-20 06:00:00,3.7,8.94,5.24
BHIWANI,-,-,Loharwala-D,28.629056,76.359556,2023-01-01 00:00:00,4.4,8.61,4.21
BHIWANI,-,-,Loharwala-M,28.629056,76.359556,2023-01-01 00:00:00,3.4,8.61,5.21
BHIWANI,-,-,Loharwala-S,28.629056,76.359556,2023-01-01 00:00:00,3.5,8.61,5.11
BHIWANI,-,-,Sanjarwas-PZ,28.727778,76.318889,2023-01-01 00:00:00,1.72,8.9,7.18
BHIWANI,BAWANI KHERA,-,Bhawani Khera Pz,28.936111,76.041667,2023-01-01 00:00:00,3.0,17.25,14.25
BHIWANI,BAWANI KHERA,BAWANI KHERA,Alak Pura-DW,29.00138889,76.08388889,2022-05-20 06:00:00,3.9,3.96,0.06
BHIWANI,BAWANI KHERA,BAWANI KHERA,Bawani Khera-PZ,28.945,76.03333333,2021-01-10 00:00:00,4.56,3.8,0.76
BHIWANI,BAWANI KHERA,BAWANI KHERA,Bawani Khera-PZ,28.945,76.03333333,2021-08-31 06:00:00,5.19,3.18,2.01
BHIWANI,BAWANI KHERA,BAWANI KHERA,Bawani Khera-PZ,28.945,76.03333333,2021-11-30 06:00:00,3.99,4.96,0.97
BHIWANI,BAWANI KHERA,BAWANI KHERA,Bawani Khera-PZ,28.945,76.03333333,2022-01-30 07:00:00,4.12,3.8,0.32
BHIWANI,BAWANI KHERA,BAWANI KHERA,Bawani Khera-PZ,28.945,76.03333333,2022-05-20 06:00:00,4.9,4.55,0.35
BHIWANI,BAWANI KHERA,BAWANI KHERA,Bawani Khera-PZ,28.945,76.03333333,2022-08-01 06:00:00,2.37,3.18,0.81
BHIWANI,BAWANI KHERA,BAWANI KHERA,Bawani Khera-PZ,28.945,76.03333333,2022-11-01 06:00:00,3.08,4.96,1.88
BHIWANI,BAWANI KHERA,BAWANI KHERA,Bawani Khera.-PZ,28.945,76.03333333,2021-08-31 06:00:00,5.2,3.18,2.02
BHIWANI,BAWANI KHERA,BAWANI KHERA,Bawani Khera.-PZ,28.945,76.03333333,2021-11-30 06:00:00,4.78,4.68,0.1
BHIWANI,BAWANI KHERA,BAWANI KHERA,Bawani Khera.-PZ,28.945,76.03333333,2022-01-30 07:00:00,4.12,5.05,0.93
BHIWANI,BAWANI KHERA,BAWANI KHERA,Bawani Khera.-PZ,28.945,76.03333333,2022-05-20 06:00:00,5.1,4.55,0.55
BHIWANI,BAWANI KHERA,BAWANI KHERA,Bawanikhera,28.93611111,76.04166667,2021-01-10 00:00:00,4.0,4.12,0.12
BHIWANI,BAWANI KHERA,BAWANI KHERA,Bawanikhera,28.93611111,76.04166667,2022-05-20 06:00:00,5.4,12.01,6.61
BHIWANI,BAWANI KHERA,BAWANI KHERA,Bawanikhera,28.93611111,76.04166667,2022-08-01 06:00:00,3.29,2.85,0.44
BHIWANI,BAWANI KHERA,BAWANI KHERA,Bawanikhera,28.93611111,76.04166667,2023-06-01 00:00:00,3.12,3.81,0.69
BHIWANI,BAWANI KHERA,BAWANI KHERA,Bawanikhera,28.93611111,76.04166667,2024-01-01 00:00:00,2.46,4.12,1.66
BHIWANI,BAWANI KHERA,BAWANI KHERA,Dhanana,28.9375,76.16805556,2021-01-10 00:00:00,2.07,1.99,0.08
BHIWANI,BAWANI KHERA,BAWANI KHERA,Dhanana,28.9375,76.16805556,2021-08-31 06:00:00,3.11,1.29,1.82
BHIWANI,BAWANI KHERA,BAWANI KHERA,Dhanana,28.9375,76.16805556,2021-11-30 06:00:00,1.5,2.84,1.34
BHIWANI,BAWANI KHERA,BAWANI KHERA,Dhanana,28.9375,76.16805556,2022-01-30 07:00:00,1.74,1.99,0.25
BHIWANI,BAWANI KHERA,BAWANI KHERA,Dhanana,28.9375,76.16805556,2022-05-20 06:00:00,3.6,1.84,1.76
BHIWANI,BAWANI KHERA,BAWANI KHERA,Dhanana,28.9375,76.16805556,2022-08-01 06:00:00,0.3,1.29,0.99
BHIWANI,BAWANI KHERA,BAWANI KHERA,Dhanana,28.9375,76.16805556,2023-01-01 00:00:00,0.79,1.99,1.2
BHIWANI,BAWANI KHERA,BAWANI KHERA,Dhanana,28.9375,76.16805556,2023-11-01 00:00:00,0.68,2.84,2.16
BHIWANI,BAWANI KHERA,BAWANI KHERA,Dhanana,28.9375,76.16805556,2024-01-01 00:00:00,0.82,1.99,1.17
BHIWANI,BAWANI KHERA,BAWANI KHERA,Runhat-DW,29.00055556,75.93888889,2022-05-20 06:00:00,4.4,4.0,0.4
BHIWANI,BHIWANI,-,BAWANI KHERA_1,28.936111,75.041667,2023-08-20 00:00:00,2.6,15.52,12.92
BHIWANI,BHIWANI,-,DHANANA_1,28.9375,76.168056,2023-06-01 00:00:00,1.12,5.68,4.56
BHIWANI,BHIWANI,-,DHANANA_1,28.9375,76.168056,2023-08-20 00:00:00,0.2,5.19,4.99
BHIWANI,BHIWANI,-,HETAM PURA,28.799053,76.133502,2023-01-01 00:00:00,12.27,5.06,7.21
BHIWANI,BHIWANI,-,HETAM PURA,28.799053,76.133502,2023-06-01 00:00:00,13.17,5.23,7.94
BHIWANI,BHIWANI,-,Jui-PZ,28.635833,75.943333,2023-01-01 00:00:00,36.35,28.25,8.1
BHIWANI,BHIWANI,-,Tigrana-D_1,28.856972,76.133889,2023-06-01 00:00:00,9.61,6.87,2.74
BHIWANI,BHIWANI,-,Tigrana-D_1,28.856972,76.133889,2023-08-20 00:00:00,8.55,6.13,2.42
BHIWANI,BHIWANI,-,Tigrana-D_1,28.856972,76.133889,2023-11-01 00:00:00,9.6,7.59,2.01
BHIWANI,BHIWANI,-,Tigrana-M,28.856972,76.133889,2023-06-01 00:00:00,1.21,6.87,5.66
BHIWANI,BHIWANI,-,Tigrana-M,28.856972,76.133889,2023-08-20 00:00:00,0.54,6.13,5.59
BHIWANI,BHIWANI,-,Tigrana-M,28.856972,76.133889,2023-11-01 00:00:00,1.09,7.59,6.5
BHIWANI,BHIWANI,-,Tigrana-M,28.856972,76.133889,2024-01-01 00:00:00,1.02,6.74,5.72
BHIWANI,BHIWANI,-,Tigrana-S,28.856972,76.133889,2023-06-01 00:00:00,1.22,6.87,5.65
BHIWANI,BHIWANI,-,Tigrana-S,28.856972,76.133889,2023-08-20 00:00:00,0.52,6.13,5.61
BHIWANI,BHIWANI,-,Tigrana-S,28.856972,76.133889,2023-11-01 00:00:00,1.13,7.59,6.46
BHIWANI,BHIWANI,-,Tigrana-S,28.856972,76.133889,2024-01-01 00:00:00,0.92,6.74,5.82
BHIWANI,BHIWANI,BHIWANI,Badala,28.75694444,76.25416667,2021-01-10 00:00:00,3.7,3.11,0.59
BHIWANI,BHIWANI,BHIWANI,Badala,28.75694444,76.25416667,2021-08-31 06:00:00,5.51,7.62,2.11
BHIWANI,BHIWANI,BHIWANI,Badala,28.75694444,76.25416667,2021-11-30 06:00:00,2.18,7.37,5.19
BHIWANI,BHIWANI,BHIWANI,Badala,28.75694444,76.25416667,2022-01-30 07:00:00,2.04,3.11,1.07
BHIWANI,BHIWANI,BHIWANI,Badala,28.75694444,76.25416667,2022-05-20 06:00:00,5.7,3.71,1.99
BHIWANI,BHIWANI,BHIWANI,Badala,28.75694444,76.25416667,2022-08-01 06:00:00,0.28,7.62,7.34
BHIWANI,BHIWANI,BHIWANI,Badala,28.75694444,76.25416667,2022-11-01 06:00:00,2.1,7.37,5.27
BHIWANI,BHIWANI,BHIWANI,Badala,28.75694444,76.25416667,2023-01-01 00:00:00,2.3,3.11,0.81
BHIWANI,BHIWANI,BHIWANI,Badala,28.75694444,76.25416667,2023-06-01 00:00:00,3.1,3.67,0.57
BHIWANI,BHIWANI,BHIWANI,Badala,28.75694444,76.25416667,2023-08-20 00:00:00,1.29,7.62,6.33
BHIWANI,BHIWANI,BHIWANI,Badala,28.75694444,76.25416667,2023-11-01 00:00:00,2.19,7.37,5.18
BHIWANI,BHIWANI,BHIWANI,Badala,28.75694444,76.25416667,2024-01-01 00:00:00,2.83,3.11,0.28
BHIWANI,BHIWANI,BHIWANI,Bamla,28.80833333,76.24444444,2022-11-01 06:00:00,7.21,12.9,5.69
BHIWANI,BHIWANI,BHIWANI,Bamla,28.80833333,76.24444444,2023-01-01 00:00:00,7.53,6.6,0.93
BHIWANI,BHIWANI,BHIWANI,Bhiwani,28.78333333,76.13333333,2022-05-20 06:00:00,4.6,2.74,1.86
BHIWANI,BHIWANI,BHIWANI,Bhiwani,28.78333333,76.13333333,2023-11-01 00:00:00,2.9,5.25,2.35
BHIWANI,BHIWANI,BHIWANI,Haluwas,28.73333333,76.16666667,2021-01-10 00:00:00,4.1,4.56,0.46
BHIWANI,BHIWANI,BHIWANI,Haluwas,28.73333333,76.16666667,2021-08-31 06:00:00,3.69,3.1,0.59
BHIWANI,BHIWANI,BHIWANI,Haluwas,28.73333333,76.16666667,2021-11-30 06:00:00,1.14,4.84,3.7
BHIWANI,BHIWANI,BHIWANI,Haluwas,28.73333333,76.16666667,2022-01-30 07:00:00,0.98,4.56,3.58
BHIWANI,BHIWANI,BHIWANI,Haluwas,28.73333333,76.16666667,2022-05-20 06:00:00,2.97,4.02,1.05
BHIWANI,BHIWANI,BHIWANI,Haluwas,28.73333333,76.16666667,2022-08-01 06:00:00,0.84,3.1,2.26
BHIWANI,BHIWANI,BHIWANI,Haluwas,28.73333333,76.16666667,2022-11-01 06:00:00,2.1,4.84,2.74
BHIWANI,BHIWANI,BHIWANI,Haluwas,28.73333333,76.16666667,2023-01-01 00:00:00,3.35,4.56,1.21
BHIWANI,BHIWANI,BHIWANI,Haluwas,28.73333333,76.16666667,2023-06-01 00:00:00,3.59,3.96,0.37
BHIWANI,BHIWANI,BHIWANI,Haluwas,28.73333333,76.16666667,2023-08-20 00:00:00,2.5,3.1,0.6
BHIWANI,BHIWANI,BHIWANI,Haluwas,28.73333333,76.16666667,2023-11-01 00:00:00,3.04,4.84,1.8
BHIWANI,BHIWANI,BHIWANI,Manhairu,28.70277778,76.21666667,2021-01-10 00:00:00,6.57,6.8,0.23
BHIWANI,BHIWANI,BHIWANI,Manhairu,28.70277778,76.21666667,2021-08-31 06:00:00,7.18,6.69,0.49
BHIWANI,BHIWANI,BHIWANI,Manhairu,28.70277778,76.21666667,2021-11-30 06:00:00,6.3,7.78,1.48
BHIWANI,BHIWANI,BHIWANI,Manhairu,28.70277778,76.21666667,2022-01-30 07:00:00,5.55,6.8,1.25
BHIWANI,BHIWANI,BHIWANI,Manhairu,28.70277778,76.21666667,2022-05-20 06:00:00,7.1,6.8,0.3
BHIWANI,BHIWANI,BHIWANI,Manhairu,28.70277778,76.21666667,2022-08-01 06:00:00,5.2,6.69,1.49
BHIWANI,BHIWANI,BHIWANI,Manhairu,28.70277778,76.21666667,2022-11-01 06:00:00,2.22,7.78,5.56
BHIWANI,BHIWANI,BHIWANI,Manhairu,28.70277778,76.21666667,2023-01-01 00:00:00,5.37,6.8,1.43
BHIWANI,BHIWANI,BHIWANI,Manhairu,28.70277778,76.21666667,2023-06-01 00:00:00,5.63,6.97,1.34
BHIWANI,BHIWANI,BHIWANI,Manhairu,28.70277778,76.21666667,2023-08-20 00:00:00,4.96,6.69,1.73
BHIWANI,BHIWANI,BHIWANI,Manhairu,28.70277778,76.21666667,2023-11-01 00:00:00,5.16,7.78,2.62
BHIWANI,BHIWANI,BHIWANI,Manhairu,28.70277778,76.21666667,2024-01-01 00:00:00,5.72,6.8,1.08
BHIWANI,BHIWANI,BHIWANI,Pehladgarh-DW,28.67361111,76.14444444,2022-05-20 06:00:00,6.6,5.58,1.02
BHIWANI,BHIWANI,BHIWANI,Sirsa-DW,28.775,76.25,2022-05-20 06:00:00,9.7,7.08,2.62
BHIWANI,BHIWANI,BHIWANI,Sui,28.85694444,76.06666667,2021-08-31 06:00:00,3.96,2.42,1.54
BHIWANI,BHIWANI,BHIWANI,Sui,28.85694444,76.06666667,2021-11-30 06:00:00,2.24,4.97,2.73
BHIWANI,BHIWANI,BHIWANI,Sui,28.85694444,76.06666667,2022-01-30 07:00:00,1.55,2.78,1.23
BHIWANI,BHIWANI,BHIWANI,Sui,28.85694444,76.06666667,2022-05-20 06:00:00,3.7,3.75,0.05
BHIWANI,BHIWANI,BHIWANI,Sui,28.85694444,76.06666667,2022-08-01 06:00:00,0.8,2.42,1.62
BHIWANI,BHIWANI,BHIWANI,Sui,28.85694444,76.06666667,2023-01-01 00:00:00,1.5,2.78,1.28
BHIWANI,BHIWANI,BHIWANI,Sui,28.85694444,76.06666667,2023-06-01 00:00:00,1.97,4.07,2.1
BHIWANI,BHIWANI,BHIWANI,Sui,28.85694444,76.06666667,2024-01-01 00:00:00,1.51,2.78,1.27
BHIWANI,BHIWANI,BHIWANI,Tigrana-DW,28.84222222,76.15,2022-05-20 06:00:00,3.9,2.35,1.55
BHIWANI,BHIWANI,KAIRU,Hetampur,28.70333333,75.90333333,2021-01-10 00:00:00,12.32,11.71,0.61
BHIWANI,BHIWANI,KAIRU,Hetampur,28.70333333,75.90333333,2021-08-31 06:00:00,14.8,11.72,3.08
BHIWANI,BHIWANI,KAIRU,Hetampur,28.70333333,75.90333333,2021-11-30 06:00:00,11.02,12.66,1.64
BHIWANI,BHIWANI,KAIRU,Hetampur,28.70333333,75.90333333,2022-01-30 07:00:00,11.47,11.71,0.24
BHIWANI,BHIWANI,KAIRU,Hetampur,28.70333333,75.90333333,2022-05-20 06:00:00,18.2,12.31,5.89
BHIWANI,BHIWANI,KAIRU,Hetampur,28.70333333,75.90333333,2022-08-01 06:00:00,12.22,11.72,0.5
BHIWANI,BHIWANI,KAIRU,Hetampur,28.70333333,75.90333333,2022-11-01 06:00:00,10.87,12.66,1.79
BHIWANI,BHIWANI,KAIRU,Hetampur,28.70333333,75.90333333,2023-08-20 00:00:00,12.07,11.72,0.35
BHIWANI,BHIWANI,KAIRU,Hetampur,28.70333333,75.90333333,2023-11-01 00:00:00,12.23,12.66,0.43
BHIWANI,BHIWANI,KAIRU,Hetampur,28.70333333,75.90333333,2024-01-01 00:00:00,13.61,11.71,1.9
BHIWANI,BHIWANI,KAIRU,Isharwal,28.76666667,75.70833333,2021-01-10 00:00:00,19.25,17.61,1.64
BHIWANI,BHIWANI,KAIRU,Isharwal,28.76666667,75.70833333,2021-08-31 06:00:00,20.27,17.49,2.78
BHIWANI,BHIWANI,KAIRU,Isharwal,28.76666667,75.70833333,2021-11-30 06:00:00,23.65,20.16,3.49
BHIWANI,BHIWANI,KAIRU,Isharwal,28.76666667,75.70833333,2022-01-30 07:00:00,19.74,17.61,2.13
BHIWANI,BHIWANI,KAIRU,Isharwal,28.76666667,75.70833333,2022-05-20 06:00:00,18.45,19.04,0.59
BHIWANI,BHIWANI,KAIRU,Isharwal,28.76666667,75.70833333,2022-08-01 06:00:00,18.6,17.49,1.11
BHIWANI,BHIWANI,KAIRU,Isharwal,28.76666667,75.70833333,2022-11-01 06:00:00,21.22,20.16,1.06
BHIWANI,BHIWANI,KAIRU,Isharwal,28.76666667,75.70833333,2023-01-01 00:00:00,19.9,17.61,2.29
BHIWANI,BHIWANI,KAIRU,Isharwal,28.76666667,75.70833333,2023-06-01 00:00:00,19.6,19.04,0.56
BHIWANI,BHIWANI,KAIRU,Isharwal,28.76666667,75.70833333,2023-08-20 00:00:00,20.12,17.49,2.63
BHIWANI,BHIWANI,KAIRU,Isharwal,28.76666667,75.70833333,2023-11-01 00:00:00,19.47,20.16,0.69
BHIWANI,BHIWANI,KAIRU,Isharwal,28.76666667,75.70833333,2024-01-01 00:00:00,20.04,17.61,2.43
BHIWANI,BHIWANI,KAIRU,Jitwanwas-DW,28.72222222,75.90555556,2022-05-20 06:00:00,11.9,13.43,1.53
BHIWANI,BHIWANI,KAIRU,Kairu-Pz,28.69777778,75.82222222,2022-05-20 06:00:00,17.9,13.3,4.6
BHIWANI,BHIWANI,KAIRU,Lohani,28.7,76.04583333,2021-01-10 00:00:00,18.35,13.04,5.31
BHIWANI,BHIWANI,KAIRU,Lohani,28.7,76.04583333,2021-08-31 06:00:00,12.57,12.71,0.14
BHIWANI,BHIWANI,KAIRU,Lohani,28.7,76.04583333,2021-11-30 06:00:00,10.04,13.91,3.87
BHIWANI,BHIWANI,KAIRU,Lohani,28.7,76.04583333,2022-01-30 07:00:00,10.01,13.04,3.03
BHIWANI,BHIWANI,KAIRU,Lohani,28.7,76.04583333,2022-05-20 06:00:00,14.8,12.58,2.22
BHIWANI,BHIWANI,KAIRU,Lohani,28.7,76.04583333,2022-08-01 06:00:00,8.68,12.71,4.03
BHIWANI,BHIWANI,KAIRU,Lohani,28.7,76.04583333,2022-11-01 06:00:00,10.18,13.91,3.73
BHIWANI,BHIWANI,KAIRU,Lohani,28.7,76.04583333,2023-01-01 00:00:00,14.5,13.04,1.46
BHIWANI,BHIWANI,KAIRU,Lohani,28.7,76.04583333,2023-06-01 00:00:00,14.73,12.58,2.15
BHIWANI,BHIWANI,KAIRU,Lohani,28.7,76.04583333,2023-08-20 00:00:00,14.6,12.71,1.89
BHIWANI,BHIWANI,KAIRU,Lohani,28.7,76.04583333,2023-11-01 00:00:00,14.64,13.91,0.73
BHIWANI,BHIWANI,KAIRU,Lohani,28.7,76.04583333,2024-01-01 00:00:00,14.85,13.04,1.81
BHIWANI,BHIWANI,KAIRU,Sungarpur,28.74166667,75.925,2021-01-10 00:00:00,12.91,16.45,3.54
BHIWANI,BHIWANI,KAIRU,Sungarpur,28.74166667,75.925,2021-08-31 06:00:00,14.42,13.7,0.72
BHIWANI,BHIWANI,KAIRU,Sungarpur,28.74166667,75.925,2021-11-30 06:00:00,12.06,14.55,2.49
BHIWANI,BHIWANI,KAIRU,Sungarpur,28.74166667,75.925,2022-01-30 07:00:00,8.31,16.45,8.14
BHIWANI,BHIWANI,KAIRU,Sungarpur,28.74166667,75.925,2022-05-20 06:00:00,15.3,13.95,1.35
BHIWANI,BHIWANI,KAIRU,Sungarpur,28.74166667,75.925,2022-08-01 06:00:00,11.29,13.7,2.41
BHIWANI,BHIWANI,KAIRU,Sungarpur,28.74166667,75.925,2022-11-01 06:00:00,12.61,14.55,1.94
BHIWANI,BHIWANI,KAIRU,Sungarpur,28.74166667,75.925,2023-01-01 00:00:00,12.71,16.45,3.74
BHIWANI,BHIWANI,KAIRU,Sungarpur,28.74166667,75.925,2023-06-01 00:00:00,12.94,13.94,1.0
BHIWANI,BHIWANI,KAIRU,Sungarpur,28.74166667,75.925,2023-08-20 00:00:00,12.85,13.7,0.85
BHIWANI,BHIWANI,KAIRU,Sungarpur,28.74166667,75.925,2024-01-01 00:00:00,13.43,16.45,3.02
BHIWANI,LOHARU,LOHARU,Juikalan,28.63333333,75.60833333,2023-06-01 00:00:00,26.76,31.25,4.49
BHIWANI,LOHARU,LOHARU,Juikalan PZM,28.63333333,75.60833333,2021-01-10 00:00:00,34.43,32.86,1.57
BHIWANI,LOHARU,LOHARU,Juikalan PZM,28.63333333,75.60833333,2021-08-31 06:00:00,36.42,33.42,3.0
BHIWANI,LOHARU,LOHARU,Juikalan PZM,28.63333333,75.60833333,2021-11-30 06:00:00,35.09,34.88,0.21
BHIWANI,LOHARU,LOHARU,Juikalan PZM,28.63333333,75.60833333,2022-01-30 07:00:00,35.35,32.86,2.49
BHIWANI,LOHARU,LOHARU,Juikalan PZM,28.63333333,75.60833333,2022-05-20 06:00:00,35.5,32.33,3.17
BHIWANI,LOHARU,LOHARU,Juikalan PZM,28.63333333,75.60833333,2022-08-01 06:00:00,35.63,33.42,2.21
BHIWANI,LOHARU,LOHARU,Juikalan PZM,28.63333333,75.60833333,2023-06-01 00:00:00,36.65,32.51,4.14
BHIWANI,LOHARU,LOHARU,Kasni kalan,28.67916667,75.6875,2022-05-20 06:00:00,51.5,48.59,2.91
BHIWANI,LOHARU,LOHARU,Loharu-pz,28.41666667,75.81666667,2022-05-20 06:00:00,77.0,77.74,0.74
BHIWANI,LOHARU,LOHARU,Singhani PZM,28.64027778,75.79583333,2023-01-01 00:00:00,88.92,77.82,11.1
BHIWANI,LOHARU,LOHARU,Singhani-pz,28.53333333,75.8,2021-01-10 00:00:00,87.28,91.31,4.03
BHIWANI,LOHARU,LOHARU,Singhani-pz,28.53333333,75.8,2022-01-30 07:00:00,96.0,91.31,4.69
BHIWANI,LOHARU,LOHARU,Singhani-pz,28.53333333,75.8,2022-05-20 06:00:00,70.0,90.71,20.71
BHIWANI,LOHARU,LOHARU,Singhani-pz,28.53333333,75.8,2022-08-01 06:00:00,88.92,91.58,2.66
BHIWANI,SIWANI,-,Haryana BHIWANI SIWANI Loharwala-100,28.628737,76.360227,2023-08-20 00:00:00,3.28,13.5,10.22
BHIWANI,SIWANI,-,Haryana BHIWANI SIWANI Loharwala-200,28.628773,76.360227,2023-08-20 00:00:00,2.56,13.5,10.94
BHIWANI,SIWANI,SIWANI,Gurera,28.91944444,75.51583333,2021-01-10 00:00:00,16.5,15.37,1.13
BHIWANI,SIWANI,SIWANI,Gurera,28.91944444,75.51583333,2021-08-31 06:00:00,18.1,14.39,3.71
BHIWANI,SIWANI,SIWANI,Gurera,28.91944444,75.51583333,2021-11-30 06:00:00,16.1,16.35,0.25
BHIWANI,SIWANI,SIWANI,Gurera,28.91944444,75.51583333,2022-01-30 07:00:00,15.62,15.37,0.25
BHIWANI,SIWANI,SIWANI,Gurera,28.91944444,75.51583333,2022-05-20 06:00:00,19.6,15.56,4.04
BHIWANI,SIWANI,SIWANI,Gurera,28.91944444,75.51583333,2022-08-01 06:00:00,15.49,14.39,1.1
BHIWANI,SIWANI,SIWANI,Gurera,28.91944444,75.51583333,2022-11-01 06:00:00,15.4,16.35,0.95
BHIWANI,SIWANI,SIWANI,Gurera,28.91944444,75.51583333,2023-01-01 00:00:00,15.5,15.37,0.13
BHIWANI,SIWANI,SIWANI,Gurera,28.91944444,75.51583333,2023-06-01 00:00:00,15.34,15.62,0.28
BHIWANI,SIWANI,SIWANI,Gurera,28.91944444,75.51583333,2023-08-20 00:00:00,15.37,14.39,0.98
BHIWANI,SIWANI,SIWANI,Gurera,28.91944444,75.51583333,2023-11-01 00:00:00,15.47,16.35,0.88
BHIWANI,SIWANI,SIWANI,Gurera,28.91944444,75.51583333,2024-01-01 00:00:00,15.44,15.37,0.07
BHIWANI,SIWANI,SIWANI,Gurera PZ,28.9175,75.51916667,2021-01-10 00:00:00,14.79,14.64,0.15
BHIWANI,SIWANI,SIWANI,Gurera PZ,28.9175,75.51916667,2021-08-31 06:00:00,15.64,15.0,0.64
BHIWANI,SIWANI,SIWANI,Gurera PZ,28.9175,75.51916667,2021-11-30 06:00:00,14.34,15.64,1.3
BHIWANI,SIWANI,SIWANI,Gurera PZ,28.9175,75.51916667,2022-01-30 07:00:00,14.27,14.64,0.37
BHIWANI,SIWANI,SIWANI,Gurera PZ,28.9175,75.51916667,2022-05-20 06:00:00,14.46,14.85,0.39
BHIWANI,SIWANI,SIWANI,Gurera PZ,28.9175,75.51916667,2022-11-01 06:00:00,12.83,15.64,2.81
BHIWANI,SIWANI,SIWANI,Gurera PZ,28.9175,75.51916667,2023-11-01 00:00:00,14.32,15.64,1.32
BHIWANI,SIWANI,SIWANI,Gurera-pz,28.94583333,75.51666667,2022-01-30 07:00:00,14.27,14.3,0.03
BHIWANI,SIWANI,SIWANI,Gurera-pz,28.94583333,75.51666667,2022-08-01 06:00:00,15.18,14.92,0.26
BHIWANI,SIWANI,SIWANI,Gurera-pz,28.94583333,75.51666667,2023-01-01 00:00:00,14.22,14.3,0.08
BHIWANI,SIWANI,SIWANI,Gurera-pz,28.94583333,75.51666667,2023-06-01 00:00:00,14.26,15.61,1.35
BHIWANI,SIWANI,SIWANI,Gurera-pz,28.94583333,75.51666667,2023-08-20 00:00:00,14.28,14.92,0.64
BHIWANI,SIWANI,SIWANI,Gurera-pz,28.94583333,75.51666667,2024-01-01 00:00:00,14.17,14.3,0.13
BHIWANI,SIWANI,SIWANI,Jhumpa,28.76666667,75.53333333,2021-01-10 00:00:00,28.08,28.69,0.61
BHIWANI,SIWANI,SIWANI,Jhumpa,28.76666667,75.53333333,2021-08-31 06:00:00,30.31,29.12,1.19
BHIWANI,SIWANI,SIWANI,Jhumpa,28.76666667,75.53333333,2021-11-30 06:00:00,27.15,30.67,3.52
BHIWANI,SIWANI,SIWANI,Jhumpa,28.76666667,75.53333333,2022-01-30 07:00:00,27.73,28.69,0.96
BHIWANI,SIWANI,SIWANI,Jhumpa,28.76666667,75.53333333,2022-05-20 06:00:00,30.51,29.1,1.41
BHIWANI,SIWANI,SIWANI,Jhumpa,28.76666667,75.53333333,2022-08-01 06:00:00,26.04,29.12,3.08
BHIWANI,SIWANI,SIWANI,Jhumpa,28.76666667,75.53333333,2022-11-01 06:00:00,28.05,30.67,2.62
BHIWANI,SIWANI,SIWANI,Jhumpa,28.76666667,75.53333333,2023-01-01 00:00:00,28.3,28.69,0.39
BHIWANI,SIWANI,SIWANI,Jhumpa,28.76666667,75.53333333,2023-06-01 00:00:00,27.07,29.3,2.23
BHIWANI,SIWANI,SIWANI,Jhumpa,28.76666667,75.53333333,2023-08-20 00:00:00,26.43,29.12,2.69
BHIWANI,SIWANI,SIWANI,Jhumpa,28.76666667,75.53333333,2023-11-01 00:00:00,27.05,30.67,3.62
BHIWANI,SIWANI,SIWANI,Jhumpa,28.76666667,75.53333333,2024-01-01 00:00:00,27.14,28.69,1.55
BHIWANI,SIWANI,SIWANI,Jhumpa Kalan,28.76666667,75.52916667,2021-01-10 00:00:00,26.54,28.69,2.15
BHIWANI,SIWANI,SIWANI,Jhumpa Kalan,28.76666667,75.52916667,2021-08-31 06:00:00,27.4,28.18,0.78
BHIWANI,SIWANI,SIWANI,Jhumpa Kalan,28.76666667,75.52916667,2021-11-30 06:00:00,27.46,29.14,1.68
BHIWANI,SIWANI,SIWANI,Jhumpa Kalan,28.76666667,75.52916667,2022-01-30 07:00:00,26.25,28.69,2.44
BHIWANI,SIWANI,SIWANI,Jhumpa Kalan,28.76666667,75.52916667,2022-05-20 06:00:00,30.6,27.5,3.1
BHIWANI,SIWANI,SIWANI,Jhumpa Kalan,28.76666667,75.52916667,2022-08-01 06:00:00,25.01,28.18,3.17
BHIWANI,SIWANI,SIWANI,Jhumpa Kalan,28.76666667,75.52916667,2022-11-01 06:00:00,26.92,29.14,2.22
BHIWANI,SIWANI,SIWANI,Jhumpa Kalan,28.76666667,75.52916667,2023-01-01 00:00:00,26.85,28.69,1.84
BHIWANI,SIWANI,SIWANI,Jhumpa Kalan,28.76666667,75.52916667,2023-08-20 00:00:00,26.67,28.18,1.51
BHIWANI,SIWANI,SIWANI,Jhumpa Kalan,28.76666667,75.52916667,2023-11-01 00:00:00,27.22,29.14,1.92
BHIWANI,SIWANI,SIWANI,Kaloud,28.79583333,75.64027778,2022-05-20 06:00:00,28.4,18.46,9.94
BHIWANI,SIWANI,SIWANI,Mauhala,28.84722222,75.62277778,2022-05-20 06:00:00,12.1,18.51,6.41
BHIWANI,SIWANI,SIWANI,Mauhala,28.84722222,75.62277778,2022-08-01 06:00:00,18.74,28.64,9.9
BHIWANI,SIWANI,SIWANI,Miran,28.84166667,75.74166667,2022-05-20 06:00:00,5.7,5.59,0.11
BHIWANI,SIWANI,SIWANI,Miran,28.84166667,75.74166667,2022-08-01 06:00:00,3.94,4.6,0.66
BHIWANI,SIWANI,SIWANI,Miran,28.84166667,75.74166667,2023-01-01 00:00:00,5.4,5.6,0.2
BHIWANI,SIWANI,SIWANI,Miran,28.84166667,75.74166667,2023-06-01 00:00:00,4.34,5.48,1.14
BHIWANI,SIWANI,SIWANI,Miran,28.84166667,75.74166667,2023-08-20 00:00:00,4.61,4.6,0.01
BHIWANI,SIWANI,SIWANI,Siwani,28.89583333,75.60416667,2021-01-10 00:00:00,12.35,13.75,1.4
BHIWANI,SIWANI,SIWANI,Siwani,28.89583333,75.60416667,2021-08-31 06:00:00,14.07,13.55,0.52
BHIWANI,SIWANI,SIWANI,Siwani,28.89583333,75.60416667,2021-11-30 06:00:00,12.45,15.18,2.73
BHIWANI,SIWANI,SIWANI,Siwani,28.89583333,75.60416667,2022-01-30 07:00:00,11.78,13.75,1.97
BHIWANI,SIWANI,SIWANI,Siwani,28.89583333,75.60416667,2022-05-20 06:00:00,14.3,14.67,0.37
BHIWANI,SIWANI,SIWANI,Siwani,28.89583333,75.60416667,2022-08-01 06:00:00,10.79,13.55,2.76
BHIWANI,SIWANI,SIWANI,Siwani,28.89583333,75.60416667,2022-11-01 06:00:00,15.55,15.18,0.37
BHIWANI,SIWANI,SIWANI,Siwani,28.89583333,75.60416667,2023-01-01 00:00:00,10.95,13.75,2.8
BHIWANI,SIWANI,SIWANI,Siwani,28.89583333,75.60416667,2023-06-01 00:00:00,1.92,14.63,12.71
BHIWANI,SIWANI,SIWANI,Siwani,28.89583333,75.60416667,2023-08-20 00:00:00,10.72,13.55,2.83
BHIWANI,SIWANI,SIWANI,Siwani,28.89583333,75.60416667,2023-11-01 00:00:00,11.64,15.18,3.54
BHIWANI,SIWANI,SIWANI,Siwani,28.89583333,75.60416667,2024-01-01 00:00:00,10.81,13.75,2.94
BHIWANI,TOSHAM,-,Tosham-Pz,28.875,75.916667,2023-01-01 00:00:00,5.7,17.89,12.19
BHIWANI,TOSHAM,-,Tosham-Pz,28.875,75.916667,2023-06-01 00:00:00,5.81,17.98,12.17
BHIWANI,TOSHAM,-,Tosham-Pz,28.875,75.916667,2023-08-20 00:00:00,5.68,18.62,12.94
BHIWANI,TOSHAM,-,Tosham-Pz,28.875,75.916667,2023-11-01 00:00:00,4.02,19.07,15.05
BHIWANI,TOSHAM,TOSHAM,Alampur-DW,28.8,75.83277778,2022-05-20 06:00:00,11.3,12.31,1.01
BHIWANI,TOSHAM,TOSHAM,Bajina,28.76527778,75.98305556,2021-01-10 00:00:00,13.57,6.09,7.48
BHIWANI,TOSHAM,TOSHAM,Bajina,28.76527778,75.98305556,2021-08-31 06:00:00,15.58,15.44,0.14
BHIWANI,TOSHAM,TOSHAM,Bajina,28.76527778,75.98305556,2021-11-30 06:00:00,13.82,14.67,0.85
BHIWANI,TOSHAM,TOSHAM,Bajina,28.76527778,75.98305556,2022-01-30 07:00:00,13.88,6.09,7.79
BHIWANI,TOSHAM,TOSHAM,Bajina,28.76527778,75.98305556,2022-05-20 06:00:00,13.5,14.46,0.96
BHIWANI,TOSHAM,TOSHAM,Bajina,28.76527778,75.98305556,2022-08-01 06:00:00,13.62,15.44,1.82
BHIWANI,TOSHAM,TOSHAM,Bajina,28.76527778,75.98305556,2022-11-01 06:00:00,13.63,14.67,1.04
BHIWANI,TOSHAM,TOSHAM,Bajina,28.76527778,75.98305556,2023-01-01 00:00:00,13.57,6.09,7.48
BHIWANI,TOSHAM,TOSHAM,Bajina,28.76527778,75.98305556,2023-06-01 00:00:00,13.68,14.46,0.78
BHIWANI,TOSHAM,TOSHAM,Bajina,28.76527778,75.98305556,2023-08-20 00:00:00,13.47,15.44,1.97
BHIWANI,TOSHAM,TOSHAM,Bajina,28.76527778,75.98305556,2023-11-01 00:00:00,13.55,14.67,1.12
BHIWANI,TOSHAM,TOSHAM,Bajina,28.76527778,75.98305556,2024-01-01 00:00:00,13.87,6.09,7.78
BHIWANI,TOSHAM,TOSHAM,Bohal,28.96111111,75.92138889,2021-01-10 00:00:00,3.99,4.05,0.06
BHIWANI,TOSHAM,TOSHAM,Bohal,28.96111111,75.92138889,2021-08-31 06:00:00,5.46,3.72,1.74
BHIWANI,TOSHAM,TOSHAM,Bohal,28.96111111,75.92138889,2021-11-30 06:00:00,4.94,4.98,0.04
BHIWANI,TOSHAM,TOSHAM,Bohal,28.96111111,75.92138889,2022-01-30 07:00:00,3.3,4.05,0.75
BHIWANI,TOSHAM,TOSHAM,Bohal,28.96111111,75.92138889,2022-05-20 06:00:00,4.6,4.76,0.16
BHIWANI,TOSHAM,TOSHAM,Bohal,28.96111111,75.92138889,2022-08-01 06:00:00,2.05,3.72,1.67
BHIWANI,TOSHAM,TOSHAM,Bohal,28.96111111,75.92138889,2022-11-01 06:00:00,3.1,4.98,1.88
BHIWANI,TOSHAM,TOSHAM,Bohal,28.96111111,75.92138889,2023-06-01 00:00:00,3.0,4.68,1.68
BHIWANI,TOSHAM,TOSHAM,Bohal,28.96111111,75.92138889,2023-08-20 00:00:00,2.86,3.72,0.86
BHIWANI,TOSHAM,TOSHAM,Bohal,28.96111111,75.92138889,2023-11-01 00:00:00,2.07,4.98,2.91
BHIWANI,TOSHAM,TOSHAM,Bohal,28.96111111,75.92138889,2024-01-01 00:00:00,2.02,4.05,2.03
BHIWANI,TOSHAM,TOSHAM,Lachhmanpur,28.82666667,75.87694444,2021-01-10 00:00:00,10.35,12.36,2.01
BHIWANI,TOSHAM,TOSHAM,Lachhmanpur,28.82666667,75.87694444,2021-08-31 06:00:00,12.24,12.83,0.59
BHIWANI,TOSHAM,TOSHAM,Lachhmanpur,28.82666667,75.87694444,2021-11-30 06:00:00,10.93,13.28,2.35
BHIWANI,TOSHAM,TOSHAM,Lachhmanpur,28.82666667,75.87694444,2022-01-30 07:00:00,10.57,12.36,1.79
BHIWANI,TOSHAM,TOSHAM,Lachhmanpur,28.82666667,75.87694444,2022-05-20 06:00:00,12.5,12.92,0.42
BHIWANI,TOSHAM,TOSHAM,Lachhmanpur,28.82666667,75.87694444,2022-08-01 06:00:00,10.04,12.83,2.79
BHIWANI,TOSHAM,TOSHAM,Lachhmanpur,28.82666667,75.87694444,2022-11-01 06:00:00,9.78,13.28,3.5
BHIWANI,TOSHAM,TOSHAM,Lachhmanpur,28.82666667,75.87694444,2023-01-01 00:00:00,10.26,12.36,2.1
BHIWANI,TOSHAM,TOSHAM,Lachhmanpur,28.82666667,75.87694444,2023-06-01 00:00:00,10.01,13.1,3.09
BHIWANI,TOSHAM,TOSHAM,Lachhmanpur,28.82666667,75.87694444,2023-08-20 00:00:00,10.13,12.83,2.7
BHIWANI,TOSHAM,TOSHAM,Lachhmanpur,28.82666667,75.87694444,2023-11-01 00:00:00,10.32,13.28,2.96
BHIWANI,TOSHAM,TOSHAM,Lachhmanpur,28.82666667,75.87694444,2024-01-01 00:00:00,10.16,12.36,2.2
BHIWANI,TOSHAM,TOSHAM,Miran,28.84861111,75.74166667,2021-01-10 00:00:00,3.6,4.82,1.22
BHIWANI,TOSHAM,TOSHAM,Miran,28.84861111,75.74166667,2021-08-31 06:00:00,5.14,4.62,0.52
BHIWANI,TOSHAM,TOSHAM,Miran,28.84861111,75.74166667,2021-11-30 06:00:00,4.2,5.59,1.39
BHIWANI,TOSHAM,TOSHAM,Miran,28.84861111,75.74166667,2022-01-30 07:00:00,4.22,4.82,0.6
BHIWANI,TOSHAM,TOSHAM,Miran,28.84861111,75.74166667,2022-08-01 06:00:00,3.32,4.62,1.3
BHIWANI,TOSHAM,TOSHAM,Miran,28.84861111,75.74166667,2022-11-01 06:00:00,3.6,5.59,1.99
BHIWANI,TOSHAM,TOSHAM,Miran,28.84861111,75.74166667,2023-06-01 00:00:00,4.48,5.05,0.57
BHIWANI,TOSHAM,TOSHAM,Miran,28.84861111,75.74166667,2023-11-01 00:00:00,4.74,5.59,0.85
BHIWANI,TOSHAM,TOSHAM,Miran,28.84861111,75.74166667,2024-01-01 00:00:00,5.74,4.82,0.92
BHIWANI,TOSHAM,TOSHAM,Miran1,28.84861111,75.74166667,2021-01-10 00:00:00,3.85,4.5,0.65
BHIWANI,TOSHAM,TOSHAM,Miran1,28.84861111,75.74166667,2021-08-31 06:00:00,5.4,4.62,0.78
BHIWANI,TOSHAM,TOSHAM,Miran1,28.84861111,75.74166667,2021-11-30 06:00:00,4.09,5.59,1.5
BHIWANI,TOSHAM,TOSHAM,Miran1,28.84861111,75.74166667,2022-01-30 07:00:00,3.76,4.5,0.74
BHIWANI,TOSHAM,TOSHAM,Miran1,28.84861111,75.74166667,2022-05-20 06:00:00,5.3,4.64,0.66
BHIWANI,TOSHAM,TOSHAM,Miran1,28.84861111,75.74166667,2022-11-01 06:00:00,5.0,5.59,0.59
BHIWANI,TOSHAM,TOSHAM,Miran1,28.84861111,75.74166667,2023-01-01 00:00:00,2.3,4.5,2.2
BHIWANI,TOSHAM,TOSHAM,Miran1,28.84861111,75.74166667,2023-08-20 00:00:00,4.24,4.62,0.38
BHIWANI,TOSHAM,TOSHAM,Miran1,28.84861111,75.74166667,2023-11-01 00:00:00,4.67,5.59,0.92
BHIWANI,TOSHAM,TOSHAM,Pataudi Kalan PZM,28.79722222,75.80833333,2022-05-20 06:00:00,18.8,50.33,31.53
BHIWANI,TOSHAM,TOSHAM,Pataudi Khurd,28.79722222,75.80833333,2021-01-10 00:00:00,13.65,13.6,0.05
BHIWANI,TOSHAM,TOSHAM,Pataudi Khurd,28.79722222,75.80833333,2021-08-31 06:00:00,15.03,15.38,0.35
BHIWANI,TOSHAM,TOSHAM,Pataudi Khurd,28.79722222,75.80833333,2021-11-30 06:00:00,14.48,15.61,1.13
BHIWANI,TOSHAM,TOSHAM,Pataudi Khurd,28.79722222,75.80833333,2022-01-30 07:00:00,14.11,13.6,0.51
BHIWANI,TOSHAM,TOSHAM,Pataudi Khurd,28.79722222,75.80833333,2022-05-20 06:00:00,14.8,14.21,0.59
BHIWANI,TOSHAM,TOSHAM,Pataudi Khurd,28.79722222,75.80833333,2022-08-01 06:00:00,13.68,15.38,1.7
BHIWANI,TOSHAM,TOSHAM,Pataudi Khurd,28.79722222,75.80833333,2022-11-01 06:00:00,13.75,15.61,1.86
BHIWANI,TOSHAM,TOSHAM,Pataudi Khurd,28.79722222,75.80833333,2023-01-01 00:00:00,14.2,13.6,0.6
BHIWANI,TOSHAM,TOSHAM,Pataudi Khurd,28.79722222,75.80833333,2023-06-01 00:00:00,13.2,14.17,0.97
BHIWANI,TOSHAM,TOSHAM,Pataudi Khurd,28.79722222,75.80833333,2023-08-20 00:00:00,14.21,15.38,1.17
BHIWANI,TOSHAM,TOSHAM,Pataudi Khurd,28.79722222,75.80833333,2023-11-01 00:00:00,14.08,15.61,1.53
BHIWANI,TOSHAM,TOSHAM,Riwasa-DW,28.80694444,75.94027778,2022-05-20 06:00:00,4.5,2.96,1.54
BHIWANI,TOSHAM,TOSHAM,Sagban,28.87222222,75.95833333,2021-01-10 00:00:00,2.06,2.32,0.26
BHIWANI,TOSHAM,TOSHAM,Sagban,28.87222222,75.95833333,2021-08-31 06:00:00,4.34,2.72,1.62
BHIWANI,TOSHAM,TOSHAM,Sagban,28.87222222,75.95833333,2021-11-30 06:00:00,2.78,4.6,1.82
BHIWANI,TOSHAM,TOSHAM,Sagban,28.87222222,75.95833333,2022-01-30 07:00:00,1.91,2.32,0.41
BHIWANI,TOSHAM,TOSHAM,Sagban,28.87222222,75.95833333,2022-05-20 06:00:00,1.96,3.37,1.41
BHIWANI,TOSHAM,TOSHAM,Sagban,28.87222222,75.95833333,2022-08-01 06:00:00,0.89,2.72,1.83
BHIWANI,TOSHAM,TOSHAM,Sagban,28.87222222,75.95833333,2023-06-01 00:00:00,1.62,3.31,1.69
BHIWANI,TOSHAM,TOSHAM,Sagban,28.87222222,75.95833333,2023-08-20 00:00:00,1.65,2.72,1.07
BHIWANI,TOSHAM,TOSHAM,Sagban,28.87222222,75.95833333,2023-11-01 00:00:00,2.58,4.6,2.02
BHIWANI,TOSHAM,TOSHAM,Sangwan,28.87222222,75.95833333,2021-08-31 06:00:00,4.02,5.19,1.17
BHIWANI,TOSHAM,TOSHAM,Sangwan,28.87222222,75.95833333,2021-11-30 06:00:00,4.2,6.5,2.3
BHIWANI,TOSHAM,TOSHAM,Sangwan,28.87222222,75.95833333,2022-01-30 07:00:00,4.65,4.77,0.12
BHIWANI,TOSHAM,TOSHAM,Sangwan,28.87222222,75.95833333,2022-05-20 06:00:00,4.4,4.34,0.06
BHIWANI,TOSHAM,TOSHAM,Tosham,28.875,75.91666667,2021-01-10 00:00:00,4.65,4.38,0.27
BHIWANI,TOSHAM,TOSHAM,Tosham,28.875,75.91666667,2021-08-31 06:00:00,8.32,3.64,4.68
BHIWANI,TOSHAM,TOSHAM,Tosham,28.875,75.91666667,2021-11-30 06:00:00,4.92,5.41,0.49
BHIWANI,TOSHAM,TOSHAM,Tosham,28.875,75.91666667,2022-01-30 07:00:00,4.59,4.38,0.21
BHIWANI,TOSHAM,TOSHAM,Tosham,28.875,75.91666667,2022-05-20 06:00:00,6.7,6.01,0.69
BHIWANI,TOSHAM,TOSHAM,Tosham,28.875,75.91666667,2022-08-01 06:00:00,4.45,3.64,0.81
BHIWANI,TOSHAM,TOSHAM,Tosham,28.875,75.91666667,2022-11-01 06:00:00,4.26,5.41,1.15
BHIWANI,TOSHAM,TOSHAM,Tosham,28.875,75.91666667,2023-01-01 00:00:00,4.4,4.38,0.02
BHIWANI,TOSHAM,TOSHAM,Tosham,28.875,75.91666667,2023-06-01 00:00:00,4.6,5.91,1.31
BHIWANI,TOSHAM,TOSHAM,Tosham,28.875,75.91666667,2023-08-20 00:00:00,4.29,3.64,0.65
BHIWANI,TOSHAM,TOSHAM,Tosham,28.875,75.91666667,2023-11-01 00:00:00,5.19,5.41,0.22
BHIWANI,TOSHAM,TOSHAM,Tosham,28.875,75.91666667,2024-01-01 00:00:00,4.98,4.38,0.6
BHIWANI,TOSHAM,TOSHAM,Tosham1,28.875,75.91666667,2021-01-10 00:00:00,7.1,5.47,1.63
BHIWANI,TOSHAM,TOSHAM,Tosham1,28.875,75.91666667,2021-08-31 06:00:00,8.1,5.93,2.17
BHIWANI,TOSHAM,TOSHAM,Tosham1,28.875,75.91666667,2021-11-30 06:00:00,6.66,7.44,0.78
BHIWANI,TOSHAM,TOSHAM,Tosham1,28.875,75.91666667,2022-01-30 07:00:00,6.4,5.47,0.93
BHIWANI,TOSHAM,TOSHAM,Tosham1,28.875,75.91666667,2022-05-20 06:00:00,6.2,6.72,0.52
BHIWANI,TOSHAM,TOSHAM,Tosham1,28.875,75.91666667,2022-08-01 06:00:00,5.71,5.93,0.22
BHIWANI,TOSHAM,TOSHAM,Tosham1,28.875,75.91666667,2022-11-01 06:00:00,5.54,7.44,1.9
BHIWANI,TOSHAM,TOSHAM,Tosham1,28.875,75.91666667,2024-01-01 00:00:00,5.47,5.47,0.0
Charkhi Dadri,BADHRA,BADHRA,Atela-PZ,28.57833333,76.10583333,2022-05-20 06:00:00,26.58,18.73,7.85
Charkhi Dadri,BADHRA,BADHRA,Badesara-PZ,28.92472222,76.20888889,2022-05-20 06:00:00,76.67,6.16,70.51
Charkhi Dadri,BADHRA,BADHRA,Badhra-Pz,28.49166667,75.875,2022-05-20 06:00:00,72.0,56.96,15.04
Charkhi Dadri,BADHRA,BADHRA,Chandawas-PZ,28.48916667,75.97666667,2022-05-20 06:00:00,71.9,56.82,15.08
Charkhi Dadri,BADHRA,BADHRA,Dudiwala-PZ,28.63027778,76.03527778,2022-05-20 06:00:00,39.14,18.96,20.18
Charkhi Dadri,BADHRA,BADHRA,Gopalwas-PZ,28.70305556,75.70722222,2022-05-20 06:00:00,90.13,33.86,56.27
Charkhi Dadri,BADHRA,BADHRA,Gopi,28.55277778,75.95555556,2022-05-20 06:00:00,72.65,72.4,0.25
Charkhi Dadri,BADHRA,BADHRA,Hui-PZ,28.52888889,76.02444444,2022-05-20 06:00:00,63.0,56.79,6.21
Charkhi Dadri,BADHRA,BADHRA,Kadma-PZ,28.45555556,76.02472222,2022-05-20 06:00:00,81.72,32.53,49.19
Charkhi Dadri,BADHRA,BADHRA,Kakroli Hatti-PZ,28.57444444,75.97888889,2022-05-20 06:00:00,72.62,42.46,30.16
Charkhi Dadri,BADHRA,BADHRA,Kakroli Hukmi1,28.57083333,75.95972222,2022-05-20 06:00:00,70.02,42.46,27.56
Charkhi Dadri,BADHRA,BADHRA,Kakroli Sardh-PZ,28.57972222,75.97472222,2022-05-20 06:00:00,64.9,42.46,22.44
Charkhi Dadri,BADHRA,BADHRA,Kari Adu-DW,28.54388889,75.79722222,2022-05-20 06:00:00,67.92,71.51,3.59
Charkhi Dadri,BADHRA,BADHRA,Kari Mod-PZ,28.52388889,75.94055556,2022-05-20 06:00:00,72.0,56.96,15.04
Charkhi Dadri,BADHRA,BADHRA,Kari Pura-PZ,28.52361111,75.90861111,2022-05-20 06:00:00,68.95,56.96,11.99
Charkhi Dadri,BADHRA,BADHRA,Nandha-PZ,28.44833333,75.94194444,2022-05-20 06:00:00,82.0,62.58,19.42
Charkhi Dadri,BADHRA,BADHRA,Pichopa Kalan-PZ,28.5325,76.07638889,2022-05-20 06:00:00,94.14,25.08,69.06
Charkhi Dadri,BADHRA,BADHRA,Todi-PZ,28.50416667,76.10583333,2022-05-20 06:00:00,77.11,40.69,36.42
Charkhi Dadri,DADRI,DADRI-I,Baundkalan,28.78055556,76.36666667,2021-01-10 00:00:00,1.53,2.55,1.02
Charkhi Dadri,DADRI,DADRI-I,Baundkalan,28.78055556,76.36666667,2022-05-20 06:00:00,3.99,8.05,4.06
Charkhi Dadri,DADRI,DADRI-I,Baundkalan,28.78055556,76.36666667,2022-08-01 06:00:00,1.05,1.67,0.62
Charkhi Dadri,DADRI,DADRI-I,Baundkalan,28.78055556,76.36666667,2022-11-01 06:00:00,2.11,3.47,1.36
Charkhi Dadri,DADRI,DADRI-I,Baundkalan,28.78055556,76.36666667,2023-01-01 00:00:00,1.71,2.55,0.84
Charkhi Dadri,DADRI,DADRI-I,Baundkalan,28.78055556,76.36666667,2023-06-01 00:00:00,1.91,8.08,6.17
Charkhi Dadri,DADRI,DADRI-I,Baundkalan,28.78055556,76.36666667,2023-08-20 00:00:00,1.81,1.67,0.14
Charkhi Dadri,DADRI,DADRI-I,Baundkalan,28.78055556,76.36666667,2023-11-01 00:00:00,2.22,3.47,1.25
Charkhi Dadri,DADRI,DADRI-I,Baundkalan,28.78055556,76.36666667,2024-01-01 00:00:00,2.41,2.55,0.14
Charkhi Dadri,DADRI,DADRI-I,Bound-PZ,28.76166667,76.35805556,2022-05-20 06:00:00,3.07,3.28,0.21
Charkhi Dadri,DADRI,DADRI-I,Imlota,28.60833333,76.45277778,2021-01-10 00:00:00,3.28,1.87,1.41
Charkhi Dadri,DADRI,DADRI-I,Imlota,28.60833333,76.45277778,2022-05-20 06:00:00,0.85,3.38,2.53
Charkhi Dadri,DADRI,DADRI-I,Imlota,28.60833333,76.45277778,2022-08-01 06:00:00,2.52,1.56,0.96
Charkhi Dadri,DADRI,DADRI-I,Imlota,28.60833333,76.45277778,2022-11-01 06:00:00,1.98,3.53,1.55
Charkhi Dadri,DADRI,DADRI-I,Imlota,28.60833333,76.45277778,2023-01-01 00:00:00,3.03,1.87,1.16
Charkhi Dadri,DADRI,DADRI-I,Imlota,28.60833333,76.45277778,2023-06-01 00:00:00,3.36,3.36,0.0
Charkhi Dadri,DADRI,DADRI-I,Imlota,28.60833333,76.45277778,2023-08-20 00:00:00,3.36,1.56,1.8
Charkhi Dadri,DADRI,DADRI-I,Imlota,28.60833333,76.45277778,2023-11-01 00:00:00,3.08,3.53,0.45
Charkhi Dadri,DADRI,DADRI-I,Imlota,28.60833333,76.45277778,2024-01-01 00:00:00,4.17,1.87,2.3
Charkhi Dadri,DADRI,DADRI-I,Loharwala D,28.6291,76.3596,2023-08-20 00:00:00,3.0,2.71,0.29
Charkhi Dadri,DADRI,DADRI-I,Loharwala D,28.6291,76.3596,2023-11-01 00:00:00,13.93,4.23,9.7
Charkhi Dadri,DADRI,DADRI-I,Mehrana,28.555,76.32611111,2022-08-01 06:00:00,18.53,14.4,4.13
Charkhi Dadri,DADRI,DADRI-I,Mehrana,28.555,76.32611111,2022-11-01 06:00:00,18.25,18.24,0.01
Charkhi Dadri,DADRI,DADRI-I,Mehrana,28.555,76.32611111,2023-01-01 00:00:00,12.15,18.65,6.5
Charkhi Dadri,DADRI,DADRI-I,Mehrana,28.555,76.32611111,2023-06-01 00:00:00,12.28,17.66,5.38
Charkhi Dadri,DADRI,DADRI-I,Mehrana,28.555,76.32611111,2023-08-20 00:00:00,12.0,14.4,2.4
Charkhi Dadri,DADRI,DADRI-I,Mehrana,28.555,76.32611111,2023-11-01 00:00:00,9.59,18.24,8.65
Charkhi Dadri,DADRI,DADRI-I,Mehrana,28.555,76.32611111,2024-01-01 00:00:00,12.6,18.65,6.05
Charkhi Dadri,DADRI,DADRI-I,Sanwar,28.70833333,76.31111111,2021-01-10 00:00:00,4.95,4.1,0.85
Charkhi Dadri,DADRI,DADRI-I,Sanwar,28.70833333,76.31111111,2022-05-20 06:00:00,4.57,5.74,1.17
Charkhi Dadri,DADRI,DADRI-I,Sanwar,28.70833333,76.31111111,2022-08-01 06:00:00,4.08,4.71,0.63
Charkhi Dadri,DADRI,DADRI-I,Sanwar,28.70833333,76.31111111,2022-11-01 06:00:00,4.6,6.85,2.25
Charkhi Dadri,DADRI,DADRI-I,Sanwar,28.70833333,76.31111111,2023-01-01 00:00:00,5.35,4.1,1.25
Charkhi Dadri,DADRI,DADRI-I,Sanwar,28.70833333,76.31111111,2023-06-01 00:00:00,4.75,5.29,0.54
Charkhi Dadri,DADRI,DADRI-I,Sanwar,28.70833333,76.31111111,2023-08-20 00:00:00,3.64,4.71,1.07
Charkhi Dadri,DADRI,DADRI-I,Sanwar,28.70833333,76.31111111,2023-11-01 00:00:00,4.69,6.85,2.16
Charkhi Dadri,DADRI,DADRI-I,Sanwar,28.70833333,76.31111111,2024-01-01 00:00:00,5.78,4.1,1.68
Charkhi Dadri,DADRI,DADRI-I,Unn-DW,28.64444444,76.38888889,2022-05-20 06:00:00,3.84,3.57,0.27
Charkhi Dadri,DADRI,DADRI-II,Adampur,28.51666667,76.21666667,2022-05-20 06:00:00,15.5,15.43,0.07
Charkhi Dadri,DADRI,DADRI-II,Chirya,28.45833333,76.25833333,2022-05-20 06:00:00,18.65,18.65,0.0
Charkhi Dadri,DADRI,DADRI-II,Dadri,28.59583333,76.275,2022-05-20 06:00:00,3.99,3.42,0.57
Charkhi Dadri,DADRI,DADRI-II,Dadri,28.59583333,76.275,2022-08-01 06:00:00,1.26,2.49,1.23
Charkhi Dadri,DADRI,DADRI-II,Dadri,28.59583333,76.275,2022-11-01 06:00:00,1.34,6.35,5.01
Charkhi Dadri,DADRI,DADRI-II,Dadri,28.59583333,76.275,2023-06-01 00:00:00,1.41,3.4,1.99
Charkhi Dadri,DADRI,DADRI-II,Dadri1,28.59583333,76.26666667,2021-01-10 00:00:00,1.81,2.36,0.55
Charkhi Dadri,DADRI,DADRI-II,Dadri1,28.59583333,76.26666667,2022-05-20 06:00:00,2.81,2.9,0.09
Charkhi Dadri,DADRI,DADRI-II,Dadri1,28.59583333,76.26666667,2023-08-20 00:00:00,0.89,1.7,0.81
Charkhi Dadri,DADRI,DADRI-II,Dadri1,28.59583333,76.26666667,2023-11-01 00:00:00,1.37,3.1,1.73
Charkhi Dadri,DADRI,DADRI-II,Dadri1,28.59583333,76.26666667,2024-01-01 00:00:00,1.52,2.36,0.84
Charkhi Dadri,DADRI,DADRI-II,Mandola,28.525,76.22083333,2022-05-20 06:00:00,10.69,15.57,4.88
FARIDABAD,-,-,Haryana Faridabad Ballabhgarh Imammudinpur,28.321384,77.462578,2024-01-01 00:00:00,20.98,19.23,1.75
FARIDABAD,-,-,Imammudinpur,28.337948,77.419829,2023-06-01 00:00:00,22.45,26.79,4.34
FARIDABAD,BALLABGARH,BALLABGARH,Ballabhgarh,28.34583333,77.32083333,2021-01-10 00:00:00,29.37,29.13,0.24
FARIDABAD,BALLABGARH,BALLABGARH,Ballabhgarh,28.34583333,77.32083333,2021-08-31 06:00:00,30.72,29.37,1.35
FARIDABAD,BALLABGARH,BALLABGARH,Ballabhgarh,28.34583333,77.32083333,2021-11-30 06:00:00,29.2,34.44,5.24
FARIDABAD,BALLABGARH,BALLABGARH,Ballabhgarh,28.34583333,77.32083333,2022-01-30 07:00:00,29.15,29.13,0.02
FARIDABAD,BALLABGARH,BALLABGARH,Ballabhgarh,28.34583333,77.32083333,2022-05-20 06:00:00,29.39,31.38,1.99
FARIDABAD,BALLABGARH,BALLABGARH,Ballabhgarh,28.34583333,77.32083333,2022-08-01 06:00:00,29.8,29.37,0.43
FARIDABAD,BALLABGARH,BALLABGARH,Ballabhgarh,28.34583333,77.32083333,2022-11-01 06:00:00,29.75,34.44,4.69
FARIDABAD,BALLABGARH,BALLABGARH,Ballabhgarh,28.34583333,77.32083333,2023-11-01 00:00:00,30.0,34.44,4.44
FARIDABAD,BALLABGARH,BALLABGARH,Chandpur,28.32916667,77.475,2022-05-20 06:00:00,20.95,20.23,0.72
FARIDABAD,BALLABGARH,BALLABGARH,Chhainsa,28.25944444,77.47722222,2022-05-20 06:00:00,18.4,17.91,0.49
FARIDABAD,BALLABGARH,BALLABGARH,Chirsi-Ew,28.39166667,77.46944444,2022-05-20 06:00:00,17.78,16.05,1.73
FARIDABAD,BALLABGARH,BALLABGARH,Immamudipur,28.28333333,77.47083333,2021-08-31 06:00:00,23.2,21.51,1.69
FARIDABAD,BALLABGARH,BALLABGARH,Immamudipur,28.28333333,77.47083333,2022-11-01 06:00:00,20.1,19.49,0.61
FARIDABAD,BALLABGARH,BALLABGARH,Immamudipur,28.28333333,77.47083333,2023-08-20 00:00:00,22.07,21.51,0.56
FARIDABAD,BALLABGARH,BALLABGARH,Immamudipur,28.28333333,77.47083333,2023-11-01 00:00:00,20.7,19.49,1.21
FARIDABAD,BALLABGARH,BALLABGARH,Kabulpur,28.39444444,77.43888889,2021-01-10 00:00:00,20.69,22.25,1.56
FARIDABAD,BALLABGARH,BALLABGARH,Kabulpur,28.39444444,77.43888889,2021-08-31 06:00:00,23.1,25.27,2.17
FARIDABAD,BALLABGARH,BALLABGARH,Kabulpur,28.39444444,77.43888889,2021-11-30 06:00:00,19.23,27.71,8.48
FARIDABAD,BALLABGARH,BALLABGARH,Kabulpur,28.39444444,77.43888889,2022-01-30 07:00:00,20.6,22.25,1.65
FARIDABAD,BALLABGARH,BALLABGARH,Kabulpur,28.39444444,77.43888889,2022-05-20 06:00:00,20.56,23.42,2.86
FARIDABAD,BALLABGARH,BALLABGARH,Kabulpur,28.39444444,77.43888889,2022-08-01 06:00:00,21.7,25.27,3.57
FARIDABAD,BALLABGARH,BALLABGARH,Kabulpur,28.39444444,77.43888889,2022-11-01 06:00:00,19.05,27.71,8.66
FARIDABAD,BALLABGARH,BALLABGARH,Kabulpur,28.39444444,77.43888889,2023-06-01 00:00:00,19.7,23.38,3.68
FARIDABAD,BALLABGARH,BALLABGARH,Kabulpur,28.39444444,77.43888889,2023-11-01 00:00:00,18.4,27.71,9.31
FARIDABAD,BALLABGARH,BALLABGARH,Kabulpur,28.39444444,77.43888889,2024-01-01 00:00:00,17.74,22.25,4.51
FARIDABAD,BALLABGARH,BALLABGARH,Manjhawali-DW,28.36944444,77.4775,2022-05-20 06:00:00,16.15,16.23,0.08
FARIDABAD,BALLABGARH,BALLABGARH,Sanped-DW,28.28611111,77.34166667,2022-05-20 06:00:00,12.85,17.51,4.66
FARIDABAD,BALLABGARH,BALLABGARH,Sikri,28.27916667,77.28333333,2022-05-20 06:00:00,7.3,13.37,6.07
FARIDABAD,BALLABGARH,BALLABGARH,Sikri,28.27916667,77.28333333,2022-08-01 06:00:00,5.12,11.31,6.19
FARIDABAD,BALLABGARH,BALLABGARH,Sikri,28.27916667,77.28333333,2022-11-01 06:00:00,2.53,14.14,11.61
FARIDABAD,BALLABGARH,BALLABGARH,Sikri1,28.3125,77.3125,2023-11-01 00:00:00,4.76,19.13,14.37
FARIDABAD,BALLABGARH,BALLABGARH,Sikri1,28.3125,77.3125,2024-01-01 00:00:00,4.28,9.07,4.79
FARIDABAD,BALLABGARH,BALLABGARH,Sotai,28.29166667,77.36111111,2022-05-20 06:00:00,19.1,19.86,0.76
FARIDABAD,BALLABGARH,BALLABGARH,Tigaon-Pz,28.34722222,77.38972222,2022-05-20 06:00:00,26.85,43.09,16.24
FARIDABAD,BALLABGARH,BALLABGARH,Tigaon-Pz,28.34722222,77.38972222,2023-11-01 00:00:00,26.5,78.24,51.74
FARIDABAD,BALLABGARH,FARIDABAD,Bhopani,28.42916667,77.39166667,2022-05-20 06:00:00,27.3,24.59,2.71
FARIDABAD,BALLABGARH,FARIDABAD,Faridabad,28.425,77.30416667,2022-05-20 06:00:00,26.1,24.67,1.43
FARIDABAD,BALLABGARH,FARIDABAD,"Nhiv,cgwb",28.41805556,77.31388889,2021-01-10 00:00:00,68.03,68.74,0.71
FARIDABAD,BALLABGARH,FARIDABAD,"Nhiv,cgwb",28.41805556,77.31388889,2022-01-30 07:00:00,80.0,68.74,11.26
FARIDABAD,BALLABGARH,FARIDABAD,"Nhiv,cgwb",28.41805556,77.31388889,2022-05-20 06:00:00,67.73,69.03,1.3
FARIDABAD,BALLABGARH,FARIDABAD,"Nhiv,cgwb",28.41805556,77.31388889,2023-11-01 00:00:00,65.9,71.12,5.22
FARIDABAD,BALLABGARH,FARIDABAD,"Nhiv,cgwb",28.41805556,77.31388889,2024-01-01 00:00:00,65.11,68.74,3.63
FARIDABAD,BALLABGARH,FARIDABAD,"Nhiv,cgwb(s)",28.41805556,77.31388889,2022-01-30 07:00:00,60.0,69.67,9.67
FARIDABAD,BALLABGARH,FARIDABAD,"Sec-3,ballabgarh",28.34722222,77.335,2024-01-01 00:00:00,30.05,25.48,4.57
FATEHABAD,-,-,Haryana Fatehabad Fatehabad ( HR ) Dariyapur(S),29.5343,75.3523,2023-08-20 00:00:00,53.4,22.32,31.08
FATEHABAD,-,-,Haryana Fatehabad Fatehabad ( HR ) Dariyapur(S),29.5343,75.3523,2023-11-01 00:00:00,15.17,22.24,7.07
FATEHABAD,-,-,Talwara_1,29.78906,75.80545,2023-01-01 00:00:00,46.8,34.26,12.54
FATEHABAD,-,-,Talwara_1,29.78906,75.80545,2023-06-01 00:00:00,47.17,33.89,13.28
FATEHABAD,-,-,Talwara_1,29.78906,75.80545,2023-06-01 00:00:00,47.09,33.89,13.2
FATEHABAD,-,-,Talwara_1,29.78906,75.80545,2023-11-01 00:00:00,50.19,35.21,14.98
FATEHABAD,-,-,Talwara_1,29.78906,75.80545,2023-11-01 00:00:00,46.88,35.21,11.67
FATEHABAD,-,-,Talwara_1,29.78906,75.80545,2024-01-01 00:00:00,47.66,34.26,13.4
FATEHABAD,-,-,Talwara_1,29.78906,75.80545,2024-01-01 00:00:00,49.9,34.26,15.64
FATEHABAD,FATEHABAD,-,Bannawali-M,29.533333,75.704167,2023-01-01 00:00:00,2.1,9.28,7.18
FATEHABAD,FATEHABAD,-,Bannawali-M,29.533333,75.704167,2024-01-01 00:00:00,3.11,9.28,6.17
FATEHABAD,FATEHABAD,-,Bannawali-S,29.533333,75.704167,2023-01-01 00:00:00,2.7,9.28,6.58
FATEHABAD,FATEHABAD,-,Bannawali-S,29.533333,75.704167,2023-11-01 00:00:00,20.92,9.9,11.02
FATEHABAD,FATEHABAD,-,Bannawali-S,29.533333,75.704167,2024-01-01 00:00:00,3.01,9.28,6.27
FATEHABAD,FATEHABAD,BHATTU KALAN,Bhattukalan-Pz,29.36666667,75.34166667,2022-05-20 06:00:00,2.0,3.55,1.55
FATEHABAD,FATEHABAD,BHATTU KALAN,Dayar1,29.28333333,75.26666667,2022-05-20 06:00:00,9.53,5.4,4.13
FATEHABAD,FATEHABAD,BHATTU KALAN,Dhingsara,29.44861111,75.36527778,2022-05-20 06:00:00,7.7,4.21,3.49
FATEHABAD,FATEHABAD,BHATTU KALAN,Mehu Wala Pz,29.41333333,75.32777778,2021-01-10 00:00:00,3.97,4.56,0.59
FATEHABAD,FATEHABAD,BHATTU KALAN,Mehu Wala Pz,29.41333333,75.32777778,2021-08-31 06:00:00,5.17,3.56,1.61
FATEHABAD,FATEHABAD,BHATTU KALAN,Mehu Wala Pz,29.41333333,75.32777778,2021-11-30 06:00:00,3.62,5.64,2.02
FATEHABAD,FATEHABAD,BHATTU KALAN,Mehu Wala Pz,29.41333333,75.32777778,2022-01-30 07:00:00,3.45,4.56,1.11
FATEHABAD,FATEHABAD,BHATTU KALAN,Mehu Wala Pz,29.41333333,75.32777778,2022-05-20 06:00:00,5.53,4.79,0.74
FATEHABAD,FATEHABAD,BHATTU KALAN,Mehu Wala Pz,29.41333333,75.32777778,2022-08-01 06:00:00,3.15,3.56,0.41
FATEHABAD,FATEHABAD,BHATTU KALAN,Mehu Wala Pz,29.41333333,75.32777778,2022-11-01 06:00:00,3.38,5.64,2.26
FATEHABAD,FATEHABAD,BHATTU KALAN,Mehu Wala Pz,29.41333333,75.32777778,2023-01-01 00:00:00,3.1,4.56,1.46
FATEHABAD,FATEHABAD,BHATTU KALAN,Mehu Wala Pz,29.41333333,75.32777778,2023-06-01 00:00:00,2.95,4.74,1.79
FATEHABAD,FATEHABAD,BHATTU KALAN,Mehu Wala Pz,29.41333333,75.32777778,2023-08-20 00:00:00,3.1,3.56,0.46
FATEHABAD,FATEHABAD,BHATTU KALAN,Mehu Wala Pz,29.41333333,75.32777778,2023-11-01 00:00:00,3.22,5.64,2.42
FATEHABAD,FATEHABAD,BHATTU KALAN,Mehu Wala Pz,29.41333333,75.32777778,2024-01-01 00:00:00,2.97,4.56,1.59
FATEHABAD,FATEHABAD,BHATTU KALAN,Pilimudari,29.3875,75.25833333,2022-05-20 06:00:00,7.31,15.47,8.16
FATEHABAD,FATEHABAD,BHATTU KALAN,Sadalpur,29.30416667,75.41666667,2021-01-10 00:00:00,5.23,6.02,0.79
FATEHABAD,FATEHABAD,BHATTU KALAN,Sadalpur,29.30416667,75.41666667,2021-08-31 06:00:00,4.2,4.73,0.53
FATEHABAD,FATEHABAD,BHATTU KALAN,Sadalpur,29.30416667,75.41666667,2021-11-30 06:00:00,1.79,6.96,5.17
FATEHABAD,FATEHABAD,BHATTU KALAN,Sadalpur,29.30416667,75.41666667,2022-01-30 07:00:00,3.94,6.02,2.08
FATEHABAD,FATEHABAD,BHATTU KALAN,Shekhpur Daroli-DW,29.35277778,75.39166667,2022-05-20 06:00:00,4.92,5.61,0.69
FATEHABAD,FATEHABAD,BHUNA,Bhuna,29.53333333,75.70416667,2022-05-20 06:00:00,17.9,5.31,12.59
FATEHABAD,FATEHABAD,BHUNA,Gorakhpur-DW,29.44861111,75.67083333,2022-05-20 06:00:00,1.68,4.19,2.51
FATEHABAD,FATEHABAD,BHUNA,Jandli Kalan,29.50416667,75.64583333,2021-01-10 00:00:00,5.32,7.35,2.03
FATEHABAD,FATEHABAD,BHUNA,Jandli Kalan,29.50416667,75.64583333,2021-08-31 06:00:00,6.41,5.68,0.73
FATEHABAD,FATEHABAD,BHUNA,Jandli Kalan,29.50416667,75.64583333,2021-11-30 06:00:00,4.94,6.52,1.58
FATEHABAD,FATEHABAD,BHUNA,Jandli Kalan,29.50416667,75.64583333,2022-01-30 07:00:00,4.84,7.35,2.51
FATEHABAD,FATEHABAD,BHUNA,Jandli Kalan,29.50416667,75.64583333,2022-05-20 06:00:00,7.84,6.85,0.99
FATEHABAD,FATEHABAD,BHUNA,Jandli Kalan,29.50416667,75.64583333,2022-08-01 06:00:00,4.55,5.68,1.13
FATEHABAD,FATEHABAD,BHUNA,Jandli Kalan,29.50416667,75.64583333,2022-11-01 06:00:00,4.02,6.52,2.5
FATEHABAD,FATEHABAD,BHUNA,Jandli Kalan,29.50416667,75.64583333,2023-01-01 00:00:00,5.1,7.35,2.25
FATEHABAD,FATEHABAD,BHUNA,Jandli Kalan,29.50416667,75.64583333,2023-06-01 00:00:00,3.81,6.85,3.04
FATEHABAD,FATEHABAD,BHUNA,Jandli Kalan,29.50416667,75.64583333,2023-08-20 00:00:00,4.07,5.68,1.61
FATEHABAD,FATEHABAD,BHUNA,Khajuri Jatti-Pz,29.47555556,75.61111111,2021-01-10 00:00:00,3.16,4.95,1.79
FATEHABAD,FATEHABAD,BHUNA,Khajuri Jatti-Pz,29.47555556,75.61111111,2021-08-31 06:00:00,4.11,4.62,0.51
FATEHABAD,FATEHABAD,BHUNA,Khajuri Jatti-Pz,29.47555556,75.61111111,2021-11-30 06:00:00,2.98,5.5,2.52
FATEHABAD,FATEHABAD,BHUNA,Khajuri Jatti-Pz,29.47555556,75.61111111,2022-01-30 07:00:00,1.68,4.95,3.27
FATEHABAD,FATEHABAD,BHUNA,Khajuri Jatti-Pz,29.47555556,75.61111111,2022-05-20 06:00:00,6.92,5.95,0.97
FATEHABAD,FATEHABAD,BHUNA,Khajuri Jatti-Pz,29.47555556,75.61111111,2022-08-01 06:00:00,1.61,4.62,3.01
FATEHABAD,FATEHABAD,BHUNA,Khajuri Jatti-Pz,29.47555556,75.61111111,2022-11-01 06:00:00,3.65,5.5,1.85
FATEHABAD,FATEHABAD,BHUNA,Khajuri Jatti-Pz,29.47555556,75.61111111,2023-01-01 00:00:00,1.3,4.95,3.65
FATEHABAD,FATEHABAD,BHUNA,Khajuri Jatti-Pz,29.47555556,75.61111111,2023-06-01 00:00:00,1.69,5.87,4.18
FATEHABAD,FATEHABAD,BHUNA,Khajuri Jatti-Pz,29.47555556,75.61111111,2023-08-20 00:00:00,2.44,4.62,2.18
FATEHABAD,FATEHABAD,BHUNA,Khajuri Jatti-Pz,29.47555556,75.61111111,2023-11-01 00:00:00,2.4,5.5,3.1
FATEHABAD,FATEHABAD,BHUNA,Khajuri Jatti-Pz,29.47555556,75.61111111,2024-01-01 00:00:00,1.95,4.95,3.0
FATEHABAD,FATEHABAD,BHUNA,Lahrian,29.62222222,75.71805556,2022-05-20 06:00:00,41.7,24.52,17.18
FATEHABAD,FATEHABAD,BHUNA,Machiwali-DW,29.48194444,75.6675,2022-05-20 06:00:00,5.38,6.1,0.72
FATEHABAD,FATEHABAD,BHUNA,Nahla,29.4375,75.74166667,2021-08-31 06:00:00,5.51,7.08,1.57
FATEHABAD,FATEHABAD,BHUNA,Nahla,29.4375,75.74166667,2022-01-30 07:00:00,4.61,8.29,3.68
FATEHABAD,FATEHABAD,BHUNA,Nahla,29.4375,75.74166667,2022-05-20 06:00:00,3.91,5.74,1.83
FATEHABAD,FATEHABAD,BHUNA,Nahla,29.4375,75.74166667,2022-08-01 06:00:00,3.43,7.08,3.65
FATEHABAD,FATEHABAD,BHUNA,Nahla,29.4375,75.74166667,2022-11-01 06:00:00,3.21,4.64,1.43
FATEHABAD,FATEHABAD,BHUNA,Nahla,29.4375,75.74166667,2023-01-01 00:00:00,3.41,8.29,4.88
FATEHABAD,FATEHABAD,BHUNA,Suniyana,29.52916667,75.67222222,2022-05-20 06:00:00,13.23,7.54,5.69
FATEHABAD,FATEHABAD,FATEHABAD,Ayalki 1(m),29.56666667,75.48333333,2022-05-20 06:00:00,64.93,34.79,30.14
FATEHABAD,FATEHABAD,FATEHABAD,Badopal,29.44583333,75.55,2021-01-10 00:00:00,2.51,4.2,1.69
FATEHABAD,FATEHABAD,FATEHABAD,Badopal,29.44583333,75.55,2021-11-30 06:00:00,2.82,5.64,2.82
FATEHABAD,FATEHABAD,FATEHABAD,Badopal,29.44583333,75.55,2022-01-30 07:00:00,1.01,4.2,3.19
FATEHABAD,FATEHABAD,FATEHABAD,Badopal,29.44583333,75.55,2022-05-20 06:00:00,2.0,5.55,3.55
FATEHABAD,FATEHABAD,FATEHABAD,Badopal,29.44583333,75.55,2022-08-01 06:00:00,0.35,2.48,2.13
FATEHABAD,FATEHABAD,FATEHABAD,Badopal,29.44583333,75.55,2022-11-01 06:00:00,0.11,5.64,5.53
FATEHABAD,FATEHABAD,FATEHABAD,Badopal,29.44583333,75.55,2023-01-01 00:00:00,0.31,4.2,3.89
FATEHABAD,FATEHABAD,FATEHABAD,Badopal,29.44583333,75.55,2023-06-01 00:00:00,5.01,5.47,0.46
FATEHABAD,FATEHABAD,FATEHABAD,Badopal,29.44583333,75.55,2023-08-20 00:00:00,1.18,2.48,1.3
FATEHABAD,FATEHABAD,FATEHABAD,Badopal,29.44583333,75.55,2023-11-01 00:00:00,1.3,5.64,4.34
FATEHABAD,FATEHABAD,FATEHABAD,Badopal,29.44583333,75.55,2024-01-01 00:00:00,2.16,4.2,2.04
FATEHABAD,FATEHABAD,FATEHABAD,Badopal S,29.4156,75.5438,2023-08-20 00:00:00,5.07,2.1,2.97
FATEHABAD,FATEHABAD,FATEHABAD,Badopal S,29.4156,75.5438,2023-11-01 00:00:00,5.4,3.3,2.1
FATEHABAD,FATEHABAD,FATEHABAD,Bhuthan Kalan- Pz,29.56666667,75.57777778,2022-05-20 06:00:00,59.4,25.95,33.45
FATEHABAD,FATEHABAD,FATEHABAD,Chindhar-DW,29.37916667,75.47916667,2022-05-20 06:00:00,4.87,4.2,0.67
FATEHABAD,FATEHABAD,FATEHABAD,Dariyapur M,29.5275,75.3634,2023-08-20 00:00:00,54.05,16.97,37.08
FATEHABAD,FATEHABAD,FATEHABAD,Dariyapur M,29.5275,75.3634,2023-11-01 00:00:00,51.83,16.95,34.88
FATEHABAD,FATEHABAD,FATEHABAD,Dariyapur M,29.5275,75.3634,2024-01-01 00:00:00,52.6,16.59,36.01
FATEHABAD,FATEHABAD,FATEHABAD,Daryapur,29.5125,75.35138889,2022-05-20 06:00:00,33.2,28.62,4.58
FATEHABAD,FATEHABAD,FATEHABAD,Daryapur,29.5125,75.35138889,2023-06-01 00:00:00,47.61,28.8,18.81
FATEHABAD,FATEHABAD,FATEHABAD,Dhangar-DW,29.50555556,75.30833333,2022-05-20 06:00:00,12.19,14.01,1.82
FATEHABAD,FATEHABAD,FATEHABAD,Kajal Heri-DW,29.45138889,75.59166667,2022-05-20 06:00:00,3.4,4.05,0.65
FATEHABAD,FATEHABAD,FATEHABAD,Khara Kheri-DW,29.45416667,75.58611111,2022-05-20 06:00:00,1.0,3.93,2.93
FATEHABAD,RATIA,RATIA,Aharwan M,29.60777778,75.54166667,2021-01-10 00:00:00,71.2,72.51,1.31
FATEHABAD,RATIA,RATIA,Aharwan M,29.60777778,75.54166667,2021-08-31 06:00:00,70.73,73.62,2.89
FATEHABAD,RATIA,RATIA,Aharwan M,29.60777778,75.54166667,2021-11-30 06:00:00,69.35,75.08,5.73
FATEHABAD,RATIA,RATIA,Aharwan M,29.60777778,75.54166667,2022-01-30 07:00:00,72.45,72.51,0.06
FATEHABAD,RATIA,RATIA,Aharwan M,29.60777778,75.54166667,2022-05-20 06:00:00,70.0,70.52,0.52
FATEHABAD,RATIA,RATIA,Aharwan M,29.60777778,75.54166667,2022-08-01 06:00:00,78.02,73.62,4.4
FATEHABAD,RATIA,RATIA,Aharwan M,29.60777778,75.54166667,2023-11-01 00:00:00,79.69,75.08,4.61
FATEHABAD,RATIA,RATIA,Aharwan M,29.60777778,75.54166667,2024-01-01 00:00:00,78.59,72.51,6.08
FATEHABAD,RATIA,RATIA,Hukmawali-Pz,29.69166667,75.44583333,2022-05-20 06:00:00,25.8,21.05,4.75
FATEHABAD,RATIA,RATIA,Munshiwali-Pz,29.65833333,75.59722222,2022-05-20 06:00:00,59.14,47.09,12.05
FATEHABAD,RATIA,RATIA,Nagpur- Pz,29.65,75.425,2022-05-20 06:00:00,39.02,26.14,12.88
FATEHABAD,RATIA,RATIA,Nikuwana-Pz,29.7375,75.63333333,2022-05-20 06:00:00,43.59,39.46,4.13
FATEHABAD,RATIA,RATIA,Ratia,29.6875,75.57777778,2023-01-01 00:00:00,57.1,16.16,40.94
FATEHABAD,RATIA,RATIA,Ratia -Pz,29.6875,75.57777778,2021-01-10 00:00:00,54.32,43.81,10.51
FATEHABAD,RATIA,RATIA,Ratia -Pz,29.6875,75.57777778,2021-08-31 06:00:00,55.28,55.93,0.65
FATEHABAD,RATIA,RATIA,Ratia -Pz,29.6875,75.57777778,2021-11-30 06:00:00,55.9,51.49,4.41
FATEHABAD,RATIA,RATIA,Ratia -Pz,29.6875,75.57777778,2022-01-30 07:00:00,55.56,43.81,11.75
FATEHABAD,RATIA,RATIA,Ratia -Pz,29.6875,75.57777778,2022-05-20 06:00:00,54.6,47.88,6.72
FATEHABAD,RATIA,RATIA,Ratia -Pz,29.6875,75.57777778,2022-08-01 06:00:00,56.08,55.93,0.15
FATEHABAD,RATIA,RATIA,Ratia -Pz,29.6875,75.57777778,2022-11-01 06:00:00,56.5,51.49,5.01
FATEHABAD,RATIA,RATIA,Ratia -Pz,29.6875,75.57777778,2023-06-01 00:00:00,56.45,48.02,8.43
FATEHABAD,RATIA,RATIA,Ratia -Pz,29.6875,75.57777778,2023-08-20 00:00:00,57.37,55.93,1.44
FATEHABAD,RATIA,RATIA,Ratia -Pz,29.6875,75.57777778,2023-11-01 00:00:00,57.64,51.49,6.15
FATEHABAD,RATIA,RATIA,Ratia -Pz,29.6875,75.57777778,2024-01-01 00:00:00,60.34,43.81,16.53
FATEHABAD,TOHANA,TOHANA,Kanhari-Pz,29.68611111,75.91666667,2022-05-20 06:00:00,22.86,18.56,4.3
FATEHABAD,TOHANA,TOHANA,Nangla-Pz-D,29.61722222,75.89138889,2021-01-10 00:00:00,14.62,13.39,1.23
FATEHABAD,TOHANA,TOHANA,Nangla-Pz-D,29.61722222,75.89138889,2022-01-30 07:00:00,14.76,13.39,1.37
FATEHABAD,TOHANA,TOHANA,Nangla-Pz-D,29.61722222,75.89138889,2022-05-20 06:00:00,14.1,13.28,0.82
FATEHABAD,TOHANA,TOHANA,Nangla-Pz-D,29.61722222,75.89138889,2022-08-01 06:00:00,14.21,12.96,1.25
FATEHABAD,TOHANA,TOHANA,Nangla-Pz-D,29.61722222,75.89138889,2022-11-01 06:00:00,14.74,6.29,8.45
FATEHABAD,TOHANA,TOHANA,Nangla-Pz-D,29.61722222,75.89138889,2023-01-01 00:00:00,14.6,13.39,1.21
FATEHABAD,TOHANA,TOHANA,Nangla-Pz-D,29.61722222,75.89138889,2023-11-01 00:00:00,16.22,6.29,9.93
FATEHABAD,TOHANA,TOHANA,Nangla-Pz-D,29.61722222,75.89138889,2024-01-01 00:00:00,15.93,13.39,2.54
FATEHABAD,TOHANA,TOHANA,Nangla-Pz-M,29.61722222,75.89138889,2021-01-10 00:00:00,10.43,11.51,1.08
FATEHABAD,TOHANA,TOHANA,Nangla-Pz-M,29.61722222,75.89138889,2022-01-30 07:00:00,9.86,11.51,1.65
FATEHABAD,TOHANA,TOHANA,Nangla-Pz-M,29.61722222,75.89138889,2022-05-20 06:00:00,13.2,11.81,1.39
FATEHABAD,TOHANA,TOHANA,Nangla-Pz-M,29.61722222,75.89138889,2022-08-01 06:00:00,13.45,12.51,0.94
FATEHABAD,TOHANA,TOHANA,Nangla-Pz-M,29.61722222,75.89138889,2022-11-01 06:00:00,10.48,12.49,2.01
FATEHABAD,TOHANA,TOHANA,Nangla-Pz-M,29.61722222,75.89138889,2023-01-01 00:00:00,9.95,11.51,1.56
FATEHABAD,TOHANA,TOHANA,Nangla-Pz-M,29.61722222,75.89138889,2023-11-01 00:00:00,12.86,12.49,0.37
FATEHABAD,TOHANA,TOHANA,Nangla-Pz-M,29.61722222,75.89138889,2024-01-01 00:00:00,12.13,11.51,0.62
FATEHABAD,TOHANA,TOHANA,Nangla-Pz-S,29.61722222,75.89138889,2021-01-10 00:00:00,8.2,10.27,2.07
FATEHABAD,TOHANA,TOHANA,Nangla-Pz-S,29.61722222,75.89138889,2022-01-30 07:00:00,7.43,10.27,2.84
FATEHABAD,TOHANA,TOHANA,Nangla-Pz-S,29.61722222,75.89138889,2022-05-20 06:00:00,8.84,11.13,2.29
FATEHABAD,TOHANA,TOHANA,Nangla-Pz-S,29.61722222,75.89138889,2022-08-01 06:00:00,7.9,7.91,0.01
FATEHABAD,TOHANA,TOHANA,Nangla-Pz-S,29.61722222,75.89138889,2022-11-01 06:00:00,7.07,11.9,4.83
FATEHABAD,TOHANA,TOHANA,Nangla-Pz-S,29.61722222,75.89138889,2023-01-01 00:00:00,7.8,10.27,2.47
FATEHABAD,TOHANA,TOHANA,Nangla-Pz-S,29.61722222,75.89138889,2023-06-01 00:00:00,9.04,11.32,2.28
FATEHABAD,TOHANA,TOHANA,Nangla-Pz-S,29.61722222,75.89138889,2023-11-01 00:00:00,21.44,11.9,9.54
FATEHABAD,TOHANA,TOHANA,Nangla-Pz-S,29.61722222,75.89138889,2024-01-01 00:00:00,8.78,10.27,1.49
FATEHABAD,TOHANA,TOHANA,Ratta Khera-Pz,29.72916667,75.85277778,2022-05-20 06:00:00,42.7,39.29,3.41
FATEHABAD,TOHANA,TOHANA,Samain,29.61944444,75.9375,2021-01-10 00:00:00,2.79,4.36,1.57
FATEHABAD,TOHANA,TOHANA,Samain,29.61944444,75.9375,2021-08-31 06:00:00,7.22,2.71,4.51
FATEHABAD,TOHANA,TOHANA,Samain,29.61944444,75.9375,2022-01-30 07:00:00,1.5,4.36,2.86
FATEHABAD,TOHANA,TOHANA,Samain,29.61944444,75.9375,2022-05-20 06:00:00,3.74,6.61,2.87
FATEHABAD,TOHANA,TOHANA,Samain,29.61944444,75.9375,2022-08-01 06:00:00,1.69,2.71,1.02
FATEHABAD,TOHANA,TOHANA,Samain,29.61944444,75.9375,2022-11-01 06:00:00,3.64,5.03,1.39
FATEHABAD,TOHANA,TOHANA,Samain,29.61944444,75.9375,2023-01-01 00:00:00,2.69,4.36,1.67
FATEHABAD,TOHANA,TOHANA,Samain,29.61944444,75.9375,2023-06-01 00:00:00,3.83,5.98,2.15
FATEHABAD,TOHANA,TOHANA,Samain,29.61944444,75.9375,2023-08-20 00:00:00,4.86,2.71,2.15
FATEHABAD,TOHANA,TOHANA,Samain,29.61944444,75.9375,2023-11-01 00:00:00,5.34,5.03,0.31
FATEHABAD,TOHANA,TOHANA,Samain,29.61944444,75.9375,2024-01-01 00:00:00,5.08,4.36,0.72
FATEHABAD,TOHANA,TOHANA,Tohana,29.70416667,75.89583333,2022-05-20 06:00:00,18.5,20.85,2.35
FATEHABAD,TOHANA,TOHANA,Tohana,29.70416667,75.89583333,2023-01-01 00:00:00,18.4,21.9,3.5
FATEHABAD,TOHANA,TOHANA,Tohana,29.70416667,75.89583333,2023-06-01 00:00:00,18.9,24.7,5.8
FATEHABAD,TOHANA,TOHANA,Tohana,29.70416667,75.89583333,2023-08-20 00:00:00,66.22,25.6,40.62
FATEHABAD,TOHANA,TOHANA,Tohana,29.70416667,75.89583333,2023-11-01 00:00:00,19.39,26.73,7.34
GURUGRAM,GURGAON,-,Sadhrana-Pz,28.375,76.945833,2023-11-01 00:00:00,16.45,29.69,13.24
GURUGRAM,GURGAON,FARUKHNAGAR,Budehra-DW,28.46111111,76.98472222,2022-05-20 06:00:00,6.6,14.97,8.37
GURUGRAM,GURGAON,FARUKHNAGAR,Chandu,28.47222222,76.925,2022-08-01 06:00:00,5.46,14.7,9.24
GURUGRAM,GURGAON,FARUKHNAGAR,Chandu Tikly,28.475,76.91666667,2023-01-01 00:00:00,5.33,14.77,9.44
GURUGRAM,GURGAON,FARUKHNAGAR,Chandu Tikly,28.475,76.91666667,2023-11-01 00:00:00,4.77,15.77,11.0
GURUGRAM,GURGAON,FARUKHNAGAR,Chandu Tikly,28.475,76.91666667,2024-01-01 00:00:00,5.2,14.77,9.57
GURUGRAM,GURGAON,FARUKHNAGAR,Farrukh Nagar-Pz,28.44722222,76.825,2022-05-20 06:00:00,22.8,22.42,0.38
GURUGRAM,GURGAON,FARUKHNAGAR,Fazilpur Badli-Pz,28.425,76.85833333,2021-01-10 00:00:00,31.7,32.21,0.51
GURUGRAM,GURGAON,FARUKHNAGAR,Fazilpur Badli-Pz,28.425,76.85833333,2021-08-31 06:00:00,32.34,34.13,1.79
GURUGRAM,GURGAON,FARUKHNAGAR,Fazilpur Badli-Pz,28.425,76.85833333,2021-11-30 06:00:00,30.18,35.84,5.66
GURUGRAM,GURGAON,FARUKHNAGAR,Fazilpur Badli-Pz,28.425,76.85833333,2022-01-30 07:00:00,37.0,32.21,4.79
GURUGRAM,GURGAON,FARUKHNAGAR,Fazilpur Badli-Pz,28.425,76.85833333,2022-05-20 06:00:00,31.58,33.72,2.14
GURUGRAM,GURGAON,FARUKHNAGAR,Fazilpur Badli-Pz,28.425,76.85833333,2022-08-01 06:00:00,28.63,34.13,5.5
GURUGRAM,GURGAON,FARUKHNAGAR,Fazilpur Badli-Pz,28.425,76.85833333,2023-01-01 00:00:00,28.6,32.21,3.61
GURUGRAM,GURGAON,FARUKHNAGAR,Fazilpur Badli-Pz,28.425,76.85833333,2023-11-01 00:00:00,27.0,35.84,8.84
GURUGRAM,GURGAON,FARUKHNAGAR,Fazilpur Badli-Pz,28.425,76.85833333,2024-01-01 00:00:00,28.22,32.21,3.99
GURUGRAM,GURGAON,FARUKHNAGAR,Jhandu Sarai-Pz,28.39916667,76.87638889,2022-05-20 06:00:00,27.2,18.39,8.81
GURUGRAM,GURGAON,FARUKHNAGAR,Kadipur,28.45277778,77.02,2022-05-20 06:00:00,29.85,21.14,8.71
GURUGRAM,GURGAON,FARUKHNAGAR,Khera Khurrampur-Pz,28.44166667,76.77222222,2021-01-10 00:00:00,20.01,22.22,2.21
GURUGRAM,GURGAON,FARUKHNAGAR,Khera Khurrampur-Pz,28.44166667,76.77222222,2021-08-31 06:00:00,20.34,20.94,0.6
GURUGRAM,GURGAON,FARUKHNAGAR,Khera Khurrampur-Pz,28.44166667,76.77222222,2021-11-30 06:00:00,18.34,22.16,3.82
GURUGRAM,GURGAON,FARUKHNAGAR,Khera Khurrampur-Pz,28.44166667,76.77222222,2022-01-30 07:00:00,18.35,22.22,3.87
GURUGRAM,GURGAON,FARUKHNAGAR,Khera Khurrampur-Pz,28.44166667,76.77222222,2022-05-20 06:00:00,19.36,19.68,0.32
GURUGRAM,GURGAON,FARUKHNAGAR,Khera Khurrampur-Pz,28.44166667,76.77222222,2022-08-01 06:00:00,17.4,20.94,3.54
GURUGRAM,GURGAON,FARUKHNAGAR,Khera Khurrampur-Pz,28.44166667,76.77222222,2022-11-01 06:00:00,17.17,22.16,4.99
GURUGRAM,GURGAON,FARUKHNAGAR,Khera Khurrampur-Pz,28.44166667,76.77222222,2023-01-01 00:00:00,17.65,22.22,4.57
GURUGRAM,GURGAON,FARUKHNAGAR,Khera Khurrampur-Pz,28.44166667,76.77222222,2023-08-20 00:00:00,17.0,20.94,3.94
GURUGRAM,GURGAON,FARUKHNAGAR,Khera Khurrampur-Pz,28.44166667,76.77222222,2023-11-01 00:00:00,17.18,22.16,4.98
GURUGRAM,GURGAON,FARUKHNAGAR,Khera Khurrampur-Pz,28.44166667,76.77222222,2024-01-01 00:00:00,17.61,22.22,4.61
GURUGRAM,GURGAON,FARUKHNAGAR,Mubarakpur,28.47222222,76.84166667,2022-05-20 06:00:00,14.54,16.48,1.94
GURUGRAM,GURGAON,FARUKHNAGAR,Mubarakpur,28.47222222,76.84166667,2022-08-01 06:00:00,10.84,9.78,1.06
GURUGRAM,GURGAON,FARUKHNAGAR,Mubarakpur,28.47222222,76.84166667,2022-11-01 06:00:00,10.17,15.2,5.03
GURUGRAM,GURGAON,FARUKHNAGAR,Mubarakpur,28.47222222,76.84166667,2023-01-01 00:00:00,10.06,13.75,3.69
GURUGRAM,GURGAON,FARUKHNAGAR,Mubarakpur,28.47222222,76.84166667,2023-08-20 00:00:00,10.2,9.78,0.42
GURUGRAM,GURGAON,FARUKHNAGAR,Mubarakpur,28.47222222,76.84166667,2023-11-01 00:00:00,10.05,15.2,5.15
GURUGRAM,GURGAON,FARUKHNAGAR,Mubarakpur,28.47222222,76.84166667,2024-01-01 00:00:00,29.79,13.75,16.04
GURUGRAM,GURGAON,FARUKHNAGAR,Wazirpur-Pz,28.425,76.88333333,2021-01-10 00:00:00,21.52,29.22,7.7
GURUGRAM,GURGAON,FARUKHNAGAR,Wazirpur-Pz,28.425,76.88333333,2021-08-31 06:00:00,23.05,29.44,6.39
GURUGRAM,GURGAON,FARUKHNAGAR,Wazirpur-Pz,28.425,76.88333333,2022-01-30 07:00:00,22.3,29.22,6.92
GURUGRAM,GURGAON,FARUKHNAGAR,Wazirpur-Pz,28.425,76.88333333,2022-05-20 06:00:00,22.03,28.09,6.06
GURUGRAM,GURGAON,FARUKHNAGAR,Wazirpur-Pz,28.425,76.88333333,2022-08-01 06:00:00,22.8,29.44,6.64
GURUGRAM,GURGAON,FARUKHNAGAR,Wazirpur-Pz,28.425,76.88333333,2022-11-01 06:00:00,21.87,30.29,8.42
GURUGRAM,GURGAON,FARUKHNAGAR,Wazirpur-Pz,28.425,76.88333333,2023-01-01 00:00:00,23.2,29.22,6.02
GURUGRAM,GURGAON,FARUKHNAGAR,Wazirpur-Pz,28.425,76.88333333,2023-08-20 00:00:00,22.75,29.44,6.69
GURUGRAM,GURGAON,FARUKHNAGAR,Wazirpur-Pz,28.425,76.88333333,2023-11-01 00:00:00,22.1,30.29,8.19
GURUGRAM,GURGAON,FARUKHNAGAR,Wazirpur-Pz,28.425,76.88333333,2024-01-01 00:00:00,20.6,29.22,8.62
GURUGRAM,PATAUDI,PATAUDI,Bhora Kalan-Pz,28.3,76.83611111,2022-05-20 06:00:00,44.75,40.84,3.91
GURUGRAM,PATAUDI,PATAUDI,Bhora Kalan-Pz,28.3,76.83611111,2023-11-01 00:00:00,46.25,52.26,6.01
GURUGRAM,PATAUDI,PATAUDI,Bhora Kalan-Pz,28.3,76.83611111,2024-01-01 00:00:00,43.86,50.57,6.71
GURUGRAM,PATAUDI,PATAUDI,Bilaspur-Pz,28.36944444,76.8625,2022-05-20 06:00:00,28.1,28.8,0.7
GURUGRAM,PATAUDI,PATAUDI,Gudhana-Pz,28.35277778,76.68888889,2022-05-20 06:00:00,32.95,33.27,0.32
GURUGRAM,PATAUDI,PATAUDI,Haila Mandi,28.31305556,76.77083333,2022-05-20 06:00:00,33.95,29.28,4.67
GURUGRAM,PATAUDI,PATAUDI,Lokra-Pz,28.27083333,76.75555556,2021-01-10 00:00:00,39.67,40.13,0.46
GURUGRAM,PATAUDI,PATAUDI,Lokra-Pz,28.27083333,76.75555556,2021-08-31 06:00:00,42.05,39.83,2.22
GURUGRAM,PATAUDI,PATAUDI,Lokra-Pz,28.27083333,76.75555556,2021-11-30 06:00:00,38.05,47.08,9.03
GURUGRAM,PATAUDI,PATAUDI,Lokra-Pz,28.27083333,76.75555556,2022-01-30 07:00:00,36.75,40.13,3.38
GURUGRAM,PATAUDI,PATAUDI,Lokra-Pz,28.27083333,76.75555556,2022-05-20 06:00:00,36.3,38.58,2.28
GURUGRAM,PATAUDI,PATAUDI,Lokra-Pz,28.27083333,76.75555556,2022-08-01 06:00:00,39.1,39.83,0.73
GURUGRAM,PATAUDI,PATAUDI,Lokra-Pz,28.27083333,76.75555556,2022-11-01 06:00:00,37.65,47.08,9.43
GURUGRAM,PATAUDI,PATAUDI,Lokra-Pz,28.27083333,76.75555556,2023-01-01 00:00:00,37.4,40.13,2.73
GURUGRAM,PATAUDI,PATAUDI,Lokra-Pz,28.27083333,76.75555556,2023-08-20 00:00:00,39.4,39.83,0.43
GURUGRAM,PATAUDI,PATAUDI,Lokra-Pz,28.27083333,76.75555556,2023-11-01 00:00:00,39.4,47.08,7.68
GURUGRAM,PATAUDI,PATAUDI,Meoka-Pz,28.40888889,76.91916667,2021-01-10 00:00:00,22.4,25.71,3.31
GURUGRAM,PATAUDI,PATAUDI,Meoka-Pz,28.40888889,76.91916667,2021-08-31 06:00:00,23.45,25.49,2.04
GURUGRAM,PATAUDI,PATAUDI,Meoka-Pz,28.40888889,76.91916667,2021-11-30 06:00:00,21.27,35.18,13.91
GURUGRAM,PATAUDI,PATAUDI,Meoka-Pz,28.40888889,76.91916667,2022-01-30 07:00:00,23.1,25.71,2.61
GURUGRAM,PATAUDI,PATAUDI,Meoka-Pz,28.40888889,76.91916667,2022-05-20 06:00:00,21.96,25.22,3.26
GURUGRAM,PATAUDI,PATAUDI,Meoka-Pz,28.40888889,76.91916667,2022-11-01 06:00:00,21.7,35.18,13.48
GURUGRAM,PATAUDI,PATAUDI,Meoka-Pz,28.40888889,76.91916667,2023-01-01 00:00:00,21.6,25.71,4.11
GURUGRAM,PATAUDI,PATAUDI,Meoka-Pz,28.40888889,76.91916667,2023-08-20 00:00:00,21.1,25.49,4.39
GURUGRAM,PATAUDI,PATAUDI,Meoka-Pz,28.40888889,76.91916667,2023-11-01 00:00:00,21.39,35.18,13.79
GURUGRAM,PATAUDI,PATAUDI,Meoka-Pz,28.40888889,76.91916667,2024-01-01 00:00:00,21.54,25.71,4.17
GURUGRAM,PATAUDI,PATAUDI,Mouzabad,28.29666667,76.69027778,2021-01-10 00:00:00,41.37,45.4,4.03
GURUGRAM,PATAUDI,PATAUDI,Mouzabad,28.29666667,76.69027778,2021-08-31 06:00:00,42.5,46.38,3.88
GURUGRAM,PATAUDI,PATAUDI,Mouzabad,28.29666667,76.69027778,2021-11-30 06:00:00,39.23,54.95,15.72
GURUGRAM,PATAUDI,PATAUDI,Mouzabad,28.29666667,76.69027778,2022-01-30 07:00:00,44.6,45.4,0.8
GURUGRAM,PATAUDI,PATAUDI,Mouzabad,28.29666667,76.69027778,2022-05-20 06:00:00,36.4,44.87,8.47
GURUGRAM,PATAUDI,PATAUDI,Pataudi-Pz,28.3375,76.75416667,2022-05-20 06:00:00,41.65,45.34,3.69
GURUGRAM,PATAUDI,PATAUDI,Sidrawali-Pz,28.26666667,76.83472222,2022-05-20 06:00:00,35.45,37.82,2.37
GURUGRAM,PATAUDI,PATAUDI,Sidrawali-Pz,28.26666667,76.83472222,2023-11-01 00:00:00,32.43,46.79,14.36
GURUGRAM,SOHANA,GURGAON,Badsahapur Ew,28.38,77.04444444,2022-05-20 06:00:00,28.6,33.06,4.46
GURUGRAM,SOHANA,GURGAON,Bandhwari,28.39722222,77.15416667,2022-05-20 06:00:00,25.8,28.47,2.67
GURUGRAM,SOHANA,GURGAON,Daultabad-Pz,28.49944444,76.99305556,2022-05-20 06:00:00,7.9,17.92,10.02
GURUGRAM,SOHANA,GURGAON,Kasan,28.35694444,76.90833333,2021-08-31 06:00:00,34.82,42.76,7.94
GURUGRAM,SOHANA,GURGAON,Kasan,28.35694444,76.90833333,2021-11-30 06:00:00,32.98,42.98,10.0
GURUGRAM,SOHANA,GURGAON,Kasan,28.35694444,76.90833333,2022-05-20 06:00:00,44.6,40.91,3.69
GURUGRAM,SOHANA,GURGAON,Kasan,28.35694444,76.90833333,2022-11-01 06:00:00,30.2,42.98,12.78
GURUGRAM,SOHANA,GURGAON,Manesar-Pz,28.3525,76.95472222,2021-08-31 06:00:00,38.93,41.02,2.09
GURUGRAM,SOHANA,GURGAON,Manesar-Pz,28.3525,76.95472222,2021-11-30 06:00:00,36.66,44.24,7.58
GURUGRAM,SOHANA,GURGAON,Manesar-Pz,28.3525,76.95472222,2022-01-30 07:00:00,37.25,40.66,3.41
GURUGRAM,SOHANA,GURGAON,Manesar-Pz,28.3525,76.95472222,2022-05-20 06:00:00,38.7,40.8,2.1
GURUGRAM,SOHANA,GURGAON,Manesar-Pz,28.3525,76.95472222,2022-08-01 06:00:00,33.7,41.02,7.32
GURUGRAM,SOHANA,GURGAON,Manesar-Pz,28.3525,76.95472222,2022-11-01 06:00:00,38.95,44.24,5.29
GURUGRAM,SOHANA,GURGAON,Manesar-Pz,28.3525,76.95472222,2023-01-01 00:00:00,40.37,40.66,0.29
GURUGRAM,SOHANA,GURGAON,Manesar-Pz,28.3525,76.95472222,2023-08-20 00:00:00,39.64,41.02,1.38
GURUGRAM,SOHANA,GURGAON,Manesar-Pz,28.3525,76.95472222,2023-11-01 00:00:00,5.44,44.24,38.8
GURUGRAM,SOHANA,GURGAON,Manesar-Pz,28.3525,76.95472222,2024-01-01 00:00:00,44.55,40.66,3.89
GURUGRAM,SOHANA,GURGAON,Shikohpur,28.36944444,76.98611111,2022-05-20 06:00:00,39.54,52.87,13.33
GURUGRAM,SOHANA,SOHANA,Bhondsi Ew,28.37666667,77.03805556,2022-05-20 06:00:00,31.6,29.66,1.94
GURUGRAM,SOHANA,SOHANA,Gangola-DW,28.26111111,77.20555556,2022-05-20 06:00:00,4.25,8.06,3.81
GURUGRAM,SOHANA,SOHANA,Harchandpur Pz,28.26666667,77.13888889,2022-05-20 06:00:00,26.4,27.6,1.2
GURUGRAM,SOHANA,SOHANA,Kherla,28.31388889,77.11527778,2021-08-31 06:00:00,47.53,70.3,22.77
GURUGRAM,SOHANA,SOHANA,Kherla,28.31388889,77.11527778,2022-05-20 06:00:00,35.6,100.44,64.84
GURUGRAM,SOHANA,SOHANA,Sohna,28.24444444,77.06944444,2022-05-20 06:00:00,31.3,19.32,11.98
GURUGRAM,SOHANA,SOHANA,Sohna,28.24444444,77.06944444,2023-11-01 00:00:00,30.08,41.65,11.57
HISAR,-,-,ALIPURKHARAR-M,29.121667,75.898889,2023-01-01 00:00:00,3.04,6.35,3.31
HISAR,-,-,ALIPURKHARAR-M,29.121667,75.898889,2023-08-20 00:00:00,3.09,5.95,2.86
HISAR,-,-,ALIPURKHARAR-M,29.121667,75.898889,2023-11-01 00:00:00,3.39,7.28,3.89
HISAR,-,-,ALIPURKHARAR-S,29.121667,75.898889,2023-01-01 00:00:00,3.45,6.35,2.9
HISAR,-,-,ALIPURKHARAR-S,29.121667,75.898889,2023-08-20 00:00:00,3.18,5.95,2.77
HISAR,-,-,ALIPURKHARAR-S,29.121667,75.898889,2023-11-01 00:00:00,3.31,7.28,3.97
HISAR,-,-,ALIPURKHARAR-S,29.121667,75.898889,2024-01-01 00:00:00,4.05,6.35,2.3
HISAR,-,-,Haryana HISAR HISAR - I Kuleri (S),29.363176,75.66172,2023-08-20 00:00:00,5.67,15.5,9.83
HISAR,-,-,Haryana HISAR Hissar-I Kuleri (D),29.360997,75.660236,2023-08-20 00:00:00,3.3,14.86,11.56
HISAR,-,-,Haryana HISAR Hissar-I Kuleri (M),29.363176,75.66172,2023-08-20 00:00:00,5.73,15.5,9.77
HISAR,-,-,KULERI-D,29.360556,75.643611,2023-01-01 00:00:00,3.65,14.75,11.1
HISAR,-,-,KULERI-D,29.360556,75.643611,2023-11-01 00:00:00,3.27,15.7,12.43
HISAR,-,-,KULERI-D,29.360556,75.643611,2024-01-01 00:00:00,3.29,14.75,11.46
HISAR,-,-,KULERI-M,29.360556,75.643611,2023-01-01 00:00:00,5.5,14.75,9.25
HISAR,-,-,KULERI-M,29.360556,75.643611,2023-06-01 00:00:00,5.5,15.06,9.56
HISAR,-,-,KULERI-M,29.360556,75.643611,2023-11-01 00:00:00,5.66,15.7,10.04
HISAR,-,-,KULERI-S,29.360556,75.643611,2023-01-01 00:00:00,5.65,14.75,9.1
HISAR,-,-,KULERI-S,29.360556,75.643611,2023-06-01 00:00:00,5.49,15.06,9.57
HISAR,-,-,KULERI-S,29.360556,75.643611,2023-11-01 00:00:00,5.8,15.7,9.9
HISAR,-,-,KULERI-S,29.360556,75.643611,2024-01-01 00:00:00,5.9,14.75,8.85
HISAR,-,-,RAMPUR DAMUNDI,29.075,76.041667,2023-01-01 00:00:00,4.3,6.09,1.79
HISAR,-,-,RAMPUR DAMUNDI,29.075,76.041667,2023-06-01 00:00:00,5.37,6.01,0.64
HISAR,-,-,RAMPUR DAMUNDI,29.075,76.041667,2023-08-20 00:00:00,3.6,5.71,2.11
HISAR,-,-,RAMPUR DAMUNDI,29.075,76.041667,2024-01-01 00:00:00,3.7,6.09,2.39
HISAR,ADAMPUR,ADAMPUR,Adampur-Pz,29.27833333,75.49194444,2022-05-20 06:00:00,2.8,4.94,2.14
HISAR,ADAMPUR,ADAMPUR,Adampur-Pz,29.27833333,75.49194444,2023-01-01 00:00:00,0.98,4.21,3.23
HISAR,ADAMPUR,ADAMPUR,Adampur-Pz,29.27833333,75.49194444,2023-06-01 00:00:00,1.6,4.93,3.33
HISAR,ADAMPUR,ADAMPUR,Adampur-Pz,29.27833333,75.49194444,2023-08-20 00:00:00,0.98,2.76,1.78
HISAR,ADAMPUR,ADAMPUR,Adampur-Pz,29.27833333,75.49194444,2023-11-01 00:00:00,1.7,5.09,3.39
HISAR,ADAMPUR,ADAMPUR,Adampur-Pz,29.27833333,75.49194444,2024-01-01 00:00:00,1.82,4.21,2.39
HISAR,ADAMPUR,ADAMPUR,Basra,29.21666667,75.525,2021-01-10 00:00:00,17.55,18.55,1.0
HISAR,ADAMPUR,ADAMPUR,Basra,29.21666667,75.525,2021-08-31 06:00:00,17.59,16.6,0.99
HISAR,ADAMPUR,ADAMPUR,Basra,29.21666667,75.525,2021-11-30 06:00:00,16.8,17.7,0.9
HISAR,ADAMPUR,ADAMPUR,Basra,29.21666667,75.525,2022-01-30 07:00:00,17.05,18.55,1.5
HISAR,ADAMPUR,ADAMPUR,Basra,29.21666667,75.525,2022-05-20 06:00:00,17.65,17.53,0.12
HISAR,ADAMPUR,ADAMPUR,Basra,29.21666667,75.525,2022-08-01 06:00:00,17.03,16.6,0.43
HISAR,ADAMPUR,ADAMPUR,Basra,29.21666667,75.525,2022-11-01 06:00:00,6.05,17.7,11.65
HISAR,ADAMPUR,ADAMPUR,Basra,29.21666667,75.525,2023-01-01 00:00:00,16.9,18.55,1.65
HISAR,ADAMPUR,ADAMPUR,Basra,29.21666667,75.525,2023-06-01 00:00:00,16.93,17.53,0.6
HISAR,ADAMPUR,ADAMPUR,Basra,29.21666667,75.525,2023-08-20 00:00:00,17.18,16.6,0.58
HISAR,ADAMPUR,ADAMPUR,Basra,29.21666667,75.525,2023-11-01 00:00:00,18.13,17.7,0.43
HISAR,ADAMPUR,ADAMPUR,Basra,29.21666667,75.525,2024-01-01 00:00:00,16.56,18.55,1.99
HISAR,ADAMPUR,ADAMPUR,Chaudhriwali,29.15,75.39722222,2022-05-20 06:00:00,14.93,12.64,2.29
HISAR,ADAMPUR,ADAMPUR,Chaudhriwali,29.15,75.39722222,2023-11-01 00:00:00,8.58,13.13,4.55
HISAR,ADAMPUR,ADAMPUR,Chaudhriwali,29.15,75.39722222,2024-01-01 00:00:00,8.35,12.57,4.22
HISAR,ADAMPUR,ADAMPUR,Ghursal-Pz,29.17083333,75.42277778,2021-01-10 00:00:00,8.18,11.98,3.8
HISAR,ADAMPUR,ADAMPUR,Ghursal-Pz,29.17083333,75.42277778,2021-08-31 06:00:00,8.78,10.18,1.4
HISAR,ADAMPUR,ADAMPUR,Ghursal-Pz,29.17083333,75.42277778,2021-11-30 06:00:00,7.88,10.04,2.16
HISAR,ADAMPUR,ADAMPUR,Ghursal-Pz,29.17083333,75.42277778,2022-01-30 07:00:00,7.14,11.98,4.84
HISAR,ADAMPUR,ADAMPUR,Ghursal-Pz,29.17083333,75.42277778,2022-05-20 06:00:00,7.2,11.7,4.5
HISAR,ADAMPUR,ADAMPUR,Ghursal-Pz,29.17083333,75.42277778,2022-08-01 06:00:00,6.53,10.18,3.65
HISAR,ADAMPUR,ADAMPUR,Ghursal-Pz,29.17083333,75.42277778,2022-11-01 06:00:00,6.5,10.04,3.54
HISAR,ADAMPUR,ADAMPUR,Ghursal-Pz,29.17083333,75.42277778,2023-01-01 00:00:00,6.6,11.98,5.38
HISAR,ADAMPUR,ADAMPUR,Ghursal-Pz,29.17083333,75.42277778,2023-06-01 00:00:00,6.17,11.95,5.78
HISAR,ADAMPUR,ADAMPUR,Ghursal-Pz,29.17083333,75.42277778,2023-08-20 00:00:00,6.02,10.18,4.16
HISAR,ADAMPUR,ADAMPUR,Ghursal-Pz,29.17083333,75.42277778,2023-11-01 00:00:00,5.98,10.04,4.06
HISAR,ADAMPUR,ADAMPUR,Kirtan,29.22083333,75.54722222,2021-01-10 00:00:00,13.35,12.72,0.63
HISAR,ADAMPUR,ADAMPUR,Kirtan,29.22083333,75.54722222,2021-08-31 06:00:00,13.69,12.9,0.79
HISAR,ADAMPUR,ADAMPUR,Kirtan,29.22083333,75.54722222,2021-11-30 06:00:00,12.18,14.03,1.85
HISAR,ADAMPUR,ADAMPUR,Kirtan,29.22083333,75.54722222,2022-01-30 07:00:00,11.58,12.72,1.14
HISAR,ADAMPUR,ADAMPUR,Kirtan,29.22083333,75.54722222,2022-05-20 06:00:00,11.5,12.48,0.98
HISAR,ADAMPUR,ADAMPUR,Kirtan,29.22083333,75.54722222,2022-08-01 06:00:00,10.73,12.9,2.17
HISAR,ADAMPUR,ADAMPUR,Kirtan,29.22083333,75.54722222,2022-11-01 06:00:00,9.64,14.03,4.39
HISAR,ADAMPUR,ADAMPUR,Kirtan,29.22083333,75.54722222,2023-01-01 00:00:00,10.55,12.72,2.17
HISAR,ADAMPUR,ADAMPUR,Kirtan,29.22083333,75.54722222,2023-06-01 00:00:00,9.8,12.48,2.68
HISAR,ADAMPUR,ADAMPUR,Kirtan,29.22083333,75.54722222,2023-08-20 00:00:00,9.9,12.9,3.0
HISAR,ADAMPUR,ADAMPUR,Kirtan,29.22083333,75.54722222,2023-11-01 00:00:00,10.78,14.03,3.25
HISAR,ADAMPUR,ADAMPUR,Kirtan,29.22083333,75.54722222,2024-01-01 00:00:00,9.9,12.72,2.82
HISAR,ADAMPUR,ADAMPUR,Ladwi-DW,29.23194444,75.55277778,2022-05-20 06:00:00,4.57,7.58,3.01
HISAR,ADAMPUR,ADAMPUR,Moda Khera-DW,29.21527778,75.425,2022-05-20 06:00:00,3.69,6.09,2.4
HISAR,HANSI,BASS,Badchappar,29.11666667,76.30555556,2022-05-20 06:00:00,2.55,3.48,0.93
HISAR,HANSI,BASS,Bas,29.10833333,76.2,2022-05-20 06:00:00,3.72,2.81,0.91
HISAR,HANSI,BASS,Bhotal Jattan-DW,29.10555556,76.12361111,2022-05-20 06:00:00,3.5,2.79,0.71
HISAR,HANSI,BASS,Thurana-DW,29.15833333,76.12916667,2022-01-30 07:00:00,1.42,5.42,4.0
HISAR,HANSI,BASS,Thurana-DW,29.15833333,76.12916667,2022-05-20 06:00:00,3.65,5.88,2.23
HISAR,HANSI,BASS,Thurana-DW,29.15833333,76.12916667,2023-01-01 00:00:00,0.9,5.42,4.52
HISAR,HANSI,HANSI,Barwala S,29.18333333,75.96583333,2022-05-20 06:00:00,3.95,5.22,1.27
HISAR,HANSI,HANSI,Chanaut,29.20833333,75.92083333,2021-08-31 06:00:00,14.35,3.46,10.89
HISAR,HANSI,HANSI,Chanaut,29.20833333,75.92083333,2021-11-30 06:00:00,3.62,4.78,1.16
HISAR,HANSI,HANSI,Chanaut,29.20833333,75.92083333,2022-01-30 07:00:00,2.38,4.46,2.08
HISAR,HANSI,HANSI,Chanaut,29.20833333,75.92083333,2022-05-20 06:00:00,2.6,4.61,2.01
HISAR,HANSI,HANSI,Chanaut,29.20833333,75.92083333,2022-08-01 06:00:00,1.25,3.46,2.21
HISAR,HANSI,HANSI,Chanaut,29.20833333,75.92083333,2023-01-01 00:00:00,2.21,4.46,2.25
HISAR,HANSI,HANSI,Chanaut,29.20833333,75.92083333,2023-06-01 00:00:00,2.01,4.56,2.55
HISAR,HANSI,HANSI,Chanaut,29.20833333,75.92083333,2023-08-20 00:00:00,4.25,3.46,0.79
HISAR,HANSI,HANSI,Chanaut,29.20833333,75.92083333,2023-11-01 00:00:00,2.73,4.78,2.05
HISAR,HANSI,HANSI,Chanaut,29.20833333,75.92083333,2024-01-01 00:00:00,2.33,4.46,2.13
HISAR,HANSI,HANSI,Chanaut1,29.20833333,75.92083333,2021-01-10 00:00:00,2.61,3.5,0.89
HISAR,HANSI,HANSI,Datta-DW,29.26666667,75.99722222,2022-05-20 06:00:00,5.46,11.83,6.37
HISAR,HANSI,HANSI,Gurana,29.3,75.96666667,2022-05-20 06:00:00,2.0,2.56,0.56
HISAR,HANSI,HANSI,Hansi S,29.18333333,75.96583333,2022-05-20 06:00:00,6.7,8.58,1.88
HISAR,HANSI,HANSI,Jaga Bara-DW,29.15833333,75.96666667,2022-05-20 06:00:00,11.25,12.31,1.06
HISAR,HANSI,HANSI,Khanda Kheri-Pz,29.20888889,76.23333333,2022-05-20 06:00:00,7.62,13.14,5.52
HISAR,HANSI,HANSI,Mehanda-DW,29.05416667,76.05611111,2022-05-20 06:00:00,4.15,5.64,1.49
HISAR,HANSI,HANSI,Rajli Cross,29.28888889,75.90694444,2021-01-10 00:00:00,3.55,4.72,1.17
HISAR,HANSI,HANSI,Rajli Cross,29.28888889,75.90694444,2021-08-31 06:00:00,5.5,3.3,2.2
HISAR,HANSI,HANSI,Rajli Cross,29.28888889,75.90694444,2022-01-30 07:00:00,1.81,4.72,2.91
HISAR,HANSI,HANSI,Rajli Cross,29.28888889,75.90694444,2022-05-20 06:00:00,2.8,7.0,4.2
HISAR,HANSI,HANSI,Rajli Cross,29.28888889,75.90694444,2022-08-01 06:00:00,1.82,3.3,1.48
HISAR,HANSI,HANSI,Rajli Cross,29.28888889,75.90694444,2022-11-01 06:00:00,1.8,6.84,5.04
HISAR,HANSI,HANSI,Rajli Cross,29.28888889,75.90694444,2023-01-01 00:00:00,2.2,4.72,2.52
HISAR,HANSI,HANSI,Rajli Cross,29.28888889,75.90694444,2023-06-01 00:00:00,3.6,6.45,2.85
HISAR,HANSI,HANSI,Rajli Cross,29.28888889,75.90694444,2023-08-20 00:00:00,3.95,3.3,0.65
HISAR,HANSI,HANSI,Rajli Cross,29.28888889,75.90694444,2023-11-01 00:00:00,2.82,6.84,4.02
HISAR,HANSI,HANSI,Rajli Cross,29.28888889,75.90694444,2024-01-01 00:00:00,2.74,4.72,1.98
HISAR,HANSI,HANSI,Sorkhi-Pz,29.05833333,76.10888889,2021-01-10 00:00:00,2.28,2.35,0.07
HISAR,HANSI,HANSI,Sorkhi-Pz,29.05833333,76.10888889,2021-08-31 06:00:00,3.83,2.2,1.63
HISAR,HANSI,HANSI,Sorkhi-Pz,29.05833333,76.10888889,2021-11-30 06:00:00,3.03,5.05,2.02
HISAR,HANSI,HANSI,Sorkhi-Pz,29.05833333,76.10888889,2022-01-30 07:00:00,1.9,2.35,0.45
HISAR,HANSI,HANSI,Sorkhi-Pz,29.05833333,76.10888889,2022-08-01 06:00:00,1.35,2.2,0.85
HISAR,HANSI,HANSI,Sorkhi-Pz,29.05833333,76.10888889,2022-11-01 06:00:00,1.88,5.05,3.17
HISAR,HANSI,HANSI,Sorkhi-Pz,29.05833333,76.10888889,2023-01-01 00:00:00,2.0,2.35,0.35
HISAR,HANSI,HANSI,Thurana,29.14611111,76.11888889,2021-08-31 06:00:00,2.18,1.57,0.61
HISAR,HANSI,HANSI,Thurana,29.14611111,76.11888889,2021-11-30 06:00:00,5.56,4.3,1.26
HISAR,HANSI,HANSI,Thurana,29.14611111,76.11888889,2022-05-20 06:00:00,2.0,3.62,1.62
HISAR,HANSI,HANSI,Thurana,29.14611111,76.11888889,2023-06-01 00:00:00,2.63,3.55,0.92
HISAR,HANSI,HANSI,Thurana,29.14611111,76.11888889,2023-08-20 00:00:00,1.18,1.57,0.39
HISAR,HANSI,HANSI,Thurana,29.14611111,76.11888889,2023-11-01 00:00:00,1.75,4.3,2.55
HISAR,HANSI,HANSI,Thurana,29.14611111,76.11888889,2024-01-01 00:00:00,2.24,1.96,0.28
HISAR,HANSI,HANSI,Umra,29.05277778,75.9125,2022-05-20 06:00:00,7.5,6.51,0.99
HISAR,HANSI,HANSI,Umra,29.05277778,75.9125,2022-11-01 06:00:00,5.48,8.17,2.69
HISAR,HISSAR,AGROHA,Agroha,29.30833333,75.65,2023-08-20 00:00:00,10.8,13.79,2.99
HISAR,HISSAR,AGROHA,Agroha-Pz,29.325,75.62277778,2021-01-10 00:00:00,7.35,9.32,1.97
HISAR,HISSAR,AGROHA,Agroha-Pz,29.325,75.62277778,2021-08-31 06:00:00,8.33,8.67,0.34
HISAR,HISSAR,AGROHA,Agroha-Pz,29.325,75.62277778,2021-11-30 06:00:00,7.23,9.69,2.46
HISAR,HISSAR,AGROHA,Agroha-Pz,29.325,75.62277778,2022-01-30 07:00:00,6.68,9.32,2.64
HISAR,HISSAR,AGROHA,Agroha-Pz,29.325,75.62277778,2022-05-20 06:00:00,11.1,9.17,1.93
HISAR,HISSAR,AGROHA,Agroha-Pz,29.325,75.62277778,2022-08-01 06:00:00,6.65,8.67,2.02
HISAR,HISSAR,AGROHA,Agroha-Pz,29.325,75.62277778,2023-01-01 00:00:00,3.5,9.32,5.82
HISAR,HISSAR,AGROHA,Agroha-Pz,29.325,75.62277778,2023-06-01 00:00:00,9.98,9.22,0.76
HISAR,HISSAR,AGROHA,Agroha-Pz,29.325,75.62277778,2023-08-20 00:00:00,11.3,8.67,2.63
HISAR,HISSAR,AGROHA,Agroha-Pz,29.325,75.62277778,2023-11-01 00:00:00,11.46,9.69,1.77
HISAR,HISSAR,AGROHA,Agroha-Pz,29.325,75.62277778,2024-01-01 00:00:00,11.19,9.32,1.87
HISAR,HISSAR,AGROHA,Durjanpur-Pz,29.25138889,75.59444444,2022-05-20 06:00:00,7.45,13.72,6.27
HISAR,HISSAR,AGROHA,Kaliravan,29.29722222,75.57083333,2022-05-20 06:00:00,6.46,5.45,1.01
HISAR,HISSAR,AGROHA,Kanoh-Pz,29.37277778,75.75694444,2022-05-20 06:00:00,10.2,15.56,5.36
HISAR,HISSAR,AGROHA,Samani,29.40833333,75.68333333,2021-01-10 00:00:00,4.09,5.37,1.28
HISAR,HISSAR,AGROHA,Samani,29.40833333,75.68333333,2021-08-31 06:00:00,5.53,9.55,4.02
HISAR,HISSAR,AGROHA,Samani,29.40833333,75.68333333,2021-11-30 06:00:00,2.49,6.52,4.03
HISAR,HISSAR,AGROHA,Samani,29.40833333,75.68333333,2022-01-30 07:00:00,2.5,5.37,2.87
HISAR,HISSAR,AGROHA,Samani,29.40833333,75.68333333,2022-05-20 06:00:00,4.39,5.12,0.73
HISAR,HISSAR,AGROHA,Samani,29.40833333,75.68333333,2022-08-01 06:00:00,1.86,9.55,7.69
HISAR,HISSAR,AGROHA,Samani,29.40833333,75.68333333,2023-01-01 00:00:00,2.64,5.37,2.73
HISAR,HISSAR,AGROHA,Samani,29.40833333,75.68333333,2023-06-01 00:00:00,2.26,5.09,2.83
HISAR,HISSAR,AGROHA,Samani,29.40833333,75.68333333,2023-08-20 00:00:00,3.84,9.55,5.71
HISAR,HISSAR,AGROHA,Samani,29.40833333,75.68333333,2023-11-01 00:00:00,3.04,6.52,3.48
HISAR,HISSAR,AGROHA,Samani,29.40833333,75.68333333,2024-01-01 00:00:00,3.25,5.37,2.12
HISAR,HISSAR,BARWALA,Banbhauri-Pz,29.4,76.05,2022-05-20 06:00:00,6.46,6.83,0.37
HISAR,HISSAR,BARWALA,Barwala-Pz,29.38666667,75.91666667,2021-01-10 00:00:00,7.58,13.84,6.26
HISAR,HISSAR,BARWALA,Barwala-Pz,29.38666667,75.91666667,2021-08-31 06:00:00,8.23,8.67,0.44
HISAR,HISSAR,BARWALA,Barwala-Pz,29.38666667,75.91666667,2022-01-30 07:00:00,6.19,13.84,7.65
HISAR,HISSAR,BARWALA,Barwala-Pz,29.38666667,75.91666667,2022-05-20 06:00:00,6.1,11.88,5.78
HISAR,HISSAR,BARWALA,Barwala-Pz,29.38666667,75.91666667,2022-08-01 06:00:00,5.02,8.67,3.65
HISAR,HISSAR,BARWALA,Barwala-Pz,29.38666667,75.91666667,2022-11-01 06:00:00,4.5,9.74,5.24
HISAR,HISSAR,BARWALA,Barwala-Pz,29.38666667,75.91666667,2023-01-01 00:00:00,3.3,13.84,10.54
HISAR,HISSAR,BARWALA,Barwala-Pz,29.38666667,75.91666667,2023-06-01 00:00:00,4.34,12.12,7.78
HISAR,HISSAR,BARWALA,Barwala-Pz,29.38666667,75.91666667,2023-08-20 00:00:00,4.8,8.67,3.87
HISAR,HISSAR,BARWALA,Barwala-Pz,29.38666667,75.91666667,2023-11-01 00:00:00,3.85,9.74,5.89
HISAR,HISSAR,BARWALA,Barwala-Pz,29.38666667,75.91666667,2024-01-01 00:00:00,4.86,13.84,8.98
HISAR,HISSAR,BARWALA,Barwala1,29.37083333,75.92083333,2021-11-30 06:00:00,6.5,14.01,7.51
HISAR,HISSAR,BARWALA,Barwala1,29.37083333,75.92083333,2022-01-30 07:00:00,6.19,13.84,7.65
HISAR,HISSAR,BARWALA,Barwala1,29.37083333,75.92083333,2022-08-01 06:00:00,10.31,12.43,2.12
HISAR,HISSAR,BARWALA,Barwala1,29.37083333,75.92083333,2023-11-01 00:00:00,2.37,14.01,11.64
HISAR,HISSAR,BARWALA,Barwala2,29.37083333,75.92083333,2021-01-10 00:00:00,12.41,13.73,1.32
HISAR,HISSAR,BARWALA,Barwala2,29.37083333,75.92083333,2021-08-31 06:00:00,14.34,12.35,1.99
HISAR,HISSAR,BARWALA,Barwala2,29.37083333,75.92083333,2021-11-30 06:00:00,11.64,14.24,2.6
HISAR,HISSAR,BARWALA,Barwala2,29.37083333,75.92083333,2022-01-30 07:00:00,10.97,13.73,2.76
HISAR,HISSAR,BARWALA,Barwala2,29.37083333,75.92083333,2022-05-20 06:00:00,11.31,13.62,2.31
HISAR,HISSAR,BARWALA,Behbalpur-Pz,29.28333333,75.78944444,2021-01-10 00:00:00,1.9,3.68,1.78
HISAR,HISSAR,BARWALA,Behbalpur-Pz,29.28333333,75.78944444,2021-08-31 06:00:00,3.1,2.96,0.14
HISAR,HISSAR,BARWALA,Behbalpur-Pz,29.28333333,75.78944444,2021-11-30 06:00:00,1.55,4.36,2.81
HISAR,HISSAR,BARWALA,Behbalpur-Pz,29.28333333,75.78944444,2022-01-30 07:00:00,1.56,3.68,2.12
HISAR,HISSAR,BARWALA,Behbalpur-Pz,29.28333333,75.78944444,2022-05-20 06:00:00,3.0,3.4,0.4
HISAR,HISSAR,BARWALA,Behbalpur-Pz,29.28333333,75.78944444,2022-08-01 06:00:00,1.35,2.96,1.61
HISAR,HISSAR,BARWALA,Behbalpur-Pz,29.28333333,75.78944444,2022-11-01 06:00:00,1.55,4.36,2.81
HISAR,HISSAR,BARWALA,Behbalpur-Pz,29.28333333,75.78944444,2023-01-01 00:00:00,1.6,3.68,2.08
HISAR,HISSAR,BARWALA,Behbalpur-Pz,29.28333333,75.78944444,2023-06-01 00:00:00,2.09,3.43,1.34
HISAR,HISSAR,BARWALA,Behbalpur-Pz,29.28333333,75.78944444,2023-08-20 00:00:00,1.89,2.96,1.07
HISAR,HISSAR,BARWALA,Behbalpur-Pz,29.28333333,75.78944444,2023-11-01 00:00:00,2.1,4.36,2.26
HISAR,HISSAR,BARWALA,Behbalpur-Pz,29.28333333,75.78944444,2024-01-01 00:00:00,1.91,3.68,1.77
HISAR,HISSAR,BARWALA,Bithmara-DW,29.45833333,75.93055556,2022-05-20 06:00:00,10.4,13.31,2.91
HISAR,HISSAR,BARWALA,Chann-DW,29.41722222,76.06694444,2022-05-20 06:00:00,7.6,7.66,0.06
HISAR,HISSAR,BARWALA,Dhand-DW,29.32,76.01583333,2022-05-20 06:00:00,4.0,3.05,0.95
HISAR,HISSAR,BARWALA,Gain Pura,29.35,76.02083333,2021-01-10 00:00:00,3.96,4.43,0.47
HISAR,HISSAR,BARWALA,Gain Pura,29.35,76.02083333,2021-08-31 06:00:00,7.6,3.23,4.37
HISAR,HISSAR,BARWALA,Gain Pura,29.35,76.02083333,2021-11-30 06:00:00,4.07,5.34,1.27
HISAR,HISSAR,BARWALA,Gain Pura,29.35,76.02083333,2022-01-30 07:00:00,2.68,4.43,1.75
HISAR,HISSAR,BARWALA,Gain Pura,29.35,76.02083333,2022-08-16 06:00:00,-0.54,3.23,3.77
HISAR,HISSAR,BARWALA,Gain Pura,29.35,76.02083333,2022-11-01 06:00:00,1.78,5.34,3.56
HISAR,HISSAR,BARWALA,Gain Pura,29.35,76.02083333,2023-01-01 00:00:00,2.5,4.43,1.93
HISAR,HISSAR,BARWALA,Gain Pura,29.35,76.02083333,2023-06-01 00:00:00,1.99,4.65,2.66
HISAR,HISSAR,BARWALA,Gain Pura,29.35,76.02083333,2023-08-20 00:00:00,1.19,3.23,2.04
HISAR,HISSAR,BARWALA,Gain Pura,29.35,76.02083333,2023-11-01 00:00:00,2.37,5.34,2.97
HISAR,HISSAR,BARWALA,Gain Pura,29.35,76.02083333,2024-01-01 00:00:00,2.03,4.43,2.4
HISAR,HISSAR,BARWALA,Ghaibipur,29.425,75.92916667,2022-05-20 06:00:00,6.95,4.84,2.11
HISAR,HISSAR,BARWALA,Juglan,29.25694444,75.79444444,2022-05-20 06:00:00,1.7,12.84,11.14
HISAR,HISSAR,BARWALA,Kharakpunia,29.34444444,76.00833333,2022-05-20 06:00:00,2.4,3.88,1.48
HISAR,HISSAR,BARWALA,Kirori,29.3,75.8,2021-01-10 00:00:00,15.2,14.49,0.71
HISAR,HISSAR,BARWALA,Kirori,29.3,75.8,2021-08-31 06:00:00,17.4,13.6,3.8
HISAR,HISSAR,BARWALA,Kirori,29.3,75.8,2021-11-30 06:00:00,16.01,16.73,0.72
HISAR,HISSAR,BARWALA,Kirori,29.3,75.8,2022-01-30 07:00:00,13.84,14.49,0.65
HISAR,HISSAR,BARWALA,Kirori,29.3,75.8,2022-05-20 06:00:00,13.55,16.0,2.45
HISAR,HISSAR,BARWALA,Kirori,29.3,75.8,2022-08-01 06:00:00,13.35,13.6,0.25
HISAR,HISSAR,BARWALA,Kirori,29.3,75.8,2022-11-01 06:00:00,14.05,16.73,2.68
HISAR,HISSAR,BARWALA,Kirori,29.3,75.8,2023-01-01 00:00:00,14.15,14.49,0.34
HISAR,HISSAR,BARWALA,Kirori,29.3,75.8,2023-06-01 00:00:00,13.17,16.0,2.83
HISAR,HISSAR,BARWALA,Kirori,29.3,75.8,2023-08-20 00:00:00,14.35,13.6,0.75
HISAR,HISSAR,BARWALA,Kirori,29.3,75.8,2023-11-01 00:00:00,13.83,16.73,2.9
HISAR,HISSAR,BARWALA,Kirori,29.3,75.8,2024-01-01 00:00:00,14.7,14.49,0.21
HISAR,HISSAR,BARWALA,Litani-DW,29.45416667,75.9875,2022-05-20 06:00:00,5.0,6.03,1.03
HISAR,HISSAR,HISAR - I,Alipur,29.13333333,75.88333333,2022-08-01 06:00:00,9.0,3.32,5.68
HISAR,HISSAR,HISAR - I,Balawas1,28.95833333,75.82222222,2021-01-10 00:00:00,12.3,12.8,0.5
HISAR,HISSAR,HISAR - I,Balawas1,28.95833333,75.82222222,2021-08-31 06:00:00,13.51,11.9,1.61
HISAR,HISSAR,HISAR - I,Balawas1,28.95833333,75.82222222,2022-01-30 07:00:00,12.04,12.8,0.76
HISAR,HISSAR,HISAR - I,Balawas1,28.95833333,75.82222222,2022-05-20 06:00:00,11.9,13.06,1.16
HISAR,HISSAR,HISAR - I,Balawas1,28.95833333,75.82222222,2022-08-01 06:00:00,11.74,11.9,0.16
HISAR,HISSAR,HISAR - I,Balawas1,28.95833333,75.82222222,2022-11-01 06:00:00,11.6,13.12,1.52
HISAR,HISSAR,HISAR - I,Balawas1,28.95833333,75.82222222,2023-01-01 00:00:00,9.24,12.8,3.56
HISAR,HISSAR,HISAR - I,Balawas1,28.95833333,75.82222222,2023-06-01 00:00:00,11.14,13.06,1.92
HISAR,HISSAR,HISAR - I,Balawas1,28.95833333,75.82222222,2023-08-20 00:00:00,10.95,11.9,0.95
HISAR,HISSAR,HISAR - I,Balawas1,28.95833333,75.82222222,2023-11-01 00:00:00,10.88,13.12,2.24
HISAR,HISSAR,HISAR - I,Balawas1,28.95833333,75.82222222,2024-01-01 00:00:00,10.78,12.8,2.02
HISAR,HISSAR,HISAR - I,Dhansu,29.21666667,75.79583333,2021-01-10 00:00:00,3.16,4.88,1.72
HISAR,HISSAR,HISAR - I,Dhansu,29.21666667,75.79583333,2021-08-31 06:00:00,5.36,3.36,2.0
HISAR,HISSAR,HISAR - I,Dhansu,29.21666667,75.79583333,2021-11-30 06:00:00,2.68,4.67,1.99
HISAR,HISSAR,HISAR - I,Dhansu,29.21666667,75.79583333,2022-01-30 07:00:00,2.89,4.88,1.99
HISAR,HISSAR,HISAR - I,Dhansu,29.21666667,75.79583333,2022-05-20 06:00:00,4.1,4.57,0.47
HISAR,HISSAR,HISAR - I,Dhansu,29.21666667,75.79583333,2022-11-01 06:00:00,2.41,4.67,2.26
HISAR,HISSAR,HISAR - I,Dhansu,29.21666667,75.79583333,2023-01-01 00:00:00,2.46,4.88,2.42
HISAR,HISSAR,HISAR - I,Dhansu,29.21666667,75.79583333,2023-08-20 00:00:00,2.26,3.36,1.1
HISAR,HISSAR,HISAR - I,Dhansu,29.21666667,75.79583333,2023-11-01 00:00:00,2.67,4.67,2.0
HISAR,HISSAR,HISAR - I,Dhansu,29.21666667,75.79583333,2024-01-01 00:00:00,2.54,4.88,2.34
HISAR,HISSAR,HISAR - I,Hissar,29.15416667,75.71666667,2021-01-10 00:00:00,6.54,7.04,0.5
HISAR,HISSAR,HISAR - I,Hissar,29.15416667,75.71666667,2021-11-30 06:00:00,6.5,7.91,1.41
HISAR,HISSAR,HISAR - I,Hissar,29.15416667,75.71666667,2022-05-20 06:00:00,6.55,12.59,6.04
HISAR,HISSAR,HISAR - I,Hissar,29.15416667,75.71666667,2022-08-01 06:00:00,6.52,6.7,0.18
HISAR,HISSAR,HISAR - I,Hissar-Pz,29.14,75.72222222,2021-08-31 06:00:00,7.55,8.05,0.5
HISAR,HISSAR,HISAR - I,Hissar-Pz,29.14,75.72222222,2022-01-30 07:00:00,6.35,7.58,1.23
HISAR,HISSAR,HISAR - I,Hissar-Pz,29.14,75.72222222,2022-05-20 06:00:00,7.4,7.48,0.08
HISAR,HISSAR,HISAR - I,Hissar-Pz,29.14,75.72222222,2022-11-01 06:00:00,3.34,9.49,6.15
HISAR,HISSAR,HISAR - I,Hissar-Pz,29.14,75.72222222,2023-01-01 00:00:00,6.78,7.58,0.8
HISAR,HISSAR,HISAR - I,Hissar-Pz,29.14,75.72222222,2023-06-01 00:00:00,6.37,7.51,1.14
HISAR,HISSAR,HISAR - I,Hissar-Pz,29.14,75.72222222,2023-08-20 00:00:00,5.77,8.05,2.28
HISAR,HISSAR,HISAR - I,Hissar-Pz,29.14,75.72222222,2023-11-01 00:00:00,5.74,9.49,3.75
HISAR,HISSAR,HISAR - I,Hissar-Pz,29.14,75.72222222,2024-01-01 00:00:00,5.65,7.58,1.93
HISAR,HISSAR,HISAR - I,Mangali-Pz,29.04166667,75.72222222,2021-01-10 00:00:00,5.15,5.09,0.06
HISAR,HISSAR,HISAR - I,Mangali-Pz,29.04166667,75.72222222,2021-08-31 06:00:00,6.21,3.82,2.39
HISAR,HISSAR,HISAR - I,Mangali-Pz,29.04166667,75.72222222,2021-11-30 06:00:00,4.69,6.13,1.44
HISAR,HISSAR,HISAR - I,Mangali-Pz,29.04166667,75.72222222,2022-01-30 07:00:00,4.7,5.09,0.39
HISAR,HISSAR,HISAR - I,Mangali-Pz,29.04166667,75.72222222,2022-05-20 06:00:00,5.9,5.26,0.64
HISAR,HISSAR,HISAR - I,Mangali-Pz,29.04166667,75.72222222,2022-11-01 06:00:00,4.24,6.13,1.89
HISAR,HISSAR,HISAR - I,Mangali-Pz,29.04166667,75.72222222,2023-06-01 00:00:00,4.31,5.16,0.85
HISAR,HISSAR,HISAR - I,Mangali-Pz,29.04166667,75.72222222,2023-08-20 00:00:00,3.77,3.82,0.05
HISAR,HISSAR,HISAR - I,Mangali-Pz,29.04166667,75.72222222,2023-11-01 00:00:00,3.75,6.13,2.38
HISAR,HISSAR,HISAR - I,Mirka,29.075,75.75833333,2022-01-30 07:00:00,2.95,3.48,0.53
HISAR,HISSAR,HISAR - I,Mirka,29.075,75.75833333,2022-05-20 06:00:00,3.5,4.42,0.92
HISAR,HISSAR,HISAR - I,Mirka,29.075,75.75833333,2022-08-01 06:00:00,2.83,2.96,0.13
HISAR,HISSAR,HISAR - I,Mirka,29.075,75.75833333,2022-11-20 06:00:00,3.06,6.28,3.22
HISAR,HISSAR,HISAR - I,Mirka,29.075,75.75833333,2023-01-01 00:00:00,0.41,3.48,3.07
HISAR,HISSAR,HISAR - I,Mirka,29.075,75.75833333,2023-06-01 00:00:00,1.21,4.37,3.16
HISAR,HISSAR,HISAR - I,Mirka,29.075,75.75833333,2023-08-20 00:00:00,0.61,2.96,2.35
HISAR,HISSAR,HISAR - I,Mirka,29.075,75.75833333,2023-11-01 00:00:00,0.82,6.28,5.46
HISAR,HISSAR,HISAR - I,Mirka,29.075,75.75833333,2024-01-01 00:00:00,0.74,3.48,2.74
HISAR,HISSAR,HISSAR - II,Balsamand,29.075,75.49166667,2021-01-10 00:00:00,14.4,13.81,0.59
HISAR,HISSAR,HISSAR - II,Balsamand,29.075,75.49166667,2021-08-31 06:00:00,17.49,13.53,3.96
HISAR,HISSAR,HISSAR - II,Balsamand,29.075,75.49166667,2021-11-30 06:00:00,13.02,14.95,1.93
HISAR,HISSAR,HISSAR - II,Balsamand,29.075,75.49166667,2022-01-30 07:00:00,13.31,13.81,0.5
HISAR,HISSAR,HISSAR - II,Balsamand,29.075,75.49166667,2022-05-20 06:00:00,13.95,13.96,0.01
HISAR,HISSAR,HISSAR - II,Balsamand,29.075,75.49166667,2022-08-01 06:00:00,13.64,13.53,0.11
HISAR,HISSAR,HISSAR - II,Balsamand,29.075,75.49166667,2022-11-01 06:00:00,12.86,14.95,2.09
HISAR,HISSAR,HISSAR - II,Balsamand,29.075,75.49166667,2023-01-01 00:00:00,12.9,13.81,0.91
HISAR,HISSAR,HISSAR - II,Balsamand,29.075,75.49166667,2023-06-01 00:00:00,12.55,13.96,1.41
HISAR,HISSAR,HISSAR - II,Balsamand,29.075,75.49166667,2023-08-20 00:00:00,12.86,13.53,0.67
HISAR,HISSAR,HISSAR - II,Balsamand,29.075,75.49166667,2023-11-01 00:00:00,12.72,14.95,2.23
HISAR,HISSAR,HISSAR - II,Balsamand,29.075,75.49166667,2024-01-01 00:00:00,12.61,13.81,1.2
HISAR,HISSAR,HISSAR - II,Balsamand-Pz,29.33888889,75.5,2021-01-10 00:00:00,17.25,15.77,1.48
HISAR,HISSAR,HISSAR - II,Balsamand-Pz,29.33888889,75.5,2021-08-31 06:00:00,16.57,15.7,0.87
HISAR,HISSAR,HISSAR - II,Balsamand-Pz,29.33888889,75.5,2021-11-30 06:00:00,15.67,9.64,6.03
HISAR,HISSAR,HISSAR - II,Balsamand-Pz,29.33888889,75.5,2022-01-30 07:00:00,15.04,15.77,0.73
HISAR,HISSAR,HISSAR - II,Balsamand-Pz,29.33888889,75.5,2022-05-20 06:00:00,15.2,15.32,0.12
HISAR,HISSAR,HISSAR - II,Balsamand-Pz,29.33888889,75.5,2022-08-01 06:00:00,14.85,15.7,0.85
HISAR,HISSAR,HISSAR - II,Balsamand-Pz,29.33888889,75.5,2023-01-01 00:00:00,15.2,15.77,0.57
HISAR,HISSAR,HISSAR - II,Balsamand-Pz,29.33888889,75.5,2023-06-01 00:00:00,14.63,15.32,0.69
HISAR,HISSAR,HISSAR - II,Balsamand-Pz,29.33888889,75.5,2023-08-20 00:00:00,14.66,15.7,1.04
HISAR,HISSAR,HISSAR - II,Balsamand-Pz,29.33888889,75.5,2023-11-01 00:00:00,12.7,9.64,3.06
HISAR,HISSAR,HISSAR - II,Chawdhariwas,29.00833333,75.6,2021-01-10 00:00:00,9.78,12.24,2.46
HISAR,HISSAR,HISSAR - II,Chawdhariwas,29.00833333,75.6,2021-08-31 06:00:00,12.95,7.69,5.26
HISAR,HISSAR,HISSAR - II,Chawdhariwas,29.00833333,75.6,2021-11-30 06:00:00,8.9,13.12,4.22
HISAR,HISSAR,HISSAR - II,Chawdhariwas,29.00833333,75.6,2022-01-30 07:00:00,9.99,12.24,2.25
HISAR,HISSAR,HISSAR - II,Chawdhariwas,29.00833333,75.6,2022-05-20 06:00:00,10.57,12.49,1.92
HISAR,HISSAR,HISSAR - II,Chawdhariwas,29.00833333,75.6,2022-08-01 06:00:00,8.48,7.69,0.79
HISAR,HISSAR,HISSAR - II,Chawdhariwas,29.00833333,75.6,2022-11-01 06:00:00,8.88,13.12,4.24
HISAR,HISSAR,HISSAR - II,Chawdhariwas,29.00833333,75.6,2023-01-01 00:00:00,8.68,12.24,3.56
HISAR,HISSAR,HISSAR - II,Chawdhariwas,29.00833333,75.6,2023-06-01 00:00:00,8.7,12.69,3.99
HISAR,HISSAR,HISSAR - II,Chawdhariwas,29.00833333,75.6,2023-08-20 00:00:00,8.65,7.69,0.96
HISAR,HISSAR,HISSAR - II,Deva-DW,29.06944444,75.675,2022-05-20 06:00:00,6.7,4.27,2.43
HISAR,HISSAR,HISSAR - II,Narnaud S,29.11666667,75.56666667,2022-05-20 06:00:00,16.35,15.37,0.98
HISAR,HISSAR,HISSAR - II,Narnaud S,29.11666667,75.56666667,2023-06-01 00:00:00,14.45,15.36,0.91
HISAR,HISSAR,HISSAR - II,Narnaud S,29.11666667,75.56666667,2023-08-20 00:00:00,15.22,15.45,0.23
HISAR,HISSAR,HISSAR - II,Narnaud S,29.11666667,75.56666667,2023-11-01 00:00:00,16.6,22.32,5.72
HISAR,HISSAR,UKLANA,Sohu,29.49861111,75.83333333,2021-01-10 00:00:00,3.94,5.52,1.58
HISAR,HISSAR,UKLANA,Sohu,29.49861111,75.83333333,2021-08-31 06:00:00,6.43,4.71,1.72
HISAR,HISSAR,UKLANA,Sohu,29.49861111,75.83333333,2021-11-30 06:00:00,4.63,6.11,1.48
HISAR,HISSAR,UKLANA,Sohu,29.49861111,75.83333333,2022-01-30 07:00:00,3.61,5.52,1.91
HISAR,HISSAR,UKLANA,Sohu,29.49861111,75.83333333,2022-05-20 06:00:00,4.25,5.63,1.38
HISAR,HISSAR,UKLANA,Sohu,29.49861111,75.83333333,2022-08-01 06:00:00,0.04,4.71,4.67
HISAR,HISSAR,UKLANA,Sohu,29.49861111,75.83333333,2023-01-01 00:00:00,0.09,5.52,5.43
HISAR,HISSAR,UKLANA,Sohu,29.49861111,75.83333333,2023-06-01 00:00:00,2.11,5.37,3.26
HISAR,HISSAR,UKLANA,Sohu,29.49861111,75.83333333,2023-08-20 00:00:00,2.37,4.71,2.34
HISAR,HISSAR,UKLANA,Sohu,29.49861111,75.83333333,2023-11-01 00:00:00,2.73,6.11,3.38
HISAR,HISSAR,UKLANA,Sohu,29.49861111,75.83333333,2024-01-01 00:00:00,3.07,5.52,2.45
HISAR,HISSAR,UKLANA,Uklana,29.50833333,75.87916667,2022-05-20 06:00:00,13.5,7.04,6.46
HISAR,HISSAR,UKLANA,Uklana Mandi-Pz,29.50833333,75.85833333,2021-08-31 06:00:00,14.71,13.5,1.21
HISAR,HISSAR,UKLANA,Uklana Mandi-Pz,29.50833333,75.85833333,2021-11-30 06:00:00,13.79,14.86,1.07
HISAR,HISSAR,UKLANA,Uklana Mandi-Pz,29.50833333,75.85833333,2022-01-30 07:00:00,12.56,13.94,1.38
HISAR,HISSAR,UKLANA,Uklana Mandi-Pz,29.50833333,75.85833333,2022-05-20 06:00:00,14.2,13.9,0.3
HISAR,HISSAR,UKLANA,Uklana Mandi-Pz,29.50833333,75.85833333,2022-08-01 06:00:00,12.32,13.5,1.18
HISAR,HISSAR,UKLANA,Uklana Mandi-Pz,29.50833333,75.85833333,2022-11-01 06:00:00,21.85,14.86,6.99
HISAR,HISSAR,UKLANA,Uklana Mandi-Pz,29.50833333,75.85833333,2023-06-01 00:00:00,11.21,13.89,2.68
HISAR,HISSAR,UKLANA,Uklana Mandi-Pz,29.50833333,75.85833333,2023-08-20 00:00:00,10.78,13.5,2.72
HISAR,HISSAR,UKLANA,Uklana Mandi-Pz,29.50833333,75.85833333,2023-11-01 00:00:00,12.36,14.86,2.5
HISAR,HISSAR,UKLANA,Uklana Mandi-Pz,29.50833333,75.85833333,2024-01-01 00:00:00,11.9,13.94,2.04
HISAR,NARNAUD,-,Haryana HISAR NARNAUD Alipur Kharar (D),29.63135,76.224283,2023-08-20 00:00:00,10.84,11.02,0.18
HISAR,NARNAUD,-,Haryana HISAR NARNAUD Alipur Kharar (D),29.63135,76.224283,2024-01-01 00:00:00,11.39,10.34,1.05
HISAR,NARNAUD,NARNAUD,Kherijalab,29.325,76.0875,2021-08-31 06:00:00,8.7,12.66,3.96
HISAR,NARNAUD,NARNAUD,Kherijalab,29.325,76.0875,2021-11-30 06:00:00,7.36,9.77,2.41
HISAR,NARNAUD,NARNAUD,Kherijalab,29.325,76.0875,2022-05-20 06:00:00,8.6,10.32,1.72
HISAR,NARNAUD,NARNAUD,Kherijalab,29.325,76.0875,2022-08-01 06:00:00,5.58,12.66,7.08
HISAR,NARNAUD,NARNAUD,Kherijalab,29.325,76.0875,2022-11-01 06:00:00,6.05,9.77,3.72
HISAR,NARNAUD,NARNAUD,Kherijalab-Pz,29.34166667,76.08333333,2021-01-10 00:00:00,8.0,10.41,2.41
HISAR,NARNAUD,NARNAUD,Kherijalab-Pz,29.34166667,76.08333333,2022-01-30 07:00:00,7.25,10.41,3.16
HISAR,NARNAUD,NARNAUD,Kherijalab-Pz,29.34166667,76.08333333,2022-05-20 06:00:00,8.4,10.32,1.92
HISAR,NARNAUD,NARNAUD,Kherijalab-Pz,29.34166667,76.08333333,2023-01-01 00:00:00,5.9,10.41,4.51
HISAR,NARNAUD,NARNAUD,Kherijalab-Pz,29.34166667,76.08333333,2023-06-01 00:00:00,5.92,10.37,4.45
HISAR,NARNAUD,NARNAUD,Kherijalab-Pz,29.34166667,76.08333333,2023-08-20 00:00:00,4.88,10.3,5.42
HISAR,NARNAUD,NARNAUD,Kherijalab-Pz,29.34166667,76.08333333,2023-11-01 00:00:00,5.97,10.29,4.32
HISAR,NARNAUD,NARNAUD,Kherijalab-Pz,29.34166667,76.08333333,2024-01-01 00:00:00,6.12,10.41,4.29
HISAR,NARNAUD,NARNAUD,Khotkalan,29.3875,76.175,2021-01-10 00:00:00,13.43,12.89,0.54
HISAR,NARNAUD,NARNAUD,Khotkalan,29.3875,76.175,2021-08-31 06:00:00,15.7,13.96,1.74
HISAR,NARNAUD,NARNAUD,Khotkalan,29.3875,76.175,2021-11-30 06:00:00,16.89,14.83,2.06
HISAR,NARNAUD,NARNAUD,Khotkalan,29.3875,76.175,2022-01-30 07:00:00,12.44,12.89,0.45
HISAR,NARNAUD,NARNAUD,Khotkalan,29.3875,76.175,2022-05-20 06:00:00,13.6,13.83,0.23
HISAR,NARNAUD,NARNAUD,Khotkalan,29.3875,76.175,2022-08-01 06:00:00,9.23,13.96,4.73
HISAR,NARNAUD,NARNAUD,Khotkalan,29.3875,76.175,2022-11-01 06:00:00,11.63,14.83,3.2
HISAR,NARNAUD,NARNAUD,Khotkalan,29.3875,76.175,2023-01-01 00:00:00,12.48,12.89,0.41
HISAR,NARNAUD,NARNAUD,Khotkalan,29.3875,76.175,2023-08-20 00:00:00,12.89,13.96,1.07
HISAR,NARNAUD,NARNAUD,Khotkalan,29.3875,76.175,2023-11-01 00:00:00,12.41,14.83,2.42
HISAR,NARNAUD,NARNAUD,Khotkalan,29.3875,76.175,2024-01-01 00:00:00,12.81,12.89,0.08
HISAR,NARNAUD,NARNAUD,Pali-DW,29.17083333,76.08055556,2022-05-20 06:00:00,10.97,13.14,2.17
HISAR,NARNAUD,NARNAUD,Petwar-DW,29.16944444,76.16388889,2022-05-20 06:00:00,7.2,6.17,1.03
HISAR,NARNAUD,NARNAUD,Rajthal,29.25833333,76.1875,2023-01-01 00:00:00,23.49,6.41,17.08
HISAR,NARNAUD,NARNAUD,Rajthal1,29.25833333,76.1875,2022-05-20 06:00:00,15.1,23.42,8.32
HISAR,NARNAUD,NARNAUD,Rajthal1,29.25833333,76.1875,2023-06-01 00:00:00,21.84,23.48,1.64
JHAJJAR,-,-,Haryana JHAJJAR BAHADURGARH Gabhana,28.605127,76.8384,2023-11-01 00:00:00,2.6,6.86,4.26
JHAJJAR,-,-,Haryana JHAJJAR BAHADURGARH Gabhana,28.605127,76.8384,2024-01-01 00:00:00,2.05,5.98,3.93
JHAJJAR,BERI,BERI,Bagoa,28.67222222,76.43055556,2021-01-10 00:00:00,1.57,2.05,0.48
JHAJJAR,BERI,BERI,Bagoa,28.67222222,76.43055556,2021-08-31 06:00:00,2.4,1.68,0.72
JHAJJAR,BERI,BERI,Bagoa,28.67222222,76.43055556,2022-01-30 07:00:00,1.35,2.05,0.7
JHAJJAR,BERI,BERI,Bagoa,28.67222222,76.43055556,2022-05-20 06:00:00,1.92,2.5,0.58
JHAJJAR,BERI,BERI,Bagoa,28.67222222,76.43055556,2022-08-01 06:00:00,1.47,1.68,0.21
JHAJJAR,BERI,BERI,Bagoa,28.67222222,76.43055556,2022-11-01 06:00:00,1.7,2.66,0.96
JHAJJAR,BERI,BERI,Bagoa,28.67222222,76.43055556,2023-01-01 00:00:00,1.75,2.05,0.3
JHAJJAR,BERI,BERI,Bagoa,28.67222222,76.43055556,2023-08-20 00:00:00,2.83,1.68,1.15
JHAJJAR,BERI,BERI,Bagoa,28.67222222,76.43055556,2023-11-01 00:00:00,3.0,2.66,0.34
JHAJJAR,BERI,BERI,Bagoa,28.67222222,76.43055556,2024-01-01 00:00:00,2.52,2.05,0.47
JHAJJAR,BERI,BERI,Beri,28.71111111,76.58194444,2022-05-20 06:00:00,1.0,2.76,1.76
JHAJJAR,BERI,BERI,Chamanpura,28.69583333,76.63333333,2022-01-30 07:00:00,2.0,2.5,0.5
JHAJJAR,BERI,BERI,Chamanpura,28.69583333,76.63333333,2022-05-20 06:00:00,2.0,3.27,1.27
JHAJJAR,BERI,BERI,Chamanpura,28.69583333,76.63333333,2022-11-01 06:00:00,1.0,14.09,13.09
JHAJJAR,BERI,BERI,Dighal,28.7625,76.63055556,2022-05-20 06:00:00,1.99,2.58,0.59
JHAJJAR,BERI,BERI,Dubhaldhan,28.7,76.49444444,2021-01-10 00:00:00,3.85,4.16,0.31
JHAJJAR,BERI,BERI,Dubhaldhan,28.7,76.49444444,2021-08-31 06:00:00,4.65,2.78,1.87
JHAJJAR,BERI,BERI,Dubhaldhan,28.7,76.49444444,2022-01-30 07:00:00,3.05,4.16,1.11
JHAJJAR,BERI,BERI,Dubhaldhan,28.7,76.49444444,2022-05-20 06:00:00,2.23,4.7,2.47
JHAJJAR,BERI,BERI,Dubhaldhan,28.7,76.49444444,2022-08-01 06:00:00,2.7,2.78,0.08
JHAJJAR,BERI,BERI,Dubhaldhan,28.7,76.49444444,2023-01-01 00:00:00,2.6,4.16,1.56
JHAJJAR,BERI,BERI,Dubhaldhan,28.7,76.49444444,2023-08-20 00:00:00,1.61,2.78,1.17
JHAJJAR,BERI,BERI,Dubhaldhan,28.7,76.49444444,2023-11-01 00:00:00,2.15,4.23,2.08
JHAJJAR,BERI,BERI,Dubhaldhan,28.7,76.49444444,2024-01-01 00:00:00,2.9,4.16,1.26
JHAJJAR,BERI,BERI,Lakeria- DW,28.73472222,76.94111111,2022-05-20 06:00:00,3.3,2.66,0.64
JHAJJAR,BERI,BERI,Majra Deswal,28.66944444,76.47083333,2021-01-10 00:00:00,0.96,1.91,0.95
JHAJJAR,BERI,BERI,Majra Deswal,28.66944444,76.47083333,2022-05-20 06:00:00,2.7,2.36,0.34
JHAJJAR,BERI,BERI,Majra Dubaldhan,28.6725,76.4635,2023-08-20 00:00:00,0.23,3.35,3.12
JHAJJAR,BERI,BERI,Majra Dubaldhan,28.6725,76.4635,2023-11-01 00:00:00,1.0,4.87,3.87
JHAJJAR,BERI,BERI,Majra Dubaldhan,28.6725,76.4635,2024-01-01 00:00:00,0.78,4.13,3.35
JHAJJAR,JHAJJAR,JHAJJAR,Chhara,28.69972222,76.7167,2023-08-20 00:00:00,2.21,5.38,3.17
JHAJJAR,JHAJJAR,JHAJJAR,Chhara,28.69972222,76.7167,2023-11-01 00:00:00,2.68,6.53,3.85
JHAJJAR,JHAJJAR,JHAJJAR,Chhara,28.69972222,76.7167,2024-01-01 00:00:00,2.15,5.94,3.79
JHAJJAR,JHAJJAR,JHAJJAR,Jhajjar,28.61666667,76.65555556,2021-01-10 00:00:00,1.64,2.41,0.77
JHAJJAR,JHAJJAR,JHAJJAR,Jhajjar,28.61666667,76.65555556,2021-08-31 06:00:00,1.38,1.76,0.38
JHAJJAR,JHAJJAR,JHAJJAR,Jhajjar,28.61666667,76.65555556,2022-01-30 07:00:00,0.63,2.41,1.78
JHAJJAR,JHAJJAR,JHAJJAR,Jhajjar,28.61666667,76.65555556,2022-05-20 06:00:00,5.0,2.65,2.35
JHAJJAR,JHAJJAR,JHAJJAR,Jhajjar,28.61666667,76.65555556,2022-08-01 06:00:00,1.24,1.76,0.52
JHAJJAR,JHAJJAR,JHAJJAR,Jhajjar,28.61666667,76.65555556,2023-01-01 00:00:00,1.01,2.41,1.4
JHAJJAR,JHAJJAR,JHAJJAR,Jhajjar,28.61666667,76.65555556,2023-08-20 00:00:00,1.4,1.76,0.36
JHAJJAR,JHAJJAR,JHAJJAR,Jhajjar,28.61666667,76.65555556,2023-11-01 00:00:00,1.42,3.36,1.94
JHAJJAR,JHAJJAR,JHAJJAR,Jhajjar,28.61666667,76.65555556,2024-01-01 00:00:00,1.48,2.41,0.93
JHAJJAR,JHAJJAR,JHAJJAR,Jhajjar1,28.6125,76.65416667,2022-11-01 06:00:00,2.3,4.28,1.98
JHAJJAR,JHAJJAR,JHAJJAR,Kamalgarh-DW,28.62,76.69305556,2022-05-20 06:00:00,4.8,5.75,0.95
JHAJJAR,JHAJJAR,JHAJJAR,Kheri Asra DW,28.66083333,76.7275,2022-05-20 06:00:00,4.0,5.35,1.35
JHAJJAR,JHAJJAR,JHAJJAR,Kulasi,28.77208889,76.9125,2023-08-20 00:00:00,0.1,1.51,1.41
JHAJJAR,JHAJJAR,JHAJJAR,Kulasi,28.77208889,76.9125,2023-11-01 00:00:00,0.35,2.86,2.51
JHAJJAR,JHAJJAR,JHAJJAR,Kulasi,28.77208889,76.9125,2024-01-01 00:00:00,0.47,1.91,1.44
JHAJJAR,JHAJJAR,JHAJJAR,Sankol,28.7019,76.8947,2023-08-20 00:00:00,3.86,1.58,2.28
JHAJJAR,JHAJJAR,JHAJJAR,Sankol,28.7019,76.8947,2023-11-01 00:00:00,3.96,2.94,1.02
JHAJJAR,JHAJJAR,JHAJJAR,Sankol,28.7019,76.8947,2024-01-01 00:00:00,3.21,2.05,1.16
JHAJJAR,JHAJJAR,JHAJJAR,Silana-DW,28.55444444,76.67138889,2022-05-20 06:00:00,1.58,6.5,4.92
JHAJJAR,JHAJJAR,JHAJJAR,Yaqubpur,28.47916667,76.77083333,2022-05-20 06:00:00,3.61,8.41,4.8
JHAJJAR,JHAJJAR,MARWAHI,Lohari- Pz,28.38111111,76.71527778,2022-05-20 06:00:00,13.0,36.42,23.42
JHAJJAR,JHAJJAR,MATANHAIL,Chuchakwas,28.6,76.50833333,2021-01-10 00:00:00,3.46,3.7,0.24
JHAJJAR,JHAJJAR,MATANHAIL,Chuchakwas,28.6,76.50833333,2022-01-30 07:00:00,2.31,3.7,1.39
JHAJJAR,JHAJJAR,MATANHAIL,Chuchakwas,28.6,76.50833333,2022-05-20 06:00:00,3.2,4.27,1.07
JHAJJAR,JHAJJAR,MATANHAIL,Chuchakwas,28.6,76.50833333,2022-08-01 06:00:00,1.71,2.41,0.7
JHAJJAR,JHAJJAR,MATANHAIL,Chuchakwas,28.6,76.50833333,2022-11-01 06:00:00,2.56,4.25,1.69
JHAJJAR,JHAJJAR,MATANHAIL,Chuchakwas,28.6,76.50833333,2023-01-01 00:00:00,1.91,3.7,1.79
JHAJJAR,JHAJJAR,MATANHAIL,Chuchakwas,28.6,76.50833333,2023-11-01 00:00:00,1.71,4.25,2.54
JHAJJAR,JHAJJAR,MATANHAIL,Chuchakwas,28.6,76.50833333,2024-01-01 00:00:00,1.4,3.7,2.3
JHAJJAR,JHAJJAR,MATANHAIL,Goria-DW,28.45277778,76.38694444,2022-05-20 06:00:00,2.15,5.5,3.35
JHAJJAR,JHAJJAR,MATANHAIL,Jharli,28.50277778,76.38055556,2022-05-20 06:00:00,9.35,17.59,8.24
JHAJJAR,JHAJJAR,MATANHAIL,Kaliawas- DW,28.60388889,76.37222222,2022-05-20 06:00:00,1.9,4.07,2.17
JHAJJAR,JHAJJAR,MATANHAIL,Matanhail-Pz,28.57,76.84222222,2022-05-20 06:00:00,1.6,4.18,2.58
JHAJJAR,JHAJJAR,MATANHAIL,Mudsa,28.54583333,76.47916667,2021-01-10 00:00:00,1.24,3.17,1.93
JHAJJAR,JHAJJAR,MATANHAIL,Mudsa,28.54583333,76.47916667,2021-08-31 06:00:00,1.23,2.3,1.07
JHAJJAR,JHAJJAR,MATANHAIL,Mudsa,28.54583333,76.47916667,2022-01-30 07:00:00,1.1,3.17,2.07
JHAJJAR,JHAJJAR,MATANHAIL,Mudsa,28.54583333,76.47916667,2022-05-20 06:00:00,1.64,3.78,2.14
JHAJJAR,JHAJJAR,MATANHAIL,Mudsa,28.54583333,76.47916667,2022-08-01 06:00:00,0.35,2.3,1.95
JHAJJAR,JHAJJAR,MATANHAIL,Mudsa,28.54583333,76.47916667,2022-11-01 06:00:00,1.75,4.62,2.87
JHAJJAR,JHAJJAR,MATANHAIL,Mudsa,28.54583333,76.47916667,2023-01-01 00:00:00,3.75,3.17,0.58
JHAJJAR,JHAJJAR,MATANHAIL,Mudsa,28.54583333,76.47916667,2023-08-20 00:00:00,1.14,2.3,1.16
JHAJJAR,JHAJJAR,MATANHAIL,Mudsa,28.54583333,76.47916667,2023-11-01 00:00:00,1.5,4.62,3.12
JHAJJAR,JHAJJAR,MATANHAIL,Mudsa,28.54583333,76.47916667,2024-01-01 00:00:00,1.55,3.17,1.62
JHAJJAR,JHAJJAR,SAHLAWAS,Bhurawas-Pz,28.45472222,76.47666667,2022-05-20 06:00:00,1.55,3.73,2.18
JHAJJAR,JHAJJAR,SAHLAWAS,Salawas,28.45416667,76.475,2021-08-31 06:00:00,4.44,5.11,0.67
JHAJJAR,JHAJJAR,SAHLAWAS,Salawas,28.45416667,76.475,2022-01-30 07:00:00,1.06,6.35,5.29
JHAJJAR,JHAJJAR,SAHLAWAS,Salawas,28.45416667,76.475,2022-05-20 06:00:00,3.01,6.9,3.89
JHAJJAR,JHAJJAR,SAHLAWAS,Salawas,28.45416667,76.475,2023-01-01 00:00:00,2.59,6.35,3.76
JHAJJAR,JHAJJAR,SAHLAWAS,Salawas,28.45416667,76.475,2024-01-01 00:00:00,2.27,6.35,4.08
JHAJJAR,JHAJJAR,SAHLAWAS,Salhawas,28.45416667,76.475,2023-08-20 00:00:00,2.16,5.75,3.59
JHAJJAR,JHAJJAR,SAHLAWAS,Salhawas,28.45416667,76.475,2023-11-01 00:00:00,2.38,7.8,5.42
JHAJJAR,JHAJJAR,SAHLAWAS,Subnah,28.46944444,76.57222222,2021-01-10 00:00:00,1.79,4.41,2.62
JHAJJAR,JHAJJAR,SAHLAWAS,Subnah,28.46944444,76.57222222,2021-08-31 06:00:00,2.63,3.81,1.18
JHAJJAR,JHAJJAR,SAHLAWAS,Subnah,28.46944444,76.57222222,2022-01-30 07:00:00,1.29,4.41,3.12
JHAJJAR,JHAJJAR,SAHLAWAS,Subnah,28.46944444,76.57222222,2022-05-20 06:00:00,1.84,4.81,2.97
JHAJJAR,JHAJJAR,SAHLAWAS,Subnah,28.46944444,76.57222222,2022-08-01 06:00:00,0.95,3.81,2.86
JHAJJAR,JHAJJAR,SAHLAWAS,Subnah,28.46944444,76.57222222,2022-11-01 06:00:00,0.69,6.21,5.52
JHAJJAR,JHAJJAR,SAHLAWAS,Subnah,28.46944444,76.57222222,2023-01-01 00:00:00,0.91,4.41,3.5
JHAJJAR,JHAJJAR,SAHLAWAS,Subnah,28.46944444,76.57222222,2023-08-20 00:00:00,0.94,3.81,2.87
JHAJJAR,JHAJJAR,SAHLAWAS,Subnah,28.46944444,76.57222222,2023-11-01 00:00:00,2.08,6.21,4.13
JHAJJAR,JHAJJAR,SAHLAWAS,Subnah,28.46944444,76.57222222,2024-01-01 00:00:00,1.99,4.41,2.42
JIND,-,-,Haryana JIND UCHANA Karsola-D,29.149924,76.413297,2023-08-20 00:00:00,3.28,6.06,2.78
JIND,-,-,Haryana JIND UCHANA Karsola-M,29.149924,76.413297,2023-08-20 00:00:00,1.82,6.06,4.24
JIND,-,-,Haryana JIND UCHANA Karsola-S,29.149924,76.413297,2023-08-20 00:00:00,1.79,6.06,4.27
JIND,JIND,-,JULANA_1,29.123,76.4013,2022-10-01 00:00:00,3.0,11.84,8.84
JIND,JIND,-,JULANA_1,29.123,76.4013,2023-08-20 00:00:00,2.3,11.78,9.48
JIND,JIND,-,JULANA_1,29.123,76.4013,2024-01-01 00:00:00,2.84,12.37,9.53
JIND,JIND,ALEWA,Alewa,29.47083333,76.45416667,2021-08-31 06:00:00,42.42,34.01,8.41
JIND,JIND,ALEWA,Alewa,29.47083333,76.45416667,2022-05-20 06:00:00,43.0,37.25,5.75
JIND,JIND,ALEWA,Alewa,29.47083333,76.45416667,2022-08-01 06:00:00,41.3,34.01,7.29
JIND,JIND,ALEWA,Alewa,29.47083333,76.45416667,2022-10-01 00:00:00,40.37,48.42,8.05
JIND,JIND,ALEWA,Alewa,29.47083333,76.45416667,2022-11-01 06:00:00,42.77,35.17,7.6
JIND,JIND,ALEWA,Alewa Pz,29.48055556,76.45,2021-01-10 00:00:00,40.44,37.98,2.46
JIND,JIND,ALEWA,Alewa Pz,29.48055556,76.45,2022-01-30 07:00:00,40.55,37.98,2.57
JIND,JIND,ALEWA,Alewa Pz,29.48055556,76.45,2022-05-20 06:00:00,38.35,37.25,1.1
JIND,JIND,ALEWA,Alewa Pz,29.48055556,76.45,2023-08-20 00:00:00,42.76,39.63,3.13
JIND,JIND,ALEWA,Alewa Pz,29.48055556,76.45,2023-11-01 00:00:00,43.3,45.73,2.43
JIND,JIND,ALEWA,Alewa Pz,29.48055556,76.45,2024-01-01 00:00:00,42.21,37.98,4.23
JIND,JIND,ALEWA,Dorana Pz,29.51861111,76.48194444,2021-01-10 00:00:00,30.73,31.61,0.88
JIND,JIND,ALEWA,Dorana Pz,29.51861111,76.48194444,2022-01-30 07:00:00,29.4,31.61,2.21
JIND,JIND,ALEWA,Dorana Pz,29.51861111,76.48194444,2022-05-20 06:00:00,27.25,28.82,1.57
JIND,JIND,ALEWA,Dorana Pz,29.51861111,76.48194444,2022-08-01 06:00:00,29.7,35.58,5.88
JIND,JIND,ALEWA,Dorana Pz,29.51861111,76.48194444,2022-10-01 00:00:00,29.5,32.38,2.88
JIND,JIND,ALEWA,Dorana Pz,29.51861111,76.48194444,2022-11-01 06:00:00,28.46,38.65,10.19
JIND,JIND,ALEWA,Dorana Pz,29.51861111,76.48194444,2023-08-20 00:00:00,31.26,35.58,4.32
JIND,JIND,ALEWA,Dorana Pz,29.51861111,76.48194444,2023-11-01 00:00:00,31.4,38.65,7.25
JIND,JIND,ALEWA,Dorana Pz,29.51861111,76.48194444,2024-01-01 00:00:00,30.37,31.61,1.24
JIND,JIND,ALEWA,Hasanpur-Pz,29.45,76.4,2022-05-20 06:00:00,38.95,26.6,12.35
JIND,JIND,JIND,Atikrishna1(s),29.2875,76.33888889,2021-01-10 00:00:00,26.38,18.46,7.92
JIND,JIND,JIND,Atikrishna1(s),29.2875,76.33888889,2022-11-01 06:00:00,20.18,28.53,8.35
JIND,JIND,JIND,Atikrishna2(m),29.2875,76.33888889,2022-11-01 06:00:00,20.78,26.8,6.02
JIND,JIND,JIND,Bibipur-OW,29.24694444,76.27583333,2022-05-20 06:00:00,16.8,16.99,0.19
JIND,JIND,JIND,Chhabri,29.26666667,76.45833333,2021-01-10 00:00:00,3.73,4.13,0.4
JIND,JIND,JIND,Chhabri,29.26666667,76.45833333,2021-08-31 06:00:00,2.46,2.4,0.06
JIND,JIND,JIND,Chhabri,29.26666667,76.45833333,2022-01-30 07:00:00,1.73,4.13,2.4
JIND,JIND,JIND,Chhabri,29.26666667,76.45833333,2022-05-20 06:00:00,4.08,5.61,1.53
JIND,JIND,JIND,Chhabri,29.26666667,76.45833333,2022-08-01 06:00:00,3.91,2.4,1.51
JIND,JIND,JIND,Chhabri,29.26666667,76.45833333,2022-10-01 00:00:00,1.2,2.73,1.53
JIND,JIND,JIND,Chhabri,29.26666667,76.45833333,2022-11-01 06:00:00,1.63,3.72,2.09
JIND,JIND,JIND,Chhabri,29.26666667,76.45833333,2023-08-20 00:00:00,0.53,2.4,1.87
JIND,JIND,JIND,Chhabri,29.26666667,76.45833333,2023-11-01 00:00:00,1.27,3.72,2.45
JIND,JIND,JIND,Chhabri,29.26666667,76.45833333,2024-01-01 00:00:00,1.2,4.13,2.93
JIND,JIND,JIND,Igra,29.22083333,76.24861111,2022-05-20 06:00:00,13.5,13.87,0.37
JIND,JIND,JIND,Jhanj Kalan,29.375,76.275,2022-05-20 06:00:00,19.67,15.33,4.34
JIND,JIND,JIND,Jind-Pz,29.32138889,76.30694444,2022-05-20 06:00:00,26.8,26.48,0.32
JIND,JIND,JIND,Julana-DW,29.47694444,76.27194444,2022-05-20 06:00:00,3.09,9.1,6.01
JIND,JIND,JIND,Julana-DW,29.47694444,76.27194444,2022-11-01 06:00:00,3.27,9.87,6.6
JIND,JIND,JIND,Kandela-Pz,29.38138889,76.33416667,2022-05-20 06:00:00,35.9,27.54,8.36
JIND,JIND,JIND,Rajpura-Pz,29.29416667,76.22416667,2022-05-20 06:00:00,23.3,21.28,2.02
JIND,JULANA,-,Karsola-D_1,29.148333,76.413611,2022-10-01 00:00:00,3.28,7.12,3.84
JIND,JULANA,-,Karsola-D_1,29.148333,76.413611,2023-11-01 00:00:00,55.44,8.36,47.08
JIND,JULANA,-,Karsola-M,29.148333,76.413611,2022-10-01 00:00:00,1.8,7.12,5.32
JIND,JULANA,-,Karsola-M,29.148333,76.413611,2023-11-01 00:00:00,2.67,8.36,5.69
JIND,JULANA,-,Karsola-M,29.148333,76.413611,2024-01-01 00:00:00,2.19,7.48,5.29
JIND,JULANA,-,Karsola-S,29.148333,76.413611,2022-10-01 00:00:00,1.78,7.12,5.34
JIND,JULANA,-,Karsola-S,29.148333,76.413611,2023-11-01 00:00:00,48.89,8.36,40.53
JIND,JULANA,JULANA,Brahmanwas,29.13333333,76.40833333,2021-01-10 00:00:00,6.35,7.44,1.09
JIND,JULANA,JULANA,Brahmanwas,29.13333333,76.40833333,2021-08-31 06:00:00,7.02,6.67,0.35
JIND,JULANA,JULANA,Brahmanwas,29.13333333,76.40833333,2022-01-30 07:00:00,1.0,7.44,6.44
JIND,JULANA,JULANA,Brahmanwas,29.13333333,76.40833333,2022-05-20 06:00:00,2.65,9.8,7.15
JIND,JULANA,JULANA,Brahmanwas,29.13333333,76.40833333,2022-08-01 06:00:00,0.67,6.67,6.0
JIND,JULANA,JULANA,Brahmanwas,29.13333333,76.40833333,2022-10-01 00:00:00,1.11,8.19,7.08
JIND,JULANA,JULANA,Brahmanwas,29.13333333,76.40833333,2022-11-01 06:00:00,1.78,6.96,5.18
JIND,JULANA,JULANA,Brahmanwas,29.13333333,76.40833333,2023-08-20 00:00:00,0.71,6.67,5.96
JIND,JULANA,JULANA,Brahmanwas,29.13333333,76.40833333,2023-11-01 00:00:00,1.95,6.96,5.01
JIND,JULANA,JULANA,Brahmanwas,29.13333333,76.40833333,2024-01-01 00:00:00,1.38,7.44,6.06
JIND,JULANA,JULANA,Dhigana-DW,29.22361111,76.44333333,2022-05-20 06:00:00,2.0,4.4,2.4
JIND,JULANA,JULANA,Jhamula,29.13888889,76.33888889,2021-01-10 00:00:00,2.96,3.96,1.0
JIND,JULANA,JULANA,Jhamula,29.13888889,76.33888889,2021-08-31 06:00:00,4.01,2.74,1.27
JIND,JULANA,JULANA,Jhamula,29.13888889,76.33888889,2022-01-30 07:00:00,1.83,3.96,2.13
JIND,JULANA,JULANA,Jhamula,29.13888889,76.33888889,2022-05-20 06:00:00,3.32,4.71,1.39
JIND,JULANA,JULANA,Jhamula,29.13888889,76.33888889,2022-08-01 06:00:00,3.17,2.74,0.43
JIND,JULANA,JULANA,Jhamula,29.13888889,76.33888889,2022-10-01 00:00:00,2.17,2.64,0.47
JIND,JULANA,JULANA,Jhamula,29.13888889,76.33888889,2022-11-01 06:00:00,2.23,3.77,1.54
JIND,JULANA,JULANA,Julana Pz,29.125,76.40833333,2021-01-10 00:00:00,5.96,6.04,0.08
JIND,JULANA,JULANA,Julana Pz,29.125,76.40833333,2021-08-31 06:00:00,6.57,5.33,1.24
JIND,JULANA,JULANA,Julana Pz,29.125,76.40833333,2022-01-30 07:00:00,4.45,6.04,1.59
JIND,JULANA,JULANA,Julana Pz,29.125,76.40833333,2022-05-20 06:00:00,2.8,6.83,4.03
JIND,JULANA,JULANA,Julana Pz,29.125,76.40833333,2022-08-01 06:00:00,3.6,5.33,1.73
JIND,JULANA,JULANA,Julana Pz,29.125,76.40833333,2023-11-01 00:00:00,2.77,6.33,3.56
JIND,JULANA,JULANA,Karela-DW,29.13611111,76.325,2022-05-20 06:00:00,2.5,5.37,2.87
JIND,JULANA,JULANA,Karsola-DW,29.13916667,76.41416667,2022-05-20 06:00:00,2.7,4.26,1.56
JIND,JULANA,JULANA,Lajwana Kalan,29.14722222,76.46666667,2022-05-20 06:00:00,2.6,15.6,13.0
JIND,NARWANA,NARWANA,Bhana Barahman-DW,29.81666667,76.20833333,2022-05-20 06:00:00,7.7,9.05,1.35
JIND,NARWANA,NARWANA,Danaudakalan,29.52222222,76.00138889,2022-05-20 06:00:00,5.63,5.79,0.16
JIND,NARWANA,NARWANA,Danoda Khurd-Pz,29.53194444,75.9875,2022-05-20 06:00:00,4.48,6.12,1.64
JIND,NARWANA,NARWANA,Dhandauli Pz,29.8125,76.15,2021-01-10 00:00:00,50.31,47.48,2.83
JIND,NARWANA,NARWANA,Dhandauli Pz,29.8125,76.15,2022-01-30 07:00:00,51.2,47.48,3.72
JIND,NARWANA,NARWANA,Dhandauli Pz,29.8125,76.15,2022-05-20 06:00:00,50.27,39.77,10.5
JIND,NARWANA,NARWANA,Dhandauli Pz,29.8125,76.15,2022-08-01 06:00:00,51.3,48.66,2.64
JIND,NARWANA,NARWANA,Dhandauli Pz,29.8125,76.15,2022-10-01 00:00:00,52.11,48.6,3.51
JIND,NARWANA,NARWANA,Dhandauli Pz,29.8125,76.15,2022-11-01 06:00:00,53.07,48.96,4.11
JIND,NARWANA,NARWANA,Dhandauli Pz,29.8125,76.15,2023-08-20 00:00:00,50.0,48.66,1.34
JIND,NARWANA,NARWANA,Dhandauli Pz,29.8125,76.15,2023-11-01 00:00:00,53.95,48.96,4.99
JIND,NARWANA,NARWANA,Dhandauli Pz,29.8125,76.15,2024-01-01 00:00:00,52.89,47.48,5.41
JIND,NARWANA,NARWANA,Gurusar-DW,29.75722222,76.11027778,2022-05-20 06:00:00,12.3,8.07,4.23
JIND,NARWANA,NARWANA,Kalwan,29.70555556,75.97222222,2022-05-20 06:00:00,3.8,23.4,19.6
JIND,NARWANA,NARWANA,Kalwan-Pz,29.70611111,75.96416667,2022-05-20 06:00:00,27.28,23.4,3.88
JIND,NARWANA,NARWANA,Kharwal,29.61388889,75.96527778,2022-05-20 06:00:00,15.2,15.45,0.25
JIND,NARWANA,NARWANA,Korar,29.72916667,76.04166667,2021-01-10 00:00:00,16.42,14.94,1.48
JIND,NARWANA,NARWANA,Korar,29.72916667,76.04166667,2022-05-20 06:00:00,13.61,14.4,0.79
JIND,NARWANA,NARWANA,Mohal Khera Pz,29.63611111,76.13055556,2021-01-10 00:00:00,6.58,7.51,0.93
JIND,NARWANA,NARWANA,Mohal Khera Pz,29.63611111,76.13055556,2021-08-31 06:00:00,6.7,5.75,0.95
JIND,NARWANA,NARWANA,Mohal Khera Pz,29.63611111,76.13055556,2022-01-30 07:00:00,5.18,7.51,2.33
JIND,NARWANA,NARWANA,Mohal Khera Pz,29.63611111,76.13055556,2022-05-20 06:00:00,7.58,7.51,0.07
JIND,NARWANA,NARWANA,Mohal Khera Pz,29.63611111,76.13055556,2022-08-01 06:00:00,4.54,5.75,1.21
JIND,NARWANA,NARWANA,Mohal Khera Pz,29.63611111,76.13055556,2022-10-01 00:00:00,5.42,6.22,0.8
JIND,NARWANA,NARWANA,Mohal Khera Pz,29.63611111,76.13055556,2022-11-01 06:00:00,4.5,7.07,2.57
JIND,NARWANA,NARWANA,Narwana S,29.6,76.125,2022-05-20 06:00:00,4.0,4.63,0.63
JIND,NARWANA,NARWANA,Pipaltha-Pz,29.75722222,76.11027778,2022-05-20 06:00:00,35.42,31.81,3.61
JIND,NARWANA,NARWANA,Rasidan Pz,29.72777778,76.03333333,2022-05-20 06:00:00,33.12,33.96,0.84
JIND,NARWANA,NARWANA,Sanchakhera,29.55416667,76.05,2022-05-20 06:00:00,5.4,5.38,0.02
JIND,NARWANA,UCHANA,Baroda,29.43888889,76.18888889,2021-01-10 00:00:00,19.0,18.51,0.49
JIND,NARWANA,UCHANA,Baroda,29.43888889,76.18888889,2021-08-31 06:00:00,20.79,18.5,2.29
JIND,NARWANA,UCHANA,Baroda,29.43888889,76.18888889,2022-01-30 07:00:00,17.05,18.51,1.46
JIND,NARWANA,UCHANA,Baroda,29.43888889,76.18888889,2022-05-20 06:00:00,17.4,18.09,0.69
JIND,NARWANA,UCHANA,Baroda,29.43888889,76.18888889,2022-08-01 06:00:00,18.38,18.5,0.12
JIND,NARWANA,UCHANA,Baroda,29.43888889,76.18888889,2022-10-01 00:00:00,17.28,18.76,1.48
JIND,NARWANA,UCHANA,Baroda,29.43888889,76.18888889,2022-11-01 06:00:00,17.89,20.74,2.85
JIND,NARWANA,UCHANA,Baroda,29.43888889,76.18888889,2024-01-01 00:00:00,17.76,18.51,0.75
JIND,NARWANA,UCHANA,Bhongra-Dw,29.43666667,76.15111111,2022-05-20 06:00:00,18.34,16.66,1.68
JIND,NARWANA,UCHANA,Ganda Khera-DW,29.51333333,76.24333333,2022-05-20 06:00:00,17.92,16.44,1.48
JIND,NARWANA,UCHANA,Ghaso,29.52222222,76.15277778,2021-01-10 00:00:00,15.17,14.53,0.64
JIND,NARWANA,UCHANA,Ghaso,29.52222222,76.15277778,2021-08-31 06:00:00,16.16,15.8,0.36
JIND,NARWANA,UCHANA,Ghaso,29.52222222,76.15277778,2022-01-30 07:00:00,14.5,14.53,0.03
JIND,NARWANA,UCHANA,Ghaso,29.52222222,76.15277778,2022-05-20 06:00:00,14.2,8.41,5.79
JIND,NARWANA,UCHANA,Ghaso,29.52222222,76.15277778,2022-08-01 06:00:00,13.9,15.8,1.9
JIND,NARWANA,UCHANA,Ghaso,29.52222222,76.15277778,2022-10-01 00:00:00,12.75,16.96,4.21
JIND,NARWANA,UCHANA,Ghaso,29.52222222,76.15277778,2022-11-01 06:00:00,11.2,16.54,5.34
JIND,NARWANA,UCHANA,Ghaso,29.52222222,76.15277778,2023-11-01 00:00:00,15.1,16.54,1.44
JIND,NARWANA,UCHANA,Ghosao Kalan DW,29.5222,76.1528,2023-08-20 00:00:00,14.7,17.63,2.93
JIND,NARWANA,UCHANA,Ghosao Kalan DW,29.5222,76.1528,2024-01-01 00:00:00,14.05,17.33,3.28
JIND,NARWANA,UCHANA,Kakrod-DW,29.45583333,76.08722222,2022-05-20 06:00:00,13.8,15.5,1.7
JIND,NARWANA,UCHANA,Karsindhu-Dw,29.5025,76.22666667,2022-05-20 06:00:00,24.3,24.73,0.43
JIND,NARWANA,UCHANA,Khatkaran,29.40555556,76.24583333,2022-01-30 07:00:00,16.2,15.63,0.57
JIND,NARWANA,UCHANA,Khatkaran,29.40555556,76.24583333,2022-05-20 06:00:00,16.55,14.96,1.59
JIND,NARWANA,UCHANA,Khatkaran,29.40555556,76.24583333,2022-08-01 06:00:00,15.2,16.44,1.24
JIND,NARWANA,UCHANA,Khatkaran,29.40555556,76.24583333,2022-10-01 00:00:00,15.22,16.68,1.46
JIND,NARWANA,UCHANA,Khatkaran,29.40555556,76.24583333,2022-11-01 06:00:00,12.55,15.16,2.61
JIND,NARWANA,UCHANA,Khatkaran,29.40555556,76.24583333,2023-08-20 00:00:00,16.8,16.44,0.36
JIND,NARWANA,UCHANA,Khatkaran,29.40555556,76.24583333,2023-11-01 00:00:00,17.22,15.16,2.06
JIND,NARWANA,UCHANA,Khatkaran,29.40555556,76.24583333,2024-01-01 00:00:00,17.43,15.63,1.8
JIND,NARWANA,UCHANA,Mandi Kalan-DW,29.57333333,76.31388889,2022-05-20 06:00:00,17.63,14.83,2.8
JIND,NARWANA,UCHANA,Uchana,29.46666667,76.18333333,2021-01-10 00:00:00,20.81,22.08,1.27
JIND,NARWANA,UCHANA,Uchana,29.46666667,76.18333333,2021-08-31 06:00:00,23.32,22.78,0.54
JIND,NARWANA,UCHANA,Uchana,29.46666667,76.18333333,2022-01-30 07:00:00,19.52,22.08,2.56
JIND,NARWANA,UCHANA,Uchana,29.46666667,76.18333333,2022-05-20 06:00:00,20.3,24.19,3.89
JIND,NARWANA,UCHANA,Uchana,29.46666667,76.18333333,2022-08-01 06:00:00,19.0,22.78,3.78
JIND,NARWANA,UCHANA,Uchana,29.46666667,76.18333333,2022-10-01 00:00:00,18.3,21.64,3.34
JIND,NARWANA,UCHANA,Uchana,29.46666667,76.18333333,2022-11-01 06:00:00,20.5,26.51,6.01
JIND,NARWANA,UCHANA,Uchana,29.46666667,76.18333333,2023-11-01 00:00:00,18.85,26.51,7.66
JIND,NARWANA,UCHANA,Uchana,29.46666667,76.18333333,2024-01-01 00:00:00,18.48,22.08,3.6
JIND,NARWANA,UCHANA,Uchana Pz,29.46944444,76.18611111,2021-01-10 00:00:00,22.4,24.49,2.09
JIND,NARWANA,UCHANA,Uchana Pz,29.46944444,76.18611111,2021-08-31 06:00:00,22.56,25.2,2.64
JIND,NARWANA,UCHANA,Uchana Pz,29.46944444,76.18611111,2022-01-30 07:00:00,21.0,24.49,3.49
JIND,NARWANA,UCHANA,Uchana Pz,29.46944444,76.18611111,2022-05-20 06:00:00,21.6,21.97,0.37
JIND,NARWANA,UCHANA,Uchana Pz,29.46944444,76.18611111,2022-08-01 06:00:00,21.62,25.2,3.58
JIND,NARWANA,UCHANA,Uchana Pz,29.46944444,76.18611111,2022-10-01 00:00:00,19.65,28.09,8.44
JIND,NARWANA,UCHANA,Uchana Pz,29.46944444,76.18611111,2023-08-20 00:00:00,21.17,25.2,4.03
JIND,NARWANA,UCHANA,Uchana Pz,29.46944444,76.18611111,2023-11-01 00:00:00,20.8,26.49,5.69
JIND,NARWANA,UCHANA,Uchana Pz,29.46944444,76.18611111,2024-01-01 00:00:00,20.42,24.49,4.07
JIND,SAFIDON,-,BHUSLANA_1,29.4531,76.7466,2023-08-20 00:00:00,25.17,27.37,2.2
JIND,SAFIDON,-,ROJHALA -D,29.364583,76.606972,2022-10-01 00:00:00,16.14,30.55,14.41
JIND,SAFIDON,-,ROJHALA -D,29.364583,76.606972,2023-08-20 00:00:00,18.97,30.58,11.61
JIND,SAFIDON,-,ROJHALA -D,29.364583,76.606972,2023-11-01 00:00:00,17.57,31.14,13.57
JIND,SAFIDON,-,ROJHALA -M,29.364583,76.606972,2022-10-01 00:00:00,12.83,30.55,17.72
JIND,SAFIDON,-,ROJHALA -M,29.364583,76.606972,2023-08-20 00:00:00,14.88,30.58,15.7
JIND,SAFIDON,-,ROJHALA -M,29.364583,76.606972,2023-11-01 00:00:00,15.12,31.14,16.02
JIND,SAFIDON,-,ROJHALA -S,29.364583,76.606972,2022-10-01 00:00:00,12.58,30.55,17.97
JIND,SAFIDON,-,ROJHALA -S,29.364583,76.606972,2023-08-20 00:00:00,13.67,30.58,16.91
JIND,SAFIDON,-,ROJHALA -S,29.364583,76.606972,2023-11-01 00:00:00,13.9,31.14,17.24
JIND,SAFIDON,-,ROJHALA -S,29.364583,76.606972,2024-01-01 00:00:00,12.4,29.88,17.48
JIND,SAFIDON,PILUKHERA,Bhambewa-DW,29.23333333,76.54916667,2022-05-20 06:00:00,3.54,13.72,10.18
JIND,SAFIDON,PILUKHERA,Budha Khera,29.38638889,76.51555556,2022-05-20 06:00:00,9.64,13.02,3.38
JIND,SAFIDON,PILUKHERA,Gangoli-DW,29.3,76.52805556,2022-05-20 06:00:00,2.1,4.76,2.66
JIND,SAFIDON,PILUKHERA,Jamni-DW,29.37694444,76.4925,2022-05-20 06:00:00,11.22,13.46,2.24
JIND,SAFIDON,PILUKHERA,Ludhana,29.24027778,76.50972222,2022-05-20 06:00:00,1.68,4.46,2.78
JIND,SAFIDON,PILUKHERA,Pillukhera,29.33611111,76.4875,2022-05-20 06:00:00,4.98,8.24,3.26
JIND,SAFIDON,PILUKHERA,Pillukhera,29.33611111,76.4875,2022-08-01 06:00:00,6.75,8.05,1.3
JIND,SAFIDON,PILUKHERA,Pillukhera,29.33611111,76.4875,2022-10-01 00:00:00,7.08,6.82,0.26
JIND,SAFIDON,PILUKHERA,Pillukhera,29.33611111,76.4875,2022-11-01 06:00:00,5.53,17.41,11.88
JIND,SAFIDON,PILUKHERA,Pillukhera,29.33611111,76.4875,2023-08-20 00:00:00,5.55,8.05,2.5
JIND,SAFIDON,PILUKHERA,Pillukhera,29.33611111,76.4875,2023-11-01 00:00:00,5.82,17.41,11.59
JIND,SAFIDON,PILUKHERA,Pillukhera,29.33611111,76.4875,2024-01-01 00:00:00,5.57,7.4,1.83
JIND,SAFIDON,PILUKHERA,Pillukhera-Pz,29.35722222,76.49333333,2022-05-20 06:00:00,11.3,8.24,3.06
JIND,SAFIDON,SAFIDON,Anta-Pz,29.41555556,76.72083333,2022-05-20 06:00:00,20.7,16.53,4.17
JIND,SAFIDON,SAFIDON,Bhuslana-Pz,29.42138889,76.73416667,2021-01-10 00:00:00,21.3,21.08,0.22
JIND,SAFIDON,SAFIDON,Bhuslana-Pz,29.42138889,76.73416667,2021-08-31 06:00:00,23.52,24.95,1.43
JIND,SAFIDON,SAFIDON,Bhuslana-Pz,29.42138889,76.73416667,2022-01-30 07:00:00,21.1,21.08,0.02
JIND,SAFIDON,SAFIDON,Bhuslana-Pz,29.42138889,76.73416667,2022-05-20 06:00:00,19.6,18.29,1.31
JIND,SAFIDON,SAFIDON,Bhuslana-Pz,29.42138889,76.73416667,2022-08-01 06:00:00,23.2,24.95,1.75
JIND,SAFIDON,SAFIDON,Bhuslana-Pz,29.42138889,76.73416667,2022-10-01 00:00:00,22.5,18.79,3.71
JIND,SAFIDON,SAFIDON,Bhuslana-Pz,29.42138889,76.73416667,2022-11-01 06:00:00,24.95,26.89,1.94
JIND,SAFIDON,SAFIDON,Bhuslana-Pz,29.42138889,76.73416667,2023-11-01 00:00:00,25.36,26.89,1.53
JIND,SAFIDON,SAFIDON,Bhuslana-Pz,29.42138889,76.73416667,2024-01-01 00:00:00,23.8,21.08,2.72
JIND,SAFIDON,SAFIDON,Lochap Pz,29.35833333,76.42222222,2021-01-10 00:00:00,18.5,16.8,1.7
JIND,SAFIDON,SAFIDON,Lochap Pz,29.35833333,76.42222222,2021-08-31 06:00:00,23.83,21.54,2.29
JIND,SAFIDON,SAFIDON,Lochap Pz,29.35833333,76.42222222,2022-01-30 07:00:00,17.5,16.8,0.7
JIND,SAFIDON,SAFIDON,Lochap Pz,29.35833333,76.42222222,2022-05-20 06:00:00,19.75,16.04,3.71
JIND,SAFIDON,SAFIDON,Lochap Pz,29.35833333,76.42222222,2022-08-01 06:00:00,22.36,21.54,0.82
JIND,SAFIDON,SAFIDON,Lochap Pz,29.35833333,76.42222222,2022-10-01 00:00:00,17.93,18.08,0.15
JIND,SAFIDON,SAFIDON,Lochap Pz,29.35833333,76.42222222,2022-11-01 06:00:00,21.14,22.31,1.17
JIND,SAFIDON,SAFIDON,Lochap Pz,29.35833333,76.42222222,2023-08-20 00:00:00,25.42,21.54,3.88
JIND,SAFIDON,SAFIDON,Lochap Pz,29.35833333,76.42222222,2023-11-01 00:00:00,20.95,22.31,1.36
JIND,SAFIDON,SAFIDON,Paju Khurd-Ew,29.44222222,76.62666667,2022-05-20 06:00:00,21.6,25.68,4.08
JIND,SAFIDON,SAFIDON,Ratta Khera-DW,29.38638889,76.63527778,2022-05-20 06:00:00,16.97,21.34,4.37
JIND,SAFIDON,SAFIDON,Safidon  (shallow),29.40416667,76.60555556,2021-08-31 06:00:00,22.68,22.6,0.08
JIND,SAFIDON,SAFIDON,Safidon  (shallow),29.40416667,76.60555556,2022-01-30 07:00:00,19.85,21.93,2.08
JIND,SAFIDON,SAFIDON,Safidon (s),29.4,76.65,2022-05-20 06:00:00,20.96,18.43,2.53
JIND,SAFIDON,SAFIDON,Safidon (s),29.4,76.65,2022-08-01 06:00:00,21.18,23.18,2.0
JIND,SAFIDON,SAFIDON,Safidon (s),29.4,76.65,2022-11-01 06:00:00,21.72,19.18,2.54
JIND,SAFIDON,SAFIDON,Safidon 1(s),29.40416667,76.65555556,2022-10-01 00:00:00,21.1,69.62,48.52
JIND,SAFIDON,SAFIDON,Safidon 1(s),29.40416667,76.65555556,2023-08-20 00:00:00,21.51,31.34,9.83
JIND,SAFIDON,SAFIDON,Safidon 1(s),29.40416667,76.65555556,2023-11-01 00:00:00,22.51,70.1,47.59
JIND,SAFIDON,SAFIDON,Safidon 1(s),29.40416667,76.65555556,2024-01-01 00:00:00,22.37,18.58,3.79
JIND,SAFIDON,SAFIDON,Safidon 2(m),29.40416667,76.65555556,2021-01-10 00:00:00,20.85,18.83,2.02
JIND,SAFIDON,SAFIDON,Sahanpur-Pz,29.45472222,76.7025,2022-05-20 06:00:00,21.24,22.0,0.76
KAITHAL,GULHA,GULHA,Balbahera pz,29.8,76.38,2021-08-31 06:00:00,40.1,37.93,2.17
KAITHAL,GULHA,GULHA,Balbahera pz,29.8,76.38,2022-01-30 07:00:00,37.8,37.16,0.64
KAITHAL,GULHA,GULHA,Balbahera pz,29.8,76.38,2022-05-20 06:00:00,36.88,35.82,1.06
KAITHAL,GULHA,GULHA,Balbahera pz,29.8,76.38,2022-08-01 06:00:00,39.97,37.93,2.04
KAITHAL,GULHA,GULHA,Balbahera pz,29.8,76.38,2023-01-01 00:00:00,38.49,37.16,1.33
KAITHAL,GULHA,GULHA,Balbahera pz,29.8,76.38,2023-08-20 00:00:00,41.1,37.93,3.17
KAITHAL,GULHA,GULHA,Balbahera pz,29.8,76.38,2023-11-01 00:00:00,39.69,38.04,1.65
KAITHAL,GULHA,GULHA,Balbehra-Pz,29.84722222,76.66138889,2021-01-10 00:00:00,38.73,36.44,2.29
KAITHAL,GULHA,GULHA,Balbehra-Pz,29.84722222,76.66138889,2022-05-20 06:00:00,43.48,36.05,7.43
KAITHAL,GULHA,GULHA,Balbehra-Pz,29.84722222,76.66138889,2022-11-01 06:00:00,38.29,35.14,3.15
KAITHAL,GULHA,GULHA,Balbehra-Pz,29.84722222,76.66138889,2023-06-01 00:00:00,39.85,36.44,3.41
KAITHAL,GULHA,GULHA,Chika-Pz,30.04861111,76.34388889,2022-05-20 06:00:00,48.2,40.82,7.38
KAITHAL,GULHA,GULHA,Gulha 1(m),30.04027778,76.3,2022-05-20 06:00:00,47.3,22.25,25.05
KAITHAL,GULHA,GULHA,Harigarh Kingan-Pz,30.06111111,76.4,2022-05-20 06:00:00,40.83,34.81,6.02
KAITHAL,GULHA,GULHA,Khanpur,29.85388889,76.37055556,2021-11-30 06:00:00,44.37,42.8,1.57
KAITHAL,GULHA,GULHA,Khanpur,29.85388889,76.37055556,2022-08-01 06:00:00,45.03,42.69,2.34
KAITHAL,GULHA,GULHA,Khanpur-Pz,29.85138889,76.37222222,2021-01-10 00:00:00,42.4,40.68,1.72
KAITHAL,GULHA,GULHA,Khanpur-Pz,29.85138889,76.37222222,2021-08-31 06:00:00,41.7,42.31,0.61
KAITHAL,GULHA,GULHA,Khanpur-Pz,29.85138889,76.37222222,2021-11-30 06:00:00,42.6,44.78,2.18
KAITHAL,GULHA,GULHA,Khanpur-Pz,29.85138889,76.37222222,2022-01-30 07:00:00,41.65,40.68,0.97
KAITHAL,GULHA,GULHA,Khanpur-Pz,29.85138889,76.37222222,2022-05-20 06:00:00,40.9,37.91,2.99
KAITHAL,GULHA,GULHA,Khanpur-Pz,29.85138889,76.37222222,2023-01-01 00:00:00,43.02,40.68,2.34
KAITHAL,GULHA,GULHA,Khanpur-Pz,29.85138889,76.37222222,2023-06-01 00:00:00,44.56,38.19,6.37
KAITHAL,GULHA,GULHA,Khanpur-Pz,29.85138889,76.37222222,2023-08-20 00:00:00,47.72,42.31,5.41
KAITHAL,GULHA,GULHA,Khanpur-Pz,29.85138889,76.37222222,2023-11-01 00:00:00,45.45,44.78,0.67
KAITHAL,GULHA,GULHA,Khanpur-Pz,29.85138889,76.37222222,2024-01-01 00:00:00,43.65,40.68,2.97
KAITHAL,GULHA,GULHA,Majri-Pz-D,29.985,76.23833333,2021-01-10 00:00:00,52.25,53.77,1.52
KAITHAL,GULHA,GULHA,Majri-Pz-D,29.985,76.23833333,2021-11-30 06:00:00,53.52,54.11,0.59
KAITHAL,GULHA,GULHA,Majri-Pz-D,29.985,76.23833333,2022-01-30 07:00:00,51.1,53.77,2.67
KAITHAL,GULHA,GULHA,Majri-Pz-D,29.985,76.23833333,2022-05-20 06:00:00,52.3,47.65,4.65
KAITHAL,GULHA,GULHA,Majri-Pz-D,29.985,76.23833333,2022-08-01 06:00:00,57.37,53.85,3.52
KAITHAL,GULHA,GULHA,Majri-Pz-D,29.985,76.23833333,2022-11-01 06:00:00,52.64,54.11,1.47
KAITHAL,GULHA,GULHA,Majri-Pz-D,29.985,76.23833333,2023-01-01 00:00:00,52.87,53.77,0.9
KAITHAL,GULHA,GULHA,Majri-Pz-D,29.985,76.23833333,2023-06-01 00:00:00,56.15,46.6,9.55
KAITHAL,GULHA,GULHA,Majri-Pz-D,29.985,76.23833333,2023-08-20 00:00:00,57.08,53.85,3.23
KAITHAL,GULHA,GULHA,Majri-Pz-D,29.985,76.23833333,2023-11-01 00:00:00,0.34,54.11,53.77
KAITHAL,GULHA,GULHA,Padla 2(d),30.1,76.3,2023-01-01 00:00:00,45.92,39.11,6.81
KAITHAL,GULHA,GULHA,Padla 2(d),30.1,76.3,2023-08-20 00:00:00,48.07,21.99,26.08
KAITHAL,GULHA,GULHA,Padla 2(d),30.1,76.3,2023-11-01 00:00:00,49.33,43.28,6.05
KAITHAL,GULHA,GULHA,Padla 2(d),30.1,76.3,2024-01-01 00:00:00,48.12,39.11,9.01
KAITHAL,GULHA,GULHA,Rasulpur Ghamri-Pz,29.91416667,76.26055556,2021-01-10 00:00:00,42.74,46.06,3.32
KAITHAL,GULHA,GULHA,Rasulpur Ghamri-Pz,29.91416667,76.26055556,2021-08-31 06:00:00,42.9,46.73,3.83
KAITHAL,GULHA,GULHA,Rasulpur Ghamri-Pz,29.91416667,76.26055556,2021-11-30 06:00:00,47.77,50.12,2.35
KAITHAL,GULHA,GULHA,Rasulpur Ghamri-Pz,29.91416667,76.26055556,2022-01-30 07:00:00,45.45,46.06,0.61
KAITHAL,GULHA,GULHA,Rasulpur Ghamri-Pz,29.91416667,76.26055556,2022-05-20 06:00:00,44.2,41.71,2.49
KAITHAL,GULHA,GULHA,Rasulpur Ghamri-Pz,29.91416667,76.26055556,2022-08-01 06:00:00,48.34,46.73,1.61
KAITHAL,GULHA,GULHA,Rasulpur Ghamri-Pz,29.91416667,76.26055556,2022-11-01 06:00:00,47.8,50.12,2.32
KAITHAL,GULHA,GULHA,Rasulpur Ghamri-Pz,29.91416667,76.26055556,2023-08-20 00:00:00,50.52,46.73,3.79
KAITHAL,GULHA,GULHA,Rasulpur Ghamri-Pz,29.91416667,76.26055556,2023-11-01 00:00:00,48.7,50.12,1.42
KAITHAL,GULHA,GULHA,Rasulpur pz,29.92,76.4,2022-05-20 06:00:00,46.2,40.85,5.35
KAITHAL,GULHA,GULHA,Rasulpur pz,29.92,76.4,2023-01-01 00:00:00,46.3,41.18,5.12
KAITHAL,KAITHAL,-,Balu-D_2,29.656944,76.363333,2023-01-01 00:00:00,25.59,16.03,9.56
KAITHAL,KAITHAL,-,Balu-D_2,29.656944,76.363333,2023-06-01 00:00:00,35.48,16.35,19.13
KAITHAL,KAITHAL,-,Balu-D_2,29.656944,76.363333,2023-08-20 00:00:00,57.05,16.11,40.94
KAITHAL,KAITHAL,-,Balu-D_2,29.656944,76.363333,2023-11-01 00:00:00,45.29,16.71,28.58
KAITHAL,KAITHAL,-,Balu-M,29.656944,76.363333,2023-01-01 00:00:00,12.45,16.03,3.58
KAITHAL,KAITHAL,-,Balu-M,29.656944,76.363333,2023-06-01 00:00:00,21.14,16.35,4.79
KAITHAL,KAITHAL,-,Balu-M,29.656944,76.363333,2023-08-20 00:00:00,29.6,16.11,13.49
KAITHAL,KAITHAL,-,Balu-M,29.656944,76.363333,2023-11-01 00:00:00,17.58,16.71,0.87
KAITHAL,KAITHAL,-,Balu-S,29.656944,76.363333,2023-01-01 00:00:00,6.9,16.03,9.13
KAITHAL,KAITHAL,-,Balu-S,29.656944,76.363333,2023-06-01 00:00:00,8.1,16.35,8.25
KAITHAL,KAITHAL,-,Balu-S,29.656944,76.363333,2023-08-20 00:00:00,8.97,16.11,7.14
KAITHAL,KAITHAL,-,Balu-S,29.656944,76.363333,2023-11-01 00:00:00,8.64,16.71,8.07
KAITHAL,KAITHAL,-,Jajanpur-M,29.905139,76.606806,2023-01-01 00:00:00,35.86,32.04,3.82
KAITHAL,KAITHAL,-,Jajanpur-M,29.905139,76.606806,2023-08-20 00:00:00,38.75,34.16,4.59
KAITHAL,KAITHAL,-,Jajanpur-M,29.905139,76.606806,2023-11-01 00:00:00,16.61,33.22,16.61
KAITHAL,KAITHAL,-,Jajanpur-M,29.905139,76.606806,2024-01-01 00:00:00,36.68,32.04,4.64
KAITHAL,KAITHAL,-,Jajanpur-S,29.905139,76.606806,2023-01-01 00:00:00,35.77,32.04,3.73
KAITHAL,KAITHAL,-,Jajanpur-S,29.905139,76.606806,2023-08-20 00:00:00,37.85,34.16,3.69
KAITHAL,KAITHAL,-,Jajanpur-S,29.905139,76.606806,2023-11-01 00:00:00,5.15,33.22,28.07
KAITHAL,KAITHAL,-,Jajanpur-S,29.905139,76.606806,2024-01-01 00:00:00,36.84,32.04,4.8
KAITHAL,KAITHAL,-,KORAR_1,29.729167,76.041667,2023-01-01 00:00:00,15.45,9.86,5.59
KAITHAL,KAITHAL,-,Siwan S,29.875,76.360833,2023-06-01 00:00:00,48.15,45.21,2.94
KAITHAL,KAITHAL,-,Siwan S,29.875,76.360833,2023-08-20 00:00:00,49.78,46.77,3.01
KAITHAL,KAITHAL,KAITHAL,Dhons-Pz,29.81166667,76.53111111,2022-05-20 06:00:00,32.5,28.99,3.51
KAITHAL,KAITHAL,KAITHAL,Guhna,29.775,76.26666667,2021-01-10 00:00:00,29.01,28.53,0.48
KAITHAL,KAITHAL,KAITHAL,Guhna,29.775,76.26666667,2021-11-30 06:00:00,23.8,28.79,4.99
KAITHAL,KAITHAL,KAITHAL,Guhna,29.775,76.26666667,2022-01-30 07:00:00,29.43,28.53,0.9
KAITHAL,KAITHAL,KAITHAL,Guhna,29.775,76.26666667,2022-05-20 06:00:00,34.1,27.59,6.51
KAITHAL,KAITHAL,KAITHAL,Guhna,29.775,76.26666667,2022-08-01 06:00:00,25.6,30.97,5.37
KAITHAL,KAITHAL,KAITHAL,Guhna,29.775,76.26666667,2023-01-01 00:00:00,27.18,28.53,1.35
KAITHAL,KAITHAL,KAITHAL,Guhna,29.775,76.26666667,2023-06-01 00:00:00,37.38,27.76,9.62
KAITHAL,KAITHAL,KAITHAL,Guhna,29.775,76.26666667,2023-08-20 00:00:00,38.5,30.97,7.53
KAITHAL,KAITHAL,KAITHAL,Guhna,29.775,76.26666667,2023-11-01 00:00:00,29.53,28.79,0.74
KAITHAL,KAITHAL,KAITHAL,Guhna,29.775,76.26666667,2024-01-01 00:00:00,28.5,28.53,0.03
KAITHAL,KAITHAL,KAITHAL,Guhna pz,29.76666667,76.26,2021-08-31 06:00:00,31.0,28.71,2.29
KAITHAL,KAITHAL,KAITHAL,Guhna pz,29.76666667,76.26,2021-11-30 06:00:00,28.59,27.32,1.27
KAITHAL,KAITHAL,KAITHAL,Guhna pz,29.76666667,76.26,2022-01-30 07:00:00,21.7,20.73,0.97
KAITHAL,KAITHAL,KAITHAL,Guhna pz,29.76666667,76.26,2022-05-20 06:00:00,28.95,27.54,1.41
KAITHAL,KAITHAL,KAITHAL,Guhna pz,29.76666667,76.26,2023-01-01 00:00:00,22.99,20.73,2.26
KAITHAL,KAITHAL,KAITHAL,Guhna pz,29.76666667,76.26,2023-06-01 00:00:00,24.87,27.71,2.84
KAITHAL,KAITHAL,KAITHAL,Guhna pz,29.76666667,76.26,2023-08-20 00:00:00,29.84,28.71,1.13
KAITHAL,KAITHAL,KAITHAL,Guhna pz,29.76666667,76.26,2023-11-01 00:00:00,27.65,27.32,0.33
KAITHAL,KAITHAL,KAITHAL,Guhna-Pz,29.76583333,76.26055556,2022-01-30 07:00:00,21.7,28.54,6.84
KAITHAL,KAITHAL,KAITHAL,Guhna-Pz,29.76583333,76.26055556,2022-05-20 06:00:00,21.4,28.23,6.83
KAITHAL,KAITHAL,KAITHAL,Guhna-Pz,29.76583333,76.26055556,2022-11-23 06:00:00,22.63,34.95,12.32
KAITHAL,KAITHAL,KAITHAL,Guhna-Pz,29.76583333,76.26055556,2024-01-01 00:00:00,24.35,28.54,4.19
KAITHAL,KAITHAL,KAITHAL,Kaithal S,29.8,76.4,2022-05-20 06:00:00,31.71,13.53,18.18
KAITHAL,KAITHAL,KAITHAL,Khanpur Ew S,29.89277778,76.35722222,2021-01-10 00:00:00,40.77,40.44,0.33
KAITHAL,KAITHAL,KAITHAL,Khanpur Ew S,29.89277778,76.35722222,2023-01-01 00:00:00,42.6,40.44,2.16
KAITHAL,KAITHAL,KAITHAL,Khanpur M,29.8597,76.37,2023-08-20 00:00:00,48.05,40.0,8.05
KAITHAL,KAITHAL,KAITHAL,Manaspatti-Pz,29.82916667,76.32916667,2021-01-10 00:00:00,41.89,40.15,1.74
KAITHAL,KAITHAL,KAITHAL,Mundri,29.775,76.50555556,2021-01-10 00:00:00,22.67,24.75,2.08
KAITHAL,KAITHAL,KAITHAL,Mundri,29.775,76.50555556,2022-05-20 06:00:00,24.2,21.74,2.46
KAITHAL,KAITHAL,KAITHAL,Padla 1(s),29.8,76.3,2021-01-10 00:00:00,41.77,45.25,3.48
KAITHAL,KAITHAL,KAITHAL,Padla 1(s),29.8,76.3,2021-11-30 06:00:00,46.95,49.31,2.36
KAITHAL,KAITHAL,KAITHAL,Padla 1(s),29.8,76.3,2022-05-20 06:00:00,43.13,41.16,1.97
KAITHAL,KAITHAL,KAITHAL,Padla 1(s),29.8,76.3,2022-08-01 06:00:00,47.35,48.22,0.87
KAITHAL,KAITHAL,KAITHAL,Padla 1(s),29.8,76.3,2022-11-01 06:00:00,47.06,49.31,2.25
KAITHAL,KAITHAL,KAITHAL,Padla 1(s),29.8,76.3,2023-06-01 00:00:00,45.78,46.85,1.07
KAITHAL,KAITHAL,KAITHAL,Peoda_Pz,29.74722222,76.41666667,2021-08-31 06:00:00,23.5,17.49,6.01
KAITHAL,KAITHAL,KAITHAL,Peoda_Pz,29.74722222,76.41666667,2022-05-20 06:00:00,16.68,22.49,5.81
KAITHAL,KAITHAL,KAITHAL,Siwan-Pz,29.88333333,76.35388889,2021-01-10 00:00:00,45.83,44.66,1.17
KAITHAL,KAITHAL,KAITHAL,Siwan-Pz,29.88333333,76.35388889,2021-11-30 06:00:00,47.46,48.32,0.86
KAITHAL,KAITHAL,KAITHAL,Siwan-Pz,29.88333333,76.35388889,2022-01-30 07:00:00,46.55,44.66,1.89
KAITHAL,KAITHAL,KAITHAL,Siwan-Pz,29.88333333,76.35388889,2022-05-20 06:00:00,46.07,41.84,4.23
KAITHAL,KAITHAL,KAITHAL,Siwan-Pz,29.88333333,76.35388889,2022-08-01 06:00:00,49.0,47.36,1.64
KAITHAL,KAITHAL,KAITHAL,Siwan-Pz,29.88333333,76.35388889,2023-01-01 00:00:00,47.76,44.66,3.1
KAITHAL,KAITHAL,KAITHAL,Siwan-Pz,29.88333333,76.35388889,2023-11-01 00:00:00,48.98,48.32,0.66
KAITHAL,KAITHAL,KALAYAT,Kalayat,29.67916667,76.25277778,2021-01-10 00:00:00,2.9,4.47,1.57
KAITHAL,KAITHAL,KALAYAT,Kalayat,29.67916667,76.25277778,2021-08-31 06:00:00,1.95,3.95,2.0
KAITHAL,KAITHAL,KALAYAT,Kalayat,29.67916667,76.25277778,2021-11-30 06:00:00,0.97,4.26,3.29
KAITHAL,KAITHAL,KALAYAT,Kalayat,29.67916667,76.25277778,2022-01-30 07:00:00,1.85,4.47,2.62
KAITHAL,KAITHAL,KALAYAT,Kalayat,29.67916667,76.25277778,2022-05-20 06:00:00,3.08,5.45,2.37
KAITHAL,KAITHAL,KALAYAT,Kalayat,29.67916667,76.25277778,2023-01-01 00:00:00,1.45,4.47,3.02
KAITHAL,KAITHAL,KALAYAT,Kalayat,29.67916667,76.25277778,2023-06-01 00:00:00,3.95,5.35,1.4
KAITHAL,KAITHAL,KALAYAT,Kalayat,29.67916667,76.25277778,2023-08-20 00:00:00,4.55,3.95,0.6
KAITHAL,KAITHAL,KALAYAT,Kalayat,29.67916667,76.25277778,2023-11-01 00:00:00,1.9,4.26,2.36
KAITHAL,KAITHAL,KALAYAT,Kalayat,29.67916667,76.25277778,2024-01-01 00:00:00,2.02,4.47,2.45
KAITHAL,KAITHAL,KALAYAT,Kalayat S,29.67916667,76.25277778,2021-01-10 00:00:00,2.45,20.81,18.36
KAITHAL,KAITHAL,KALAYAT,Kalayat S,29.67916667,76.25277778,2022-05-20 06:00:00,6.0,6.54,0.54
KAITHAL,KAITHAL,KALAYAT,Kalesar-DW,29.59111111,76.28805556,2022-05-20 06:00:00,16.55,13.61,2.94
KAITHAL,KAITHAL,KALAYAT,Kamalpur-DW,29.60055556,76.32777778,2022-05-20 06:00:00,14.0,14.41,0.41
KAITHAL,KAITHAL,KALAYAT,Kelaram,29.7,76.36666667,2021-01-10 00:00:00,8.8,12.28,3.48
KAITHAL,KAITHAL,KALAYAT,Kelaram,29.7,76.36666667,2021-08-31 06:00:00,10.2,12.22,2.02
KAITHAL,KAITHAL,KALAYAT,Kelaram,29.7,76.36666667,2021-11-30 06:00:00,8.19,9.54,1.35
KAITHAL,KAITHAL,KALAYAT,Kelaram,29.7,76.36666667,2022-01-30 07:00:00,8.36,12.28,3.92
KAITHAL,KAITHAL,KALAYAT,Kelaram,29.7,76.36666667,2022-05-20 06:00:00,8.48,12.85,4.37
KAITHAL,KAITHAL,KALAYAT,Kelaram,29.7,76.36666667,2022-08-01 06:00:00,8.28,12.22,3.94
KAITHAL,KAITHAL,KALAYAT,Kelaram,29.7,76.36666667,2022-11-01 06:00:00,6.74,9.54,2.8
KAITHAL,KAITHAL,KALAYAT,Kelaram,29.7,76.36666667,2023-01-01 00:00:00,7.75,12.28,4.53
KAITHAL,KAITHAL,KALAYAT,Kelaram,29.7,76.36666667,2023-08-20 00:00:00,9.13,12.22,3.09
KAITHAL,KAITHAL,KALAYAT,Kelaram,29.7,76.36666667,2023-11-01 00:00:00,8.5,9.54,1.04
KAITHAL,KAITHAL,KALAYAT,Kelaram,29.7,76.36666667,2024-01-01 00:00:00,8.34,12.28,3.94
KAITHAL,KAITHAL,KALAYAT,Kheri Lamba-DW,29.70694444,76.22916667,2022-05-20 06:00:00,5.55,5.87,0.32
KAITHAL,KAITHAL,KALAYAT,Mataur,29.60833333,76.25833333,2021-01-10 00:00:00,7.2,11.45,4.25
KAITHAL,KAITHAL,KALAYAT,Mataur,29.60833333,76.25833333,2021-08-31 06:00:00,9.31,11.79,2.48
KAITHAL,KAITHAL,KALAYAT,Mataur,29.60833333,76.25833333,2021-11-30 06:00:00,5.71,9.84,4.13
KAITHAL,KAITHAL,KALAYAT,Mataur,29.60833333,76.25833333,2022-01-30 07:00:00,5.88,11.45,5.57
KAITHAL,KAITHAL,KALAYAT,Mataur,29.60833333,76.25833333,2022-05-20 06:00:00,9.2,6.62,2.58
KAITHAL,KAITHAL,KALAYAT,Mataur,29.60833333,76.25833333,2022-08-01 06:00:00,5.19,11.79,6.6
KAITHAL,KAITHAL,KALAYAT,Mataur,29.60833333,76.25833333,2022-11-01 06:00:00,2.66,9.84,7.18
KAITHAL,KAITHAL,KALAYAT,Mataur,29.60833333,76.25833333,2023-01-01 00:00:00,6.65,11.45,4.8
KAITHAL,KAITHAL,KALAYAT,Mataur,29.60833333,76.25833333,2023-06-01 00:00:00,5.61,6.55,0.94
KAITHAL,KAITHAL,KALAYAT,Mataur,29.60833333,76.25833333,2023-08-20 00:00:00,6.16,11.79,5.63
KAITHAL,KAITHAL,KALAYAT,Mataur,29.60833333,76.25833333,2023-11-01 00:00:00,8.14,9.84,1.7
KAITHAL,KAITHAL,KALAYAT,Shimla,29.64166667,76.21666667,2021-08-31 06:00:00,5.78,7.45,1.67
KAITHAL,KAITHAL,KALAYAT,Shimla,29.64166667,76.21666667,2022-01-30 07:00:00,6.8,8.27,1.47
KAITHAL,KAITHAL,KALAYAT,Shimla,29.64166667,76.21666667,2022-08-01 06:00:00,4.73,7.45,2.72
KAITHAL,KAITHAL,KALAYAT,Shimla,29.64166667,76.21666667,2022-11-01 06:00:00,4.23,10.06,5.83
KAITHAL,KAITHAL,KALAYAT,Simla D,29.6393,76.63479167,2023-08-20 00:00:00,6.3,29.25,22.95
KAITHAL,KAITHAL,KALAYAT,Simla D,29.6393,76.63479167,2023-11-01 00:00:00,4.75,29.61,24.86
KAITHAL,KAITHAL,KALAYAT,Simla S,29.6393,76.6348,2023-08-20 00:00:00,5.82,29.25,23.43
KAITHAL,KAITHAL,KALAYAT,Simla S,29.6393,76.6348,2023-11-01 00:00:00,5.03,29.61,24.58
KAITHAL,KAITHAL,RAJOUND,Jakhauli-Pz,29.65833333,76.42916667,2021-01-10 00:00:00,14.65,14.49,0.16
KAITHAL,KAITHAL,RAJOUND,Jakhauli-Pz,29.65833333,76.42916667,2021-08-31 06:00:00,16.51,15.96,0.55
KAITHAL,KAITHAL,RAJOUND,Jakhauli-Pz,29.65833333,76.42916667,2021-11-30 06:00:00,15.42,15.9,0.48
KAITHAL,KAITHAL,RAJOUND,Jakhauli-Pz,29.65833333,76.42916667,2022-01-30 07:00:00,14.6,14.49,0.11
KAITHAL,KAITHAL,RAJOUND,Jakhauli-Pz,29.65833333,76.42916667,2022-05-20 06:00:00,19.5,14.39,5.11
KAITHAL,KAITHAL,RAJOUND,Jakhauli-Pz,29.65833333,76.42916667,2022-08-01 06:00:00,16.23,15.96,0.27
KAITHAL,KAITHAL,RAJOUND,Jakhauli-Pz,29.65833333,76.42916667,2022-11-01 06:00:00,15.48,15.9,0.42
KAITHAL,KAITHAL,RAJOUND,Jakhauli-Pz,29.65833333,76.42916667,2023-01-01 00:00:00,14.9,14.49,0.41
KAITHAL,KAITHAL,RAJOUND,Jakhauli-Pz,29.65833333,76.42916667,2023-06-01 00:00:00,15.43,14.39,1.04
KAITHAL,KAITHAL,RAJOUND,Jakhauli-Pz,29.65833333,76.42916667,2023-08-20 00:00:00,17.1,15.96,1.14
KAITHAL,KAITHAL,RAJOUND,Jakhauli-Pz,29.65833333,76.42916667,2023-11-01 00:00:00,16.65,15.9,0.75
KAITHAL,KAITHAL,RAJOUND,Kathana-Pz,29.54583333,76.39305556,2021-01-10 00:00:00,16.97,16.47,0.5
KAITHAL,KAITHAL,RAJOUND,Kathana-Pz,29.54583333,76.39305556,2021-08-31 06:00:00,17.4,17.19,0.21
KAITHAL,KAITHAL,RAJOUND,Kathana-Pz,29.54583333,76.39305556,2021-11-30 06:00:00,16.52,17.57,1.05
KAITHAL,KAITHAL,RAJOUND,Kathana-Pz,29.54583333,76.39305556,2022-01-30 07:00:00,16.4,16.47,0.07
KAITHAL,KAITHAL,RAJOUND,Kathana-Pz,29.54583333,76.39305556,2022-05-20 06:00:00,18.25,16.11,2.14
KAITHAL,KAITHAL,RAJOUND,Kathana-Pz,29.54583333,76.39305556,2022-08-01 06:00:00,15.57,17.19,1.62
KAITHAL,KAITHAL,RAJOUND,Kathana-Pz,29.54583333,76.39305556,2022-11-01 06:00:00,15.47,17.57,2.1
KAITHAL,KAITHAL,RAJOUND,Kathana-Pz,29.54583333,76.39305556,2023-01-01 00:00:00,15.34,16.47,1.13
KAITHAL,KAITHAL,RAJOUND,Kathana-Pz,29.54583333,76.39305556,2023-06-01 00:00:00,15.6,16.11,0.51
KAITHAL,KAITHAL,RAJOUND,Kathana-Pz,29.54583333,76.39305556,2023-08-20 00:00:00,16.3,17.19,0.89
KAITHAL,KAITHAL,RAJOUND,Kathana-Pz,29.54583333,76.39305556,2023-11-01 00:00:00,16.7,17.57,0.87
KAITHAL,KAITHAL,RAJOUND,Kheri Raowali-DW,29.5875,76.43277778,2022-05-20 06:00:00,16.0,13.52,2.48
KAITHAL,KAITHAL,RAJOUND,Rajaund-Pz,29.57777778,76.50972222,2022-05-20 06:00:00,16.25,14.79,1.46
KAITHAL,KAITHAL,RAJOUND,Serdha-DW,29.62916667,76.49861111,2022-05-20 06:00:00,19.88,18.37,1.51
KAITHAL,KAITHAL,RAJOUND,Songri-DW,29.62222222,76.37777778,2022-05-20 06:00:00,15.5,14.91,0.59
KAITHAL,KAITHAL,RAJOUND,Songri-DW,29.62222222,76.37777778,2023-01-01 00:00:00,17.47,16.05,1.42
KAITHAL,KAITHAL,RAJOUND,Songri-DW,29.62222222,76.37777778,2023-11-01 00:00:00,19.15,15.24,3.91
KAITHAL,PUNDRI,PUNDRI,Barsana-Pz,29.71527778,76.59722222,2022-05-20 06:00:00,35.0,25.76,9.24
KAITHAL,PUNDRI,PUNDRI,Bhana-Pz,29.65277778,76.52222222,2022-05-20 06:00:00,19.65,18.92,0.73
KAITHAL,PUNDRI,PUNDRI,Bhana-Pz,29.65277778,76.52222222,2022-11-01 06:00:00,19.06,17.49,1.57
KAITHAL,PUNDRI,PUNDRI,Bhana-Pz,29.65277778,76.52222222,2023-01-01 00:00:00,18.6,17.31,1.29
KAITHAL,PUNDRI,PUNDRI,Bhana-Pz,29.65277778,76.52222222,2023-08-20 00:00:00,23.47,17.59,5.88
KAITHAL,PUNDRI,PUNDRI,Bhana-Pz,29.65277778,76.52222222,2024-01-01 00:00:00,19.46,17.31,2.15
KAITHAL,PUNDRI,PUNDRI,Dhandh-Pz,29.88,76.61527778,2022-05-20 06:00:00,35.95,31.27,4.68
KAITHAL,PUNDRI,PUNDRI,Jajanpur-Pz-D,29.905,76.60666667,2021-01-10 00:00:00,34.09,12.43,21.66
KAITHAL,PUNDRI,PUNDRI,Jajanpur-Pz-D,29.905,76.60666667,2021-08-31 06:00:00,37.6,37.02,0.58
KAITHAL,PUNDRI,PUNDRI,Jajanpur-Pz-D,29.905,76.60666667,2021-11-30 06:00:00,36.88,36.89,0.01
KAITHAL,PUNDRI,PUNDRI,Jajanpur-Pz-D,29.905,76.60666667,2022-01-30 07:00:00,35.7,12.43,23.27
KAITHAL,PUNDRI,PUNDRI,Jajanpur-Pz-D,29.905,76.60666667,2022-05-20 06:00:00,34.05,31.72,2.33
KAITHAL,PUNDRI,PUNDRI,Jajanpur-Pz-D,29.905,76.60666667,2022-08-01 06:00:00,38.18,37.02,1.16
KAITHAL,PUNDRI,PUNDRI,Jajanpur-Pz-D,29.905,76.60666667,2022-11-01 06:00:00,37.55,36.89,0.66
KAITHAL,PUNDRI,PUNDRI,Jajanpur-Pz-D,29.905,76.60666667,2023-01-01 00:00:00,36.57,12.43,24.14
KAITHAL,PUNDRI,PUNDRI,Jajanpur-Pz-D,29.905,76.60666667,2023-08-20 00:00:00,39.05,37.02,2.03
KAITHAL,PUNDRI,PUNDRI,Jajanpur-Pz-D,29.905,76.60666667,2023-11-01 00:00:00,17.22,36.89,19.67
KAITHAL,PUNDRI,PUNDRI,Jajanpur-Pz-D,29.905,76.60666667,2024-01-01 00:00:00,36.55,12.43,24.12
KAITHAL,PUNDRI,PUNDRI,Jandaula-Pz,29.88888889,76.57277778,2021-01-10 00:00:00,23.31,21.68,1.63
KAITHAL,PUNDRI,PUNDRI,Kaul-Pz,29.84722222,76.66138889,2021-01-10 00:00:00,32.44,31.39,1.05
KAITHAL,PUNDRI,PUNDRI,Kaul-Pz,29.84722222,76.66138889,2021-08-31 06:00:00,34.18,33.54,0.64
KAITHAL,PUNDRI,PUNDRI,Kaul-Pz,29.84722222,76.66138889,2021-11-30 06:00:00,33.5,34.56,1.06
KAITHAL,PUNDRI,PUNDRI,Kaul-Pz,29.84722222,76.66138889,2022-01-30 07:00:00,33.32,31.39,1.93
KAITHAL,PUNDRI,PUNDRI,Kaul-Pz,29.84722222,76.66138889,2022-05-20 06:00:00,32.4,30.89,1.51
KAITHAL,PUNDRI,PUNDRI,Kaul-Pz,29.84722222,76.66138889,2022-08-01 06:00:00,33.86,33.54,0.32
KAITHAL,PUNDRI,PUNDRI,Kaul-Pz,29.84722222,76.66138889,2022-11-01 06:00:00,34.12,34.56,0.44
KAITHAL,PUNDRI,PUNDRI,Kaul-Pz,29.84722222,76.66138889,2023-06-01 00:00:00,32.87,31.04,1.83
KAITHAL,PUNDRI,PUNDRI,Kaul-Pz,29.84722222,76.66138889,2023-11-01 00:00:00,34.0,34.56,0.56
KAITHAL,PUNDRI,PUNDRI,Kaul-Pz,29.84722222,76.66138889,2024-01-01 00:00:00,33.98,31.39,2.59
KAITHAL,PUNDRI,PUNDRI,Pundri(s),29.77777778,76.575,2022-05-20 06:00:00,40.55,28.92,11.63
KAITHAL,PUNDRI,PUNDRI,Sirsal-Pz,29.6875,76.66666667,2021-08-31 06:00:00,30.1,39.37,9.27
KAITHAL,PUNDRI,PUNDRI,Sirsal-Pz,29.6875,76.66666667,2021-11-30 06:00:00,34.16,40.44,6.28
KAITHAL,PUNDRI,PUNDRI,Sirsal-Pz,29.6875,76.66666667,2022-01-30 07:00:00,33.35,31.82,1.53
KAITHAL,PUNDRI,PUNDRI,Sirsal-Pz,29.6875,76.66666667,2022-05-20 06:00:00,30.73,29.44,1.29
KAITHAL,PUNDRI,PUNDRI,Sirsal-Pz,29.6875,76.66666667,2022-08-01 06:00:00,29.95,39.37,9.42
KAITHAL,PUNDRI,PUNDRI,Sirsal-Pz,29.6875,76.66666667,2022-11-01 06:00:00,34.62,40.44,5.82
KAITHAL,PUNDRI,PUNDRI,Sirsal-Pz,29.6875,76.66666667,2023-01-01 00:00:00,33.98,31.82,2.16
KAITHAL,PUNDRI,PUNDRI,Sirsal-Pz,29.6875,76.66666667,2023-06-01 00:00:00,34.1,29.61,4.49
KAITHAL,PUNDRI,PUNDRI,Sirsal-Pz,29.6875,76.66666667,2023-08-20 00:00:00,34.93,39.37,4.44
KAITHAL,PUNDRI,PUNDRI,Sirsal-Pz,29.6875,76.66666667,2023-11-01 00:00:00,5.51,40.44,34.93
KAITHAL,PUNDRI,PUNDRI,Solu Majra-Pz,29.86527778,76.57916667,2022-05-20 06:00:00,36.0,31.18,4.82
KARNAL,ASSANDH,-,CHORKARSA,29.637778,76.672778,2023-01-01 00:00:00,34.04,30.18,3.86
KARNAL,ASSANDH,-,Haryana KARNAL ASSANDH Islam Nagar- Pz-D,29.875562,77.112555,2023-08-20 00:00:00,8.52,12.81,4.29
KARNAL,ASSANDH,-,Haryana KARNAL ASSANDH Islam Nagar- Pz-M,29.875556,77.112362,2023-08-20 00:00:00,7.08,12.81,5.73
KARNAL,ASSANDH,ASSANDH,Assandh-Pz,29.52277778,76.60416667,2022-05-20 06:00:00,19.85,17.04,2.81
KARNAL,ASSANDH,ASSANDH,Balla- Pz,29.50277778,76.75055556,2022-05-20 06:00:00,20.01,26.02,6.01
KARNAL,ASSANDH,ASSANDH,Balla- Pz,29.50277778,76.75055556,2023-11-01 00:00:00,22.62,18.75,3.87
KARNAL,ASSANDH,ASSANDH,Chochra-PZ,29.63222222,76.63111111,2021-01-10 00:00:00,28.5,28.55,0.05
KARNAL,ASSANDH,ASSANDH,Chochra-PZ,29.63222222,76.63111111,2021-08-31 06:00:00,32.26,30.5,1.76
KARNAL,ASSANDH,ASSANDH,Chochra-PZ,29.63222222,76.63111111,2021-11-30 06:00:00,32.8,31.43,1.37
KARNAL,ASSANDH,ASSANDH,Chochra-PZ,29.63222222,76.63111111,2022-01-30 07:00:00,28.35,28.55,0.2
KARNAL,ASSANDH,ASSANDH,Chochra-PZ,29.63222222,76.63111111,2022-05-20 06:00:00,29.95,27.19,2.76
KARNAL,ASSANDH,ASSANDH,Chochra-PZ,29.63222222,76.63111111,2023-01-01 00:00:00,29.2,28.55,0.65
KARNAL,ASSANDH,ASSANDH,Chochra-PZ,29.63222222,76.63111111,2023-11-01 00:00:00,32.0,31.43,0.57
KARNAL,ASSANDH,ASSANDH,Chochra-PZ,29.63222222,76.63111111,2024-01-01 00:00:00,30.11,28.55,1.56
KARNAL,ASSANDH,ASSANDH,Choor Karsa-PZ,29.62805556,76.67444444,2022-01-30 07:00:00,32.19,30.46,1.73
KARNAL,ASSANDH,ASSANDH,Choor Karsa-PZ,29.62805556,76.67444444,2022-05-20 06:00:00,29.5,28.48,1.02
KARNAL,ASSANDH,ASSANDH,Choor Karsa-PZ,29.62805556,76.67444444,2022-08-01 06:00:00,33.7,31.08,2.62
KARNAL,ASSANDH,ASSANDH,Choor Karsa-PZ,29.62805556,76.67444444,2022-11-01 06:00:00,34.54,31.53,3.01
KARNAL,ASSANDH,ASSANDH,Gangateri-Pz,29.47777778,76.50388889,2022-05-20 06:00:00,28.2,36.71,8.51
KARNAL,ASSANDH,ASSANDH,Gangatheri,29.46944444,76.4875,2023-08-20 00:00:00,33.67,29.38,4.29
KARNAL,ASSANDH,ASSANDH,Gondhar,29.64833333,76.75472222,2021-08-31 06:00:00,29.6,28.49,1.11
KARNAL,ASSANDH,ASSANDH,Gondhar,29.64833333,76.75472222,2022-05-20 06:00:00,30.5,27.54,2.96
KARNAL,ASSANDH,ASSANDH,Gondhar,29.64833333,76.75472222,2022-08-01 06:00:00,34.5,28.49,6.01
KARNAL,ASSANDH,ASSANDH,Gondhar,29.64833333,76.75472222,2023-01-01 00:00:00,32.34,27.84,4.5
KARNAL,ASSANDH,ASSANDH,Gondhar,29.64833333,76.75472222,2023-11-01 00:00:00,34.25,28.94,5.31
KARNAL,ASSANDH,ASSANDH,Jaisinghpura,29.54166667,76.63333333,2022-05-20 06:00:00,18.55,13.95,4.6
KARNAL,ASSANDH,ASSANDH,Jalmana PZ,29.66944444,76.72361111,2021-01-10 00:00:00,31.28,28.47,2.81
KARNAL,ASSANDH,ASSANDH,Jalmana PZ,29.66944444,76.72361111,2022-05-20 06:00:00,28.3,26.35,1.95
KARNAL,ASSANDH,ASSANDH,Jalmana PZ,29.66944444,76.72361111,2022-08-01 06:00:00,31.52,29.69,1.83
KARNAL,ASSANDH,ASSANDH,Jalmana PZ,29.66944444,76.72361111,2023-11-01 00:00:00,29.65,30.17,0.52
KARNAL,ASSANDH,ASSANDH,Kurlan-Pz,29.50111111,76.50416667,2022-05-20 06:00:00,24.95,22.85,2.1
KARNAL,ASSANDH,ASSANDH,Mound M,29.51805556,76.54722222,2021-01-10 00:00:00,29.91,27.67,2.24
KARNAL,ASSANDH,ASSANDH,Mound M,29.51805556,76.54722222,2022-05-20 06:00:00,26.11,27.97,1.86
KARNAL,ASSANDH,ASSANDH,Mound M,29.51805556,76.54722222,2022-08-01 06:00:00,31.12,30.58,0.54
KARNAL,ASSANDH,ASSANDH,Mound M,29.51805556,76.54722222,2023-01-01 00:00:00,28.78,27.67,1.11
KARNAL,ASSANDH,ASSANDH,Mound M,29.51805556,76.54722222,2023-08-20 00:00:00,32.1,30.58,1.52
KARNAL,ASSANDH,ASSANDH,Mound M,29.51805556,76.54722222,2023-11-01 00:00:00,31.72,27.76,3.96
KARNAL,ASSANDH,ASSANDH,Mound S,29.51805556,76.54722222,2021-01-10 00:00:00,29.67,28.25,1.42
KARNAL,ASSANDH,ASSANDH,Mound S,29.51805556,76.54722222,2022-01-30 07:00:00,27.42,28.25,0.83
KARNAL,ASSANDH,ASSANDH,Mound S,29.51805556,76.54722222,2022-05-20 06:00:00,25.81,26.37,0.56
KARNAL,ASSANDH,ASSANDH,Mound S,29.51805556,76.54722222,2022-08-01 06:00:00,31.11,27.46,3.65
KARNAL,ASSANDH,ASSANDH,Mound S,29.51805556,76.54722222,2022-11-01 06:00:00,30.4,27.76,2.64
KARNAL,ASSANDH,ASSANDH,Mound S,29.51805556,76.54722222,2023-01-01 00:00:00,28.55,28.25,0.3
KARNAL,ASSANDH,ASSANDH,Mound S,29.51805556,76.54722222,2023-11-01 00:00:00,30.79,27.76,3.03
KARNAL,ASSANDH,ASSANDH,Mundh-dw,29.5175,76.54583333,2022-05-20 06:00:00,27.59,27.3,0.29
KARNAL,ASSANDH,ASSANDH,Padhana-DW,29.49916667,76.71305556,2022-05-20 06:00:00,24.8,22.93,1.87
KARNAL,ASSANDH,ASSANDH,Rattak-Pz,29.5825,76.62555556,2022-05-20 06:00:00,26.6,29.45,2.85
KARNAL,ASSANDH,ASSANDH,Salwan,29.5,76.73472222,2023-01-01 00:00:00,24.75,14.13,10.62
KARNAL,ASSANDH,ASSANDH,Salwan-B,29.5,76.73472222,2021-01-10 00:00:00,25.13,28.28,3.15
KARNAL,ASSANDH,ASSANDH,Salwan-B,29.5,76.73472222,2021-08-31 06:00:00,28.45,28.91,0.46
KARNAL,ASSANDH,ASSANDH,Salwan-B,29.5,76.73472222,2021-11-30 06:00:00,26.85,34.59,7.74
KARNAL,ASSANDH,ASSANDH,Salwan-B,29.5,76.73472222,2022-01-30 07:00:00,25.75,28.28,2.53
KARNAL,ASSANDH,ASSANDH,Salwan-B,29.5,76.73472222,2022-05-20 06:00:00,22.65,26.7,4.05
KARNAL,ASSANDH,ASSANDH,Salwan-B,29.5,76.73472222,2022-08-01 06:00:00,25.8,28.91,3.11
KARNAL,ASSANDH,ASSANDH,Salwan-B,29.5,76.73472222,2022-11-01 06:00:00,28.09,34.59,6.5
KARNAL,GHARAUNDA,GHARAUNDA,Anchla-Pz,29.57277778,76.84944444,2022-05-20 06:00:00,12.5,14.56,2.06
KARNAL,GHARAUNDA,GHARAUNDA,Balhera-m,29.475,77.0875,2021-11-30 06:00:00,14.2,14.86,0.66
KARNAL,GHARAUNDA,GHARAUNDA,Balhera-m,29.475,77.0875,2022-01-30 07:00:00,13.5,14.27,0.77
KARNAL,GHARAUNDA,GHARAUNDA,Balhera-m,29.475,77.0875,2022-05-20 06:00:00,14.12,13.77,0.35
KARNAL,GHARAUNDA,GHARAUNDA,Balhera-m,29.475,77.0875,2022-08-01 06:00:00,16.31,7.09,9.22
KARNAL,GHARAUNDA,GHARAUNDA,Balhera-m,29.475,77.0875,2022-11-01 06:00:00,14.61,14.86,0.25
KARNAL,GHARAUNDA,GHARAUNDA,Balhera-m,29.475,77.0875,2023-01-01 00:00:00,13.3,14.27,0.97
KARNAL,GHARAUNDA,GHARAUNDA,Balhera-m,29.475,77.0875,2023-08-20 00:00:00,13.47,7.09,6.38
KARNAL,GHARAUNDA,GHARAUNDA,Balhera-s,29.475,77.0875,2021-01-10 00:00:00,13.4,13.0,0.4
KARNAL,GHARAUNDA,GHARAUNDA,Faridpur-Pz,29.46111111,77.0375,2022-05-20 06:00:00,24.8,27.17,2.37
KARNAL,GHARAUNDA,GHARAUNDA,Garhi Khajur M,29.53333333,77.05694444,2021-08-31 06:00:00,22.13,25.16,3.03
KARNAL,GHARAUNDA,GHARAUNDA,Garhi Khajur M,29.53333333,77.05694444,2021-11-30 06:00:00,17.63,17.02,0.61
KARNAL,GHARAUNDA,GHARAUNDA,Garhi Khajur M,29.53333333,77.05694444,2022-08-01 06:00:00,23.07,25.16,2.09
KARNAL,GHARAUNDA,GHARAUNDA,Garhi Khajur M,29.53333333,77.05694444,2022-11-01 06:00:00,15.3,17.02,1.72
KARNAL,GHARAUNDA,GHARAUNDA,Garhi Khajur M,29.53333333,77.05694444,2023-01-01 00:00:00,13.25,16.83,3.58
KARNAL,GHARAUNDA,GHARAUNDA,Garhi Khajur M,29.53333333,77.05694444,2023-08-20 00:00:00,19.46,25.16,5.7
KARNAL,GHARAUNDA,GHARAUNDA,Garhi Khajur M,29.53333333,77.05694444,2023-11-01 00:00:00,16.78,17.02,0.24
KARNAL,GHARAUNDA,GHARAUNDA,Garhi Khajur S,29.53333333,77.05694444,2021-11-30 06:00:00,15.77,20.71,4.94
KARNAL,GHARAUNDA,GHARAUNDA,Garhi Khajur S,29.53333333,77.05694444,2022-08-01 06:00:00,19.36,16.45,2.91
KARNAL,GHARAUNDA,GHARAUNDA,Garhi Khajur S,29.53333333,77.05694444,2022-11-01 06:00:00,13.2,20.71,7.51
KARNAL,GHARAUNDA,GHARAUNDA,Garhi Khajur S,29.53333333,77.05694444,2023-01-01 00:00:00,14.88,16.14,1.26
KARNAL,GHARAUNDA,GHARAUNDA,Garhi Khajur S,29.53333333,77.05694444,2023-11-01 00:00:00,15.65,20.71,5.06
KARNAL,GHARAUNDA,GHARAUNDA,Garhikhajur (shallow),29.53333333,77.05694444,2021-08-31 06:00:00,20.33,16.81,3.52
KARNAL,GHARAUNDA,GHARAUNDA,Garhikhajur (shallow),29.53333333,77.05694444,2022-01-30 07:00:00,15.09,18.84,3.75
KARNAL,GHARAUNDA,GHARAUNDA,Gharaunda-Pz,29.53611111,76.96944444,2022-05-20 06:00:00,32.8,29.71,3.09
KARNAL,GHARAUNDA,GHARAUNDA,Kohnd S,29.50833333,76.98333333,2022-05-20 06:00:00,33.75,17.97,15.78
KARNAL,GHARAUNDA,GHARAUNDA,Kutail M,29.58611111,77.02222222,2021-01-10 00:00:00,24.47,30.23,5.76
KARNAL,GHARAUNDA,GHARAUNDA,Kutail M,29.58611111,77.02222222,2021-08-31 06:00:00,33.38,29.36,4.02
KARNAL,GHARAUNDA,GHARAUNDA,Kutail M,29.58611111,77.02222222,2021-11-30 06:00:00,27.6,27.73,0.13
KARNAL,GHARAUNDA,GHARAUNDA,Kutail M,29.58611111,77.02222222,2022-01-30 07:00:00,25.23,30.23,5.0
KARNAL,GHARAUNDA,GHARAUNDA,Kutail M,29.58611111,77.02222222,2022-05-20 06:00:00,25.5,25.84,0.34
KARNAL,GHARAUNDA,GHARAUNDA,Kutail M,29.58611111,77.02222222,2022-08-01 06:00:00,29.96,29.36,0.6
KARNAL,GHARAUNDA,GHARAUNDA,Kutail M,29.58611111,77.02222222,2022-11-01 06:00:00,25.85,27.73,1.88
KARNAL,GHARAUNDA,GHARAUNDA,Kutail M,29.58611111,77.02222222,2023-01-01 00:00:00,23.81,30.23,6.42
KARNAL,GHARAUNDA,GHARAUNDA,Kutail M,29.58611111,77.02222222,2023-08-20 00:00:00,27.84,29.36,1.52
KARNAL,GHARAUNDA,GHARAUNDA,Kutail M,29.58611111,77.02222222,2023-11-01 00:00:00,25.52,27.73,2.21
KARNAL,GHARAUNDA,GHARAUNDA,Kutail S,29.58611111,77.02222222,2021-01-10 00:00:00,24.46,26.58,2.12
KARNAL,GHARAUNDA,GHARAUNDA,Kutail S,29.58611111,77.02222222,2021-08-31 06:00:00,33.1,29.79,3.31
KARNAL,GHARAUNDA,GHARAUNDA,Kutail S,29.58611111,77.02222222,2021-11-30 06:00:00,26.55,27.73,1.18
KARNAL,GHARAUNDA,GHARAUNDA,Kutail S,29.58611111,77.02222222,2022-01-30 07:00:00,24.18,26.58,2.4
KARNAL,GHARAUNDA,GHARAUNDA,Kutail S,29.58611111,77.02222222,2022-05-20 06:00:00,24.54,25.84,1.3
KARNAL,GHARAUNDA,GHARAUNDA,Kutail S,29.58611111,77.02222222,2022-08-01 06:00:00,31.85,29.79,2.06
KARNAL,GHARAUNDA,GHARAUNDA,Kutail S,29.58611111,77.02222222,2022-11-01 06:00:00,25.82,27.73,1.91
KARNAL,GHARAUNDA,GHARAUNDA,Kutail S,29.58611111,77.02222222,2023-01-01 00:00:00,24.07,26.58,2.51
KARNAL,GHARAUNDA,GHARAUNDA,Kutail S,29.58611111,77.02222222,2023-11-01 00:00:00,24.53,27.73,3.2
KARNAL,GHARAUNDA,GHARAUNDA,Munak,29.51805556,76.85138889,2022-05-20 06:00:00,9.53,6.7,2.83
KARNAL,GHARAUNDA,GHARAUNDA,Phurlak M,29.55,76.93333333,2021-01-10 00:00:00,23.44,26.68,3.24
KARNAL,GHARAUNDA,GHARAUNDA,Phurlak M,29.55,76.93333333,2021-08-31 06:00:00,24.86,27.47,2.61
KARNAL,GHARAUNDA,GHARAUNDA,Phurlak M,29.55,76.93333333,2021-11-30 06:00:00,26.34,36.85,10.51
KARNAL,GHARAUNDA,GHARAUNDA,Phurlak M,29.55,76.93333333,2022-01-30 07:00:00,25.83,26.68,0.85
KARNAL,GHARAUNDA,GHARAUNDA,Phurlak M,29.55,76.93333333,2022-05-20 06:00:00,24.24,25.17,0.93
KARNAL,GHARAUNDA,GHARAUNDA,Phurlak M,29.55,76.93333333,2022-08-01 06:00:00,27.6,27.47,0.13
KARNAL,GHARAUNDA,GHARAUNDA,Phurlak M,29.55,76.93333333,2022-11-01 06:00:00,26.7,36.85,10.15
KARNAL,GHARAUNDA,GHARAUNDA,Phurlak M,29.55,76.93333333,2023-01-01 00:00:00,23.56,26.68,3.12
KARNAL,GHARAUNDA,GHARAUNDA,Phurlak M,29.55,76.93333333,2023-08-20 00:00:00,26.6,27.47,0.87
KARNAL,GHARAUNDA,GHARAUNDA,Phurlak M,29.55,76.93333333,2023-11-01 00:00:00,24.61,36.85,12.24
KARNAL,GHARAUNDA,GHARAUNDA,Phurlak S,29.55,76.93333333,2021-01-10 00:00:00,25.31,26.17,0.86
KARNAL,GHARAUNDA,GHARAUNDA,Phurlak S,29.55,76.93333333,2021-08-31 06:00:00,26.2,27.7,1.5
KARNAL,GHARAUNDA,GHARAUNDA,Phurlak S,29.55,76.93333333,2021-11-30 06:00:00,24.51,28.17,3.66
KARNAL,GHARAUNDA,GHARAUNDA,Phurlak S,29.55,76.93333333,2022-01-30 07:00:00,23.95,26.17,2.22
KARNAL,GHARAUNDA,GHARAUNDA,Phurlak S,29.55,76.93333333,2022-05-20 06:00:00,22.4,26.32,3.92
KARNAL,GHARAUNDA,GHARAUNDA,Phurlak S,29.55,76.93333333,2023-01-01 00:00:00,25.7,26.17,0.47
KARNAL,GHARAUNDA,GHARAUNDA,Phurlak S,29.55,76.93333333,2023-08-20 00:00:00,25.72,27.7,1.98
KARNAL,GHARAUNDA,GHARAUNDA,Phurlak S,29.55,76.93333333,2023-11-01 00:00:00,26.5,28.17,1.67
KARNAL,INDRI,INDRI,Budanpur-Pz,29.89027778,77.01666667,2022-05-20 06:00:00,7.94,12.57,4.63
KARNAL,INDRI,INDRI,Dhomsi(shallow),29.94166667,77.05,2021-08-31 06:00:00,26.1,28.65,2.55
KARNAL,INDRI,INDRI,Dhomsi(shallow),29.94166667,77.05,2022-11-01 06:00:00,25.65,25.65,0.0
KARNAL,INDRI,INDRI,Dhomsi(shallow),29.94166667,77.05,2023-01-01 00:00:00,24.4,24.59,0.19
KARNAL,INDRI,INDRI,Dhomsi(shallow),29.94166667,77.05,2023-11-01 00:00:00,24.14,25.65,1.51
KARNAL,INDRI,INDRI,Domsi D,29.94166667,77.05,2021-01-10 00:00:00,22.19,24.14,1.95
KARNAL,INDRI,INDRI,Domsi D,29.94166667,77.05,2021-11-30 06:00:00,24.79,26.29,1.5
KARNAL,INDRI,INDRI,Domsi D,29.94166667,77.05,2022-01-30 07:00:00,23.57,24.14,0.57
KARNAL,INDRI,INDRI,Domsi D,29.94166667,77.05,2022-08-01 06:00:00,27.73,29.33,1.6
KARNAL,INDRI,INDRI,Domsi D,29.94166667,77.05,2024-01-01 00:00:00,22.53,24.14,1.61
KARNAL,INDRI,INDRI,Indri,29.88055556,77.0625,2022-05-20 06:00:00,11.95,12.94,0.99
KARNAL,INDRI,INDRI,Islam Nagar-Pz-D,29.875,77.1125,2021-01-10 00:00:00,15.99,10.14,5.85
KARNAL,INDRI,INDRI,Islam Nagar-Pz-D,29.875,77.1125,2021-08-31 06:00:00,10.39,10.52,0.13
KARNAL,INDRI,INDRI,Islam Nagar-Pz-D,29.875,77.1125,2021-11-30 06:00:00,9.02,10.75,1.73
KARNAL,INDRI,INDRI,Islam Nagar-Pz-D,29.875,77.1125,2022-01-30 07:00:00,8.7,10.14,1.44
KARNAL,INDRI,INDRI,Islam Nagar-Pz-D,29.875,77.1125,2022-05-20 06:00:00,8.76,11.25,2.49
KARNAL,INDRI,INDRI,Islam Nagar-Pz-D,29.875,77.1125,2022-08-01 06:00:00,10.36,10.52,0.16
KARNAL,INDRI,INDRI,Islam Nagar-Pz-D,29.875,77.1125,2022-11-01 06:00:00,9.04,10.75,1.71
KARNAL,INDRI,INDRI,Islam Nagar-Pz-D,29.875,77.1125,2023-01-01 00:00:00,8.52,10.14,1.62
KARNAL,INDRI,INDRI,Islam Nagar-Pz-D,29.875,77.1125,2023-11-01 00:00:00,7.7,10.75,3.05
KARNAL,INDRI,INDRI,Islam Nagar-Pz-M,29.875,77.1125,2021-01-10 00:00:00,6.6,7.35,0.75
KARNAL,INDRI,INDRI,Islam Nagar-Pz-M,29.875,77.1125,2021-08-31 06:00:00,9.7,7.38,2.32
KARNAL,INDRI,INDRI,Islam Nagar-Pz-M,29.875,77.1125,2021-11-30 06:00:00,7.28,10.68,3.4
KARNAL,INDRI,INDRI,Islam Nagar-Pz-M,29.875,77.1125,2022-01-30 07:00:00,7.1,7.35,0.25
KARNAL,INDRI,INDRI,Islam Nagar-Pz-M,29.875,77.1125,2022-05-20 06:00:00,8.53,11.05,2.52
KARNAL,INDRI,INDRI,Islam Nagar-Pz-M,29.875,77.1125,2022-08-01 06:00:00,9.8,7.38,2.42
KARNAL,INDRI,INDRI,Islam Nagar-Pz-M,29.875,77.1125,2022-11-01 06:00:00,7.2,10.68,3.48
KARNAL,INDRI,INDRI,Islam Nagar-Pz-M,29.875,77.1125,2023-01-01 00:00:00,6.95,7.35,0.4
KARNAL,INDRI,INDRI,Islam Nagar-Pz-M,29.875,77.1125,2023-11-01 00:00:00,5.95,10.68,4.73
KARNAL,INDRI,INDRI,Islam Nagar-Pz-S,29.875,77.1125,2021-01-10 00:00:00,6.53,7.35,0.82
KARNAL,INDRI,INDRI,Islam Nagar-Pz-S,29.875,77.1125,2021-08-31 06:00:00,9.62,6.92,2.7
KARNAL,INDRI,INDRI,Islam Nagar-Pz-S,29.875,77.1125,2021-11-30 06:00:00,7.42,10.68,3.26
KARNAL,INDRI,INDRI,Islam Nagar-Pz-S,29.875,77.1125,2022-01-30 07:00:00,7.19,7.35,0.16
KARNAL,INDRI,INDRI,Islam Nagar-Pz-S,29.875,77.1125,2022-05-20 06:00:00,10.46,11.05,0.59
KARNAL,INDRI,INDRI,Islam Nagar-Pz-S,29.875,77.1125,2022-08-01 06:00:00,11.84,6.92,4.92
KARNAL,INDRI,INDRI,Islam Nagar-Pz-S,29.875,77.1125,2022-11-01 06:00:00,7.66,10.68,3.02
KARNAL,INDRI,INDRI,Islam Nagar-Pz-S,29.875,77.1125,2023-01-01 00:00:00,6.83,7.35,0.52
KARNAL,INDRI,INDRI,Islam Nagar-Pz-S,29.875,77.1125,2023-11-01 00:00:00,6.73,10.68,3.95
KARNAL,INDRI,INDRI,Kalri Jagir S,29.94722222,77.13333333,2021-01-10 00:00:00,4.3,5.1,0.8
KARNAL,INDRI,INDRI,Kalri Jagir S,29.94722222,77.13333333,2022-05-20 06:00:00,5.73,5.98,0.25
KARNAL,INDRI,INDRI,Kalri Jagir S,29.94722222,77.13333333,2022-08-01 06:00:00,6.47,4.67,1.8
KARNAL,INDRI,INDRI,Kalri Jagir S,29.94722222,77.13333333,2022-11-01 06:00:00,4.82,4.26,0.56
KARNAL,INDRI,INDRI,Kalri Jagir S,29.94722222,77.13333333,2023-01-01 00:00:00,4.9,5.1,0.2
KARNAL,INDRI,INDRI,Kalri Jagir S,29.94722222,77.13333333,2023-11-01 00:00:00,19.59,4.26,15.33
KARNAL,INDRI,INDRI,Kalri Jagir S,29.94722222,77.13333333,2024-01-01 00:00:00,3.73,5.1,1.37
KARNAL,INDRI,INDRI,Makhala,29.93333333,77.15416667,2021-01-10 00:00:00,6.0,6.54,0.54
KARNAL,INDRI,INDRI,Nanhera,29.86944444,77.09166667,2021-01-10 00:00:00,6.61,10.88,4.27
KARNAL,INDRI,INDRI,Nanhera,29.86944444,77.09166667,2021-08-31 06:00:00,10.4,6.76,3.64
KARNAL,INDRI,INDRI,Nanhera,29.86944444,77.09166667,2021-11-30 06:00:00,7.33,7.41,0.08
KARNAL,INDRI,INDRI,Nanhera,29.86944444,77.09166667,2022-01-30 07:00:00,6.97,10.88,3.91
KARNAL,INDRI,INDRI,Nanhera,29.86944444,77.09166667,2022-05-20 06:00:00,9.18,11.43,2.25
KARNAL,INDRI,INDRI,Nanhera,29.86944444,77.09166667,2022-08-01 06:00:00,9.43,6.76,2.67
KARNAL,INDRI,INDRI,Nanhera,29.86944444,77.09166667,2022-11-01 06:00:00,7.02,7.41,0.39
KARNAL,INDRI,INDRI,Nanhera,29.86944444,77.09166667,2023-01-01 00:00:00,6.9,10.88,3.98
KARNAL,INDRI,INDRI,Nanhera,29.86944444,77.09166667,2023-08-20 00:00:00,7.3,6.76,0.54
KARNAL,INDRI,INDRI,Nanhera,29.86944444,77.09166667,2023-11-01 00:00:00,6.54,7.41,0.87
KARNAL,INDRI,INDRI,Randauli-Pz,29.83388889,77.13611111,2022-05-20 06:00:00,11.1,11.28,0.18
KARNAL,INDRI,INDRI,Randauli-Pz,29.83388889,77.13611111,2022-08-01 06:00:00,10.7,11.13,0.43
KARNAL,INDRI,INDRI,Randauli-Pz,29.83388889,77.13611111,2022-11-01 06:00:00,8.78,11.42,2.64
KARNAL,INDRI,INDRI,Randauli-Pz,29.83388889,77.13611111,2023-01-01 00:00:00,8.89,8.4,0.49
KARNAL,INDRI,INDRI,Randauli-Pz,29.83388889,77.13611111,2023-08-20 00:00:00,8.04,11.13,3.09
KARNAL,INDRI,INDRI,Randauli-Pz,29.83388889,77.13611111,2023-11-01 00:00:00,26.21,11.42,14.79
KARNAL,INDRI,INDRI,Samora1,29.94305556,77.04166667,2022-05-20 06:00:00,9.35,9.11,0.24
KARNAL,INDRI,INDRI,Udana-Pz,29.94166667,76.98611111,2022-05-20 06:00:00,34.8,39.66,4.86
KARNAL,KARNAL,-,Amupur Chakda,29.77388889,76.74138889,2021-01-10 00:00:00,30.24,35.7,5.46
KARNAL,KARNAL,-,Amupur Chakda,29.77388889,76.74138889,2021-08-31 06:00:00,35.04,33.4,1.64
KARNAL,KARNAL,-,Amupur Chakda,29.77388889,76.74138889,2021-11-30 06:00:00,34.33,33.22,1.11
KARNAL,KARNAL,-,Amupur Chakda,29.77388889,76.74138889,2022-01-30 07:00:00,34.39,35.7,1.31
KARNAL,KARNAL,-,Amupur Chakda,29.77388889,76.74138889,2022-11-01 06:00:00,33.89,33.22,0.67
KARNAL,KARNAL,-,Amupur Chakda,29.77388889,76.74138889,2023-01-01 00:00:00,31.43,35.7,4.27
KARNAL,KARNAL,-,Amupur Chakda,29.77388889,76.74138889,2023-11-01 00:00:00,36.13,33.22,2.91
KARNAL,KARNAL,-,Chochra_1,29.6321,76.6312,2023-08-20 00:00:00,32.67,32.82,0.15
KARNAL,KARNAL,-,Haryana KARNAL KARNAL CSSRI,29.710406,76.956781,2023-08-20 00:00:00,15.73,23.98,8.25
KARNAL,KARNAL,-,Haryana KARNAL KARNAL SBBRI,29.704845,76.997445,2023-08-20 00:00:00,22.65,15.74,6.91
KARNAL,KARNAL,KARNAL,Badson- PZ,29.92055556,76.96722222,2022-05-20 06:00:00,31.51,32.32,0.81
KARNAL,KARNAL,KARNAL,Baragaon-Pz,29.75638889,77.06611111,2022-05-20 06:00:00,16.15,18.99,2.84
KARNAL,KARNAL,KARNAL,Chorpur 1(d),29.78333333,77.11666667,2021-01-10 00:00:00,25.6,12.2,13.4
KARNAL,KARNAL,KARNAL,Chorpur 1(d),29.78333333,77.11666667,2021-08-31 06:00:00,10.0,8.95,1.05
KARNAL,KARNAL,KARNAL,Chorpur 1(d),29.78333333,77.11666667,2021-11-30 06:00:00,7.22,11.28,4.06
KARNAL,KARNAL,KARNAL,Chorpur 1(d),29.78333333,77.11666667,2022-01-30 07:00:00,7.46,12.2,4.74
KARNAL,KARNAL,KARNAL,Chorpur 1(d),29.78333333,77.11666667,2022-08-01 06:00:00,10.1,8.95,1.15
KARNAL,KARNAL,KARNAL,Chorpur 1(d),29.78333333,77.11666667,2022-11-01 06:00:00,8.34,11.28,2.94
KARNAL,KARNAL,KARNAL,Chorpur 1(d),29.78333333,77.11666667,2023-01-01 00:00:00,8.2,12.2,4.0
KARNAL,KARNAL,KARNAL,Chorpur 1(d),29.78333333,77.11666667,2023-11-01 00:00:00,6.67,11.28,4.61
KARNAL,KARNAL,KARNAL,Jaroli Khurd-Pz,29.74027778,77.10416667,2021-01-10 00:00:00,6.6,6.73,0.13
KARNAL,KARNAL,KARNAL,Jaroli Khurd-Pz,29.74027778,77.10416667,2021-11-30 06:00:00,5.67,7.65,1.98
KARNAL,KARNAL,KARNAL,Jaroli Khurd-Pz,29.74027778,77.10416667,2022-01-30 07:00:00,5.22,6.73,1.51
KARNAL,KARNAL,KARNAL,Jaroli Khurd-Pz,29.74027778,77.10416667,2022-05-20 06:00:00,9.15,8.47,0.68
KARNAL,KARNAL,KARNAL,Jaroli Khurd-Pz,29.74027778,77.10416667,2022-08-01 06:00:00,6.72,8.83,2.11
KARNAL,KARNAL,KARNAL,Jaroli Khurd-Pz,29.74027778,77.10416667,2022-11-01 06:00:00,5.22,7.65,2.43
KARNAL,KARNAL,KARNAL,Jaroli Khurd-Pz,29.74027778,77.10416667,2023-01-01 00:00:00,5.68,6.73,1.05
KARNAL,KARNAL,KARNAL,Kachhwa Pz,29.725,76.89444444,2022-05-20 06:00:00,21.8,19.34,2.46
KARNAL,KARNAL,KARNAL,Mehmadpur-Pz,29.725,77.11111111,2022-05-20 06:00:00,14.55,14.31,0.24
KARNAL,KARNAL,KARNAL,Nalipur-Pz,29.69583333,77.11333333,2022-05-20 06:00:00,14.5,13.39,1.11
KARNAL,KARNAL,KARNAL,Nalvi Kalan-Pz,29.69388889,77.09861111,2021-01-10 00:00:00,13.65,12.74,0.91
KARNAL,KARNAL,KARNAL,Nalvi Kalan-Pz,29.69388889,77.09861111,2021-08-31 06:00:00,14.44,18.75,4.31
KARNAL,KARNAL,KARNAL,Nalvi Kalan-Pz,29.69388889,77.09861111,2021-11-30 06:00:00,11.05,12.37,1.32
KARNAL,KARNAL,KARNAL,Nalvi Kalan-Pz,29.69388889,77.09861111,2022-01-30 07:00:00,10.75,12.74,1.99
KARNAL,KARNAL,KARNAL,Nalvi Kalan-Pz,29.69388889,77.09861111,2022-05-20 06:00:00,15.62,15.37,0.25
KARNAL,KARNAL,KARNAL,Nalvi Kalan-Pz,29.69388889,77.09861111,2022-08-01 06:00:00,16.66,18.75,2.09
KARNAL,KARNAL,KARNAL,Nalvi Kalan-Pz,29.69388889,77.09861111,2023-01-01 00:00:00,10.8,12.74,1.94
KARNAL,KARNAL,KARNAL,Nasirpur-Pz,29.67222222,77.12777778,2022-05-20 06:00:00,9.15,12.31,3.16
KARNAL,KARNAL,KARNAL,Newal 1(m),29.73333333,77.05,2022-05-20 06:00:00,17.8,25.35,7.55
KARNAL,KARNAL,KARNAL,Phusgarh-Pz,29.69694444,77.03055556,2022-05-20 06:00:00,20.23,25.93,5.7
KARNAL,KARNAL,KARNAL,Ranwar-Pz,29.63527778,77.01861111,2022-05-20 06:00:00,16.4,24.91,8.51
KARNAL,KARNAL,KARNAL,Sekhpura 1(m),29.71666667,77.01666667,2021-01-10 00:00:00,18.05,16.83,1.22
KARNAL,KARNAL,KARNAL,Sekhpura 1(m),29.71666667,77.01666667,2021-08-31 06:00:00,20.81,21.59,0.78
KARNAL,KARNAL,KARNAL,Sekhpura 1(m),29.71666667,77.01666667,2022-05-20 06:00:00,18.23,19.61,1.38
KARNAL,KARNAL,KARNAL,Sekhpura 1(m),29.71666667,77.01666667,2023-01-01 00:00:00,17.4,16.83,0.57
KARNAL,KARNAL,KARNAL,Sekhpura 1(m),29.71666667,77.01666667,2023-08-20 00:00:00,18.77,21.59,2.82
KARNAL,KARNAL,KARNAL,Sekhpura 1(m),29.71666667,77.01666667,2023-11-01 00:00:00,17.8,19.6,1.8
KARNAL,KARNAL,KARNAL,Shekhpur 2(d),29.71666667,77.01666667,2022-05-20 06:00:00,26.15,21.05,5.1
KARNAL,KARNAL,KARNAL,Shekhpura,29.65416667,77.03138889,2021-01-10 00:00:00,18.05,18.48,0.43
KARNAL,KARNAL,KARNAL,Shekhpura,29.65416667,77.03138889,2021-11-30 06:00:00,19.25,20.97,1.72
KARNAL,KARNAL,KARNAL,Shekhpura,29.65416667,77.03138889,2022-01-30 07:00:00,17.9,18.48,0.58
KARNAL,KARNAL,KARNAL,Shekhpura,29.65416667,77.03138889,2022-08-01 06:00:00,23.65,22.97,0.68
KARNAL,KARNAL,KARNAL,Shekhpura,29.65416667,77.03138889,2022-11-01 06:00:00,18.07,20.97,2.9
KARNAL,KARNAL,NISSANG,Amupur-PZ,29.76,76.72583333,2022-05-20 06:00:00,30.1,28.91,1.19
KARNAL,KARNAL,NISSANG,Chorkharsa-Pz,29.62666667,76.67277778,2021-01-10 00:00:00,33.73,34.99,1.26
KARNAL,KARNAL,NISSANG,Chorkharsa-Pz,29.62666667,76.67277778,2021-08-31 06:00:00,34.53,32.97,1.56
KARNAL,KARNAL,NISSANG,Chorkharsa-Pz,29.62666667,76.67277778,2021-11-30 06:00:00,33.91,35.07,1.16
KARNAL,KARNAL,NISSANG,Chorkharsa-Pz,29.62666667,76.67277778,2022-05-20 06:00:00,30.9,28.22,2.68
KARNAL,KARNAL,NISSANG,Chorkharsa-Pz,29.62666667,76.67277778,2023-08-20 00:00:00,34.7,32.97,1.73
KARNAL,KARNAL,NISSANG,Chorkharsa-Pz,29.62666667,76.67277778,2023-11-01 00:00:00,34.83,35.07,0.24
KARNAL,KARNAL,NISSANG,Dadupur-PZ,29.7675,76.97305556,2022-05-20 06:00:00,20.5,18.36,2.14
KARNAL,KARNAL,NISSANG,Gondar-Pz,29.65833333,76.75,2021-01-10 00:00:00,31.5,27.45,4.05
KARNAL,KARNAL,NISSANG,Gondar-Pz,29.65833333,76.75,2021-11-30 06:00:00,33.55,33.24,0.31
KARNAL,KARNAL,NISSANG,Gondar-Pz,29.65833333,76.75,2022-01-30 07:00:00,31.05,27.45,3.6
KARNAL,KARNAL,NISSANG,Gondar-Pz,29.65833333,76.75,2022-11-01 06:00:00,33.9,33.24,0.66
KARNAL,KARNAL,NISSANG,Gondar-Pz,29.65833333,76.75,2024-01-01 00:00:00,33.56,27.45,6.11
KARNAL,KARNAL,NISSANG,Jundla1,29.64305556,76.86666667,2022-05-20 06:00:00,21.65,26.05,4.4
KARNAL,KARNAL,NISSANG,Jundla1,29.64305556,76.86666667,2023-01-01 00:00:00,22.48,23.78,1.3
KARNAL,KARNAL,NISSANG,Jundla1,29.64305556,76.86666667,2023-08-20 00:00:00,26.05,26.23,0.18
KARNAL,KARNAL,NISSANG,Jundla1,29.64305556,76.86666667,2023-11-01 00:00:00,25.16,25.32,0.16
KARNAL,KARNAL,NISSANG,Karnal D,29.68333333,76.95,2021-01-10 00:00:00,17.01,16.65,0.36
KARNAL,KARNAL,NISSANG,Karnal D,29.68333333,76.95,2022-05-20 06:00:00,23.2,25.35,2.15
KARNAL,KARNAL,NISSANG,Karnal D,29.68333333,76.95,2022-08-01 06:00:00,17.78,26.23,8.45
KARNAL,KARNAL,NISSANG,Karnal D,29.68333333,76.95,2022-11-01 06:00:00,14.56,26.44,11.88
KARNAL,KARNAL,NISSANG,Karnal D,29.68333333,76.95,2023-01-01 00:00:00,13.25,16.65,3.4
KARNAL,KARNAL,NISSANG,Karnal D,29.68333333,76.95,2023-11-01 00:00:00,13.77,26.44,12.67
KARNAL,KARNAL,NISSANG,KheriNaru-Pz-D,29.64861111,76.91361111,2021-01-10 00:00:00,15.99,15.75,0.24
KARNAL,KARNAL,NISSANG,KheriNaru-Pz-D,29.64861111,76.91361111,2021-08-31 06:00:00,17.83,17.22,0.61
KARNAL,KARNAL,NISSANG,KheriNaru-Pz-D,29.64861111,76.91361111,2021-11-30 06:00:00,16.1,16.95,0.85
KARNAL,KARNAL,NISSANG,KheriNaru-Pz-D,29.64861111,76.91361111,2022-01-30 07:00:00,15.2,15.75,0.55
KARNAL,KARNAL,NISSANG,KheriNaru-Pz-D,29.64861111,76.91361111,2022-05-20 06:00:00,14.75,16.13,1.38
KARNAL,KARNAL,NISSANG,KheriNaru-Pz-D,29.64861111,76.91361111,2022-08-01 06:00:00,16.9,17.22,0.32
KARNAL,KARNAL,NISSANG,KheriNaru-Pz-D,29.64861111,76.91361111,2022-11-01 06:00:00,15.77,16.95,1.18
KARNAL,KARNAL,NISSANG,KheriNaru-Pz-D,29.64861111,76.91361111,2023-01-01 00:00:00,15.1,15.75,0.65
KARNAL,KARNAL,NISSANG,KheriNaru-Pz-D,29.64861111,76.91361111,2023-11-01 00:00:00,15.29,16.95,1.66
KARNAL,KARNAL,NISSANG,KheriNaru-Pz-M,29.64861111,76.91361111,2021-01-10 00:00:00,14.45,14.55,0.1
KARNAL,KARNAL,NISSANG,KheriNaru-Pz-M,29.64861111,76.91361111,2021-08-31 06:00:00,17.65,18.39,0.74
KARNAL,KARNAL,NISSANG,KheriNaru-Pz-M,29.64861111,76.91361111,2021-11-30 06:00:00,14.6,16.91,2.31
KARNAL,KARNAL,NISSANG,KheriNaru-Pz-M,29.64861111,76.91361111,2022-01-30 07:00:00,13.12,14.55,1.43
KARNAL,KARNAL,NISSANG,KheriNaru-Pz-M,29.64861111,76.91361111,2022-05-20 06:00:00,14.13,15.68,1.55
KARNAL,KARNAL,NISSANG,KheriNaru-Pz-M,29.64861111,76.91361111,2022-08-01 06:00:00,16.95,18.39,1.44
KARNAL,KARNAL,NISSANG,KheriNaru-Pz-M,29.64861111,76.91361111,2022-11-01 06:00:00,13.62,16.91,3.29
KARNAL,KARNAL,NISSANG,KheriNaru-Pz-M,29.64861111,76.91361111,2023-01-01 00:00:00,12.54,14.55,2.01
KARNAL,KARNAL,NISSANG,KheriNaru-Pz-M,29.64861111,76.91361111,2023-11-01 00:00:00,13.0,16.91,3.91
KARNAL,KARNAL,NISSANG,KheriNaru-Pz-S,29.64861111,76.91361111,2021-01-10 00:00:00,14.3,14.57,0.27
KARNAL,KARNAL,NISSANG,KheriNaru-Pz-S,29.64861111,76.91361111,2021-08-31 06:00:00,16.53,17.49,0.96
KARNAL,KARNAL,NISSANG,KheriNaru-Pz-S,29.64861111,76.91361111,2021-11-30 06:00:00,14.6,16.39,1.79
KARNAL,KARNAL,NISSANG,KheriNaru-Pz-S,29.64861111,76.91361111,2022-01-30 07:00:00,13.08,14.57,1.49
KARNAL,KARNAL,NISSANG,KheriNaru-Pz-S,29.64861111,76.91361111,2022-05-20 06:00:00,14.05,15.69,1.64
KARNAL,KARNAL,NISSANG,KheriNaru-Pz-S,29.64861111,76.91361111,2022-08-01 06:00:00,17.0,17.49,0.49
KARNAL,KARNAL,NISSANG,KheriNaru-Pz-S,29.64861111,76.91361111,2023-01-01 00:00:00,12.3,14.57,2.27
KARNAL,KARNAL,NISSANG,KheriNaru-Pz-S,29.64861111,76.91361111,2023-08-20 00:00:00,16.5,17.49,0.99
KARNAL,KARNAL,NISSANG,KheriNaru-Pz-S,29.64861111,76.91361111,2023-11-01 00:00:00,12.76,16.39,3.63
KARNAL,KARNAL,NISSANG,Majra Roran,29.7875,76.72916667,2021-01-10 00:00:00,28.69,26.65,2.04
KARNAL,KARNAL,NISSANG,Majra Roran,29.7875,76.72916667,2021-08-31 06:00:00,31.82,31.36,0.46
KARNAL,KARNAL,NISSANG,Majra Roran,29.7875,76.72916667,2021-11-30 06:00:00,31.1,30.08,1.02
KARNAL,KARNAL,NISSANG,Majra Roran,29.7875,76.72916667,2022-05-20 06:00:00,30.18,29.7,0.48
KARNAL,KARNAL,NISSANG,Majra Roran,29.7875,76.72916667,2022-08-01 06:00:00,31.45,31.36,0.09
KARNAL,KARNAL,NISSANG,Majra Roran,29.7875,76.72916667,2022-11-01 06:00:00,32.17,30.08,2.09
KARNAL,KARNAL,NISSANG,Majra Roran,29.7875,76.72916667,2023-08-20 00:00:00,32.1,31.36,0.74
KARNAL,KARNAL,NISSANG,Majra Roran,29.7875,76.72916667,2023-11-01 00:00:00,32.02,30.08,1.94
KARNAL,KARNAL,NISSANG,Majraroran,29.7875,76.72916667,2022-01-30 07:00:00,31.03,32.69,1.66
KARNAL,KARNAL,NISSANG,Majraroran,29.7875,76.72916667,2023-01-01 00:00:00,31.18,32.69,1.51
KARNAL,KARNAL,NISSANG,Nisang-Pz,29.69444444,76.75416667,2022-05-20 06:00:00,34.2,34.05,0.15
KARNAL,KARNAL,NISSANG,Sambli-Pz-M,29.75833333,76.8,2021-01-10 00:00:00,28.9,33.85,4.95
KARNAL,KARNAL,NISSANG,Sambli-Pz-M,29.75833333,76.8,2021-08-31 06:00:00,33.2,35.28,2.08
KARNAL,KARNAL,NISSANG,Sambli-Pz-M,29.75833333,76.8,2021-11-30 06:00:00,29.19,66.57,37.38
KARNAL,KARNAL,NISSANG,Sambli-Pz-M,29.75833333,76.8,2022-01-30 07:00:00,29.48,33.85,4.37
KARNAL,KARNAL,NISSANG,Sambli-Pz-M,29.75833333,76.8,2022-05-20 06:00:00,28.26,26.13,2.13
KARNAL,KARNAL,NISSANG,Sambli-Pz-M,29.75833333,76.8,2022-08-01 06:00:00,31.1,35.28,4.18
KARNAL,KARNAL,NISSANG,Sambli-Pz-M,29.75833333,76.8,2022-11-01 06:00:00,30.17,66.57,36.4
KARNAL,KARNAL,NISSANG,Sambli-Pz-M,29.75833333,76.8,2023-01-01 00:00:00,29.53,33.85,4.32
KARNAL,KARNAL,NISSANG,Sambli-Pz-M,29.75833333,76.8,2023-08-20 00:00:00,30.5,35.28,4.78
KARNAL,KARNAL,NISSANG,Sambli-Pz-M,29.75833333,76.8,2023-11-01 00:00:00,30.68,66.57,35.89
KARNAL,KARNAL,NISSANG,Sambli-Pz-S,29.75833333,76.8,2021-01-10 00:00:00,29.01,28.19,0.82
KARNAL,KARNAL,NISSANG,Sambli-Pz-S,29.75833333,76.8,2022-01-30 07:00:00,28.09,28.19,0.1
KARNAL,KARNAL,NISSANG,Sambli-Pz-S,29.75833333,76.8,2022-05-20 06:00:00,28.35,26.24,2.11
KARNAL,KARNAL,NISSANG,Sambli-Pz-S,29.75833333,76.8,2022-08-01 06:00:00,30.1,45.48,15.38
KARNAL,KARNAL,NISSANG,Sambli-Pz-S,29.75833333,76.8,2022-11-01 06:00:00,30.39,33.74,3.35
KARNAL,KARNAL,NISSANG,Sambli-Pz-S,29.75833333,76.8,2023-01-01 00:00:00,29.53,28.19,1.34
KARNAL,KARNAL,NISSANG,Sambli-Pz-S,29.75833333,76.8,2023-08-20 00:00:00,29.86,45.48,15.62
KARNAL,KARNAL,NISSANG,Sambli-Pz-S,29.75833333,76.8,2023-11-01 00:00:00,31.22,33.74,2.52
KARNAL,NILOKHERI,NILOKHERI,Amin S,29.87222222,76.84444444,2021-01-10 00:00:00,33.92,32.65,1.27
KARNAL,NILOKHERI,NILOKHERI,Amin S,29.87222222,76.84444444,2021-08-31 06:00:00,37.07,28.8,8.27
KARNAL,NILOKHERI,NILOKHERI,Amin S,29.87222222,76.84444444,2021-11-30 06:00:00,35.96,35.54,0.42
KARNAL,NILOKHERI,NILOKHERI,Amin S,29.87222222,76.84444444,2022-01-30 07:00:00,35.5,32.65,2.85
KARNAL,NILOKHERI,NILOKHERI,Amin S,29.87222222,76.84444444,2022-05-20 06:00:00,34.95,34.1,0.85
KARNAL,NILOKHERI,NILOKHERI,Amin S,29.87222222,76.84444444,2022-08-01 06:00:00,36.9,28.8,8.1
KARNAL,NILOKHERI,NILOKHERI,Amin S,29.87222222,76.84444444,2022-11-01 06:00:00,36.65,35.54,1.11
KARNAL,NILOKHERI,NILOKHERI,Amin S,29.87222222,76.84444444,2023-01-01 00:00:00,35.38,32.65,2.73
KARNAL,NILOKHERI,NILOKHERI,Amin S,29.87222222,76.84444444,2023-08-20 00:00:00,39.6,28.8,10.8
KARNAL,NILOKHERI,NILOKHERI,Amin S,29.87222222,76.84444444,2023-11-01 00:00:00,35.83,35.54,0.29
KARNAL,NILOKHERI,NILOKHERI,Anjanthali-Pz,29.84305556,76.88333333,2022-05-20 06:00:00,27.17,26.28,0.89
KARNAL,NILOKHERI,NILOKHERI,Jhanjari-Pz,29.75694444,76.96944444,2022-05-20 06:00:00,20.8,17.07,3.73
KARNAL,NILOKHERI,NILOKHERI,Kalsi,29.86666667,76.95833333,2022-05-20 06:00:00,29.85,28.13,1.72
KARNAL,NILOKHERI,NILOKHERI,Manak Majra-Pz,29.86583333,76.91111111,2022-05-20 06:00:00,27.83,26.35,1.48
KARNAL,NILOKHERI,NILOKHERI,Nilokheri-Pz,29.83111111,76.93333333,2022-05-20 06:00:00,24.4,26.05,1.65
KARNAL,NILOKHERI,NILOKHERI,Sagga-Pz,29.76944444,76.84166667,2022-05-20 06:00:00,28.72,25.05,3.67
KARNAL,NILOKHERI,NILOKHERI,Taraori-Pz,29.79833333,76.92944444,2022-05-20 06:00:00,23.87,26.42,2.55
KURUKSHETRA,PEHOWA,PEHOWA,Adhoya-Pz,30.06805556,76.48888889,2022-05-20 06:00:00,40.67,36.82,3.85
KURUKSHETRA,PEHOWA,PEHOWA,Bachki-Pz,30.03944444,76.75555556,2021-01-10 00:00:00,39.12,37.47,1.65
KURUKSHETRA,PEHOWA,PEHOWA,Batheri-PZ,29.93916667,76.59222222,2022-05-20 06:00:00,37.7,36.4,1.3
KURUKSHETRA,PEHOWA,PEHOWA,Bhore Saidan S,29.9625,76.70416667,2022-05-20 06:00:00,33.35,35.71,2.36
KURUKSHETRA,PEHOWA,PEHOWA,Bodhni (m),30.05416667,76.55833333,2021-01-10 00:00:00,40.93,41.63,0.7
KURUKSHETRA,PEHOWA,PEHOWA,Bodhni (m),30.05416667,76.55833333,2021-08-31 06:00:00,44.87,45.93,1.06
KURUKSHETRA,PEHOWA,PEHOWA,Bodhni (m),30.05416667,76.55833333,2021-11-30 06:00:00,42.8,45.98,3.18
KURUKSHETRA,PEHOWA,PEHOWA,Bodhni (m),30.05416667,76.55833333,2022-01-30 07:00:00,42.3,41.63,0.67
KURUKSHETRA,PEHOWA,PEHOWA,Bodhni (m),30.05416667,76.55833333,2022-05-20 06:00:00,40.94,37.03,3.91
KURUKSHETRA,PEHOWA,PEHOWA,Bodhni (m),30.05416667,76.55833333,2022-08-01 06:00:00,43.57,45.93,2.36
KURUKSHETRA,PEHOWA,PEHOWA,Bodhni (m),30.05416667,76.55833333,2022-11-01 06:00:00,44.7,45.98,1.28
KURUKSHETRA,PEHOWA,PEHOWA,Bodhni (m),30.05416667,76.55833333,2023-01-01 00:00:00,43.86,41.63,2.23
KURUKSHETRA,PEHOWA,PEHOWA,Bodhni (m),30.05416667,76.55833333,2023-08-20 00:00:00,48.7,45.93,2.77
KURUKSHETRA,PEHOWA,PEHOWA,Bodhni (m),30.05416667,76.55833333,2023-11-01 00:00:00,45.03,45.98,0.95
KURUKSHETRA,PEHOWA,PEHOWA,Bodhni (s),30.05416667,76.55833333,2021-01-10 00:00:00,41.1,40.91,0.19
KURUKSHETRA,PEHOWA,PEHOWA,Bodhni (s),30.05416667,76.55833333,2021-08-31 06:00:00,44.6,42.77,1.83
KURUKSHETRA,PEHOWA,PEHOWA,Bodhni (s),30.05416667,76.55833333,2021-11-30 06:00:00,41.88,42.81,0.93
KURUKSHETRA,PEHOWA,PEHOWA,Bodhni (s),30.05416667,76.55833333,2022-01-30 07:00:00,41.75,40.91,0.84
KURUKSHETRA,PEHOWA,PEHOWA,Bodhni (s),30.05416667,76.55833333,2022-11-01 06:00:00,43.76,42.81,0.95
KURUKSHETRA,PEHOWA,PEHOWA,Bodhni (s),30.05416667,76.55833333,2023-01-01 00:00:00,43.3,40.91,2.39
KURUKSHETRA,PEHOWA,PEHOWA,Bodhni (s),30.05416667,76.55833333,2023-08-20 00:00:00,44.45,42.77,1.68
KURUKSHETRA,PEHOWA,PEHOWA,Bodhni (s),30.05416667,76.55833333,2023-11-01 00:00:00,44.21,42.81,1.4
KURUKSHETRA,PEHOWA,PEHOWA,Chanalheri-PZ,30.02222222,76.66361111,2022-05-20 06:00:00,42.9,43.68,0.78
KURUKSHETRA,PEHOWA,PEHOWA,Diwana-PZ,30.06,76.46583333,2022-05-20 06:00:00,37.5,37.2,0.3
KURUKSHETRA,PEHOWA,PEHOWA,Garhi Roran-PZ,29.96361111,76.73027778,2022-05-20 06:00:00,32.45,32.77,0.32
KURUKSHETRA,PEHOWA,PEHOWA,Gumthala Garhu-PZ,29.93638889,76.55027778,2022-05-20 06:00:00,37.1,35.14,1.96
KURUKSHETRA,PEHOWA,PEHOWA,Helwa-PZ,29.97388889,76.78805556,2022-05-20 06:00:00,38.85,35.03,3.82
KURUKSHETRA,PEHOWA,PEHOWA,Ishaq,30.01666667,76.49166667,2023-01-01 00:00:00,40.63,19.21,21.42
KURUKSHETRA,PEHOWA,PEHOWA,Ishaque S,30.01666667,76.49166667,2021-01-10 00:00:00,38.99,39.7,0.71
KURUKSHETRA,PEHOWA,PEHOWA,Ishaque S,30.01666667,76.49166667,2021-08-31 06:00:00,40.91,38.68,2.23
KURUKSHETRA,PEHOWA,PEHOWA,Ishaque S,30.01666667,76.49166667,2021-11-30 06:00:00,39.72,38.72,1.0
KURUKSHETRA,PEHOWA,PEHOWA,Ishaque S,30.01666667,76.49166667,2022-01-30 07:00:00,39.67,39.7,0.03
KURUKSHETRA,PEHOWA,PEHOWA,Ishaque S,30.01666667,76.49166667,2022-05-20 06:00:00,38.84,35.46,3.38
KURUKSHETRA,PEHOWA,PEHOWA,Ishaque S,30.01666667,76.49166667,2022-08-01 06:00:00,40.6,38.68,1.92
KURUKSHETRA,PEHOWA,PEHOWA,Ishaque S,30.01666667,76.49166667,2022-11-01 06:00:00,40.07,38.72,1.35
KURUKSHETRA,PEHOWA,PEHOWA,Ishaque S,30.01666667,76.49166667,2023-08-20 00:00:00,41.8,38.68,3.12
KURUKSHETRA,PEHOWA,PEHOWA,Ishaque S,30.01666667,76.49166667,2023-11-01 00:00:00,41.69,38.72,2.97
KURUKSHETRA,PEHOWA,PEHOWA,Jalbehra-PZ,30.07888889,76.66861111,2022-05-20 06:00:00,45.04,44.77,0.27
KURUKSHETRA,PEHOWA,PEHOWA,Karaha Sahib-PZ,30.04388889,76.49416667,2022-05-20 06:00:00,39.22,36.82,2.4
KURUKSHETRA,PEHOWA,PEHOWA,Malikpur(shallow),30.04583333,76.63333333,2022-05-20 06:00:00,45.35,20.81,24.54
KURUKSHETRA,PEHOWA,PEHOWA,Mangana-PZ,29.95583333,76.4925,2022-05-20 06:00:00,39.72,35.26,4.46
KURUKSHETRA,PEHOWA,PEHOWA,Murtzapur-Pz,29.98888889,76.75138889,2022-05-20 06:00:00,36.6,30.59,6.01
KURUKSHETRA,PEHOWA,PEHOWA,Murtzapur-Pz,29.98888889,76.75138889,2022-11-01 06:00:00,38.4,38.01,0.39
KURUKSHETRA,PEHOWA,PEHOWA,Murtzapur-Pz,29.98888889,76.75138889,2023-01-01 00:00:00,38.66,34.33,4.33
KURUKSHETRA,PEHOWA,PEHOWA,Murtzapur-Pz,29.98888889,76.75138889,2023-08-20 00:00:00,41.4,31.91,9.49
KURUKSHETRA,PEHOWA,PEHOWA,Murtzapur-Pz,29.98888889,76.75138889,2024-01-01 00:00:00,38.32,34.33,3.99
KURUKSHETRA,PEHOWA,PEHOWA,Naisi-Pz,30.07777778,76.64305556,2022-05-20 06:00:00,44.48,37.54,6.94
KURUKSHETRA,PEHOWA,PEHOWA,Pehowa (D),29.98333333,76.58055556,2021-08-31 06:00:00,47.67,47.62,0.05
KURUKSHETRA,PEHOWA,PEHOWA,Pehowa (D),29.98333333,76.58055556,2021-11-30 06:00:00,45.05,48.1,3.05
KURUKSHETRA,PEHOWA,PEHOWA,Pehowa (D),29.98333333,76.58055556,2022-01-30 07:00:00,43.68,47.04,3.36
KURUKSHETRA,PEHOWA,PEHOWA,Pehowa (D),29.98333333,76.58055556,2022-05-20 06:00:00,41.63,40.84,0.79
KURUKSHETRA,PEHOWA,PEHOWA,Pehowa (D),29.98333333,76.58055556,2022-08-01 06:00:00,46.42,47.62,1.2
KURUKSHETRA,PEHOWA,PEHOWA,Pehowa (D),29.98333333,76.58055556,2022-11-01 06:00:00,44.65,48.1,3.45
KURUKSHETRA,PEHOWA,PEHOWA,Pehowa (D),29.98333333,76.58055556,2023-01-01 00:00:00,43.12,47.04,3.92
KURUKSHETRA,PEHOWA,PEHOWA,Pehowa (D),29.98333333,76.58055556,2023-11-01 00:00:00,34.96,48.1,13.14
KURUKSHETRA,PEHOWA,PEHOWA,Pehowa 2(m),29.98333333,76.58055556,2021-01-10 00:00:00,43.02,42.27,0.75
KURUKSHETRA,PEHOWA,PEHOWA,Pehowa 2(m),29.98333333,76.58055556,2021-11-30 06:00:00,43.65,48.1,4.45
KURUKSHETRA,PEHOWA,PEHOWA,Pehowa 2(m),29.98333333,76.58055556,2022-01-30 07:00:00,42.69,42.27,0.42
KURUKSHETRA,PEHOWA,PEHOWA,Pehowa 2(m),29.98333333,76.58055556,2022-05-20 06:00:00,45.32,37.0,8.32
KURUKSHETRA,PEHOWA,PEHOWA,Pehowa 2(m),29.98333333,76.58055556,2022-08-01 06:00:00,45.2,43.67,1.53
KURUKSHETRA,PEHOWA,PEHOWA,Pehowa 2(m),29.98333333,76.58055556,2022-11-01 06:00:00,44.85,48.1,3.25
KURUKSHETRA,PEHOWA,PEHOWA,Pehowa 2(m),29.98333333,76.58055556,2023-01-01 00:00:00,43.53,42.27,1.26
KURUKSHETRA,PEHOWA,PEHOWA,Pehowa 2(m),29.98333333,76.58055556,2023-08-20 00:00:00,48.74,43.67,5.07
KURUKSHETRA,PEHOWA,PEHOWA,Pehowa 2(m),29.98333333,76.58055556,2023-11-01 00:00:00,43.95,48.1,4.15
KURUKSHETRA,PEHOWA,PEHOWA,Sarsa-PZ,29.93138889,76.66527778,2022-05-20 06:00:00,36.2,45.34,9.14
KURUKSHETRA,PEHOWA,PEHOWA,Surmi-PZ,30.01027778,76.67888889,2022-05-20 06:00:00,39.92,40.44,0.52
KURUKSHETRA,PEHOWA,PEHOWA,Teokar-PZ,30.06527778,76.55166667,2022-05-20 06:00:00,41.1,40.4,0.7
KURUKSHETRA,PEHOWA,PEHOWA,Thana (m),29.92,76.50138889,2021-08-31 06:00:00,40.86,41.94,1.08
KURUKSHETRA,PEHOWA,PEHOWA,Thana (m),29.92,76.50138889,2021-11-30 06:00:00,40.95,42.59,1.64
KURUKSHETRA,PEHOWA,PEHOWA,Thana (m),29.92,76.50138889,2022-01-30 07:00:00,41.47,39.01,2.46
KURUKSHETRA,PEHOWA,PEHOWA,Thana (m),29.92,76.50138889,2022-05-20 06:00:00,40.81,38.6,2.21
KURUKSHETRA,PEHOWA,PEHOWA,Urnai-PZ,30.00638889,76.62527778,2022-05-20 06:00:00,45.4,41.79,3.61
KURUKSHETRA,PEHOWA,PEHOWA,Urnai-PZ,30.00638889,76.62527778,2023-01-01 00:00:00,40.43,41.5,1.07
KURUKSHETRA,SHAHBAD,-,Khanpur Jatta - S,30.04,76.957222,2023-01-01 00:00:00,45.31,43.22,2.09
KURUKSHETRA,SHAHBAD,-,Khanpur Jatta - S,30.04,76.957222,2023-08-20 00:00:00,48.75,43.79,4.96
KURUKSHETRA,SHAHBAD,BABAIN,Berthala S,30.12916667,76.98333333,2022-05-20 06:00:00,42.99,42.68,0.31
KURUKSHETRA,SHAHBAD,BABAIN,Berthala S,30.12916667,76.98333333,2023-08-20 00:00:00,42.69,43.93,1.24
KURUKSHETRA,SHAHBAD,BABAIN,Berthala S,30.12916667,76.98333333,2023-11-01 00:00:00,40.33,49.84,9.51
KURUKSHETRA,SHAHBAD,BABAIN,Berthala S,30.12916667,76.98333333,2024-01-01 00:00:00,38.66,51.21,12.55
KURUKSHETRA,SHAHBAD,BABAIN,Buhawa M,30.1587,76.9845,2023-08-20 00:00:00,49.86,26.76,23.1
KURUKSHETRA,SHAHBAD,BABAIN,Buhawa M,30.1587,76.9845,2023-11-01 00:00:00,46.08,26.35,19.73
KURUKSHETRA,SHAHBAD,BABAIN,Buhawa S,30.1589,76.9837,2023-08-20 00:00:00,47.3,26.8,20.5
KURUKSHETRA,SHAHBAD,BABAIN,Buhawa S,30.1589,76.9837,2023-11-01 00:00:00,46.36,26.39,19.97
KURUKSHETRA,SHAHBAD,BABAIN,Lakhmari-PZ,30.14444444,77.02055556,2022-05-20 06:00:00,43.02,54.7,11.68
KURUKSHETRA,SHAHBAD,BABAIN,Mangoli Jattan-PZ,30.12805556,77.03777778,2022-05-20 06:00:00,39.75,48.1,8.35
KURUKSHETRA,SHAHBAD,BABAIN,Ram Sharan Majra-Pz,30.00166667,77.00027778,2022-05-20 06:00:00,39.67,42.12,2.45
KURUKSHETRA,SHAHBAD,BABAIN,Sunarain Dhanani-PZ,30.10277778,76.98888889,2022-05-20 06:00:00,44.03,57.64,13.61
KURUKSHETRA,SHAHBAD,BABAIN,Tatka-PZ,30.04,76.95722222,2022-05-20 06:00:00,39.46,62.95,23.49
KURUKSHETRA,SHAHBAD,LADWA,Badarpur-PZ,29.96027778,77.09527778,2022-05-20 06:00:00,16.47,25.15,8.68
KURUKSHETRA,SHAHBAD,LADWA,Bakali-PZ,30.01527778,77.065,2022-05-20 06:00:00,43.95,38.29,5.66
KURUKSHETRA,SHAHBAD,LADWA,Bapda-PZ,29.97277778,77.05722222,2022-05-20 06:00:00,35.35,30.15,5.2
KURUKSHETRA,SHAHBAD,LADWA,Barhan-PZ,29.99388889,77.01888889,2022-05-20 06:00:00,42.4,39.81,2.59
KURUKSHETRA,SHAHBAD,LADWA,Baronda-Pz,29.95555556,77.05222222,2021-01-10 00:00:00,18.39,19.19,0.8
KURUKSHETRA,SHAHBAD,LADWA,Baronda-Pz,29.95555556,77.05222222,2021-08-31 06:00:00,23.52,23.08,0.44
KURUKSHETRA,SHAHBAD,LADWA,Baronda-Pz,29.95555556,77.05222222,2021-11-30 06:00:00,21.09,22.61,1.52
KURUKSHETRA,SHAHBAD,LADWA,Baronda-Pz,29.95555556,77.05222222,2022-01-30 07:00:00,19.4,19.19,0.21
KURUKSHETRA,SHAHBAD,LADWA,Baronda-Pz,29.95555556,77.05222222,2022-05-20 06:00:00,24.8,25.08,0.28
KURUKSHETRA,SHAHBAD,LADWA,Baronda-Pz,29.95555556,77.05222222,2022-11-01 06:00:00,20.84,22.61,1.77
KURUKSHETRA,SHAHBAD,LADWA,Baronda-Pz,29.95555556,77.05222222,2023-01-01 00:00:00,19.13,19.19,0.06
KURUKSHETRA,SHAHBAD,LADWA,Baronda-Pz,29.95555556,77.05222222,2023-11-01 00:00:00,19.15,22.61,3.46
KURUKSHETRA,SHAHBAD,LADWA,Barshami-PZ,30.01111111,77.10694444,2022-05-20 06:00:00,35.0,34.7,0.3
KURUKSHETRA,SHAHBAD,LADWA,Budha-PZ,29.98166667,77.07444444,2022-05-20 06:00:00,25.58,30.17,4.59
KURUKSHETRA,SHAHBAD,LADWA,Chhapra-Pz,30.08527778,77.06777778,2022-05-20 06:00:00,41.35,35.36,5.99
KURUKSHETRA,SHAHBAD,LADWA,Dabkhera-Pz,30.00055556,76.75361111,2021-01-10 00:00:00,35.23,36.88,1.65
KURUKSHETRA,SHAHBAD,LADWA,Dabkhera-Pz,30.00055556,76.75361111,2021-08-31 06:00:00,39.1,37.72,1.38
KURUKSHETRA,SHAHBAD,LADWA,Dabkhera-Pz,30.00055556,76.75361111,2021-11-30 06:00:00,39.63,37.15,2.48
KURUKSHETRA,SHAHBAD,LADWA,Dabkhera-Pz,30.00055556,76.75361111,2022-01-30 07:00:00,35.9,36.88,0.98
KURUKSHETRA,SHAHBAD,LADWA,Dabkhera-Pz,30.00055556,76.75361111,2023-08-20 00:00:00,37.48,37.72,0.24
KURUKSHETRA,SHAHBAD,LADWA,Gobind Garh-PZ,29.95361111,77.02916667,2022-05-20 06:00:00,29.1,32.02,2.92
KURUKSHETRA,SHAHBAD,LADWA,Lohara-Pz,30.01888889,76.9875,2022-05-20 06:00:00,39.6,37.6,2.0
KURUKSHETRA,SHAHBAD,SHAHBAD,Ajrawer-PZ,30.14861111,76.68611111,2022-05-20 06:00:00,44.9,52.94,8.04
KURUKSHETRA,SHAHBAD,SHAHBAD,Gol Pura-PZ,30.20111111,76.81,2022-05-20 06:00:00,50.95,58.07,7.12
KURUKSHETRA,SHAHBAD,SHAHBAD,Ismailpur-PZ,30.13194444,76.65416667,2022-05-20 06:00:00,43.5,45.79,2.29
KURUKSHETRA,SHAHBAD,SHAHBAD,Ismilabad-St-Pz,30.11666667,76.66944444,2022-05-20 06:00:00,43.74,38.52,5.22
KURUKSHETRA,SHAHBAD,SHAHBAD,Jhansa-PZ,30.11444444,76.74083333,2022-05-20 06:00:00,44.61,44.63,0.02
KURUKSHETRA,SHAHBAD,SHAHBAD,Kalsani-PZ,30.155,76.81833333,2022-05-20 06:00:00,52.16,56.59,4.43
KURUKSHETRA,SHAHBAD,SHAHBAD,Khan Pur Jattan  S Pz.,30.125,76.86277778,2021-08-31 06:00:00,18.12,40.29,22.17
KURUKSHETRA,SHAHBAD,SHAHBAD,Khan Pur Jattan  S Pz.,30.125,76.86277778,2022-05-20 06:00:00,42.6,38.0,4.6
KURUKSHETRA,SHAHBAD,SHAHBAD,Khan Pur Jattan  S Pz.,30.125,76.86277778,2023-01-01 00:00:00,45.8,47.36,1.56
KURUKSHETRA,SHAHBAD,SHAHBAD,Khan Pur Jattan  S Pz.,30.125,76.86277778,2023-11-01 00:00:00,46.42,46.98,0.56
KURUKSHETRA,SHAHBAD,SHAHBAD,Khanpur Jattan D-Pz.,30.12694444,76.84083333,2021-01-10 00:00:00,43.18,43.43,0.25
KURUKSHETRA,SHAHBAD,SHAHBAD,Khanpur Jattan D-Pz.,30.12694444,76.84083333,2022-05-20 06:00:00,46.94,44.86,2.08
KURUKSHETRA,SHAHBAD,SHAHBAD,Khanpur Jattan M -Pz,30.125,76.86083333,2021-01-10 00:00:00,44.23,43.02,1.21
KURUKSHETRA,SHAHBAD,SHAHBAD,Khanpur Jattan M -Pz,30.125,76.86083333,2021-11-30 06:00:00,46.0,50.22,4.22
KURUKSHETRA,SHAHBAD,SHAHBAD,Khanpur Jattan M -Pz,30.125,76.86083333,2022-01-30 07:00:00,44.77,43.02,1.75
KURUKSHETRA,SHAHBAD,SHAHBAD,Landi-PZ,30.22055556,76.86194444,2022-05-20 06:00:00,53.71,61.48,7.77
KURUKSHETRA,SHAHBAD,SHAHBAD,Mohri-Pz,30.24166667,76.85277778,2022-05-20 06:00:00,31.51,37.29,5.78
KURUKSHETRA,SHAHBAD,SHAHBAD,Nalvi M,30.1802,76.7819,2023-08-20 00:00:00,52.48,57.17,4.69
KURUKSHETRA,SHAHBAD,SHAHBAD,Nalvi M,30.1802,76.7819,2023-11-01 00:00:00,50.78,57.07,6.29
KURUKSHETRA,SHAHBAD,SHAHBAD,Nalvi M,30.1802,76.7819,2024-01-01 00:00:00,49.15,57.64,8.49
KURUKSHETRA,SHAHBAD,SHAHBAD,Nalvi S,30.1802,76.7819,2023-08-20 00:00:00,53.11,57.17,4.06
KURUKSHETRA,SHAHBAD,SHAHBAD,Nalvi S,30.1802,76.7819,2023-11-01 00:00:00,49.7,57.07,7.37
KURUKSHETRA,SHAHBAD,SHAHBAD,Nalvi S,30.1802,76.7819,2024-01-01 00:00:00,47.79,57.64,9.85
KURUKSHETRA,SHAHBAD,SHAHBAD,Padlu-PZ,30.18055556,76.94277778,2022-05-20 06:00:00,47.92,64.58,16.66
KURUKSHETRA,SHAHBAD,SHAHBAD,Rawa-PZ,30.16666667,76.9325,2022-05-20 06:00:00,46.63,65.22,18.59
KURUKSHETRA,SHAHBAD,SHAHBAD,Rohit-PZ,30.12555556,76.71277778,2022-05-20 06:00:00,44.8,54.08,9.28
KURUKSHETRA,SHAHBAD,SHAHBAD,Shahbad 1(d),30.16666667,76.86666667,2022-05-20 06:00:00,49.9,85.63,35.73
KURUKSHETRA,SHAHBAD,SHAHBAD,Shanti Nagar-PZ,29.96611111,76.8,2022-05-20 06:00:00,46.18,47.71,1.53
KURUKSHETRA,SHAHBAD,SHAHBAD,Tangore-Pz,30.16166667,76.76666667,2022-05-20 06:00:00,44.99,53.26,8.27
KURUKSHETRA,SHAHBAD,SHAHBAD,Teora-PZ,30.12333333,76.88222222,2022-05-20 06:00:00,46.05,68.19,22.14
KURUKSHETRA,SHAHBAD,SHAHBAD,Thol-PZ,30.16638889,76.70972222,2022-05-20 06:00:00,46.1,64.31,18.21
KURUKSHETRA,SHAHBAD,SHAHBAD,Tigri-PZ,30.13305556,76.84194444,2022-05-20 06:00:00,48.58,52.85,4.27
KURUKSHETRA,SHAHBAD,SHAHBAD,Yara-PZ,30.14166667,76.95138889,2022-05-20 06:00:00,47.18,65.38,18.2
KURUKSHETRA,SHAHBAD,THANESAR,Ajrana Kalan S,30.09583333,76.77083333,2022-05-20 06:00:00,45.8,46.66,0.86
KURUKSHETRA,SHAHBAD,THANESAR,Barna-PZ,29.90916667,76.73222222,2022-05-20 06:00:00,32.9,32.0,0.9
KURUKSHETRA,SHAHBAD,THANESAR,Busthala-PZ,30.07611111,76.72166667,2022-05-20 06:00:00,41.16,58.22,17.06
KURUKSHETRA,SHAHBAD,THANESAR,Dhir Pur-PZ,30.0425,76.85472222,2022-05-20 06:00:00,45.0,47.39,2.39
KURUKSHETRA,SHAHBAD,THANESAR,Ghararsi-PZ,29.91055556,76.70194444,2022-05-20 06:00:00,34.0,34.0,0.0
KURUKSHETRA,SHAHBAD,THANESAR,Hathira-PZ,29.88611111,76.7525,2022-05-20 06:00:00,28.97,31.14,2.17
KURUKSHETRA,SHAHBAD,THANESAR,Hatira  (s),29.95,76.7625,2023-08-20 00:00:00,35.11,24.55,10.56
KURUKSHETRA,SHAHBAD,THANESAR,Hatira  (s),29.95,76.7625,2023-11-01 00:00:00,32.78,33.28,0.5
KURUKSHETRA,SHAHBAD,THANESAR,Hatira (m),29.95,76.7625,2021-01-10 00:00:00,28.49,29.09,0.6
KURUKSHETRA,SHAHBAD,THANESAR,Hatira (m),29.95,76.7625,2021-08-31 06:00:00,48.98,31.6,17.38
KURUKSHETRA,SHAHBAD,THANESAR,Hatira (m),29.95,76.7625,2021-11-30 06:00:00,32.26,32.89,0.63
KURUKSHETRA,SHAHBAD,THANESAR,Hatira (m),29.95,76.7625,2022-01-30 07:00:00,29.65,29.09,0.56
KURUKSHETRA,SHAHBAD,THANESAR,Hatira (m),29.95,76.7625,2022-08-01 06:00:00,34.0,31.6,2.4
KURUKSHETRA,SHAHBAD,THANESAR,Hatira (m),29.95,76.7625,2022-11-01 06:00:00,32.25,32.89,0.64
KURUKSHETRA,SHAHBAD,THANESAR,Hatira (m),29.95,76.7625,2023-01-01 00:00:00,29.5,29.09,0.41
KURUKSHETRA,SHAHBAD,THANESAR,Jogna Khera,29.97361111,76.82777778,2022-11-01 06:00:00,38.67,37.61,1.06
KURUKSHETRA,SHAHBAD,THANESAR,Jogna Khera-Pz,29.98611111,76.79416667,2021-01-10 00:00:00,36.07,37.13,1.06
KURUKSHETRA,SHAHBAD,THANESAR,Jogna Khera-Pz,29.98611111,76.79416667,2021-08-31 06:00:00,38.75,38.37,0.38
KURUKSHETRA,SHAHBAD,THANESAR,Jogna Khera-Pz,29.98611111,76.79416667,2021-11-30 06:00:00,37.57,38.18,0.61
KURUKSHETRA,SHAHBAD,THANESAR,Jogna Khera-Pz,29.98611111,76.79416667,2022-01-30 07:00:00,36.75,37.13,0.38
KURUKSHETRA,SHAHBAD,THANESAR,Jogna Khera-Pz,29.98611111,76.79416667,2022-05-20 06:00:00,37.44,35.14,2.3
KURUKSHETRA,SHAHBAD,THANESAR,Jogna Khera-Pz,29.98611111,76.79416667,2023-01-01 00:00:00,37.3,37.13,0.17
KURUKSHETRA,SHAHBAD,THANESAR,Jogna Khera-Pz,29.98611111,76.79416667,2023-08-20 00:00:00,37.89,38.37,0.48
KURUKSHETRA,SHAHBAD,THANESAR,Jogna Khera-Pz,29.98611111,76.79416667,2023-11-01 00:00:00,37.19,38.18,0.99
KURUKSHETRA,SHAHBAD,THANESAR,Kaulapur D,30.025,76.89583333,2021-08-31 06:00:00,43.69,46.68,2.99
KURUKSHETRA,SHAHBAD,THANESAR,Kaulapur D,30.025,76.89583333,2022-11-01 06:00:00,45.76,104.23,58.47
KURUKSHETRA,SHAHBAD,THANESAR,Kaulapur D,30.025,76.89583333,2023-01-01 00:00:00,42.15,82.89,40.74
KURUKSHETRA,SHAHBAD,THANESAR,Kaulapur S,30.025,76.89583333,2021-08-31 06:00:00,43.2,46.68,3.48
KURUKSHETRA,SHAHBAD,THANESAR,Kaulapur S,30.025,76.89583333,2022-08-01 06:00:00,46.45,46.68,0.23
KURUKSHETRA,SHAHBAD,THANESAR,Kaulapur S,30.025,76.89583333,2023-08-20 00:00:00,43.7,46.68,2.98
KURUKSHETRA,SHAHBAD,THANESAR,Kaulapur S,30.025,76.89583333,2023-11-01 00:00:00,41.73,42.01,0.28
KURUKSHETRA,SHAHBAD,THANESAR,Kaulapur S,30.025,76.89583333,2024-01-01 00:00:00,40.23,41.55,1.32
KURUKSHETRA,SHAHBAD,THANESAR,Kheri Ran Nagar-PZ,29.93777778,76.85777778,2022-05-20 06:00:00,35.9,35.85,0.05
KURUKSHETRA,SHAHBAD,THANESAR,Kirmach-St-Pz,29.90333333,76.7875,2022-05-20 06:00:00,31.18,27.99,3.19
KURUKSHETRA,SHAHBAD,THANESAR,Lohar Majra-PZ,29.95277778,76.725,2022-05-20 06:00:00,33.73,31.66,2.07
KURUKSHETRA,SHAHBAD,THANESAR,Lukhi-Pz,30.18222222,76.72916667,2022-05-20 06:00:00,38.52,45.7,7.18
KURUKSHETRA,SHAHBAD,THANESAR,Mathana,29.975,76.95833333,2023-01-01 00:00:00,37.85,24.02,13.83
KURUKSHETRA,SHAHBAD,THANESAR,Mathana 1(m),29.98333333,76.96666667,2023-08-20 00:00:00,45.72,30.64,15.08
KURUKSHETRA,SHAHBAD,THANESAR,Mathana 1(m),29.98333333,76.96666667,2023-11-01 00:00:00,37.9,21.62,16.28
KURUKSHETRA,SHAHBAD,THANESAR,Mathana 1(m),29.98333333,76.96666667,2024-01-01 00:00:00,38.53,24.23,14.3
KURUKSHETRA,SHAHBAD,THANESAR,Mathana 2(d),29.98333333,76.96666667,2021-01-10 00:00:00,35.72,37.58,1.86
KURUKSHETRA,SHAHBAD,THANESAR,Mathana 2(d),29.98333333,76.96666667,2021-11-30 06:00:00,38.55,39.87,1.32
KURUKSHETRA,SHAHBAD,THANESAR,Mathana 2(d),29.98333333,76.96666667,2022-01-30 07:00:00,36.6,37.58,0.98
KURUKSHETRA,SHAHBAD,THANESAR,Mathana 2(d),29.98333333,76.96666667,2022-05-20 06:00:00,38.87,35.95,2.92
KURUKSHETRA,SHAHBAD,THANESAR,Mathana 2(d),29.98333333,76.96666667,2022-08-01 06:00:00,40.74,38.8,1.94
KURUKSHETRA,SHAHBAD,THANESAR,Mathana 2(d),29.98333333,76.96666667,2022-11-01 06:00:00,39.68,39.87,0.19
KURUKSHETRA,SHAHBAD,THANESAR,Mirzapur-PZ,29.95444444,76.79361111,2022-05-20 06:00:00,34.67,29.81,4.86
KURUKSHETRA,SHAHBAD,THANESAR,Morthala-PZ,30.0575,76.91472222,2022-05-20 06:00:00,42.85,45.62,2.77
KURUKSHETRA,SHAHBAD,THANESAR,Rao Garh-PZ,29.95666667,76.77805556,2022-05-20 06:00:00,31.8,33.9,2.1
KURUKSHETRA,SHAHBAD,THANESAR,Santokhpur D,30.02916667,76.725,2021-01-10 00:00:00,38.92,63.09,24.17
KURUKSHETRA,SHAHBAD,THANESAR,Sarai Sukhi-PZ,30.05694444,76.85777778,2022-05-20 06:00:00,45.0,63.99,18.99
KURUKSHETRA,SHAHBAD,THANESAR,Sirsala-Pz,30.00027778,76.50194444,2022-05-20 06:00:00,39.28,30.67,8.61
KURUKSHETRA,SHAHBAD,THANESAR,Sunder Pur-PZ,29.96,76.86416667,2022-05-20 06:00:00,40.9,42.79,1.89
KURUKSHETRA,SHAHBAD,THANESAR,Umri-Pz,29.91666667,76.91666667,2021-01-10 00:00:00,37.12,39.61,2.49
KURUKSHETRA,SHAHBAD,THANESAR,Umri-Pz,29.91666667,76.91666667,2021-08-31 06:00:00,43.26,42.62,0.64
KURUKSHETRA,SHAHBAD,THANESAR,Umri-Pz,29.91666667,76.91666667,2021-11-30 06:00:00,40.8,41.03,0.23
KURUKSHETRA,SHAHBAD,THANESAR,Umri-Pz,29.91666667,76.91666667,2022-01-30 07:00:00,39.4,39.61,0.21
KURUKSHETRA,SHAHBAD,THANESAR,Umri-Pz,29.91666667,76.91666667,2022-05-20 06:00:00,39.5,38.82,0.68
KURUKSHETRA,SHAHBAD,THANESAR,Umri-Pz,29.91666667,76.91666667,2022-11-01 06:00:00,42.28,41.03,1.25
KURUKSHETRA,SHAHBAD,THANESAR,Umri-PzCGWB,29.94611111,76.90611111,2023-11-01 00:00:00,40.39,41.1,0.71
MAHENDRAGARH,MAHENDRAGARH,MAHENDARGARH,Barda-DW,28.33333333,76.00333333,2022-05-20 06:00:00,61.5,86.82,25.32
MAHENDRAGARH,MAHENDRAGARH,MAHENDARGARH,Jassawas,28.23194444,76.16944444,2021-01-10 00:00:00,76.25,74.41,1.84
MAHENDRAGARH,MAHENDRAGARH,MAHENDARGARH,Kheri,28.3875,76.23055556,2022-01-30 07:00:00,25.6,26.38,0.78
MAHENDRAGARH,NARNAUL,ATELI,Faizabad-DW,28.12166667,76.12166667,2022-05-20 06:00:00,17.8,28.67,10.87
MAHENDRAGARH,NARNAUL,ATELI,Rattan Kalan,28.17694444,76.285,2021-01-10 00:00:00,55.55,73.95,18.4
MAHENDRAGARH,NARNAUL,NANGAL CHOUDHRY,Bayal,27.87083333,75.99583333,2022-05-20 06:00:00,21.6,30.18,8.58
MAHENDRAGARH,NARNAUL,NARNAUL,Basirpur,28.00555556,76.04583333,2022-05-20 06:00:00,24.7,31.53,6.83
MAHENDRAGARH,NARNAUL,NARNAUL,Dhancholi-DW,27.99333333,75.97138889,2022-05-20 06:00:00,35.2,40.24,5.04
MAHENDRAGARH,NARNAUL,NARNAUL,Narnaul,28.05,76.1125,2021-01-10 00:00:00,6.9,14.65,7.75
MAHENDRAGARH,NARNAUL,NARNAUL,Narnaul,28.05,76.1125,2021-08-31 06:00:00,5.35,9.02,3.67
MAHENDRAGARH,NARNAUL,NARNAUL,Narnaul,28.05,76.1125,2021-11-30 06:00:00,3.37,10.3,6.93
MAHENDRAGARH,NARNAUL,NARNAUL,Narnaul,28.05,76.1125,2022-01-30 07:00:00,3.5,14.65,11.15
MAHENDRAGARH,NARNAUL,NARNAUL,Narnaul,28.05,76.1125,2022-05-20 06:00:00,3.74,10.97,7.23
MAHENDRAGARH,NARNAUL,NARNAUL,Narnaul,28.05,76.1125,2022-08-01 06:00:00,3.49,9.02,5.53
MAHENDRAGARH,NARNAUL,NARNAUL,Narnaul,28.05,76.1125,2022-11-01 06:00:00,3.27,10.3,7.03
MAHENDRAGARH,NARNAUL,NARNAUL,Narnaul,28.05,76.1125,2023-01-01 00:00:00,5.17,14.65,9.48
MAHENDRAGARH,NARNAUL,NARNAUL,Narnaul,28.05,76.1125,2023-11-01 00:00:00,4.7,10.3,5.6
MAHENDRAGARH,NARNAUL,NARNAUL,Narnaul,28.05,76.1125,2024-01-01 00:00:00,10.1,14.65,4.55
MAHENDRAGARH,NARNAUL,NARNAUL,Pachnota-DW,27.89333333,76.005,2022-05-20 06:00:00,19.85,30.47,10.62
Nuh,FEROZPUR JHIRKA,FIROZEPUR JHIRKA,Agaon-Pz,27.73055556,76.96527778,2022-05-20 06:00:00,16.8,13.76,3.04
Nuh,FEROZPUR JHIRKA,FIROZEPUR JHIRKA,Ferozepurzhirka,27.79166667,76.95,2022-05-20 06:00:00,15.8,8.66,7.14
Nuh,FEROZPUR JHIRKA,NAGINA,Bhadas-DW,27.94166667,77.01666667,2022-05-20 06:00:00,6.1,6.84,0.74
Nuh,FEROZPUR JHIRKA,NAGINA,Kheri1,27.97777778,77.0125,2021-01-10 00:00:00,5.1,4.71,0.39
Nuh,FEROZPUR JHIRKA,NAGINA,Kheri1,27.97777778,77.0125,2022-01-30 07:00:00,4.38,4.71,0.33
Nuh,FEROZPUR JHIRKA,NAGINA,Nagina,27.91666667,76.98333333,2021-11-30 06:00:00,6.79,10.61,3.82
Nuh,FEROZPUR JHIRKA,NAGINA,Nagina,27.91666667,76.98333333,2022-01-30 07:00:00,7.41,13.24,5.83
Nuh,FEROZPUR JHIRKA,NAGINA,Nagina,27.91666667,76.98333333,2022-05-20 06:00:00,4.0,8.01,4.01
Nuh,FEROZPUR JHIRKA,NAGINA,Nagina,27.91666667,76.98333333,2024-01-01 00:00:00,4.33,13.24,8.91
Nuh,NUH,NUH,Akaira,28.00833333,77.00416667,2021-01-10 00:00:00,3.35,3.41,0.06
Nuh,NUH,NUH,Akaira,28.00833333,77.00416667,2021-11-30 06:00:00,4.92,4.53,0.39
Nuh,NUH,NUH,Akaira,28.00833333,77.00416667,2022-01-30 07:00:00,4.5,3.41,1.09
Nuh,NUH,NUH,Akaira,28.00833333,77.00416667,2022-05-20 06:00:00,3.85,5.21,1.36
Nuh,NUH,NUH,Akaira,28.00833333,77.00416667,2023-11-01 00:00:00,4.6,4.53,0.07
Nuh,NUH,NUH,Akbarpur,28.14583333,77.14166667,2021-01-10 00:00:00,0.9,2.45,1.55
Nuh,NUH,NUH,Indri,28.18611111,77.09861111,2021-01-10 00:00:00,2.11,3.24,1.13
Nuh,NUH,NUH,Indri,28.18611111,77.09861111,2021-08-31 06:00:00,1.8,1.93,0.13
Nuh,NUH,NUH,Indri,28.18611111,77.09861111,2021-11-30 06:00:00,1.8,4.41,2.61
Nuh,NUH,NUH,Indri,28.18611111,77.09861111,2022-01-30 07:00:00,1.34,3.24,1.9
Nuh,NUH,NUH,Indri,28.18611111,77.09861111,2022-05-20 06:00:00,5.4,4.16,1.24
Nuh,NUH,NUH,Indri,28.18611111,77.09861111,2022-08-01 06:00:00,0.91,1.93,1.02
Nuh,NUH,NUH,Indri,28.18611111,77.09861111,2022-11-01 06:00:00,0.49,4.41,3.92
Nuh,NUH,NUH,Indri,28.18611111,77.09861111,2023-11-01 00:00:00,1.18,4.41,3.23
Nuh,NUH,NUH,Indri,28.18611111,77.09861111,2024-01-01 00:00:00,2.15,3.24,1.09
Nuh,NUH,NUH,Malab,28.04166667,77.01111111,2021-01-10 00:00:00,4.32,5.49,1.17
Nuh,NUH,NUH,Malab,28.04166667,77.01111111,2021-08-31 06:00:00,4.7,3.66,1.04
Nuh,NUH,NUH,Malab,28.04166667,77.01111111,2021-11-30 06:00:00,3.73,6.19,2.46
Nuh,NUH,NUH,Malab,28.04166667,77.01111111,2022-01-30 07:00:00,5.03,5.49,0.46
Nuh,NUH,NUH,Malab,28.04166667,77.01111111,2022-05-20 06:00:00,3.63,5.89,2.26
Nuh,NUH,NUH,Malab,28.04166667,77.01111111,2022-08-01 06:00:00,4.03,3.66,0.37
Nuh,NUH,NUH,Malab,28.04166667,77.01111111,2022-11-01 06:00:00,2.87,6.19,3.32
Nuh,NUH,NUH,Malab,28.04166667,77.01111111,2024-01-01 00:00:00,3.23,5.49,2.26
Nuh,NUH,NUH,Nuh,28.10416667,77.00416667,2021-01-10 00:00:00,2.67,5.13,2.46
Nuh,NUH,NUH,Nuh,28.10416667,77.00416667,2021-11-30 06:00:00,2.4,6.12,3.72
Nuh,NUH,NUH,Nuh,28.10416667,77.00416667,2022-01-30 07:00:00,2.41,5.13,2.72
Nuh,NUH,NUH,Nuh,28.10416667,77.00416667,2022-05-20 06:00:00,5.55,5.72,0.17
Nuh,NUH,NUH,Nuh1,28.10416667,77.07083333,2021-01-10 00:00:00,0.85,4.5,3.65
Nuh,NUH,NUH,Nuh1,28.10416667,77.07083333,2021-11-30 06:00:00,0.63,5.92,5.29
Nuh,NUH,NUH,Nuh1,28.10416667,77.07083333,2022-01-30 07:00:00,1.97,4.5,2.53
Nuh,PUNHANA,PUNHANA,Aminabad-DW,27.79722222,77.21527778,2022-05-20 06:00:00,4.1,4.39,0.29
Nuh,PUNHANA,PUNHANA,Gulaltha,27.91666667,77.17916667,2021-11-30 06:00:00,0.95,3.23,2.28
Nuh,PUNHANA,PUNHANA,Gulaltha,27.91666667,77.17916667,2022-05-20 06:00:00,2.55,2.48,0.07
Nuh,PUNHANA,PUNHANA,Punhana,27.8625,77.20416667,2022-05-20 06:00:00,14.9,13.61,1.29
Nuh,PUNHANA,PUNHANA,Punhana-Pz,27.86111111,77.20555556,2022-05-20 06:00:00,14.4,13.13,1.27
Nuh,PUNHANA,PUNHANA,Sarauli-DW,27.93611111,77.16944444,2022-05-20 06:00:00,2.21,3.9,1.69
Nuh,PUNHANA,PUNHANA,Sikarwa,27.95416667,77.14444444,2022-05-20 06:00:00,4.7,7.21,2.51
Nuh,TAORU,TAORU,Jaraon Pz,28.22777778,76.87083333,2021-01-10 00:00:00,15.0,16.8,1.8
Nuh,TAORU,TAORU,Jaraon Pz,28.22777778,76.87083333,2021-11-30 06:00:00,11.03,17.12,6.09
Nuh,TAORU,TAORU,Jaraon Pz,28.22777778,76.87083333,2022-05-20 06:00:00,14.2,16.36,2.16
Nuh,TAORU,TAORU,Pipaka-Shashola,28.22638889,77.02916667,2022-05-20 06:00:00,27.1,39.66,12.56
Nuh,TAORU,TAORU,Rathiwas,28.24027778,76.86944444,2022-05-20 06:00:00,18.1,18.61,0.51
PANCHKULA,-,-,Barwala_1,29.36418,75.9056,2023-01-01 00:00:00,18.49,16.96,1.53
PANCHKULA,KALKA,PINJORE,Abdullapur,30.79472222,76.91638889,2021-01-10 00:00:00,4.45,5.81,1.36
PANCHKULA,KALKA,PINJORE,Abdullapur,30.79472222,76.91638889,2021-08-31 06:00:00,5.11,3.57,1.54
PANCHKULA,KALKA,PINJORE,Abdullapur,30.79472222,76.91638889,2022-01-30 07:00:00,4.5,5.81,1.31
PANCHKULA,KALKA,PINJORE,Abdullapur,30.79472222,76.91638889,2022-05-20 06:00:00,12.7,6.56,6.14
PANCHKULA,KALKA,PINJORE,Abdullapur,30.79472222,76.91638889,2022-11-01 06:00:00,4.63,4.75,0.12
PANCHKULA,KALKA,PINJORE,Abdullapur,30.79472222,76.91638889,2023-01-01 00:00:00,4.72,5.81,1.09
PANCHKULA,KALKA,PINJORE,Abdullapur,30.79472222,76.91638889,2023-06-01 00:00:00,4.98,5.92,0.94
PANCHKULA,KALKA,PINJORE,Abdullapur,30.79472222,76.91638889,2024-01-01 00:00:00,2.38,5.81,3.43
PANCHKULA,KALKA,PINJORE,Bahoriyan-Dw,30.77888889,76.93805556,2021-01-10 00:00:00,4.93,3.97,0.96
PANCHKULA,KALKA,PINJORE,Bahoriyan-Dw,30.77888889,76.93805556,2021-08-31 06:00:00,3.13,5.17,2.04
PANCHKULA,KALKA,PINJORE,Bahoriyan-Dw,30.77888889,76.93805556,2021-11-30 06:00:00,2.85,4.83,1.98
PANCHKULA,KALKA,PINJORE,Bahoriyan-Dw,30.77888889,76.93805556,2022-01-30 07:00:00,2.7,3.97,1.27
PANCHKULA,KALKA,PINJORE,Bahoriyan-Dw,30.77888889,76.93805556,2022-05-20 06:00:00,9.23,4.77,4.46
PANCHKULA,KALKA,PINJORE,Bahoriyan-Dw,30.77888889,76.93805556,2022-08-01 06:00:00,3.45,5.17,1.72
PANCHKULA,KALKA,PINJORE,Bahoriyan-Dw,30.77888889,76.93805556,2022-11-01 06:00:00,2.9,4.83,1.93
PANCHKULA,KALKA,PINJORE,Bahoriyan-Dw,30.77888889,76.93805556,2023-01-01 00:00:00,5.57,3.97,1.6
PANCHKULA,KALKA,PINJORE,Bahoriyan-Dw,30.77888889,76.93805556,2023-06-01 00:00:00,2.97,4.19,1.22
PANCHKULA,KALKA,PINJORE,Bahoriyan-Dw,30.77888889,76.93805556,2024-01-01 00:00:00,4.85,3.97,0.88
PANCHKULA,KALKA,PINJORE,Chandi Mandir-DW,30.74972222,76.90305556,2021-01-10 00:00:00,6.32,9.24,2.92
PANCHKULA,KALKA,PINJORE,Chandi Mandir-DW,30.74972222,76.90305556,2021-08-31 06:00:00,7.2,5.29,1.91
PANCHKULA,KALKA,PINJORE,Chandi Mandir-DW,30.74972222,76.90305556,2021-11-30 06:00:00,6.05,6.52,0.47
PANCHKULA,KALKA,PINJORE,Chandi Mandir-DW,30.74972222,76.90305556,2022-01-30 07:00:00,6.6,9.24,2.64
PANCHKULA,KALKA,PINJORE,Chandi Mandir-DW,30.74972222,76.90305556,2022-05-20 06:00:00,8.85,7.09,1.76
PANCHKULA,KALKA,PINJORE,Chandi Mandir-DW,30.74972222,76.90305556,2022-08-01 06:00:00,6.63,5.29,1.34
PANCHKULA,KALKA,PINJORE,Chandi Mandir-DW,30.74972222,76.90305556,2022-11-01 06:00:00,6.27,6.52,0.25
PANCHKULA,KALKA,PINJORE,Chandi Mandir-DW,30.74972222,76.90305556,2023-01-01 00:00:00,6.51,9.24,2.73
PANCHKULA,KALKA,PINJORE,Chandi Mandir-DW,30.74972222,76.90305556,2023-06-01 00:00:00,6.56,6.83,0.27
PANCHKULA,KALKA,PINJORE,Chandi Mandir-DW,30.74972222,76.90305556,2023-11-01 00:00:00,6.22,6.52,0.3
PANCHKULA,KALKA,PINJORE,Chandi Mandir-DW,30.74972222,76.90305556,2024-01-01 00:00:00,6.15,9.24,3.09
PANCHKULA,KALKA,PINJORE,Devnagar(Panchkula),30.69666667,76.87333333,2021-01-10 00:00:00,9.35,10.77,1.42
PANCHKULA,KALKA,PINJORE,Devnagar(Panchkula),30.69666667,76.87333333,2021-08-31 06:00:00,10.6,11.56,0.96
PANCHKULA,KALKA,PINJORE,Devnagar(Panchkula),30.69666667,76.87333333,2021-11-30 06:00:00,8.96,10.52,1.56
PANCHKULA,KALKA,PINJORE,Devnagar(Panchkula),30.69666667,76.87333333,2022-01-30 07:00:00,9.15,10.77,1.62
PANCHKULA,KALKA,PINJORE,Devnagar(Panchkula),30.69666667,76.87333333,2022-05-20 06:00:00,9.28,11.34,2.06
PANCHKULA,KALKA,PINJORE,Devnagar(Panchkula),30.69666667,76.87333333,2022-11-01 06:00:00,8.65,10.52,1.87
PANCHKULA,KALKA,PINJORE,Devnagar(Panchkula),30.69666667,76.87333333,2023-01-01 00:00:00,8.83,10.77,1.94
PANCHKULA,KALKA,PINJORE,Devnagar(Panchkula),30.69666667,76.87333333,2023-06-01 00:00:00,9.29,11.22,1.93
PANCHKULA,KALKA,PINJORE,Devnagar(Panchkula),30.69666667,76.87333333,2023-11-01 00:00:00,8.8,10.52,1.72
PANCHKULA,KALKA,PINJORE,Devnagar(Panchkula),30.69666667,76.87333333,2024-01-01 00:00:00,9.06,10.77,1.71
PANCHKULA,KALKA,PINJORE,Dhakwala-Dw,30.73222222,76.975,2021-01-10 00:00:00,0.84,3.08,2.24
PANCHKULA,KALKA,PINJORE,Dhakwala-Dw,30.73222222,76.975,2021-08-31 06:00:00,2.51,2.19,0.32
PANCHKULA,KALKA,PINJORE,Dhakwala-Dw,30.73222222,76.975,2021-11-30 06:00:00,2.4,2.75,0.35
PANCHKULA,KALKA,PINJORE,Dhakwala-Dw,30.73222222,76.975,2022-01-30 07:00:00,1.7,3.08,1.38
PANCHKULA,KALKA,PINJORE,Dhakwala-Dw,30.73222222,76.975,2022-05-20 06:00:00,2.24,10.66,8.42
PANCHKULA,KALKA,PINJORE,Dhakwala-Dw,30.73222222,76.975,2022-08-01 06:00:00,1.96,2.19,0.23
PANCHKULA,KALKA,PINJORE,Dhakwala-Dw,30.73222222,76.975,2023-01-01 00:00:00,2.02,3.08,1.06
PANCHKULA,KALKA,PINJORE,Dhakwala-Dw,30.73222222,76.975,2023-06-01 00:00:00,2.02,10.48,8.46
PANCHKULA,KALKA,PINJORE,Dhakwala-Dw,30.73222222,76.975,2023-11-01 00:00:00,1.35,2.75,1.4
PANCHKULA,KALKA,PINJORE,Dhakwala-Dw,30.73222222,76.975,2024-01-01 00:00:00,1.58,3.08,1.5
PANCHKULA,KALKA,PINJORE,Dharampur,30.81111111,76.91944444,2021-01-10 00:00:00,10.4,11.31,0.91
PANCHKULA,KALKA,PINJORE,Dharampur,30.81111111,76.91944444,2021-08-31 06:00:00,13.25,10.08,3.17
PANCHKULA,KALKA,PINJORE,Dharampur,30.81111111,76.91944444,2021-11-30 06:00:00,9.92,10.64,0.72
PANCHKULA,KALKA,PINJORE,Dharampur,30.81111111,76.91944444,2022-01-30 07:00:00,10.86,11.31,0.45
PANCHKULA,KALKA,PINJORE,Dharampur,30.81111111,76.91944444,2022-05-20 06:00:00,13.36,13.51,0.15
PANCHKULA,KALKA,PINJORE,Dharampur,30.81111111,76.91944444,2022-08-01 06:00:00,10.42,10.08,0.34
PANCHKULA,KALKA,PINJORE,Dharampur,30.81111111,76.91944444,2022-11-01 06:00:00,7.8,10.64,2.84
PANCHKULA,KALKA,PINJORE,Dharampur,30.81111111,76.91944444,2023-01-01 00:00:00,9.41,11.31,1.9
PANCHKULA,KALKA,PINJORE,Dharampur,30.81111111,76.91944444,2023-06-01 00:00:00,12.88,13.43,0.55
PANCHKULA,KALKA,PINJORE,Dharampur,30.81111111,76.91944444,2023-11-01 00:00:00,6.5,10.64,4.14
PANCHKULA,KALKA,PINJORE,Dharampur,30.81111111,76.91944444,2024-01-01 00:00:00,12.42,11.31,1.11
PANCHKULA,KALKA,PINJORE,Khera,30.825,76.87777778,2021-01-10 00:00:00,28.69,26.81,1.88
PANCHKULA,KALKA,PINJORE,Khera,30.825,76.87777778,2021-08-31 06:00:00,30.56,29.27,1.29
PANCHKULA,KALKA,PINJORE,Khera,30.825,76.87777778,2021-11-30 06:00:00,28.48,28.41,0.07
PANCHKULA,KALKA,PINJORE,Khera,30.825,76.87777778,2022-01-30 07:00:00,28.66,26.81,1.85
PANCHKULA,KALKA,PINJORE,Khera,30.825,76.87777778,2022-05-20 06:00:00,29.17,28.31,0.86
PANCHKULA,KALKA,PINJORE,Khera,30.825,76.87777778,2022-08-01 06:00:00,28.26,29.27,1.01
PANCHKULA,KALKA,PINJORE,Khera,30.825,76.87777778,2022-11-01 06:00:00,27.82,28.41,0.59
PANCHKULA,KALKA,PINJORE,Khera,30.825,76.87777778,2023-01-01 00:00:00,27.56,26.81,0.75
PANCHKULA,KALKA,PINJORE,Khera,30.825,76.87777778,2023-06-01 00:00:00,29.35,28.28,1.07
PANCHKULA,KALKA,PINJORE,Khera,30.825,76.87777778,2023-11-01 00:00:00,26.86,28.41,1.55
PANCHKULA,KALKA,PINJORE,Khera,30.825,76.87777778,2024-01-01 00:00:00,27.75,26.81,0.94
PANCHKULA,KALKA,PINJORE,Kona,30.89083333,76.83222222,2022-08-01 06:00:00,9.2,12.11,2.91
PANCHKULA,KALKA,PINJORE,Kundi-DW,30.66472222,76.85166667,2022-05-20 06:00:00,20.65,18.86,1.79
PANCHKULA,KALKA,PINJORE,Maranwala,30.89138889,76.82888889,2022-05-20 06:00:00,20.75,24.01,3.26
PANCHKULA,KALKA,PINJORE,Mehranwali,30.9,76.79583333,2022-08-01 06:00:00,16.73,12.46,4.27
PANCHKULA,KALKA,PINJORE,Nadha-DW,30.68333333,76.9,2021-01-10 00:00:00,4.03,3.43,0.6
PANCHKULA,KALKA,PINJORE,Nadha-DW,30.68333333,76.9,2021-08-31 06:00:00,2.73,2.86,0.13
PANCHKULA,KALKA,PINJORE,Nadha-DW,30.68333333,76.9,2021-11-30 06:00:00,2.82,4.03,1.21
PANCHKULA,KALKA,PINJORE,Nadha-DW,30.68333333,76.9,2022-01-30 07:00:00,3.08,3.43,0.35
PANCHKULA,KALKA,PINJORE,Nadha-DW,30.68333333,76.9,2022-05-20 06:00:00,2.35,4.0,1.65
PANCHKULA,KALKA,PINJORE,Nadha-DW,30.68333333,76.9,2022-08-01 06:00:00,1.41,2.86,1.45
PANCHKULA,KALKA,PINJORE,Nadha-DW,30.68333333,76.9,2022-11-01 06:00:00,2.77,4.03,1.26
PANCHKULA,KALKA,PINJORE,Nadha-DW,30.68333333,76.9,2023-01-01 00:00:00,3.07,3.43,0.36
PANCHKULA,KALKA,PINJORE,Nadha-DW,30.68333333,76.9,2023-06-01 00:00:00,3.16,3.73,0.57
PANCHKULA,KALKA,PINJORE,Nadha-DW,30.68333333,76.9,2023-11-01 00:00:00,3.05,4.03,0.98
PANCHKULA,KALKA,PINJORE,Nadha-DW,30.68333333,76.9,2024-01-01 00:00:00,2.98,3.43,0.45
PANCHKULA,KALKA,PINJORE,Nandpur-Dw,30.75722222,76.99305556,2022-01-30 07:00:00,0.68,2.81,2.13
PANCHKULA,KALKA,PINJORE,Nandpur-Dw,30.75722222,76.99305556,2023-01-01 00:00:00,1.23,2.81,1.58
PANCHKULA,KALKA,PINJORE,Nandpur-Dw,30.75722222,76.99305556,2023-06-01 00:00:00,1.2,3.12,1.92
PANCHKULA,KALKA,PINJORE,Nandpur-Dw,30.75722222,76.99305556,2023-11-01 00:00:00,0.5,2.83,2.33
PANCHKULA,KALKA,PINJORE,Nandpur-Dw,30.75722222,76.99305556,2024-01-01 00:00:00,0.46,2.81,2.35
PANCHKULA,KALKA,PINJORE,Ram Nagar-DW,30.85,76.86666667,2022-05-20 06:00:00,17.75,17.74,0.01
PANCHKULA,KALKA,PINJORE,Thapli-Dw,30.73916667,76.99861111,2021-01-10 00:00:00,5.83,7.94,2.11
PANCHKULA,KALKA,PINJORE,Thapli-Dw,30.73916667,76.99861111,2021-08-31 06:00:00,5.47,5.59,0.12
PANCHKULA,KALKA,PINJORE,Thapli-Dw,30.73916667,76.99861111,2021-11-30 06:00:00,5.24,7.48,2.24
PANCHKULA,KALKA,PINJORE,Thapli-Dw,30.73916667,76.99861111,2022-01-30 07:00:00,6.1,7.94,1.84
PANCHKULA,KALKA,PINJORE,Thapli-Dw,30.73916667,76.99861111,2022-05-20 06:00:00,7.45,8.59,1.14
PANCHKULA,KALKA,PINJORE,Thapli-Dw,30.73916667,76.99861111,2022-08-01 06:00:00,5.0,5.59,0.59
PANCHKULA,KALKA,PINJORE,Thapli-Dw,30.73916667,76.99861111,2022-11-01 06:00:00,5.03,7.48,2.45
PANCHKULA,KALKA,PINJORE,Thapli-Dw,30.73916667,76.99861111,2023-01-01 00:00:00,6.81,7.94,1.13
PANCHKULA,KALKA,PINJORE,Thapli-Dw,30.73916667,76.99861111,2023-06-01 00:00:00,7.24,8.15,0.91
PANCHKULA,KALKA,PINJORE,Thapli-Dw,30.73916667,76.99861111,2023-11-01 00:00:00,6.36,7.48,1.12
PANCHKULA,KALKA,PINJORE,Thapli-Dw,30.73916667,76.99861111,2024-01-01 00:00:00,6.98,7.94,0.96
PANCHKULA,PANCHKULA,-,Garriran-DW,30.847222,76.866667,2024-01-01 00:00:00,31.38,24.65,6.73
PANCHKULA,PANCHKULA,-,Garriran_1,30.838056,76.876389,2023-01-01 00:00:00,32.45,32.29,0.16
PANCHKULA,PANCHKULA,-,Garriran_1,30.838056,76.876389,2023-11-01 00:00:00,31.27,34.83,3.56
PANCHKULA,PANCHKULA,BARWALA,Barwala,30.55416667,76.91666667,2021-08-31 06:00:00,6.83,7.7,0.87
PANCHKULA,PANCHKULA,BARWALA,Barwala,30.55416667,76.91666667,2023-01-01 00:00:00,28.1,8.07,20.03
PANCHKULA,PANCHKULA,BARWALA,Barwala,30.55416667,76.91666667,2023-06-01 00:00:00,20.81,12.24,8.57
PANCHKULA,PANCHKULA,BARWALA,Barwala D,30.7421,76.8671,2023-11-01 00:00:00,30.8,7.12,23.68
PANCHKULA,PANCHKULA,BARWALA,Batour,30.55277778,76.94972222,2022-05-20 06:00:00,9.4,8.75,0.65
PANCHKULA,PANCHKULA,BARWALA,Batour,30.55277778,76.94972222,2022-08-01 06:00:00,6.65,7.97,1.32
PANCHKULA,PANCHKULA,BARWALA,Batour,30.55277778,76.94972222,2022-11-01 06:00:00,5.54,8.36,2.82
PANCHKULA,PANCHKULA,BARWALA,Bunga At Dabkhori-DW,30.62777778,76.94972222,2022-05-20 06:00:00,37.35,35.54,1.81
PANCHKULA,PANCHKULA,BARWALA,Jaswant Garh-DW,30.63805556,76.94222222,2022-05-20 06:00:00,6.6,6.94,0.34
PANCHKULA,PANCHKULA,BARWALA,Kheri-DW,30.56555556,76.9975,2021-01-10 00:00:00,9.23,11.43,2.2
PANCHKULA,PANCHKULA,BARWALA,Kheri-DW,30.56555556,76.9975,2022-05-20 06:00:00,9.72,11.64,1.92
PANCHKULA,PANCHKULA,BARWALA,Parwala,30.64166667,77.00833333,2021-01-10 00:00:00,17.92,19.54,1.62
PANCHKULA,PANCHKULA,BARWALA,Parwala,30.64166667,77.00833333,2021-08-31 06:00:00,23.1,17.45,5.65
PANCHKULA,PANCHKULA,BARWALA,Parwala,30.64166667,77.00833333,2021-11-30 06:00:00,17.7,17.67,0.03
PANCHKULA,PANCHKULA,BARWALA,Parwala,30.64166667,77.00833333,2022-01-30 07:00:00,17.45,19.54,2.09
PANCHKULA,PANCHKULA,BARWALA,Parwala,30.64166667,77.00833333,2022-05-20 06:00:00,17.52,18.05,0.53
PANCHKULA,PANCHKULA,BARWALA,Parwala,30.64166667,77.00833333,2022-08-01 06:00:00,16.8,17.45,0.65
PANCHKULA,PANCHKULA,BARWALA,Parwala,30.64166667,77.00833333,2022-11-01 06:00:00,16.77,17.67,0.9
PANCHKULA,PANCHKULA,BARWALA,Parwala,30.64166667,77.00833333,2023-01-01 00:00:00,16.85,19.54,2.69
PANCHKULA,PANCHKULA,BARWALA,Parwala,30.64166667,77.00833333,2023-06-01 00:00:00,18.13,17.83,0.3
PANCHKULA,PANCHKULA,BARWALA,Parwala,30.64166667,77.00833333,2023-11-01 00:00:00,15.49,17.67,2.18
PANCHKULA,PANCHKULA,BARWALA,Parwala,30.64166667,77.00833333,2024-01-01 00:00:00,15.62,19.54,3.92
PANCHKULA,PANCHKULA,BARWALA,Patwi,30.46944444,76.93888889,2021-01-10 00:00:00,10.93,13.38,2.45
PANCHKULA,PANCHKULA,BARWALA,Patwi,30.46944444,76.93888889,2021-08-31 06:00:00,13.0,11.71,1.29
PANCHKULA,PANCHKULA,BARWALA,Patwi,30.46944444,76.93888889,2021-11-30 06:00:00,11.05,11.76,0.71
PANCHKULA,PANCHKULA,BARWALA,Patwi,30.46944444,76.93888889,2022-01-30 07:00:00,11.96,13.38,1.42
PANCHKULA,PANCHKULA,BARWALA,Patwi,30.46944444,76.93888889,2022-05-20 06:00:00,11.12,14.43,3.31
PANCHKULA,PANCHKULA,BARWALA,Patwi,30.46944444,76.93888889,2022-08-01 06:00:00,10.93,11.71,0.78
PANCHKULA,PANCHKULA,BARWALA,Patwi,30.46944444,76.93888889,2022-11-01 06:00:00,9.07,11.76,2.69
PANCHKULA,PANCHKULA,BARWALA,Patwi,30.46944444,76.93888889,2023-01-01 00:00:00,9.7,13.38,3.68
PANCHKULA,PANCHKULA,BARWALA,Patwi,30.46944444,76.93888889,2023-06-01 00:00:00,10.39,14.21,3.82
PANCHKULA,PANCHKULA,BARWALA,Patwi,30.46944444,76.93888889,2023-11-01 00:00:00,6.5,11.76,5.26
PANCHKULA,PANCHKULA,BARWALA,Patwi,30.46944444,76.93888889,2024-01-01 00:00:00,8.73,13.38,4.65
PANCHKULA,PANCHKULA,BARWALA,Raipurrani,30.5875,77.02222222,2021-08-31 06:00:00,11.83,5.77,6.06
PANCHKULA,PANCHKULA,BARWALA,Raipurrani,30.5875,77.02222222,2021-11-30 06:00:00,11.03,11.91,0.88
PANCHKULA,PANCHKULA,BARWALA,Raipurrani,30.5875,77.02222222,2022-01-30 07:00:00,10.43,6.4,4.03
PANCHKULA,PANCHKULA,BARWALA,Raipurrani,30.5875,77.02222222,2022-05-20 06:00:00,9.5,7.1,2.4
PANCHKULA,PANCHKULA,BARWALA,Raipurrani,30.5875,77.02222222,2022-08-01 06:00:00,16.5,5.77,10.73
PANCHKULA,PANCHKULA,BARWALA,Raipurrani,30.5875,77.02222222,2023-01-01 00:00:00,10.98,6.4,4.58
PANCHKULA,PANCHKULA,BARWALA,Raipurrani,30.5875,77.02222222,2023-06-01 00:00:00,11.28,6.86,4.42
PANCHKULA,PANCHKULA,BARWALA,Raipurrani,30.5875,77.02222222,2023-08-20 00:00:00,8.78,5.77,3.01
PANCHKULA,PANCHKULA,BARWALA,Raipurrani,30.5875,77.02222222,2023-11-01 00:00:00,9.03,11.91,2.88
PANCHKULA,PANCHKULA,BARWALA,Raipurrani,30.5875,77.02222222,2024-01-01 00:00:00,9.68,6.4,3.28
PANCHKULA,PANCHKULA,BARWALA,Ramgarh-DW,30.65,76.88333333,2022-05-20 06:00:00,15.98,14.4,1.58
PANCHKULA,PANCHKULA,BARWALA,Toka-DW,30.61666667,76.96666667,2023-01-01 00:00:00,9.89,14.66,4.77
PANCHKULA,PANCHKULA,RAIPUR RANI,Batwal,30.79444444,76.91638889,2024-01-01 00:00:00,6.35,5.78,0.57
PANCHKULA,PANCHKULA,RAIPUR RANI,Golpura-DW,30.505,76.98611111,2021-01-10 00:00:00,4.45,4.13,0.32
PANCHKULA,PANCHKULA,RAIPUR RANI,Golpura-DW,30.505,76.98611111,2021-08-31 06:00:00,4.95,3.67,1.28
PANCHKULA,PANCHKULA,RAIPUR RANI,Golpura-DW,30.505,76.98611111,2021-11-30 06:00:00,3.66,4.74,1.08
PANCHKULA,PANCHKULA,RAIPUR RANI,Golpura-DW,30.505,76.98611111,2022-01-30 07:00:00,1.18,4.13,2.95
PANCHKULA,PANCHKULA,RAIPUR RANI,Golpura-DW,30.505,76.98611111,2022-05-20 06:00:00,4.52,5.5,0.98
PANCHKULA,PANCHKULA,RAIPUR RANI,Golpura-DW,30.505,76.98611111,2022-08-01 06:00:00,3.31,3.67,0.36
PANCHKULA,PANCHKULA,RAIPUR RANI,Golpura-DW,30.505,76.98611111,2022-11-01 06:00:00,3.46,4.74,1.28
PANCHKULA,PANCHKULA,RAIPUR RANI,Golpura-DW,30.505,76.98611111,2023-01-01 00:00:00,3.88,4.13,0.25
PANCHKULA,PANCHKULA,RAIPUR RANI,Golpura-DW,30.505,76.98611111,2023-06-01 00:00:00,4.39,5.09,0.7
PANCHKULA,PANCHKULA,RAIPUR RANI,Golpura-DW,30.505,76.98611111,2023-11-01 00:00:00,2.09,4.74,2.65
PANCHKULA,PANCHKULA,RAIPUR RANI,Golpura-DW,30.505,76.98611111,2024-01-01 00:00:00,3.71,4.13,0.42
PANCHKULA,PANCHKULA,RAIPUR RANI,Hangola,30.53277778,77.03111111,2021-01-10 00:00:00,3.15,8.81,5.66
PANCHKULA,PANCHKULA,RAIPUR RANI,Hangola,30.53277778,77.03111111,2021-08-31 06:00:00,5.11,7.1,1.99
PANCHKULA,PANCHKULA,RAIPUR RANI,Hangola,30.53277778,77.03111111,2021-11-30 06:00:00,5.49,7.46,1.97
PANCHKULA,PANCHKULA,RAIPUR RANI,Hangola,30.53277778,77.03111111,2022-01-30 07:00:00,6.43,8.81,2.38
PANCHKULA,PANCHKULA,RAIPUR RANI,Hangola,30.53277778,77.03111111,2022-05-20 06:00:00,8.5,8.42,0.08
PANCHKULA,PANCHKULA,RAIPUR RANI,Hangola,30.53277778,77.03111111,2022-08-01 06:00:00,5.18,7.1,1.92
PANCHKULA,PANCHKULA,RAIPUR RANI,Hangola,30.53277778,77.03111111,2022-11-01 06:00:00,4.85,7.46,2.61
PANCHKULA,PANCHKULA,RAIPUR RANI,Hangola,30.53277778,77.03111111,2023-01-01 00:00:00,5.07,8.81,3.74
PANCHKULA,PANCHKULA,RAIPUR RANI,Hangola,30.53277778,77.03111111,2023-06-01 00:00:00,5.48,8.08,2.6
PANCHKULA,PANCHKULA,RAIPUR RANI,Hangola,30.53277778,77.03111111,2023-11-01 00:00:00,4.61,7.46,2.85
PANCHKULA,PANCHKULA,RAIPUR RANI,Hangola,30.53277778,77.03111111,2024-01-01 00:00:00,4.81,8.81,4.0
PANCHKULA,PANCHKULA,RAIPUR RANI,Jaspur-DW,30.48333333,76.95,2022-01-30 07:00:00,16.47,16.72,0.25
PANCHKULA,PANCHKULA,RAIPUR RANI,Jaspur-Pz,30.47972222,76.95194444,2021-01-10 00:00:00,16.57,16.77,0.2
PANCHKULA,PANCHKULA,RAIPUR RANI,Jaspur-Pz,30.47972222,76.95194444,2021-08-31 06:00:00,19.11,17.48,1.63
PANCHKULA,PANCHKULA,RAIPUR RANI,Jaspur-Pz,30.47972222,76.95194444,2022-05-20 06:00:00,16.7,16.27,0.43
PANCHKULA,PANCHKULA,RAIPUR RANI,Jaspur-Pz,30.47972222,76.95194444,2023-01-01 00:00:00,16.63,16.77,0.14
PANCHKULA,PANCHKULA,RAIPUR RANI,Jaspur-Pz,30.47972222,76.95194444,2023-06-01 00:00:00,16.99,16.09,0.9
PANCHKULA,PANCHKULA,RAIPUR RANI,Jaspur-Pz,30.47972222,76.95194444,2023-11-01 00:00:00,15.62,18.14,2.52
PANCHKULA,PANCHKULA,RAIPUR RANI,Jaspur-Pz,30.47972222,76.95194444,2024-01-01 00:00:00,15.23,16.77,1.54
PANCHKULA,PANCHKULA,RAIPUR RANI,Kakar Majra,30.49166667,77.025,2021-01-10 00:00:00,11.94,12.81,0.87
PANCHKULA,PANCHKULA,RAIPUR RANI,Kakar Majra,30.49166667,77.025,2021-08-31 06:00:00,12.64,11.24,1.4
PANCHKULA,PANCHKULA,RAIPUR RANI,Kakar Majra,30.49166667,77.025,2021-11-30 06:00:00,12.09,11.44,0.65
PANCHKULA,PANCHKULA,RAIPUR RANI,Kakar Majra,30.49166667,77.025,2022-01-30 07:00:00,12.33,12.81,0.48
PANCHKULA,PANCHKULA,RAIPUR RANI,Kakar Majra,30.49166667,77.025,2022-05-20 06:00:00,12.1,11.97,0.13
PANCHKULA,PANCHKULA,RAIPUR RANI,Kakar Majra,30.49166667,77.025,2022-08-01 06:00:00,12.26,11.24,1.02
PANCHKULA,PANCHKULA,RAIPUR RANI,Kakar Majra,30.49166667,77.025,2022-11-01 06:00:00,11.78,11.44,0.34
PANCHKULA,PANCHKULA,RAIPUR RANI,Kakar Majra,30.49166667,77.025,2023-01-01 00:00:00,10.12,12.81,2.69
PANCHKULA,PANCHKULA,RAIPUR RANI,Kakar Majra,30.49166667,77.025,2023-06-01 00:00:00,11.99,11.79,0.2
PANCHKULA,PANCHKULA,RAIPUR RANI,Kakar Majra,30.49166667,77.025,2023-11-01 00:00:00,11.22,11.44,0.22
PANCHKULA,PANCHKULA,RAIPUR RANI,Kakar Majra,30.49166667,77.025,2024-01-01 00:00:00,11.23,12.81,1.58
PANCHKULA,PANCHKULA,RAIPUR RANI,Mauli-DW,30.52861111,76.97666667,2022-05-20 06:00:00,27.1,23.85,3.25
PANCHKULA,PANCHKULA,RAIPUR RANI,Mauli-DW,30.52861111,76.97666667,2022-11-01 06:00:00,24.9,24.09,0.81
PANCHKULA,PANCHKULA,RAIPUR RANI,Raipur Rani-Pz,30.58333333,77.01666667,2021-01-10 00:00:00,2.63,17.17,14.54
PANCHKULA,PANCHKULA,RAIPUR RANI,Raipur Rani-Pz,30.58333333,77.01666667,2022-05-20 06:00:00,22.7,16.29,6.41
PANCHKULA,PANCHKULA,RAIPUR RANI,Rampur-DW,30.60305556,77.04777778,2022-05-20 06:00:00,9.09,10.75,1.66
PANCHKULA,PANCHKULA,RAIPUR RANI,Rehna-DW,30.58333333,77.06666667,2022-05-20 06:00:00,17.23,16.3,0.93
PANCHKULA,PANCHKULA,RAIPUR RANI,Shahjahan Pur-DW,30.54416667,77.04694444,2022-05-20 06:00:00,22.71,25.39,2.68
PANIPAT,-,-,Haryana PANIPAT GARHI Garhi Chajju M,29.264788,77.050758,2023-08-20 00:00:00,34.03,36.41,2.38
PANIPAT,-,-,Haryana PANIPAT GARHI Garhi Chajju M,29.264788,77.050758,2024-01-01 00:00:00,32.87,34.51,1.64
PANIPAT,-,-,Haryana PANIPAT GARHI Garhi Chajju S,29.264788,77.050758,2023-08-20 00:00:00,34.08,36.41,2.33
PANIPAT,-,-,Haryana PANIPAT GARHI Garhi Chajju S,29.264788,77.050758,2024-01-01 00:00:00,32.93,34.51,1.58
PANIPAT,ISRANA,ISRANA,Bandh-Dw,29.24638889,76.94888889,2022-05-20 06:00:00,5.8,5.48,0.32
PANIPAT,ISRANA,ISRANA,Baupur,29.32,76.81333333,2022-05-20 06:00:00,3.65,11.66,8.01
PANIPAT,ISRANA,ISRANA,Brahman Majra-Dw,29.31666667,76.86666667,2022-05-20 06:00:00,12.55,6.61,5.94
PANIPAT,ISRANA,ISRANA,Israna D,29.27777778,76.85,2022-01-30 07:00:00,4.83,6.28,1.45
PANIPAT,ISRANA,ISRANA,Israna D,29.27777778,76.85,2022-05-20 06:00:00,6.8,3.57,3.23
PANIPAT,ISRANA,ISRANA,Israna D,29.27777778,76.85,2022-10-01 00:00:00,5.28,3.95,1.33
PANIPAT,ISRANA,ISRANA,Israna D,29.27777778,76.85,2022-11-01 06:00:00,4.43,5.41,0.98
PANIPAT,ISRANA,ISRANA,Israna D,29.27777778,76.85,2023-08-20 00:00:00,4.53,6.36,1.83
PANIPAT,ISRANA,ISRANA,Israna D,29.27777778,76.85,2023-11-01 00:00:00,4.58,5.41,0.83
PANIPAT,ISRANA,ISRANA,Israna D,29.27777778,76.85,2024-01-01 00:00:00,4.36,6.28,1.92
PANIPAT,ISRANA,ISRANA,Israna(m),29.27777778,76.85277778,2021-01-10 00:00:00,5.03,5.24,0.21
PANIPAT,ISRANA,ISRANA,Israna(m),29.27777778,76.85277778,2021-08-31 06:00:00,6.26,3.66,2.6
PANIPAT,ISRANA,ISRANA,Kaith-Dw,29.24916667,76.81333333,2022-05-20 06:00:00,4.15,5.05,0.9
PANIPAT,ISRANA,ISRANA,Khalila Manjran,29.29444444,76.77444444,2021-01-10 00:00:00,6.33,6.83,0.5
PANIPAT,ISRANA,ISRANA,Khalila Manjran,29.29444444,76.77444444,2021-08-31 06:00:00,8.54,6.65,1.89
PANIPAT,ISRANA,ISRANA,Khalila Manjran,29.29444444,76.77444444,2022-01-30 07:00:00,4.65,6.83,2.18
PANIPAT,ISRANA,ISRANA,Khalila Manjran,29.29444444,76.77444444,2022-11-01 06:00:00,4.05,5.34,1.29
PANIPAT,ISRANA,ISRANA,Naultha,29.3025,76.89333333,2022-05-20 06:00:00,25.0,35.66,10.66
PANIPAT,ISRANA,ISRANA,Naultha,29.3025,76.89333333,2023-08-20 00:00:00,39.72,39.6,0.12
PANIPAT,ISRANA,ISRANA,Naultha,29.3025,76.89333333,2023-11-01 00:00:00,42.2,22.16,20.04
PANIPAT,ISRANA,ISRANA,Puther Pz,29.23333333,76.87777778,2021-01-10 00:00:00,13.4,12.44,0.96
PANIPAT,ISRANA,ISRANA,Puther Pz,29.23333333,76.87777778,2021-08-31 06:00:00,14.57,13.77,0.8
PANIPAT,ISRANA,ISRANA,Puther Pz,29.23333333,76.87777778,2022-01-30 07:00:00,10.57,12.44,1.87
PANIPAT,ISRANA,ISRANA,Puther Pz,29.23333333,76.87777778,2022-05-20 06:00:00,10.9,12.5,1.6
PANIPAT,ISRANA,ISRANA,Puther Pz,29.23333333,76.87777778,2022-08-01 06:00:00,11.76,13.77,2.01
PANIPAT,ISRANA,ISRANA,Puther Pz,29.23333333,76.87777778,2022-10-01 00:00:00,9.95,12.6,2.65
PANIPAT,ISRANA,ISRANA,Puther Pz,29.23333333,76.87777778,2022-11-01 06:00:00,10.78,15.43,4.65
PANIPAT,ISRANA,ISRANA,Puther Pz,29.23333333,76.87777778,2023-08-20 00:00:00,11.41,13.77,2.36
PANIPAT,ISRANA,ISRANA,Puther Pz,29.23333333,76.87777778,2023-11-01 00:00:00,11.53,15.43,3.9
PANIPAT,ISRANA,ISRANA,Shahpur,29.25416667,76.80833333,2021-01-10 00:00:00,3.55,5.28,1.73
PANIPAT,ISRANA,ISRANA,Shahpur,29.25416667,76.80833333,2021-08-31 06:00:00,1.89,2.41,0.52
PANIPAT,ISRANA,ISRANA,Shahpur,29.25416667,76.80833333,2022-01-30 07:00:00,2.7,5.28,2.58
PANIPAT,ISRANA,ISRANA,Shahpur,29.25416667,76.80833333,2022-05-20 06:00:00,5.0,5.82,0.82
PANIPAT,ISRANA,ISRANA,Shahpur,29.25416667,76.80833333,2022-08-01 06:00:00,1.77,2.41,0.64
PANIPAT,ISRANA,ISRANA,Shahpur,29.25416667,76.80833333,2022-10-01 00:00:00,3.3,3.25,0.05
PANIPAT,ISRANA,ISRANA,Shahpur,29.25416667,76.80833333,2022-11-01 06:00:00,2.4,5.57,3.17
PANIPAT,ISRANA,ISRANA,Shahpur,29.25416667,76.80833333,2023-08-20 00:00:00,2.13,2.41,0.28
PANIPAT,ISRANA,ISRANA,Shahpur,29.25416667,76.80833333,2023-11-01 00:00:00,3.43,5.57,2.14
PANIPAT,ISRANA,ISRANA,Shahpur,29.25416667,76.80833333,2024-01-01 00:00:00,2.82,5.28,2.46
PANIPAT,ISRANA,ISRANA,Sink,29.31861111,76.64027778,2021-01-10 00:00:00,6.52,6.15,0.37
PANIPAT,ISRANA,ISRANA,Sink,29.31861111,76.64027778,2021-08-31 06:00:00,8.09,6.48,1.61
PANIPAT,ISRANA,ISRANA,Sink,29.31861111,76.64027778,2022-01-30 07:00:00,5.84,6.15,0.31
PANIPAT,ISRANA,ISRANA,Sink,29.31861111,76.64027778,2022-05-20 06:00:00,10.1,6.71,3.39
PANIPAT,ISRANA,ISRANA,Sink,29.31861111,76.64027778,2022-08-01 06:00:00,6.7,6.48,0.22
PANIPAT,ISRANA,ISRANA,Sink,29.31861111,76.64027778,2022-10-01 00:00:00,6.78,4.94,1.84
PANIPAT,ISRANA,ISRANA,Sink,29.31861111,76.64027778,2022-11-01 06:00:00,6.14,8.52,2.38
PANIPAT,ISRANA,ISRANA,Sink,29.31861111,76.64027778,2023-08-20 00:00:00,6.56,6.48,0.08
PANIPAT,ISRANA,ISRANA,Sink,29.31861111,76.64027778,2023-11-01 00:00:00,6.61,8.52,1.91
PANIPAT,ISRANA,ISRANA,Sink,29.31861111,76.64027778,2024-01-01 00:00:00,6.43,6.15,0.28
PANIPAT,PANIPAT,MADLAUDA,Baholi-Pz,29.47916667,76.89916667,2022-05-20 06:00:00,14.1,17.45,3.35
PANIPAT,PANIPAT,MADLAUDA,Dharamgarh S,29.46944444,76.82222222,2021-01-10 00:00:00,26.15,20.27,5.88
PANIPAT,PANIPAT,MADLAUDA,Dharamgarh S,29.46944444,76.82222222,2022-05-20 06:00:00,17.94,19.95,2.01
PANIPAT,PANIPAT,MADLAUDA,Dharamgarh S,29.46944444,76.82222222,2022-11-01 06:00:00,19.18,69.12,49.94
PANIPAT,PANIPAT,MADLAUDA,Dharamgarh S,29.46944444,76.82222222,2023-08-20 00:00:00,19.21,27.45,8.24
PANIPAT,PANIPAT,MADLAUDA,Dharamgarh S,29.46944444,76.82222222,2023-11-01 00:00:00,19.3,69.12,49.82
PANIPAT,PANIPAT,MADLAUDA,Dharamgarh S,29.46944444,76.82222222,2024-01-01 00:00:00,18.37,20.27,1.9
PANIPAT,PANIPAT,MADLAUDA,Etola-Pz-S,29.34722222,76.74166667,2023-08-20 00:00:00,14.31,15.04,0.73
PANIPAT,PANIPAT,MADLAUDA,Etola-Pz-S,29.34722222,76.74166667,2023-11-01 00:00:00,14.73,15.95,1.22
PANIPAT,PANIPAT,MADLAUDA,Etola-Pz-S,29.34722222,76.74166667,2024-01-01 00:00:00,13.98,15.01,1.03
PANIPAT,PANIPAT,MADLAUDA,Khandra,29.42777778,76.84722222,2022-05-20 06:00:00,13.4,13.77,0.37
PANIPAT,PANIPAT,MADLAUDA,Lohari (m),29.35833333,76.83888889,2022-10-01 00:00:00,2.37,3.87,1.5
PANIPAT,PANIPAT,MADLAUDA,Lohari (s),29.35833333,76.83888889,2021-01-10 00:00:00,3.13,5.27,2.14
PANIPAT,PANIPAT,MADLAUDA,Lohari (s),29.35833333,76.83888889,2022-01-30 07:00:00,3.06,5.27,2.21
PANIPAT,PANIPAT,MADLAUDA,Lohari (s),29.35833333,76.83888889,2022-05-20 06:00:00,4.11,6.28,2.17
PANIPAT,PANIPAT,MADLAUDA,Lohari (s),29.35833333,76.83888889,2022-11-01 06:00:00,1.82,36.24,34.42
PANIPAT,PANIPAT,MADLAUDA,Lohari (s),29.35833333,76.83888889,2023-11-01 00:00:00,1.36,36.24,34.88
PANIPAT,PANIPAT,MADLAUDA,Lohari (s),29.35833333,76.83888889,2024-01-01 00:00:00,1.36,5.27,3.91
PANIPAT,PANIPAT,MADLAUDA,Nara,29.41666667,76.75833333,2022-05-20 06:00:00,24.0,8.86,15.14
PANIPAT,PANIPAT,MADLAUDA,Untilya,29.39166667,76.85,2021-01-10 00:00:00,5.45,5.72,0.27
PANIPAT,PANIPAT,MADLAUDA,Untilya,29.39166667,76.85,2021-08-31 06:00:00,7.62,3.91,3.71
PANIPAT,PANIPAT,MADLAUDA,Untilya,29.39166667,76.85,2022-01-30 07:00:00,4.33,5.72,1.39
PANIPAT,PANIPAT,MADLAUDA,Untilya,29.39166667,76.85,2022-05-20 06:00:00,5.2,6.57,1.37
PANIPAT,PANIPAT,MADLAUDA,Untilya,29.39166667,76.85,2022-08-01 06:00:00,3.15,3.91,0.76
PANIPAT,PANIPAT,MADLAUDA,Untilya,29.39166667,76.85,2022-10-01 00:00:00,3.37,3.98,0.61
PANIPAT,PANIPAT,MADLAUDA,Untilya,29.39166667,76.85,2022-11-01 06:00:00,2.45,5.57,3.12
PANIPAT,PANIPAT,MADLAUDA,Untilya,29.39166667,76.85,2023-08-20 00:00:00,3.8,3.91,0.11
PANIPAT,PANIPAT,MADLAUDA,Untilya,29.39166667,76.85,2023-11-01 00:00:00,4.45,5.57,1.12
PANIPAT,PANIPAT,MADLAUDA,Untilya,29.39166667,76.85,2024-01-01 00:00:00,3.97,5.72,1.75
PANIPAT,PANIPAT,MADLAUDA,Urlana Kalan,29.34166667,76.67916667,2021-01-10 00:00:00,17.61,16.69,0.92
PANIPAT,PANIPAT,MADLAUDA,Urlana Kalan,29.34166667,76.67916667,2021-08-31 06:00:00,20.5,18.14,2.36
PANIPAT,PANIPAT,MADLAUDA,Urlana Kalan,29.34166667,76.67916667,2022-01-30 07:00:00,17.66,16.69,0.97
PANIPAT,PANIPAT,MADLAUDA,Urlana Kalan,29.34166667,76.67916667,2022-05-20 06:00:00,17.55,16.22,1.33
PANIPAT,PANIPAT,MADLAUDA,Urlana Kalan,29.34166667,76.67916667,2022-08-01 06:00:00,18.21,18.14,0.07
PANIPAT,PANIPAT,MADLAUDA,Urlana Kalan,29.34166667,76.67916667,2022-10-01 00:00:00,17.98,17.0,0.98
PANIPAT,PANIPAT,MADLAUDA,Urlana Kalan,29.34166667,76.67916667,2022-11-01 06:00:00,20.66,21.35,0.69
PANIPAT,PANIPAT,MADLAUDA,Urlana Kalan,29.34166667,76.67916667,2023-08-20 00:00:00,17.66,18.14,0.48
PANIPAT,PANIPAT,MADLAUDA,Urlana Kalan,29.34166667,76.67916667,2023-11-01 00:00:00,18.07,21.35,3.28
PANIPAT,PANIPAT,MADLAUDA,Urlana Kalan,29.34166667,76.67916667,2024-01-01 00:00:00,17.98,16.69,1.29
PANIPAT,PANIPAT,PANIPAT,Babail M-Pz,29.42916667,77.05,2021-01-10 00:00:00,26.98,28.02,1.04
PANIPAT,PANIPAT,PANIPAT,Babail M-Pz,29.42916667,77.05,2021-08-31 06:00:00,31.5,30.73,0.77
PANIPAT,PANIPAT,PANIPAT,Babail M-Pz,29.42916667,77.05,2022-01-30 07:00:00,23.85,28.02,4.17
PANIPAT,PANIPAT,PANIPAT,Babail M-Pz,29.42916667,77.05,2022-05-20 06:00:00,29.15,25.59,3.56
PANIPAT,PANIPAT,PANIPAT,Babail M-Pz,29.42916667,77.05,2022-08-01 06:00:00,32.46,30.73,1.73
PANIPAT,PANIPAT,PANIPAT,Babail M-Pz,29.42916667,77.05,2022-11-01 06:00:00,30.2,30.69,0.49
PANIPAT,PANIPAT,PANIPAT,Babail M-Pz,29.42916667,77.05,2023-08-20 00:00:00,29.7,30.73,1.03
PANIPAT,PANIPAT,PANIPAT,Babail M-Pz,29.42916667,77.05,2023-11-01 00:00:00,29.7,30.69,0.99
PANIPAT,PANIPAT,PANIPAT,Babail M-Pz,29.42916667,77.05,2024-01-01 00:00:00,27.33,28.02,0.69
PANIPAT,PANIPAT,PANIPAT,Babail Pz S,29.42916667,77.05,2021-01-10 00:00:00,30.15,26.37,3.78
PANIPAT,PANIPAT,PANIPAT,Babail Pz S,29.42916667,77.05,2021-08-31 06:00:00,30.28,31.12,0.84
PANIPAT,PANIPAT,PANIPAT,Babail Pz S,29.42916667,77.05,2022-01-30 07:00:00,9.25,26.37,17.12
PANIPAT,PANIPAT,PANIPAT,Babail Pz S,29.42916667,77.05,2022-05-20 06:00:00,10.85,27.96,17.11
PANIPAT,PANIPAT,PANIPAT,Babail Pz S,29.42916667,77.05,2022-11-01 06:00:00,26.0,31.2,5.2
PANIPAT,PANIPAT,PANIPAT,Diwana,29.31388889,76.97361111,2022-05-20 06:00:00,37.84,14.02,23.82
PANIPAT,PANIPAT,PANIPAT,Mehmadpur,29.45555556,76.94305556,2022-05-20 06:00:00,31.05,20.61,10.44
PANIPAT,PANIPAT,PANIPAT,Mehmadpur,29.45555556,76.94305556,2022-08-01 06:00:00,28.39,28.33,0.06
PANIPAT,PANIPAT,PANIPAT,Mehmadpur,29.45555556,76.94305556,2022-11-01 06:00:00,29.5,21.45,8.05
PANIPAT,PANIPAT,PANIPAT,Mehmadpur,29.45555556,76.94305556,2023-08-20 00:00:00,29.24,28.33,0.91
PANIPAT,PANIPAT,PANIPAT,Mehmadpur,29.45555556,76.94305556,2023-11-01 00:00:00,29.29,21.45,7.84
PANIPAT,PANIPAT,PANIPAT,Mehmadpur,29.45555556,76.94305556,2024-01-01 00:00:00,33.02,18.79,14.23
PANIPAT,PANIPAT,PANIPAT,Nizampur,29.44583333,76.9875,2022-05-20 06:00:00,34.4,31.4,3.0
PANIPAT,PANIPAT,PANIPAT,Sewah,29.34166667,76.97916667,2022-05-20 06:00:00,51.13,32.41,18.72
PANIPAT,PANIPAT,PANIPAT,Shimla Maulan S,29.45611111,76.98333333,2021-08-31 06:00:00,11.7,63.55,51.85
PANIPAT,SAMALKHA,-,Namunda_1,29.240833,76.946111,2022-10-01 00:00:00,29.6,19.01,10.59
PANIPAT,SAMALKHA,-,Namunda_1,29.240833,76.946111,2023-08-20 00:00:00,29.39,18.82,10.57
PANIPAT,SAMALKHA,-,Namunda_1,29.240833,76.946111,2023-11-01 00:00:00,30.35,20.37,9.98
PANIPAT,SAMALKHA,-,Namunda_1,29.240833,76.946111,2024-01-01 00:00:00,31.48,18.56,12.92
PANIPAT,SAMALKHA,-,Pathargarh,29.444167,77.103056,2022-10-01 00:00:00,8.92,12.85,3.93
PANIPAT,SAMALKHA,-,Pathargarh,29.444167,77.103056,2023-08-20 00:00:00,8.94,12.78,3.84
PANIPAT,SAMALKHA,-,Pathargarh,29.444167,77.103056,2023-11-01 00:00:00,8.99,13.99,5.0
PANIPAT,SAMALKHA,-,Pathargarh,29.444167,77.103056,2024-01-01 00:00:00,7.61,12.64,5.03
PANIPAT,SAMALKHA,BAPOLI,Bhallour Pz,29.31,77.09833333,2021-08-31 06:00:00,17.25,22.48,5.23
PANIPAT,SAMALKHA,BAPOLI,Bhallour Pz,29.31,77.09833333,2022-05-20 06:00:00,15.08,34.43,19.35
PANIPAT,SAMALKHA,BAPOLI,Sanauli Khurd-Pz,29.38194444,77.09111111,2021-08-31 06:00:00,15.5,27.46,11.96
PANIPAT,SAMALKHA,BAPOLI,Sanauli Khurd-Pz,29.38194444,77.09111111,2022-01-30 07:00:00,13.25,21.31,8.06
PANIPAT,SAMALKHA,BAPOLI,Sanauli Khurd-Pz,29.38194444,77.09111111,2022-05-20 06:00:00,17.42,32.68,15.26
PANIPAT,SAMALKHA,BAPOLI,Sanauli Khurd-Pz,29.38194444,77.09111111,2022-08-01 06:00:00,22.28,27.46,5.18
PANIPAT,SAMALKHA,BAPOLI,Sanauli Khurd-Pz,29.38194444,77.09111111,2022-10-01 00:00:00,15.52,20.78,5.26
PANIPAT,SAMALKHA,BAPOLI,Sanauli Khurd-Pz,29.38194444,77.09111111,2022-11-01 06:00:00,17.0,27.69,10.69
PANIPAT,SAMALKHA,BAPOLI,Tajpur M,29.30222222,77.075,2021-08-31 06:00:00,21.9,66.34,44.44
PANIPAT,SAMALKHA,BAPOLI,Tamsabad,29.4019,77.1261,2023-11-01 00:00:00,1.67,19.91,18.24
PANIPAT,SAMALKHA,SAMALKHA,Dakadla S,29.22361111,77.06666667,2022-01-30 07:00:00,25.47,27.28,1.81
PANIPAT,SAMALKHA,SAMALKHA,Dakadla S,29.22361111,77.06666667,2022-05-20 06:00:00,25.09,26.92,1.83
PANIPAT,SAMALKHA,SAMALKHA,Dakadla S,29.22361111,77.06666667,2022-08-01 06:00:00,27.97,26.02,1.95
PANIPAT,SAMALKHA,SAMALKHA,Dakadla S,29.22361111,77.06666667,2022-10-01 00:00:00,26.84,28.3,1.46
PANIPAT,SAMALKHA,SAMALKHA,Dakadla S,29.22361111,77.06666667,2022-11-01 06:00:00,27.7,29.01,1.31
PANIPAT,SAMALKHA,SAMALKHA,Dakadla S,29.22361111,77.06666667,2023-11-01 00:00:00,27.7,29.01,1.31
PANIPAT,SAMALKHA,SAMALKHA,Dakadla S,29.22361111,77.06666667,2024-01-01 00:00:00,27.7,27.28,0.42
PANIPAT,SAMALKHA,SAMALKHA,Hathwala-Pz,29.22638889,77.11805556,2022-05-20 06:00:00,13.57,33.52,19.95
PANIPAT,SAMALKHA,SAMALKHA,K.prahladpur(s),29.29305556,76.97916667,2021-08-31 06:00:00,41.25,16.67,24.58
PANIPAT,SAMALKHA,SAMALKHA,Karhansh Pz,29.25583333,77.01,2022-05-20 06:00:00,41.08,35.04,6.04
PANIPAT,SAMALKHA,SAMALKHA,Khelalla Pehl S,29.29305556,76.97916667,2021-01-10 00:00:00,34.25,31.87,2.38
PANIPAT,SAMALKHA,SAMALKHA,Khelalla Pehl S,29.29305556,76.97916667,2022-08-01 06:00:00,13.42,35.9,22.48
PANIPAT,SAMALKHA,SAMALKHA,Khelalla Pehl S,29.29305556,76.97916667,2022-11-01 06:00:00,38.49,37.6,0.89
PANIPAT,SAMALKHA,SAMALKHA,Kiwana,29.225,76.9875,2022-05-20 06:00:00,37.0,15.61,21.39
PANIPAT,SAMALKHA,SAMALKHA,Nariana-PZ,29.24583333,76.975,2022-05-20 06:00:00,26.95,14.9,12.05
PANIPAT,SAMALKHA,SAMALKHA,Patti Kalyana M,29.20972222,77.02777778,2021-01-10 00:00:00,35.72,36.67,0.95
PANIPAT,SAMALKHA,SAMALKHA,Patti Kalyana M,29.20972222,77.02777778,2021-08-31 06:00:00,38.33,37.77,0.56
PANIPAT,SAMALKHA,SAMALKHA,Patti Kalyana M,29.20972222,77.02777778,2022-05-20 06:00:00,33.95,36.31,2.36
PANIPAT,SAMALKHA,SAMALKHA,Patti Kalyana M,29.20972222,77.02777778,2022-08-01 06:00:00,33.47,37.77,4.3
PANIPAT,SAMALKHA,SAMALKHA,Patti Kalyana M,29.20972222,77.02777778,2022-10-01 00:00:00,36.79,37.39,0.6
PANIPAT,SAMALKHA,SAMALKHA,Patti Kalyana M,29.20972222,77.02777778,2022-11-01 06:00:00,37.7,39.49,1.79
PANIPAT,SAMALKHA,SAMALKHA,Patti Kalyana M,29.20972222,77.02777778,2023-08-20 00:00:00,37.27,37.77,0.5
PANIPAT,SAMALKHA,SAMALKHA,Patti Kalyana M,29.20972222,77.02777778,2023-11-01 00:00:00,37.03,39.49,2.46
PANIPAT,SAMALKHA,SAMALKHA,Patti Kalyana S,29.20972222,77.02777778,2021-01-10 00:00:00,40.63,36.67,3.96
PANIPAT,SAMALKHA,SAMALKHA,Patti Kalyana S,29.20972222,77.02777778,2022-10-01 00:00:00,37.67,37.72,0.05
PANIPAT,SAMALKHA,SAMALKHA,Patti Kalyana S,29.20972222,77.02777778,2023-11-01 00:00:00,38.06,39.49,1.43
PANIPAT,SAMALKHA,SAMALKHA,Patti Kalyana S,29.20972222,77.02777778,2024-01-01 00:00:00,38.06,36.67,1.39
PANIPAT,SAMALKHA,SAMALKHA,Rakshera,29.18833333,77.10694444,2021-08-31 06:00:00,17.94,17.46,0.48
PANIPAT,SAMALKHA,SAMALKHA,Rakshera,29.18833333,77.10694444,2022-01-30 07:00:00,13.9,15.01,1.11
PANIPAT,SAMALKHA,SAMALKHA,Rakshera,29.18833333,77.10694444,2022-05-20 06:00:00,17.55,15.61,1.94
PANIPAT,SAMALKHA,SAMALKHA,Rakshera,29.18833333,77.10694444,2022-08-01 06:00:00,16.53,17.46,0.93
PANIPAT,SAMALKHA,SAMALKHA,Rakshera,29.18833333,77.10694444,2022-10-01 00:00:00,15.7,17.7,2.0
PANIPAT,SAMALKHA,SAMALKHA,Rakshera,29.18833333,77.10694444,2022-11-01 06:00:00,16.19,17.06,0.87
PANIPAT,SAMALKHA,SAMALKHA,Rakshera,29.18833333,77.10694444,2023-08-20 00:00:00,15.9,17.46,1.56
PANIPAT,SAMALKHA,SAMALKHA,Rakshera,29.18833333,77.10694444,2023-11-01 00:00:00,14.84,17.06,2.22
PANIPAT,SAMALKHA,SAMALKHA,Samalkha-Pz,29.23611111,77.01388889,2022-05-20 06:00:00,36.48,41.23,4.75
Palwal,HATHIN,HATHIN,Bazida Pahar-DW,28.05,77.28888889,2022-05-20 06:00:00,6.4,6.53,0.13
Palwal,HATHIN,HATHIN,Bibipur-DW,28.01805556,77.21111111,2022-05-20 06:00:00,4.0,5.04,1.04
Palwal,HATHIN,HATHIN,Hasan pur,27.95833333,77.22916667,2022-01-30 07:00:00,19.48,17.34,2.14
Palwal,HATHIN,HATHIN,Hasan pur,27.95833333,77.22916667,2022-11-01 06:00:00,18.92,17.83,1.09
Palwal,HATHIN,HATHIN,Hathin,28.04583333,77.24166667,2022-05-20 06:00:00,11.2,12.98,1.78
Palwal,HATHIN,HATHIN,Kot,27.95833333,77.22916667,2022-01-30 07:00:00,12.0,12.62,0.62
Palwal,HATHIN,HATHIN,Mandkola,28.14916667,77.18527778,2022-05-20 06:00:00,2.4,3.41,1.01
Palwal,HATHIN,HATHIN,Nangal Jat-DW,27.87777778,77.28333333,2022-05-20 06:00:00,10.6,12.88,2.28
Palwal,HATHIN,HATHIN,Utawar,27.98472222,77.18888889,2022-05-20 06:00:00,13.5,6.21,7.29
Palwal,HODAL,-,JAINDAPUR_1,28.233333,77.2,2023-08-20 00:00:00,14.25,9.56,4.69
Palwal,HODAL,-,JAINDAPUR_1,28.233333,77.2,2023-11-01 00:00:00,13.93,11.01,2.92
Palwal,HODAL,HODAL,Achheja,28.04583333,77.46666667,2022-01-30 07:00:00,10.1,7.83,2.27
Palwal,HODAL,HODAL,Achheja,28.04583333,77.46666667,2022-05-20 06:00:00,3.44,9.23,5.79
Palwal,HODAL,HODAL,Banchari-DW,27.93416667,77.5,2022-05-20 06:00:00,11.4,9.41,1.99
Palwal,HODAL,HODAL,Barauli Pz,28.0843,77.4348,2023-08-20 00:00:00,15.12,11.94,3.18
Palwal,HODAL,HODAL,Barauli Pz,28.0843,77.4348,2023-11-01 00:00:00,13.37,13.02,0.35
Palwal,HODAL,HODAL,Barauli Pz,28.0843,77.4348,2024-01-01 00:00:00,13.14,12.02,1.12
Palwal,HODAL,HODAL,Barauli1,28.07777778,77.43888889,2021-01-10 00:00:00,12.96,12.99,0.03
Palwal,HODAL,HODAL,Barauli1,28.07777778,77.43888889,2021-08-31 06:00:00,18.62,13.49,5.13
Palwal,HODAL,HODAL,Barauli1,28.07777778,77.43888889,2022-01-30 07:00:00,16.5,12.99,3.51
Palwal,HODAL,HODAL,Barauli1,28.07777778,77.43888889,2022-05-20 06:00:00,13.55,15.37,1.82
Palwal,HODAL,HODAL,Barauli1,28.07777778,77.43888889,2022-08-01 06:00:00,14.4,13.49,0.91
Palwal,HODAL,HODAL,Barauli1,28.07777778,77.43888889,2022-11-01 06:00:00,12.2,14.04,1.84
Palwal,HODAL,HODAL,Barauli1,28.07777778,77.43888889,2023-01-01 00:00:00,14.4,12.99,1.41
Palwal,HODAL,HODAL,Barauli1,28.07777778,77.43888889,2023-06-01 00:00:00,12.63,15.31,2.68
Palwal,HODAL,HODAL,Bhiduki-DW,27.91666667,77.45,2022-05-20 06:00:00,6.3,6.34,0.04
Palwal,HODAL,HODAL,Dighaut,28.0375,77.375,2021-01-10 00:00:00,13.46,16.16,2.7
Palwal,HODAL,HODAL,Dighaut,28.0375,77.375,2021-08-31 06:00:00,15.18,13.55,1.63
Palwal,HODAL,HODAL,Dighaut,28.0375,77.375,2022-01-30 07:00:00,12.8,16.16,3.36
Palwal,HODAL,HODAL,Dighaut,28.0375,77.375,2022-05-20 06:00:00,12.07,14.21,2.14
Palwal,HODAL,HODAL,Dighaut,28.0375,77.375,2022-08-01 06:00:00,14.4,13.55,0.85
Palwal,HODAL,HODAL,Dighaut,28.0375,77.375,2022-11-01 06:00:00,12.95,13.91,0.96
Palwal,HODAL,HODAL,Dighaut,28.0375,77.375,2023-01-01 00:00:00,14.4,16.16,1.76
Palwal,HODAL,HODAL,Dighaut,28.0375,77.375,2023-06-01 00:00:00,13.3,14.14,0.84
Palwal,HODAL,HODAL,Dighaut,28.0375,77.375,2023-08-20 00:00:00,13.4,13.55,0.15
Palwal,HODAL,HODAL,Dighaut,28.0375,77.375,2023-11-01 00:00:00,13.16,13.91,0.75
Palwal,HODAL,HODAL,Dighaut,28.0375,77.375,2024-01-01 00:00:00,12.98,16.16,3.18
Palwal,HODAL,HODAL,Gulawad-DW,28.00972222,77.44583333,2022-05-20 06:00:00,14.2,12.38,1.82
Palwal,HODAL,HODAL,Hassanpur,27.96666667,77.49027778,2023-01-01 00:00:00,17.03,12.97,4.06
Palwal,HODAL,HODAL,Hassanpur,27.96666667,77.49027778,2023-06-01 00:00:00,17.86,13.24,4.62
Palwal,HODAL,HODAL,Hodel1,27.88333333,77.35,2022-05-20 06:00:00,17.1,13.18,3.92
Palwal,HODAL,HODAL,Khambi,27.97083333,77.41666667,2021-01-10 00:00:00,2.69,4.98,2.29
Palwal,HODAL,HODAL,Khambi,27.97083333,77.41666667,2021-11-30 06:00:00,13.05,4.12,8.93
Palwal,HODAL,HODAL,Phulwari-DW,28.07222222,77.325,2022-05-20 06:00:00,13.05,12.5,0.55
Palwal,HODAL,HODAL,Sarai-DW,27.98611111,77.33611111,2022-05-20 06:00:00,14.2,13.06,1.14
Palwal,HODAL,HODAL,Tumsara,28.00833333,77.34166667,2021-01-10 00:00:00,9.16,7.98,1.18
Palwal,HODAL,HODAL,Tumsara,28.00833333,77.34166667,2021-08-31 06:00:00,11.01,8.94,2.07
Palwal,HODAL,HODAL,Tumsara,28.00833333,77.34166667,2021-11-30 06:00:00,10.61,14.7,4.09
Palwal,HODAL,HODAL,Tumsara,28.00833333,77.34166667,2022-01-30 07:00:00,11.12,7.98,3.14
Palwal,PALWAL,PALWAL,Badraun,28.19444444,77.37777778,2021-01-10 00:00:00,8.01,11.84,3.83
Palwal,PALWAL,PALWAL,Badraun,28.19444444,77.37777778,2021-08-31 06:00:00,8.23,4.84,3.39
Palwal,PALWAL,PALWAL,Badraun,28.19444444,77.37777778,2021-11-30 06:00:00,6.2,8.06,1.86
Palwal,PALWAL,PALWAL,Badraun,28.19444444,77.37777778,2022-01-30 07:00:00,6.65,11.84,5.19
Palwal,PALWAL,PALWAL,Badraun,28.19444444,77.37777778,2022-05-20 06:00:00,7.95,12.97,5.02
Palwal,PALWAL,PALWAL,Badraun,28.19444444,77.37777778,2022-08-01 06:00:00,9.16,4.84,4.32
Palwal,PALWAL,PALWAL,Badraun,28.19444444,77.37777778,2022-11-01 06:00:00,4.85,8.06,3.21
Palwal,PALWAL,PALWAL,Badraun,28.19444444,77.37777778,2023-01-01 00:00:00,9.83,11.84,2.01
Palwal,PALWAL,PALWAL,Badraun,28.19444444,77.37777778,2023-08-20 00:00:00,9.05,4.84,4.21
Palwal,PALWAL,PALWAL,Badraun,28.19444444,77.37777778,2023-11-01 00:00:00,8.4,8.06,0.34
Palwal,PALWAL,PALWAL,Badraun,28.19444444,77.37777778,2024-01-01 00:00:00,8.93,11.84,2.91
Palwal,PALWAL,PALWAL,Baghaula,28.22083333,77.30833333,2021-01-10 00:00:00,2.02,3.11,1.09
Palwal,PALWAL,PALWAL,Baghaula,28.22083333,77.30833333,2021-08-31 06:00:00,4.4,2.92,1.48
Palwal,PALWAL,PALWAL,Baghaula,28.22083333,77.30833333,2021-11-30 06:00:00,0.91,4.4,3.49
Palwal,PALWAL,PALWAL,Baghaula,28.22083333,77.30833333,2022-01-30 07:00:00,0.85,3.11,2.26
Palwal,PALWAL,PALWAL,Baghaula,28.22083333,77.30833333,2022-05-20 06:00:00,14.65,3.91,10.74
Palwal,PALWAL,PALWAL,Baghaula,28.22083333,77.30833333,2022-08-01 06:00:00,0.7,2.92,2.22
Palwal,PALWAL,PALWAL,Baghaula,28.22083333,77.30833333,2022-11-01 06:00:00,0.62,4.4,3.78
Palwal,PALWAL,PALWAL,Baghaula,28.22083333,77.30833333,2023-01-01 00:00:00,0.5,3.11,2.61
Palwal,PALWAL,PALWAL,Baghaula,28.22083333,77.30833333,2023-06-01 00:00:00,2.33,3.75,1.42
Palwal,PALWAL,PALWAL,Baghaula,28.22083333,77.30833333,2023-11-01 00:00:00,0.65,4.4,3.75
Palwal,PALWAL,PALWAL,Baghaula,28.22083333,77.30833333,2024-01-01 00:00:00,3.67,3.11,0.56
Palwal,PALWAL,PALWAL,Jaindapur,28.20416667,77.23888889,2023-06-01 00:00:00,14.03,12.95,1.08
Palwal,PALWAL,PALWAL,Jawan- Pz,28.22777778,77.41666667,2021-01-10 00:00:00,18.66,18.9,0.24
Palwal,PALWAL,PALWAL,Jawan- Pz,28.22777778,77.41666667,2022-01-30 07:00:00,19.6,18.9,0.7
Palwal,PALWAL,PALWAL,Jawan- Pz,28.22777778,77.41666667,2022-05-20 06:00:00,30.4,19.33,11.07
Palwal,PALWAL,PALWAL,Jawan- Pz,28.22777778,77.41666667,2022-08-01 06:00:00,30.2,19.93,10.27
Palwal,PALWAL,PALWAL,Jawan- Pz,28.22777778,77.41666667,2022-11-01 06:00:00,28.33,23.5,4.83
Palwal,PALWAL,PALWAL,Lalwa,28.1375,77.40416667,2021-11-30 06:00:00,6.7,7.9,1.2
Palwal,PALWAL,PALWAL,Lalwa,28.1375,77.40416667,2022-01-30 07:00:00,6.7,7.99,1.29
Palwal,PALWAL,PALWAL,Palwal,28.15,77.325,2021-01-10 00:00:00,7.37,8.58,1.21
Palwal,PALWAL,PALWAL,Palwal,28.15,77.325,2021-11-30 06:00:00,7.65,11.36,3.71
Palwal,PALWAL,PALWAL,Palwal,28.15,77.325,2022-01-30 07:00:00,8.27,8.58,0.31
Palwal,PALWAL,PALWAL,Palwal,28.15,77.325,2022-05-20 06:00:00,6.54,9.96,3.42
Palwal,PALWAL,PALWAL,Palwal1,28.15,77.325,2021-08-31 06:00:00,11.53,12.32,0.79
Palwal,PALWAL,PALWAL,Palwal1,28.15,77.325,2021-11-30 06:00:00,10.74,9.85,0.89
Palwal,PALWAL,PALWAL,Palwal1,28.15,77.325,2022-05-20 06:00:00,10.65,13.61,2.96
Palwal,PALWAL,PALWAL,Palwal1,28.15,77.325,2022-08-01 06:00:00,10.81,12.32,1.51
Palwal,PALWAL,PALWAL,Palwal1,28.15,77.325,2023-01-01 00:00:00,11.14,13.74,2.6
Palwal,PALWAL,PALWAL,Palwal1,28.15,77.325,2023-08-20 00:00:00,11.47,12.32,0.85
Palwal,PALWAL,PALWAL,Palwal1,28.15,77.325,2023-11-01 00:00:00,11.47,9.85,1.62
Palwal,PALWAL,PALWAL,Pehladpur-Pz,28.0225,77.17666667,2021-01-10 00:00:00,7.77,7.69,0.08
Palwal,PALWAL,PALWAL,Pehladpur-Pz,28.0225,77.17666667,2021-08-31 06:00:00,7.86,7.87,0.01
Palwal,PALWAL,PALWAL,Pehladpur-Pz,28.0225,77.17666667,2021-11-30 06:00:00,6.01,9.94,3.93
Palwal,PALWAL,PALWAL,Pehladpur-Pz,28.0225,77.17666667,2022-01-30 07:00:00,6.6,7.69,1.09
Palwal,PALWAL,PALWAL,Pehladpur-Pz,28.0225,77.17666667,2022-05-20 06:00:00,8.45,4.18,4.27
Palwal,PALWAL,PALWAL,Pehladpur-Pz,28.0225,77.17666667,2022-08-01 06:00:00,7.27,7.87,0.6
Palwal,PALWAL,PALWAL,Pehladpur-Pz,28.0225,77.17666667,2022-11-01 06:00:00,6.07,9.94,3.87
Palwal,PALWAL,PALWAL,Pehladpur-Pz,28.0225,77.17666667,2023-01-01 00:00:00,7.27,7.69,0.42
Palwal,PALWAL,PALWAL,Pehladpur-Pz,28.0225,77.17666667,2023-06-01 00:00:00,8.95,4.02,4.93
Palwal,PALWAL,PALWAL,Pehladpur-Pz,28.0225,77.17666667,2023-08-20 00:00:00,6.03,7.87,1.84
Palwal,PALWAL,PALWAL,Pehladpur-Pz,28.0225,77.17666667,2023-11-01 00:00:00,5.73,9.94,4.21
Palwal,PALWAL,PALWAL,Pehladpur-Pz,28.0225,77.17666667,2024-01-01 00:00:00,6.52,7.69,1.17
Palwal,PALWAL,PALWAL,Pelak-Pz,28.15555556,77.42638889,2021-08-31 06:00:00,26.2,51.51,25.31
Palwal,PALWAL,PALWAL,Pelak-Pz,28.15555556,77.42638889,2022-05-20 06:00:00,21.67,27.91,6.24
Palwal,PALWAL,PALWAL,Pelak-Pz,28.15555556,77.42638889,2022-08-01 06:00:00,22.87,51.51,28.64
Palwal,PALWAL,PALWAL,Pelak-Pz,28.15555556,77.42638889,2022-11-01 06:00:00,22.8,53.78,30.98
Palwal,PALWAL,PALWAL,Pelak-Pz,28.15555556,77.42638889,2023-01-01 00:00:00,22.87,52.18,29.31
Palwal,PALWAL,PALWAL,Pirgarhi- Pz,28.04444444,77.47222222,2021-01-10 00:00:00,9.52,12.76,3.24
Palwal,PALWAL,PALWAL,Pirgarhi- Pz,28.04444444,77.47222222,2021-08-31 06:00:00,11.07,12.01,0.94
Palwal,PALWAL,PALWAL,Pirgarhi- Pz,28.04444444,77.47222222,2021-11-30 06:00:00,7.74,14.61,6.87
Palwal,PALWAL,PALWAL,Pirgarhi- Pz,28.04444444,77.47222222,2022-01-30 07:00:00,8.07,12.76,4.69
Palwal,PALWAL,PALWAL,Pirgarhi- Pz,28.04444444,77.47222222,2022-05-20 06:00:00,11.6,13.07,1.47
Palwal,PALWAL,PALWAL,Pirgarhi- Pz,28.04444444,77.47222222,2022-08-01 06:00:00,12.66,12.01,0.65
Palwal,PALWAL,PALWAL,Pirgarhi- Pz,28.04444444,77.47222222,2022-11-01 06:00:00,8.95,14.61,5.66
Palwal,PALWAL,PALWAL,Pirgarhi- Pz,28.04444444,77.47222222,2023-01-01 00:00:00,12.66,12.76,0.1
Palwal,PALWAL,PALWAL,Pirgarhi- Pz,28.04444444,77.47222222,2023-06-01 00:00:00,8.86,13.07,4.21
Palwal,PALWAL,PALWAL,Pirgarhi- Pz,28.04444444,77.47222222,2023-08-20 00:00:00,10.82,12.01,1.19
Palwal,PALWAL,PALWAL,Pirgarhi- Pz,28.04444444,77.47222222,2023-11-01 00:00:00,9.43,14.61,5.18
Palwal,PALWAL,PALWAL,Pirgarhi- Pz,28.04444444,77.47222222,2024-01-01 00:00:00,10.44,12.76,2.32
Palwal,PALWAL,PALWAL,Rasul Pur,28.09166667,77.40416667,2022-01-30 07:00:00,7.64,7.78,0.14
REWARI,BAWAL,BAWAL,Balawas,28.10416667,76.52916667,2022-05-20 06:00:00,11.31,15.7,4.39
REWARI,BAWAL,BAWAL,Bawal1,28.07083333,76.57916667,2022-05-20 06:00:00,22.98,17.61,5.37
REWARI,BAWAL,BAWAL,Bawal2,28.07083333,76.57916667,2022-01-30 07:00:00,33.0,31.52,1.48
REWARI,BAWAL,BAWAL,Bawal2,28.07083333,76.57916667,2022-05-20 06:00:00,29.6,31.31,1.71
REWARI,BAWAL,BAWAL,Karnawas,28.12916667,76.60416667,2021-01-10 00:00:00,14.68,16.7,2.02
REWARI,BAWAL,BAWAL,Karnawas,28.12916667,76.60416667,2021-08-31 06:00:00,13.9,14.31,0.41
REWARI,BAWAL,BAWAL,Karnawas,28.12916667,76.60416667,2021-11-30 06:00:00,11.47,15.38,3.91
REWARI,BAWAL,BAWAL,Karnawas,28.12916667,76.60416667,2022-01-30 07:00:00,13.51,16.7,3.19
REWARI,BAWAL,BAWAL,Karnawas,28.12916667,76.60416667,2022-05-20 06:00:00,11.7,14.43,2.73
REWARI,KOSLI,NAHAR,Bahu,28.43611111,76.31666667,2022-01-30 07:00:00,19.5,15.13,4.37
REWARI,KOSLI,NAHAR,Bahu,28.43611111,76.31666667,2022-05-20 06:00:00,13.96,19.6,5.64
REWARI,KOSLI,NAHAR,Bhakli-DW,28.41666667,76.47777778,2022-05-20 06:00:00,11.8,14.59,2.79
REWARI,KOSLI,NAHAR,Garhi-DW,28.41333333,76.34,2022-05-20 06:00:00,19.3,16.5,2.8
REWARI,KOSLI,NAHAR,Guriani,28.35833333,76.52916667,2022-01-30 07:00:00,16.72,17.17,0.45
REWARI,KOSLI,NAHAR,Jatusana1,28.35833333,76.52916667,2022-05-20 06:00:00,26.5,28.12,1.62
REWARI,KOSLI,NAHAR,Jatusana1,28.35833333,76.52916667,2023-11-01 00:00:00,26.03,30.24,4.21
REWARI,KOSLI,NAHAR,Kosli,28.41388889,76.48333333,2021-01-10 00:00:00,17.03,16.58,0.45
REWARI,KOSLI,NAHAR,Kosli,28.41388889,76.48333333,2021-08-31 06:00:00,18.15,18.33,0.18
REWARI,KOSLI,NAHAR,Kosli,28.41388889,76.48333333,2021-11-30 06:00:00,16.1,18.12,2.02
REWARI,KOSLI,NAHAR,Kosli,28.41388889,76.48333333,2022-01-30 07:00:00,23.0,16.58,6.42
REWARI,KOSLI,NAHAR,Kosli,28.41388889,76.48333333,2022-05-20 06:00:00,18.2,19.39,1.19
REWARI,KOSLI,NAHAR,Nahar1,28.47361111,76.4,2023-11-01 00:00:00,34.1,32.28,1.82
REWARI,KOSLI,NAHAR,Ratanthal-DW,28.38888889,76.59444444,2022-05-20 06:00:00,9.05,16.32,7.27
REWARI,KOSLI,NAHAR,Sudharana-DW,28.45277778,76.42833333,2022-05-20 06:00:00,8.2,9.56,1.36
REWARI,REWARI,JATUSANA,Berli Khurd-DW,28.30444444,76.50611111,2022-05-20 06:00:00,18.34,18.58,0.24
REWARI,REWARI,JATUSANA,Nangal Mundi-DW,28.26,76.66222222,2022-05-20 06:00:00,18.0,19.94,1.94
REWARI,REWARI,JATUSANA,Rohrai-DW,28.32,76.51666667,2022-05-20 06:00:00,6.94,12.55,5.61
REWARI,REWARI,JATUSANA,Shadipur-DW,28.37,76.55333333,2022-05-20 06:00:00,10.11,18.96,8.85
REWARI,REWARI,KHOL,Khol,28.19583333,76.4,2022-05-20 06:00:00,64.7,27.93,36.77
REWARI,REWARI,KHOL,Mandola-Pz,28.22777778,76.35555556,2021-01-10 00:00:00,75.3,79.41,4.11
REWARI,REWARI,KHOL,Mandola-Pz,28.22777778,76.35555556,2021-11-30 06:00:00,76.5,80.81,4.31
REWARI,REWARI,KHOL,Mandola-Pz,28.22777778,76.35555556,2022-01-30 07:00:00,72.6,79.41,6.81
REWARI,REWARI,KHOL,Mandola-Pz,28.22777778,76.35555556,2022-05-20 06:00:00,72.6,78.8,6.2
REWARI,REWARI,KHOL,Mandola-Pz,28.22777778,76.35555556,2022-11-01 06:00:00,77.95,80.81,2.86
REWARI,REWARI,KHOL,Mandola-Pz,28.22777778,76.35555556,2023-06-01 00:00:00,78.9,78.96,0.06
REWARI,REWARI,KHOL,Mandola-Pz,28.22777778,76.35555556,2024-01-01 00:00:00,79.46,79.41,0.05
REWARI,REWARI,KHOL,Pali-Pz,28.16555556,76.45611111,2022-05-20 06:00:00,54.25,70.63,16.38
REWARI,REWARI,KHOL,Rholiawas-Pz,28.24166667,76.50833333,2021-01-10 00:00:00,15.1,18.28,3.18
REWARI,REWARI,KHOL,Rholiawas-Pz,28.24166667,76.50833333,2021-08-31 06:00:00,13.3,17.18,3.88
REWARI,REWARI,KHOL,Rholiawas-Pz,28.24166667,76.50833333,2022-01-30 07:00:00,12.4,18.28,5.88
REWARI,REWARI,KHOL,Rholiawas-Pz,28.24166667,76.50833333,2022-05-20 06:00:00,12.66,21.06,8.4
REWARI,REWARI,KHOL,Rholiawas-Pz,28.24166667,76.50833333,2022-08-01 06:00:00,12.46,17.18,4.72
REWARI,REWARI,KHOL,Rholiawas-Pz,28.24166667,76.50833333,2022-11-01 06:00:00,12.1,19.57,7.47
REWARI,REWARI,KHOL,Rholiawas-Pz,28.24166667,76.50833333,2023-01-01 00:00:00,12.07,18.28,6.21
REWARI,REWARI,KHOL,Rholiawas-Pz,28.24166667,76.50833333,2023-08-20 00:00:00,12.13,17.18,5.05
REWARI,REWARI,KHOL,Rholiawas-Pz,28.24166667,76.50833333,2023-11-01 00:00:00,12.18,19.57,7.39
REWARI,REWARI,KHOL,Rholiawas-Pz,28.24166667,76.50833333,2024-01-01 00:00:00,12.3,18.28,5.98
REWARI,REWARI,REWARI,Chimnawas,28.2137,76.4941,2023-08-20 00:00:00,57.13,16.22,40.91
REWARI,REWARI,REWARI,Chimnawas,28.2137,76.4941,2023-11-01 00:00:00,53.45,17.28,36.17
REWARI,REWARI,REWARI,Chimnawas,28.2137,76.4941,2024-01-01 00:00:00,60.7,16.28,44.42
REWARI,REWARI,REWARI,Gurkawas-DW,28.25277778,76.63111111,2022-05-20 06:00:00,7.55,8.16,0.61
REWARI,REWARI,REWARI,Hansaka-DW,28.20666667,76.68111111,2022-05-20 06:00:00,7.4,7.28,0.12
REWARI,REWARI,REWARI,Harinagar-DW,28.19444444,76.575,2022-05-20 06:00:00,17.4,18.93,1.53
REWARI,REWARI,REWARI,Kumbhawas-DW,28.24888889,76.66111111,2022-05-20 06:00:00,18.0,17.46,0.54
REWARI,REWARI,REWARI,Massani,28.20555556,76.66666667,2021-01-10 00:00:00,24.21,27.56,3.35
REWARI,REWARI,REWARI,Massani,28.20555556,76.66666667,2021-08-31 06:00:00,23.3,27.97,4.67
REWARI,REWARI,REWARI,Massani,28.20555556,76.66666667,2021-11-30 06:00:00,21.8,29.35,7.55
REWARI,REWARI,REWARI,Massani,28.20555556,76.66666667,2022-01-30 07:00:00,22.45,27.56,5.11
REWARI,REWARI,REWARI,Massani,28.20555556,76.66666667,2022-08-01 06:00:00,21.1,27.97,6.87
REWARI,REWARI,REWARI,Massani,28.20555556,76.66666667,2022-11-01 06:00:00,21.0,29.35,8.35
REWARI,REWARI,REWARI,Massani,28.20555556,76.66666667,2023-01-01 00:00:00,21.38,27.56,6.18
REWARI,REWARI,REWARI,Massani,28.20555556,76.66666667,2023-06-01 00:00:00,20.21,27.44,7.23
REWARI,REWARI,REWARI,Massani,28.20555556,76.66666667,2023-08-20 00:00:00,19.6,27.97,8.37
REWARI,REWARI,REWARI,Massani,28.20555556,76.66666667,2023-11-01 00:00:00,19.16,29.35,10.19
ROHTAK,MAHAM,LAKHAN MAJRA,Lakhan Majara,29.04305556,76.47638889,2021-01-10 00:00:00,1.45,3.87,2.42
ROHTAK,MAHAM,LAKHAN MAJRA,Lakhan Majara,29.04305556,76.47638889,2021-08-31 06:00:00,1.39,2.0,0.61
ROHTAK,MAHAM,LAKHAN MAJRA,Lakhan Majara,29.04305556,76.47638889,2022-01-30 07:00:00,0.88,3.87,2.99
ROHTAK,MAHAM,LAKHAN MAJRA,Lakhan Majara,29.04305556,76.47638889,2022-05-20 06:00:00,3.2,3.43,0.23
ROHTAK,MAHAM,LAKHAN MAJRA,Lakhan Majara,29.04305556,76.47638889,2022-08-01 06:00:00,2.0,2.0,0.0
ROHTAK,MAHAM,LAKHAN MAJRA,Lakhan Majara,29.04305556,76.47638889,2022-10-01 00:00:00,2.16,2.41,0.25
ROHTAK,MAHAM,LAKHAN MAJRA,Lakhan Majara,29.04305556,76.47638889,2022-11-01 06:00:00,1.6,4.81,3.21
ROHTAK,MAHAM,LAKHAN MAJRA,Lakhan Majara,29.04305556,76.47638889,2023-08-20 00:00:00,1.0,2.0,1.0
ROHTAK,MAHAM,LAKHAN MAJRA,Lakhan Majara,29.04305556,76.47638889,2023-11-01 00:00:00,2.6,4.81,2.21
ROHTAK,MAHAM,LAKHAN MAJRA,Lakhan Majara,29.04305556,76.47638889,2024-01-01 00:00:00,2.67,3.87,1.2
ROHTAK,MAHAM,LAKHAN MAJRA,Lakhan Majra,29.04722222,76.48333333,2022-05-20 06:00:00,0.91,4.22,3.31
ROHTAK,MAHAM,LAKHAN MAJRA,Nandal-DW,29.01583333,76.48472222,2022-05-20 06:00:00,2.21,3.48,1.27
ROHTAK,MAHAM,LAKHAN MAJRA,Tiloli-DW,28.97027778,76.55138889,2022-05-20 06:00:00,6.88,6.78,0.1
ROHTAK,MAHAM,MEHAM,Ajaib-DW,28.975,76.42194444,2022-05-20 06:00:00,2.45,3.0,0.55
ROHTAK,MAHAM,MEHAM,Bharain-DW,28.96416667,76.44138889,2022-05-20 06:00:00,2.0,2.75,0.75
ROHTAK,MAHAM,MEHAM,Madina,28.93833333,76.43333333,2022-05-20 06:00:00,4.63,3.92,0.71
ROHTAK,MAHAM,MEHAM,Mahem,28.96333333,76.3,2021-01-10 00:00:00,13.7,12.93,0.77
ROHTAK,MAHAM,MEHAM,Mahem,28.96333333,76.3,2021-08-31 06:00:00,13.88,12.42,1.46
ROHTAK,MAHAM,MEHAM,Mahem,28.96333333,76.3,2022-01-30 07:00:00,10.65,12.93,2.28
ROHTAK,MAHAM,MEHAM,Mahem,28.96333333,76.3,2022-08-01 06:00:00,9.75,12.42,2.67
ROHTAK,MAHAM,MEHAM,Mahem,28.96333333,76.3,2022-10-01 00:00:00,9.35,12.35,3.0
ROHTAK,MAHAM,MEHAM,Mahem,28.96333333,76.3,2022-11-01 06:00:00,8.69,14.12,5.43
ROHTAK,MAHAM,MEHAM,Mahem,28.96333333,76.3,2023-11-01 00:00:00,9.89,14.12,4.23
ROHTAK,MAHAM,MEHAM,Mahem,28.96333333,76.3,2024-01-01 00:00:00,9.68,12.93,3.25
ROHTAK,MAHAM,MEHAM,Meham,28.96388889,76.29166667,2022-05-20 06:00:00,16.5,13.16,3.34
ROHTAK,MAHAM,MEHAM,Meham,28.96388889,76.29166667,2023-08-20 00:00:00,9.55,12.68,3.13
ROHTAK,MAHAM,MEHAM,Muradpur Tekna-DW,28.87333333,76.46166667,2022-05-20 06:00:00,2.5,3.82,1.32
ROHTAK,MAHAM,MEHAM,Nidhana,29.0125,76.3875,2022-01-30 07:00:00,0.88,5.28,4.4
ROHTAK,MAHAM,MEHAM,Nidhana,29.0125,76.3875,2022-05-20 06:00:00,2.6,4.68,2.08
ROHTAK,ROHTAK,KALANAUR,Kalanaur,28.82916667,76.39583333,2022-05-20 06:00:00,2.77,3.66,0.89
ROHTAK,ROHTAK,KALANAUR,Kherari-DW,28.80972222,76.35833333,2022-05-20 06:00:00,2.09,3.78,1.69
ROHTAK,ROHTAK,KALANAUR,Sundana-DW,28.78055556,76.52777778,2022-05-20 06:00:00,3.04,5.99,2.95
ROHTAK,ROHTAK,ROHTAK,Assan-DW,28.89666667,76.76111111,2022-05-20 06:00:00,3.05,3.82,0.77
ROHTAK,ROHTAK,ROHTAK,Baland,28.8,76.58333333,2021-01-10 00:00:00,2.22,2.3,0.08
ROHTAK,ROHTAK,ROHTAK,Baland,28.8,76.58333333,2021-08-31 06:00:00,1.15,1.44,0.29
ROHTAK,ROHTAK,ROHTAK,Baland,28.8,76.58333333,2022-01-30 07:00:00,1.77,2.3,0.53
ROHTAK,ROHTAK,ROHTAK,Baland,28.8,76.58333333,2022-05-20 06:00:00,1.17,3.55,2.38
ROHTAK,ROHTAK,ROHTAK,Baland,28.8,76.58333333,2022-10-01 00:00:00,4.69,1.72,2.97
ROHTAK,ROHTAK,ROHTAK,Baland,28.8,76.58333333,2022-11-01 06:00:00,1.85,3.21,1.36
ROHTAK,ROHTAK,ROHTAK,Baland,28.8,76.58333333,2024-01-01 00:00:00,4.78,2.3,2.48
ROHTAK,ROHTAK,ROHTAK,Bhal Anandpur,28.88055556,76.5125,2021-01-10 00:00:00,2.54,2.56,0.02
ROHTAK,ROHTAK,ROHTAK,Bhal Anandpur,28.88055556,76.5125,2021-08-31 06:00:00,3.84,1.65,2.19
ROHTAK,ROHTAK,ROHTAK,Bhal Anandpur,28.88055556,76.5125,2022-01-30 07:00:00,1.79,2.56,0.77
ROHTAK,ROHTAK,ROHTAK,Bhal Anandpur,28.88055556,76.5125,2022-05-20 06:00:00,1.99,3.91,1.92
ROHTAK,ROHTAK,ROHTAK,Bhal Anandpur,28.88055556,76.5125,2022-08-01 06:00:00,1.49,1.65,0.16
ROHTAK,ROHTAK,ROHTAK,Bhal Anandpur,28.88055556,76.5125,2022-10-01 00:00:00,1.04,1.71,0.67
ROHTAK,ROHTAK,ROHTAK,Bhal Anandpur,28.88055556,76.5125,2022-11-01 06:00:00,1.14,3.44,2.3
ROHTAK,ROHTAK,ROHTAK,Bhal Anandpur,28.88055556,76.5125,2023-08-20 00:00:00,1.49,1.65,0.16
ROHTAK,ROHTAK,ROHTAK,Bhal Anandpur,28.88055556,76.5125,2023-11-01 00:00:00,1.86,3.44,1.58
ROHTAK,ROHTAK,ROHTAK,Bhal Anandpur,28.88055556,76.5125,2024-01-01 00:00:00,1.94,2.56,0.62
ROHTAK,ROHTAK,ROHTAK,Bhalaut,28.90555556,76.71666667,2022-05-20 06:00:00,0.88,2.61,1.73
ROHTAK,ROHTAK,ROHTAK,Kanheli-DW,28.87416667,76.60555556,2022-05-20 06:00:00,2.97,2.9,0.07
ROHTAK,ROHTAK,ROHTAK,Kansala,28.89166667,76.775,2022-01-30 07:00:00,2.53,3.35,0.82
ROHTAK,ROHTAK,ROHTAK,Kansala,28.89166667,76.775,2022-05-20 06:00:00,4.0,6.26,2.26
ROHTAK,ROHTAK,ROHTAK,Kansala,28.89166667,76.775,2022-08-01 06:00:00,3.88,2.78,1.1
ROHTAK,ROHTAK,ROHTAK,Kansala,28.89166667,76.775,2022-10-01 00:00:00,4.27,3.19,1.08
ROHTAK,ROHTAK,ROHTAK,Kansala,28.89166667,76.775,2022-11-01 06:00:00,2.78,5.63,2.85
ROHTAK,ROHTAK,ROHTAK,Kharawar,28.97222222,76.68333333,2021-08-31 06:00:00,3.5,2.92,0.58
ROHTAK,ROHTAK,ROHTAK,Kharawar,28.97222222,76.68333333,2022-05-20 06:00:00,5.0,3.94,1.06
ROHTAK,ROHTAK,ROHTAK,Kiloi-DW,28.94416667,76.71527778,2022-05-20 06:00:00,2.1,3.83,1.73
ROHTAK,ROHTAK,ROHTAK,Makhrauli Khurd,28.93333333,76.64166667,2022-05-20 06:00:00,2.28,4.3,2.02
ROHTAK,ROHTAK,ROHTAK,Ritoli-DW,28.77472222,76.57027778,2022-05-20 06:00:00,1.8,2.76,0.96
ROHTAK,ROHTAK,ROHTAK,Rohtak,28.88333333,76.58333333,2022-05-20 06:00:00,4.69,3.83,0.86
ROHTAK,ROHTAK,ROHTAK,Samargopalpur,28.97916667,76.51666667,2021-01-10 00:00:00,2.49,2.49,0.0
ROHTAK,ROHTAK,ROHTAK,Samargopalpur,28.97916667,76.51666667,2021-08-31 06:00:00,3.26,1.97,1.29
ROHTAK,ROHTAK,ROHTAK,Samargopalpur,28.97916667,76.51666667,2022-01-30 07:00:00,1.77,2.49,0.72
ROHTAK,ROHTAK,ROHTAK,Samargopalpur,28.97916667,76.51666667,2022-05-20 06:00:00,2.28,3.69,1.41
ROHTAK,ROHTAK,ROHTAK,Samargopalpur,28.97916667,76.51666667,2022-08-01 06:00:00,1.47,1.97,0.5
ROHTAK,ROHTAK,ROHTAK,Samargopalpur,28.97916667,76.51666667,2022-10-01 00:00:00,1.69,2.25,0.56
ROHTAK,ROHTAK,ROHTAK,Samargopalpur,28.97916667,76.51666667,2022-11-01 06:00:00,0.4,5.28,4.88
ROHTAK,ROHTAK,ROHTAK,Samargopalpur,28.97916667,76.51666667,2023-08-20 00:00:00,1.41,1.97,0.56
ROHTAK,ROHTAK,ROHTAK,Samargopalpur,28.97916667,76.51666667,2023-11-01 00:00:00,1.89,5.28,3.39
ROHTAK,ROHTAK,ROHTAK,Samargopalpur,28.97916667,76.51666667,2024-01-01 00:00:00,1.79,2.49,0.7
ROHTAK,SAMPLA,SAMPLA,Atail-DW,28.84166667,76.75194444,2022-05-20 06:00:00,3.57,5.57,2.0
ROHTAK,SAMPLA,SAMPLA,Baliana-DW,28.87083333,76.68361111,2022-05-20 06:00:00,3.33,4.82,1.49
ROHTAK,SAMPLA,SAMPLA,Giji-DW,28.81861111,76.775,2022-05-20 06:00:00,6.0,5.54,0.46
ROHTAK,SAMPLA,SAMPLA,Hassangarh,28.84166667,76.85,2021-01-10 00:00:00,4.93,6.73,1.8
ROHTAK,SAMPLA,SAMPLA,Hassangarh,28.84166667,76.85,2021-08-31 06:00:00,2.26,2.67,0.41
ROHTAK,SAMPLA,SAMPLA,Hassangarh,28.84166667,76.85,2022-01-30 07:00:00,2.1,6.73,4.63
ROHTAK,SAMPLA,SAMPLA,Hassangarh,28.84166667,76.85,2022-05-20 06:00:00,2.85,5.21,2.36
ROHTAK,SAMPLA,SAMPLA,Hassangarh,28.84166667,76.85,2022-08-01 06:00:00,1.58,2.67,1.09
ROHTAK,SAMPLA,SAMPLA,Hassangarh,28.84166667,76.85,2022-10-01 00:00:00,3.28,6.61,3.33
ROHTAK,SAMPLA,SAMPLA,Hassangarh,28.84166667,76.85,2022-11-01 06:00:00,1.74,5.49,3.75
ROHTAK,SAMPLA,SAMPLA,Hassangarh,28.84166667,76.85,2023-08-20 00:00:00,0.95,2.67,1.72
ROHTAK,SAMPLA,SAMPLA,Hassangarh,28.84166667,76.85,2023-11-01 00:00:00,1.23,5.49,4.26
ROHTAK,SAMPLA,SAMPLA,Hassangarh,28.84166667,76.85,2024-01-01 00:00:00,1.32,6.73,5.41
ROHTAK,SAMPLA,SAMPLA,Sampla,28.78333333,76.7625,2021-01-10 00:00:00,0.91,2.99,2.08
ROHTAK,SAMPLA,SAMPLA,Sampla,28.78333333,76.7625,2021-08-31 06:00:00,1.88,2.18,0.3
ROHTAK,SAMPLA,SAMPLA,Sampla,28.78333333,76.7625,2022-01-30 07:00:00,2.43,2.99,0.56
ROHTAK,SAMPLA,SAMPLA,Sampla,28.78333333,76.7625,2022-05-20 06:00:00,4.58,3.13,1.45
ROHTAK,SAMPLA,SAMPLA,Sampla,28.78333333,76.7625,2022-08-01 06:00:00,2.73,2.18,0.55
ROHTAK,SAMPLA,SAMPLA,Sampla,28.78333333,76.7625,2022-10-01 00:00:00,3.83,2.22,1.61
ROHTAK,SAMPLA,SAMPLA,Sampla,28.78333333,76.7625,2023-08-20 00:00:00,2.26,2.18,0.08
ROHTAK,SAMPLA,SAMPLA,Sampla,28.78333333,76.7625,2023-11-01 00:00:00,2.26,5.69,3.43
ROHTAK,SAMPLA,SAMPLA,Sampla,28.78333333,76.7625,2024-01-01 00:00:00,2.16,2.99,0.83
ROHTAK,SAMPLA,SAMPLA,Sampla1,28.775,76.775,2022-05-20 06:00:00,1.48,2.95,1.47
ROHTAK,SAMPLA,SAMPLA,Sampla1,28.775,76.775,2022-11-01 06:00:00,0.83,4.64,3.81
SIRSA,-,-,Haryana Sirsa Sirsa Darba Kalan,29.40888,75.117925,2023-08-20 00:00:00,2.35,5.19,2.84
SIRSA,-,-,Haryana Sirsa Sirsa Darbakalan-1,29.408854,75.117923,2023-08-20 00:00:00,2.25,5.19,2.94
SIRSA,DABWALI,-,Sakta Khera-D,29.890306,74.628306,2023-01-01 00:00:00,11.7,15.71,4.01
SIRSA,DABWALI,-,Sakta Khera-D,29.890306,74.628306,2023-06-01 00:00:00,11.47,15.36,3.89
SIRSA,DABWALI,-,Sakta Khera-D,29.890306,74.628306,2023-08-20 00:00:00,5.07,15.69,10.62
SIRSA,DABWALI,-,Sakta Khera-D,29.890306,74.628306,2023-11-01 00:00:00,11.45,15.55,4.1
SIRSA,DABWALI,-,Sakta Khera-M,29.890306,74.628306,2023-01-01 00:00:00,4.5,15.71,11.21
SIRSA,DABWALI,-,Sakta Khera-M,29.890306,74.628306,2023-06-01 00:00:00,4.72,15.36,10.64
SIRSA,DABWALI,-,Sakta Khera-M,29.890306,74.628306,2023-08-20 00:00:00,4.8,15.69,10.89
SIRSA,DABWALI,-,Sakta Khera-M,29.890306,74.628306,2023-11-01 00:00:00,4.72,15.55,10.83
SIRSA,DABWALI,-,Sakta Khera-S,29.890306,74.628306,2023-01-01 00:00:00,4.5,15.71,11.21
SIRSA,DABWALI,-,Sakta Khera-S,29.890306,74.628306,2023-06-01 00:00:00,4.62,15.36,10.74
SIRSA,DABWALI,-,Sakta Khera-S,29.890306,74.628306,2023-11-01 00:00:00,19.6,15.55,4.05
SIRSA,DABWALI,-,Sakta Khera-S,29.890306,74.628306,2024-01-01 00:00:00,4.9,15.71,10.81
SIRSA,DABWALI,BARAGUDHA,Kurangwali,29.775,75.06944444,2022-05-20 06:00:00,7.5,6.38,1.12
SIRSA,DABWALI,BARAGUDHA,Phaggu-Pz,29.62222222,75.02222222,2021-01-10 00:00:00,4.8,5.67,0.87
SIRSA,DABWALI,BARAGUDHA,Phaggu-Pz,29.62222222,75.02222222,2021-08-31 06:00:00,5.6,4.24,1.36
SIRSA,DABWALI,BARAGUDHA,Phaggu-Pz,29.62222222,75.02222222,2021-11-30 06:00:00,4.58,6.36,1.78
SIRSA,DABWALI,BARAGUDHA,Phaggu-Pz,29.62222222,75.02222222,2022-01-30 07:00:00,5.12,5.67,0.55
SIRSA,DABWALI,BARAGUDHA,Phaggu-Pz,29.62222222,75.02222222,2022-05-20 06:00:00,5.2,5.92,0.72
SIRSA,DABWALI,BARAGUDHA,Phaggu-Pz,29.62222222,75.02222222,2022-08-01 06:00:00,4.7,4.24,0.46
SIRSA,DABWALI,BARAGUDHA,Phaggu-Pz,29.62222222,75.02222222,2022-11-01 06:00:00,4.79,6.36,1.57
SIRSA,DABWALI,BARAGUDHA,Phaggu-Pz,29.62222222,75.02222222,2023-01-01 00:00:00,5.05,5.67,0.62
SIRSA,DABWALI,BARAGUDHA,Phaggu-Pz,29.62222222,75.02222222,2023-11-01 00:00:00,5.69,6.36,0.67
SIRSA,DABWALI,BARAGUDHA,Phaggu-Pz,29.62222222,75.02222222,2024-01-01 00:00:00,5.52,5.67,0.15
SIRSA,DABWALI,BARAGUDHA,Rori,29.74166667,75.19583333,2021-01-10 00:00:00,12.23,12.3,0.07
SIRSA,DABWALI,BARAGUDHA,Rori,29.74166667,75.19583333,2021-11-30 06:00:00,12.89,13.05,0.16
SIRSA,DABWALI,BARAGUDHA,Rori,29.74166667,75.19583333,2022-01-30 07:00:00,12.28,12.3,0.02
SIRSA,DABWALI,BARAGUDHA,Rori,29.74166667,75.19583333,2022-05-20 06:00:00,11.7,11.7,0.0
SIRSA,DABWALI,BARAGUDHA,Rori,29.74166667,75.19583333,2022-08-01 06:00:00,10.15,12.92,2.77
SIRSA,DABWALI,BARAGUDHA,Rori,29.74166667,75.19583333,2022-11-01 06:00:00,13.07,13.05,0.02
SIRSA,DABWALI,BARAGUDHA,Rori,29.74166667,75.19583333,2023-01-01 00:00:00,12.03,12.3,0.27
SIRSA,DABWALI,BARAGUDHA,Rori,29.74166667,75.19583333,2023-06-01 00:00:00,12.03,11.66,0.37
SIRSA,DABWALI,BARAGUDHA,Rori,29.74166667,75.19583333,2023-08-20 00:00:00,13.07,12.92,0.15
SIRSA,DABWALI,BARAGUDHA,Rori,29.74166667,75.19583333,2023-11-01 00:00:00,13.27,13.05,0.22
SIRSA,DABWALI,BARAGUDHA,Rori,29.74166667,75.19583333,2024-01-01 00:00:00,12.45,12.3,0.15
SIRSA,DABWALI,BARAGUDHA,Shergarh-DW,29.92638889,74.67638889,2021-01-10 00:00:00,6.19,6.77,0.58
SIRSA,DABWALI,BARAGUDHA,Shergarh-DW,29.92638889,74.67638889,2021-08-31 06:00:00,8.94,11.29,2.35
SIRSA,DABWALI,BARAGUDHA,Shergarh-DW,29.92638889,74.67638889,2021-11-30 06:00:00,8.75,8.97,0.22
SIRSA,DABWALI,BARAGUDHA,Shergarh-DW,29.92638889,74.67638889,2022-01-30 07:00:00,7.82,6.77,1.05
SIRSA,DABWALI,BARAGUDHA,Shergarh-DW,29.92638889,74.67638889,2022-05-20 06:00:00,7.89,10.1,2.21
SIRSA,DABWALI,BARAGUDHA,Shergarh-DW,29.92638889,74.67638889,2022-08-01 06:00:00,7.61,11.29,3.68
SIRSA,DABWALI,BARAGUDHA,Shergarh-DW,29.92638889,74.67638889,2022-11-01 06:00:00,7.25,8.97,1.72
SIRSA,DABWALI,BARAGUDHA,Shergarh-DW,29.92638889,74.67638889,2023-01-01 00:00:00,7.59,6.77,0.82
SIRSA,DABWALI,BARAGUDHA,Shergarh-DW,29.92638889,74.67638889,2023-06-01 00:00:00,7.26,10.3,3.04
SIRSA,DABWALI,BARAGUDHA,Shergarh-DW,29.92638889,74.67638889,2023-08-20 00:00:00,7.51,11.29,3.78
SIRSA,DABWALI,BARAGUDHA,Shergarh-DW,29.92638889,74.67638889,2023-11-01 00:00:00,8.12,8.97,0.85
SIRSA,DABWALI,BARAGUDHA,Shergarh-DW,29.92638889,74.67638889,2024-01-01 00:00:00,7.73,6.77,0.96
SIRSA,DABWALI,BARAGUDHA,Sukhchain-DW,29.77777778,75.03611111,2022-05-20 06:00:00,10.8,15.46,4.66
SIRSA,DABWALI,BARAGUDHA,Thiraj,29.72777778,75.03888889,2022-05-20 06:00:00,12.7,10.56,2.14
SIRSA,DABWALI,DABWALI,Chotala-Pz,29.77361111,74.525,2021-01-10 00:00:00,10.96,11.63,0.67
SIRSA,DABWALI,DABWALI,Chotala-Pz,29.77361111,74.525,2022-05-20 06:00:00,12.8,11.52,1.28
SIRSA,DABWALI,DABWALI,Dabwali,29.95416667,74.7375,2021-01-10 00:00:00,8.75,12.03,3.28
SIRSA,DABWALI,DABWALI,Dabwali,29.95416667,74.7375,2021-11-30 06:00:00,9.91,11.49,1.58
SIRSA,DABWALI,DABWALI,Dabwali,29.95416667,74.7375,2022-01-30 07:00:00,10.25,12.03,1.78
SIRSA,DABWALI,DABWALI,Dabwali,29.95416667,74.7375,2022-05-20 06:00:00,10.55,11.93,1.38
SIRSA,DABWALI,DABWALI,Dabwali,29.95416667,74.7375,2022-08-01 06:00:00,10.43,11.45,1.02
SIRSA,DABWALI,DABWALI,Dabwali,29.95416667,74.7375,2023-01-01 00:00:00,10.55,12.03,1.48
SIRSA,DABWALI,DABWALI,Dabwali,29.95416667,74.7375,2023-06-01 00:00:00,10.23,12.11,1.88
SIRSA,DABWALI,DABWALI,Dabwali,29.95416667,74.7375,2023-08-20 00:00:00,8.9,11.45,2.55
SIRSA,DABWALI,DABWALI,Dabwali,29.95416667,74.7375,2023-11-01 00:00:00,9.38,11.49,2.11
SIRSA,DABWALI,DABWALI,Dabwali,29.95416667,74.7375,2024-01-01 00:00:00,10.55,12.03,1.48
SIRSA,DABWALI,DABWALI,Dabwali1,29.95416667,74.7375,2021-08-31 06:00:00,12.76,11.5,1.26
SIRSA,DABWALI,DABWALI,Dabwali1,29.95416667,74.7375,2022-05-20 06:00:00,11.5,11.56,0.06
SIRSA,DABWALI,DABWALI,Dabwali1,29.95416667,74.7375,2022-11-01 06:00:00,11.01,12.07,1.06
SIRSA,DABWALI,DABWALI,Ganga,29.78333333,74.67222222,2022-05-20 06:00:00,15.2,12.32,2.88
SIRSA,DABWALI,DABWALI,Goriwala,29.79166667,74.70833333,2021-01-10 00:00:00,7.86,15.71,7.85
SIRSA,DABWALI,DABWALI,Goriwala,29.79166667,74.70833333,2023-01-01 00:00:00,17.61,15.71,1.9
SIRSA,DABWALI,DABWALI,Goriwala,29.79166667,74.70833333,2023-06-01 00:00:00,17.38,16.09,1.29
SIRSA,DABWALI,DABWALI,Goriwala,29.79166667,74.70833333,2023-08-20 00:00:00,17.39,16.09,1.3
SIRSA,DABWALI,DABWALI,Goriwala,29.79166667,74.70833333,2023-11-01 00:00:00,17.81,4.8,13.01
SIRSA,DABWALI,DABWALI,Goriwala,29.79166667,74.70833333,2024-01-01 00:00:00,17.44,15.71,1.73
SIRSA,DABWALI,DABWALI,Goriwala-Pz,29.7875,74.75555556,2021-08-31 06:00:00,18.76,17.06,1.7
SIRSA,DABWALI,DABWALI,Goriwala-Pz,29.7875,74.75555556,2021-11-30 06:00:00,17.22,15.52,1.7
SIRSA,DABWALI,DABWALI,Goriwala-Pz,29.7875,74.75555556,2022-01-30 07:00:00,17.46,15.59,1.87
SIRSA,DABWALI,DABWALI,Goriwala-Pz,29.7875,74.75555556,2022-05-20 06:00:00,18.5,17.33,1.17
SIRSA,DABWALI,DABWALI,Goriwala-Pz,29.7875,74.75555556,2022-08-01 06:00:00,17.32,17.06,0.26
SIRSA,DABWALI,DABWALI,Goriwala-Pz,29.7875,74.75555556,2022-11-01 06:00:00,17.45,15.52,1.93
SIRSA,DABWALI,DABWALI,Kaluwana,29.7125,74.63472222,2021-01-10 00:00:00,11.92,12.15,0.23
SIRSA,DABWALI,DABWALI,Kaluwana,29.7125,74.63472222,2021-08-31 06:00:00,12.83,12.54,0.29
SIRSA,DABWALI,DABWALI,Kaluwana,29.7125,74.63472222,2021-11-30 06:00:00,12.62,11.81,0.81
SIRSA,DABWALI,DABWALI,Kaluwana,29.7125,74.63472222,2022-01-30 07:00:00,10.5,12.15,1.65
SIRSA,DABWALI,DABWALI,Kaluwana,29.7125,74.63472222,2022-05-20 06:00:00,12.42,11.63,0.79
SIRSA,DABWALI,DABWALI,Kaluwana,29.7125,74.63472222,2022-08-01 06:00:00,12.12,12.54,0.42
SIRSA,DABWALI,DABWALI,Kaluwana,29.7125,74.63472222,2023-01-01 00:00:00,12.72,12.15,0.57
SIRSA,DABWALI,DABWALI,Kaluwana,29.7125,74.63472222,2023-06-01 00:00:00,12.76,11.63,1.13
SIRSA,DABWALI,DABWALI,Kaluwana,29.7125,74.63472222,2024-01-01 00:00:00,12.92,12.15,0.77
SIRSA,DABWALI,DABWALI,Khuiyan,29.85833333,74.76944444,2021-01-10 00:00:00,17.35,17.18,0.17
SIRSA,DABWALI,DABWALI,Khuiyan,29.85833333,74.76944444,2021-08-31 06:00:00,18.41,16.77,1.64
SIRSA,DABWALI,DABWALI,Khuiyan,29.85833333,74.76944444,2021-11-30 06:00:00,17.76,17.1,0.66
SIRSA,DABWALI,DABWALI,Khuiyan,29.85833333,74.76944444,2022-01-30 07:00:00,17.6,17.18,0.42
SIRSA,DABWALI,DABWALI,Khuiyan,29.85833333,74.76944444,2022-05-20 06:00:00,17.5,16.86,0.64
SIRSA,DABWALI,DABWALI,Khuiyan,29.85833333,74.76944444,2022-08-01 06:00:00,18.14,16.77,1.37
SIRSA,DABWALI,DABWALI,Khuiyan,29.85833333,74.76944444,2022-11-01 06:00:00,18.02,17.1,0.92
SIRSA,DABWALI,DABWALI,Khuiyan,29.85833333,74.76944444,2023-01-01 00:00:00,18.0,17.18,0.82
SIRSA,DABWALI,DABWALI,Khuiyan,29.85833333,74.76944444,2023-06-01 00:00:00,17.82,16.83,0.99
SIRSA,DABWALI,DABWALI,Khuiyan,29.85833333,74.76944444,2023-11-01 00:00:00,18.69,17.1,1.59
SIRSA,DABWALI,DABWALI,Khuiyan Malkana,29.8583,74.7694,2023-08-20 00:00:00,18.09,14.3,3.79
SIRSA,DABWALI,DABWALI,Khuiyan Malkana,29.8583,74.7694,2024-01-01 00:00:00,18.0,14.37,3.63
SIRSA,DABWALI,DABWALI,Lohgarh,29.83333333,74.51666667,2022-05-20 06:00:00,8.5,8.83,0.33
SIRSA,DABWALI,DABWALI,Manjiyana,29.92083333,74.80416667,2021-01-10 00:00:00,16.84,15.15,1.69
SIRSA,DABWALI,DABWALI,Manjiyana,29.92083333,74.80416667,2021-11-30 06:00:00,17.0,16.39,0.61
SIRSA,DABWALI,DABWALI,Manjiyana,29.92083333,74.80416667,2022-01-30 07:00:00,17.18,15.15,2.03
SIRSA,DABWALI,DABWALI,Manjiyana,29.92083333,74.80416667,2022-08-01 06:00:00,17.69,16.62,1.07
SIRSA,DABWALI,DABWALI,Manjiyana,29.92083333,74.80416667,2022-11-01 06:00:00,18.09,16.39,1.7
SIRSA,DABWALI,DABWALI,Manjiyana,29.92083333,74.80416667,2023-01-01 00:00:00,17.78,15.15,2.63
SIRSA,DABWALI,DABWALI,Mastian,29.88611111,74.72,2021-01-10 00:00:00,17.01,15.74,1.27
SIRSA,DABWALI,DABWALI,Mastian,29.88611111,74.72,2022-01-30 07:00:00,15.25,15.74,0.49
SIRSA,DABWALI,DABWALI,Mastian,29.88611111,74.72,2022-05-20 06:00:00,18.5,15.86,2.64
SIRSA,DABWALI,DABWALI,Mastian,29.88611111,74.72,2022-11-01 06:00:00,15.51,15.34,0.17
SIRSA,DABWALI,DABWALI,Mastian,29.88611111,74.72,2023-01-01 00:00:00,15.4,15.74,0.34
SIRSA,DABWALI,DABWALI,Mastian,29.88611111,74.72,2023-06-01 00:00:00,15.7,15.82,0.12
SIRSA,DABWALI,DABWALI,Mastian,29.88611111,74.72,2024-01-01 00:00:00,15.59,15.74,0.15
SIRSA,DABWALI,DABWALI,Saktakhera,29.89166667,74.63611111,2021-01-10 00:00:00,2.9,5.36,2.46
SIRSA,DABWALI,DABWALI,Saktakhera,29.89166667,74.63611111,2022-01-30 07:00:00,4.1,5.36,1.26
SIRSA,DABWALI,DABWALI,Saktakhera,29.89166667,74.63611111,2022-05-20 06:00:00,8.8,5.58,3.22
SIRSA,DABWALI,DABWALI,Saktakhera,29.89166667,74.63611111,2022-08-01 06:00:00,3.86,3.96,0.1
SIRSA,DABWALI,DABWALI,Saktakhera,29.89166667,74.63611111,2022-11-01 06:00:00,4.57,5.35,0.78
SIRSA,DABWALI,DABWALI,Saktakhera,29.89166667,74.63611111,2023-01-01 00:00:00,3.66,5.36,1.7
SIRSA,DABWALI,DABWALI,Saktakhera,29.89166667,74.63611111,2023-08-20 00:00:00,3.71,3.96,0.25
SIRSA,DABWALI,DABWALI,Saktakhera,29.89166667,74.63611111,2023-11-01 00:00:00,4.03,5.35,1.32
SIRSA,DABWALI,DABWALI,Saktakhera,29.89166667,74.63611111,2024-01-01 00:00:00,3.96,5.36,1.4
SIRSA,DABWALI,DABWALI,Tejakhera,29.84444444,74.55555556,2021-01-10 00:00:00,8.22,8.53,0.31
SIRSA,DABWALI,DABWALI,Tejakhera,29.84444444,74.55555556,2022-05-20 06:00:00,13.2,8.3,4.9
SIRSA,DABWALI,DABWALI,Tejakhera,29.84444444,74.55555556,2022-08-01 06:00:00,9.8,11.11,1.31
SIRSA,DABWALI,DABWALI,Tejakhera,29.84444444,74.55555556,2023-01-01 00:00:00,7.6,8.53,0.93
SIRSA,DABWALI,DABWALI,Tejakhera,29.84444444,74.55555556,2023-06-01 00:00:00,7.66,8.3,0.64
SIRSA,DABWALI,DABWALI,Tejakhera,29.84444444,74.55555556,2023-08-20 00:00:00,7.94,11.11,3.17
SIRSA,DABWALI,DABWALI,Tejakhera,29.84444444,74.55555556,2023-11-01 00:00:00,8.07,8.51,0.44
SIRSA,DABWALI,DABWALI,Tejakhera,29.84444444,74.55555556,2024-01-01 00:00:00,7.72,8.53,0.81
SIRSA,DABWALI,ODHAN,Chormar,29.78333333,74.84166667,2021-01-10 00:00:00,18.62,17.85,0.77
SIRSA,DABWALI,ODHAN,Chormar,29.78333333,74.84166667,2021-08-31 06:00:00,19.51,17.77,1.74
SIRSA,DABWALI,ODHAN,Chormar,29.78333333,74.84166667,2021-11-30 06:00:00,19.27,17.83,1.44
SIRSA,DABWALI,ODHAN,Chormar,29.78333333,74.84166667,2022-01-30 07:00:00,18.92,17.85,1.07
SIRSA,DABWALI,ODHAN,Chormar,29.78333333,74.84166667,2022-05-20 06:00:00,18.0,17.43,0.57
SIRSA,DABWALI,ODHAN,Chormar,29.78333333,74.84166667,2022-08-01 06:00:00,18.92,17.77,1.15
SIRSA,DABWALI,ODHAN,Chormar,29.78333333,74.84166667,2022-11-01 06:00:00,19.0,17.83,1.17
SIRSA,DABWALI,ODHAN,Chormar,29.78333333,74.84166667,2023-01-01 00:00:00,18.82,17.85,0.97
SIRSA,DABWALI,ODHAN,Chormar,29.78333333,74.84166667,2023-06-01 00:00:00,18.9,17.4,1.5
SIRSA,DABWALI,ODHAN,Chormar,29.78333333,74.84166667,2023-08-20 00:00:00,18.1,17.77,0.33
SIRSA,DABWALI,ODHAN,Chormar,29.78333333,74.84166667,2023-11-01 00:00:00,19.18,17.83,1.35
SIRSA,DABWALI,ODHAN,Chormar,29.78333333,74.84166667,2024-01-01 00:00:00,18.95,17.85,1.1
SIRSA,DABWALI,ODHAN,Hasu,29.89861111,74.93472222,2022-05-20 06:00:00,18.2,8.31,9.89
SIRSA,DABWALI,ODHAN,Kalanwali Mandi-Pz,29.83888889,74.98888889,2021-01-10 00:00:00,9.9,11.83,1.93
SIRSA,DABWALI,ODHAN,Kalanwali Mandi-Pz,29.83888889,74.98888889,2021-08-31 06:00:00,12.23,11.89,0.34
SIRSA,DABWALI,ODHAN,Kalanwali Mandi-Pz,29.83888889,74.98888889,2021-11-30 06:00:00,11.57,11.41,0.16
SIRSA,DABWALI,ODHAN,Kalanwali Mandi-Pz,29.83888889,74.98888889,2022-01-30 07:00:00,10.08,11.83,1.75
SIRSA,DABWALI,ODHAN,Kalanwali Mandi-Pz,29.83888889,74.98888889,2022-05-20 06:00:00,11.9,11.42,0.48
SIRSA,DABWALI,ODHAN,Kalanwali Mandi-Pz,29.83888889,74.98888889,2023-01-01 00:00:00,9.95,11.83,1.88
SIRSA,DABWALI,ODHAN,Kalanwali Mandi-Pz,29.83888889,74.98888889,2023-06-01 00:00:00,10.27,11.6,1.33
SIRSA,DABWALI,ODHAN,Kalanwali Mandi-Pz,29.83888889,74.98888889,2023-08-20 00:00:00,10.69,11.89,1.2
SIRSA,DABWALI,ODHAN,Kalanwali Mandi-Pz,29.83888889,74.98888889,2023-11-01 00:00:00,10.67,11.41,0.74
SIRSA,DABWALI,ODHAN,Mithri,29.85,74.98333333,2021-01-10 00:00:00,20.1,16.78,3.32
SIRSA,DABWALI,ODHAN,Mithri,29.85,74.98333333,2021-08-31 06:00:00,20.91,20.04,0.87
SIRSA,DABWALI,ODHAN,Mithri,29.85,74.98333333,2021-11-30 06:00:00,20.4,21.0,0.6
SIRSA,DABWALI,ODHAN,Mithri,29.85,74.98333333,2022-01-30 07:00:00,20.15,16.78,3.37
SIRSA,DABWALI,ODHAN,Mithri,29.85,74.98333333,2022-05-20 06:00:00,17.9,19.83,1.93
SIRSA,DABWALI,ODHAN,Mithri,29.85,74.98333333,2022-08-01 06:00:00,20.29,20.04,0.25
SIRSA,DABWALI,ODHAN,Mithri,29.85,74.98333333,2022-11-01 06:00:00,20.62,21.0,0.38
SIRSA,DABWALI,ODHAN,Mithri,29.85,74.98333333,2023-01-01 00:00:00,20.55,16.78,3.77
SIRSA,DABWALI,ODHAN,Mithri,29.85,74.98333333,2023-06-01 00:00:00,20.4,19.79,0.61
SIRSA,DABWALI,ODHAN,Mithri,29.85,74.98333333,2023-08-20 00:00:00,20.76,20.04,0.72
SIRSA,DABWALI,ODHAN,Mithri,29.85,74.98333333,2023-11-01 00:00:00,20.71,21.0,0.29
SIRSA,DABWALI,ODHAN,Nuhian Wali,29.75416667,74.85,2021-01-10 00:00:00,16.1,15.39,0.71
SIRSA,DABWALI,ODHAN,Nuhian Wali,29.75416667,74.85,2021-08-31 06:00:00,7.82,13.9,6.08
SIRSA,DABWALI,ODHAN,Nuhian Wali,29.75416667,74.85,2021-11-30 06:00:00,6.64,13.1,6.46
SIRSA,DABWALI,ODHAN,Nuhian Wali,29.75416667,74.85,2022-01-30 07:00:00,16.16,15.39,0.77
SIRSA,DABWALI,ODHAN,Nuhian Wali,29.75416667,74.85,2022-05-20 06:00:00,4.8,16.37,11.57
SIRSA,DABWALI,ODHAN,Nuhian Wali,29.75416667,74.85,2022-08-01 06:00:00,15.8,13.9,1.9
SIRSA,DABWALI,ODHAN,Nuhian Wali,29.75416667,74.85,2022-11-01 06:00:00,15.58,13.1,2.48
SIRSA,DABWALI,ODHAN,Nuhian Wali,29.75416667,74.85,2023-01-01 00:00:00,15.5,15.39,0.11
SIRSA,DABWALI,ODHAN,Nuhian Wali,29.75416667,74.85,2023-06-01 00:00:00,15.45,16.34,0.89
SIRSA,DABWALI,ODHAN,Nuhian Wali,29.75416667,74.85,2023-08-20 00:00:00,15.46,13.9,1.56
SIRSA,DABWALI,ODHAN,Nuhian Wali,29.75416667,74.85,2023-11-01 00:00:00,15.83,13.1,2.73
SIRSA,DABWALI,ODHAN,Nuhian Wali,29.75416667,74.85,2024-01-01 00:00:00,15.11,15.39,0.28
SIRSA,DABWALI,ODHAN,Odhan Pz,29.76666667,74.89722222,2021-01-10 00:00:00,11.11,15.34,4.23
SIRSA,DABWALI,ODHAN,Odhan Pz,29.76666667,74.89722222,2022-05-20 06:00:00,15.8,15.94,0.14
SIRSA,DABWALI,ODHAN,Panniwala Mota,29.78472222,74.9125,2021-01-10 00:00:00,10.42,12.06,1.64
SIRSA,DABWALI,ODHAN,Panniwala Mota,29.78472222,74.9125,2021-08-31 06:00:00,11.78,11.56,0.22
SIRSA,DABWALI,ODHAN,Panniwala Mota,29.78472222,74.9125,2021-11-30 06:00:00,10.44,12.58,2.14
SIRSA,DABWALI,ODHAN,Panniwala Mota,29.78472222,74.9125,2022-05-20 06:00:00,11.9,15.65,3.75
SIRSA,DABWALI,ODHAN,Panniwala Mota,29.78472222,74.9125,2022-08-01 06:00:00,8.0,11.56,3.56
SIRSA,DABWALI,ODHAN,Panniwala Mota,29.78472222,74.9125,2022-11-01 06:00:00,10.38,12.58,2.2
SIRSA,DABWALI,ODHAN,Panniwala Mota,29.78472222,74.9125,2023-01-01 00:00:00,11.21,12.06,0.85
SIRSA,DABWALI,ODHAN,Panniwala Mota,29.78472222,74.9125,2023-06-01 00:00:00,6.13,15.62,9.49
SIRSA,DABWALI,ODHAN,Panniwala Mota,29.78472222,74.9125,2023-08-20 00:00:00,5.39,11.56,6.17
SIRSA,DABWALI,ODHAN,Panniwala Mota,29.78472222,74.9125,2023-11-01 00:00:00,5.75,12.58,6.83
SIRSA,DABWALI,ODHAN,Panniwala Mota,29.78472222,74.9125,2024-01-01 00:00:00,10.94,12.06,1.12
SIRSA,DABWALI,ODHAN,Taruwana,29.825,75.00833333,2021-01-10 00:00:00,10.32,11.62,1.3
SIRSA,DABWALI,ODHAN,Taruwana,29.825,75.00833333,2021-08-31 06:00:00,13.3,10.89,2.41
SIRSA,DABWALI,ODHAN,Taruwana,29.825,75.00833333,2021-11-30 06:00:00,11.33,11.58,0.25
SIRSA,DABWALI,ODHAN,Taruwana,29.825,75.00833333,2022-01-30 07:00:00,10.3,11.62,1.32
SIRSA,DABWALI,ODHAN,Taruwana,29.825,75.00833333,2022-05-20 06:00:00,11.94,11.78,0.16
SIRSA,DABWALI,ODHAN,Taruwana,29.825,75.00833333,2022-08-01 06:00:00,8.63,10.89,2.26
SIRSA,DABWALI,ODHAN,Taruwana,29.825,75.00833333,2022-11-01 06:00:00,10.03,11.58,1.55
SIRSA,DABWALI,ODHAN,Taruwana,29.825,75.00833333,2023-01-01 00:00:00,10.37,11.62,1.25
SIRSA,DABWALI,ODHAN,Taruwana,29.825,75.00833333,2023-06-01 00:00:00,9.89,11.89,2.0
SIRSA,DABWALI,ODHAN,Taruwana,29.825,75.00833333,2023-08-20 00:00:00,10.42,10.89,0.47
SIRSA,DABWALI,ODHAN,Taruwana,29.825,75.00833333,2023-11-01 00:00:00,10.77,11.58,0.81
SIRSA,DABWALI,ODHAN,Taruwana,29.825,75.00833333,2024-01-01 00:00:00,10.82,11.62,0.8
SIRSA,DABWALI,ODHAN,Tigri-DW,29.91777778,74.90555556,2022-05-20 06:00:00,8.8,6.63,2.17
SIRSA,ELLLENABAD,-,Sherawali Dhani ÔÇôM,29.393306,74.617619,2023-01-01 00:00:00,4.35,10.7,6.35
SIRSA,ELLLENABAD,-,Sherawali Dhani ÔÇôM,29.393306,74.617619,2023-06-01 00:00:00,4.01,9.8,5.79
SIRSA,ELLLENABAD,-,Sherawali Dhani ÔÇôM,29.393306,74.617619,2023-08-20 00:00:00,3.95,10.26,6.31
SIRSA,ELLLENABAD,-,Sherawali Dhani ÔÇôM,29.393306,74.617619,2023-11-01 00:00:00,4.99,11.02,6.03
SIRSA,ELLLENABAD,-,Sherawali Dhani ÔÇôM,29.393306,74.617619,2024-01-01 00:00:00,4.08,10.7,6.62
SIRSA,ELLLENABAD,-,Sherawali Dhani ÔÇôS,29.393306,74.617619,2023-01-01 00:00:00,4.5,10.7,6.2
SIRSA,ELLLENABAD,-,Sherawali Dhani ÔÇôS,29.393306,74.617619,2023-06-01 00:00:00,4.82,9.8,4.98
SIRSA,ELLLENABAD,-,Sherawali Dhani ÔÇôS,29.393306,74.617619,2023-08-20 00:00:00,4.95,10.26,5.31
SIRSA,ELLLENABAD,-,Sherawali Dhani ÔÇôS,29.393306,74.617619,2023-11-01 00:00:00,3.97,11.02,7.05
SIRSA,ELLLENABAD,-,Sherawali Dhani ÔÇôS,29.393306,74.617619,2024-01-01 00:00:00,2.15,10.7,8.55
SIRSA,ELLLENABAD,ELLLENABAD,Berwalakhurd,29.45277778,74.56805556,2022-05-20 06:00:00,10.71,12.53,1.82
SIRSA,ELLLENABAD,ELLLENABAD,Bhuratwala-Pz,29.425,74.77083333,2021-01-10 00:00:00,9.88,12.71,2.83
SIRSA,ELLLENABAD,ELLLENABAD,Bhuratwala-Pz,29.425,74.77083333,2022-05-20 06:00:00,13.5,12.66,0.84
SIRSA,ELLLENABAD,ELLLENABAD,Chilkani Dhab,29.39166667,74.8,2022-05-20 06:00:00,8.5,16.0,7.5
SIRSA,ELLLENABAD,ELLLENABAD,Dholpalia-DW,29.42083333,74.6,2022-05-20 06:00:00,10.0,12.4,2.4
SIRSA,ELLLENABAD,ELLLENABAD,Ellenabed,29.46666667,74.63333333,2022-05-20 06:00:00,25.5,7.3,18.2
SIRSA,ELLLENABAD,ELLLENABAD,Karamsana,29.34027778,74.63,2021-01-10 00:00:00,6.95,10.58,3.63
SIRSA,ELLLENABAD,ELLLENABAD,Karamsana,29.34027778,74.63,2021-08-31 06:00:00,6.87,12.39,5.52
SIRSA,ELLLENABAD,ELLLENABAD,Karamsana,29.34027778,74.63,2021-11-30 06:00:00,4.56,9.72,5.16
SIRSA,ELLLENABAD,ELLLENABAD,Karamsana,29.34027778,74.63,2022-01-30 07:00:00,7.65,10.58,2.93
SIRSA,ELLLENABAD,ELLLENABAD,Karamsana,29.34027778,74.63,2022-05-20 06:00:00,10.0,11.71,1.71
SIRSA,ELLLENABAD,ELLLENABAD,Karamsana,29.34027778,74.63,2022-08-01 06:00:00,5.15,12.39,7.24
SIRSA,ELLLENABAD,ELLLENABAD,Karamsana,29.34027778,74.63,2022-11-01 06:00:00,7.67,9.72,2.05
SIRSA,ELLLENABAD,ELLLENABAD,Karamsana,29.34027778,74.63,2023-01-01 00:00:00,7.65,10.58,2.93
SIRSA,ELLLENABAD,ELLLENABAD,Karamsana,29.34027778,74.63,2023-06-01 00:00:00,7.4,11.96,4.56
SIRSA,ELLLENABAD,ELLLENABAD,Karamsana,29.34027778,74.63,2023-08-20 00:00:00,8.36,12.39,4.03
SIRSA,ELLLENABAD,ELLLENABAD,Karamsana,29.34027778,74.63,2023-11-01 00:00:00,8.35,9.72,1.37
SIRSA,ELLLENABAD,ELLLENABAD,Karamsana,29.34027778,74.63,2024-01-01 00:00:00,8.06,10.58,2.52
SIRSA,ELLLENABAD,ELLLENABAD,Kash Ram Dhab,29.42222222,74.6125,2021-01-10 00:00:00,8.18,4.64,3.54
SIRSA,ELLLENABAD,ELLLENABAD,Kash Ram Dhab,29.42222222,74.6125,2022-01-30 07:00:00,9.46,4.64,4.82
SIRSA,ELLLENABAD,ELLLENABAD,Kash Ram Dhab,29.42222222,74.6125,2022-08-01 06:00:00,9.97,3.37,6.6
SIRSA,ELLLENABAD,ELLLENABAD,Kash Ram Dhab,29.42222222,74.6125,2022-11-01 06:00:00,10.82,5.1,5.72
SIRSA,ELLLENABAD,ELLLENABAD,Kash Ram Dhab,29.42222222,74.6125,2023-01-01 00:00:00,9.82,4.64,5.18
SIRSA,ELLLENABAD,ELLLENABAD,Kash Ram Dhab,29.42222222,74.6125,2023-06-01 00:00:00,10.12,12.75,2.63
SIRSA,ELLLENABAD,ELLLENABAD,Kash Ram Dhab,29.42222222,74.6125,2023-11-01 00:00:00,8.92,5.1,3.82
SIRSA,ELLLENABAD,ELLLENABAD,Kasi Ram Ka Bas,29.42208889,74.6125,2023-08-20 00:00:00,10.41,7.12,3.29
SIRSA,ELLLENABAD,ELLLENABAD,Kasi Ram Ka Bas,29.42208889,74.6125,2024-01-01 00:00:00,9.78,7.67,2.11
SIRSA,ELLLENABAD,ELLLENABAD,Sri Jiwan Nagar,29.5375,74.74166667,2023-06-01 00:00:00,63.96,44.76,19.2
SIRSA,ELLLENABAD,ELLLENABAD,Sri Jiwan Nagar,29.5375,74.74166667,2024-01-01 00:00:00,58.8,32.44,26.36
SIRSA,ELLLENABAD,ELLLENABAD,Sri Jiwan Nagar-B,29.5375,74.74166667,2022-01-30 07:00:00,49.5,52.1,2.6
SIRSA,ELLLENABAD,ELLLENABAD,Sri Jiwan Nagar-B,29.5375,74.74166667,2022-08-01 06:00:00,49.0,51.91,2.91
SIRSA,ELLLENABAD,ELLLENABAD,Sri Jiwan Nagar-B,29.5375,74.74166667,2023-08-20 00:00:00,64.7,51.91,12.79
SIRSA,ELLLENABAD,ELLLENABAD,Sri Jiwan Nagar-B,29.5375,74.74166667,2023-11-01 00:00:00,65.73,53.81,11.92
SIRSA,ELLLENABAD,ELLLENABAD,Srijiwan Nagar,29.5375,74.74166667,2021-11-30 06:00:00,5.48,53.81,48.33
SIRSA,ELLLENABAD,ELLLENABAD,Srijiwan Nagar,29.5375,74.74166667,2023-01-01 00:00:00,54.7,52.1,2.6
SIRSA,RANIA,-,Dariyawala-D,29.616222,74.890472,2023-01-01 00:00:00,34.15,13.3,20.85
SIRSA,RANIA,-,Dariyawala-D,29.616222,74.890472,2023-06-01 00:00:00,33.0,13.7,19.3
SIRSA,RANIA,-,Dariyawala-D,29.616222,74.890472,2023-08-20 00:00:00,32.58,13.4,19.18
SIRSA,RANIA,-,Dariyawala-D,29.616222,74.890472,2023-11-01 00:00:00,33.56,14.59,18.97
SIRSA,RANIA,-,Dariyawala-M,29.616222,74.890472,2023-01-01 00:00:00,16.0,13.3,2.7
SIRSA,RANIA,-,Dariyawala-S,29.616222,74.890472,2023-01-01 00:00:00,15.1,13.3,1.8
SIRSA,RANIA,-,Dariyawala-S,29.616222,74.890472,2023-06-01 00:00:00,14.81,13.7,1.11
SIRSA,RANIA,-,Dariyawala-S,29.616222,74.890472,2023-08-20 00:00:00,15.0,13.4,1.6
SIRSA,RANIA,-,Dariyawala-S,29.616222,74.890472,2023-11-01 00:00:00,2.91,14.59,11.68
SIRSA,RANIA,RANIA,Dhudianwali1(s),29.6,74.71666667,2022-05-20 06:00:00,38.0,23.24,14.76
SIRSA,RANIA,RANIA,Mammer Khera-Pz,29.67222222,74.65694444,2021-01-10 00:00:00,20.56,22.36,1.8
SIRSA,RANIA,RANIA,Mammer Khera-Pz,29.67222222,74.65694444,2021-08-31 06:00:00,20.91,22.13,1.22
SIRSA,RANIA,RANIA,Mammer Khera-Pz,29.67222222,74.65694444,2021-11-30 06:00:00,20.73,22.56,1.83
SIRSA,RANIA,RANIA,Mammer Khera-Pz,29.67222222,74.65694444,2022-01-30 07:00:00,20.78,22.36,1.58
SIRSA,RANIA,RANIA,Mammer Khera-Pz,29.67222222,74.65694444,2022-05-20 06:00:00,20.5,22.03,1.53
SIRSA,RANIA,RANIA,Mammer Khera-Pz,29.67222222,74.65694444,2022-08-01 06:00:00,21.35,22.13,0.78
SIRSA,RANIA,RANIA,Mammer Khera-Pz,29.67222222,74.65694444,2022-11-01 06:00:00,21.6,22.56,0.96
SIRSA,RANIA,RANIA,Mammer Khera-Pz,29.67222222,74.65694444,2023-01-01 00:00:00,21.7,22.36,0.66
SIRSA,RANIA,RANIA,Mammer Khera-Pz,29.67222222,74.65694444,2023-06-01 00:00:00,21.55,21.89,0.34
SIRSA,RANIA,RANIA,Mammer Khera-Pz,29.67222222,74.65694444,2023-08-20 00:00:00,21.78,22.13,0.35
SIRSA,RANIA,RANIA,Mammer Khera-Pz,29.67222222,74.65694444,2023-11-01 00:00:00,21.73,22.56,0.83
SIRSA,RANIA,RANIA,Mammer Khera-Pz,29.67222222,74.65694444,2024-01-01 00:00:00,21.76,22.36,0.6
SIRSA,RANIA,RANIA,Sadewala,29.64444444,74.72083333,2022-05-20 06:00:00,28.5,26.06,2.44
SIRSA,RANIA,RANIA,Sainpal-Pz,29.61111111,74.68333333,2022-05-20 06:00:00,38.5,39.9,1.4
SIRSA,SIRSA,-,Kumahria-M,29.257222,75.144444,2023-01-01 00:00:00,10.5,15.24,4.74
SIRSA,SIRSA,-,Kumahria-M,29.257222,75.144444,2023-06-01 00:00:00,10.5,15.46,4.96
SIRSA,SIRSA,-,Kumahria-M,29.257222,75.144444,2023-08-20 00:00:00,10.72,16.02,5.3
SIRSA,SIRSA,-,Kumahria-M,29.257222,75.144444,2023-11-01 00:00:00,10.42,17.23,6.81
SIRSA,SIRSA,-,Kumahria-S,29.257222,75.144444,2023-01-01 00:00:00,10.7,15.24,4.54
SIRSA,SIRSA,-,Kumahria-S,29.257222,75.144444,2023-06-01 00:00:00,10.35,15.46,5.11
SIRSA,SIRSA,-,Kumahria-S,29.257222,75.144444,2023-08-20 00:00:00,10.57,16.02,5.45
SIRSA,SIRSA,-,Kumahria-S,29.257222,75.144444,2023-11-01 00:00:00,10.4,17.23,6.83
SIRSA,SIRSA,NATHUSARI CHOPRA,Ali Mohmmad,29.4625,75.105,2022-05-20 06:00:00,28.0,25.71,2.29
SIRSA,SIRSA,NATHUSARI CHOPRA,Chaharwala,29.28472222,75.21944444,2022-05-20 06:00:00,4.7,12.43,7.73
SIRSA,SIRSA,NATHUSARI CHOPRA,Darba Kalan S,29.4122,75.1219,2023-11-01 00:00:00,2.25,8.22,5.97
SIRSA,SIRSA,NATHUSARI CHOPRA,Darba Kalan S,29.4122,75.1219,2024-01-01 00:00:00,2.0,6.17,4.17
SIRSA,SIRSA,NATHUSARI CHOPRA,Darba Kalan-Pz,29.39166667,75.08888889,2021-08-31 06:00:00,2.9,2.29,0.61
SIRSA,SIRSA,NATHUSARI CHOPRA,Darba Kalan-Pz,29.39166667,75.08888889,2021-11-30 06:00:00,2.12,3.82,1.7
SIRSA,SIRSA,NATHUSARI CHOPRA,Darba Kalan-Pz,29.39166667,75.08888889,2022-01-30 07:00:00,1.26,2.79,1.53
SIRSA,SIRSA,NATHUSARI CHOPRA,Darba Kalan-Pz,29.39166667,75.08888889,2022-05-20 06:00:00,2.3,3.3,1.0
SIRSA,SIRSA,NATHUSARI CHOPRA,Darba Kalan-Pz,29.39166667,75.08888889,2022-08-01 06:00:00,1.18,2.29,1.11
SIRSA,SIRSA,NATHUSARI CHOPRA,Darba Kalan-Pz,29.39166667,75.08888889,2022-11-01 06:00:00,2.11,3.82,1.71
SIRSA,SIRSA,NATHUSARI CHOPRA,Darba Kalan-Pz,29.39166667,75.08888889,2023-01-01 00:00:00,1.3,2.79,1.49
SIRSA,SIRSA,NATHUSARI CHOPRA,Darba Kalan-Pz,29.39166667,75.08888889,2023-06-01 00:00:00,2.04,3.27,1.23
SIRSA,SIRSA,NATHUSARI CHOPRA,Darba Kalan-Pz,29.39166667,75.08888889,2023-11-01 00:00:00,1.97,3.82,1.85
SIRSA,SIRSA,NATHUSARI CHOPRA,Ding,29.4625,75.26388889,2021-01-10 00:00:00,16.69,19.22,2.53
SIRSA,SIRSA,NATHUSARI CHOPRA,Ding,29.4625,75.26388889,2021-08-31 06:00:00,14.7,17.53,2.83
SIRSA,SIRSA,NATHUSARI CHOPRA,Ding,29.4625,75.26388889,2021-11-30 06:00:00,13.58,18.96,5.38
SIRSA,SIRSA,NATHUSARI CHOPRA,Ding,29.4625,75.26388889,2022-01-30 07:00:00,17.23,19.22,1.99
SIRSA,SIRSA,NATHUSARI CHOPRA,Ding,29.4625,75.26388889,2022-05-20 06:00:00,16.0,18.72,2.72
SIRSA,SIRSA,NATHUSARI CHOPRA,Ding,29.4625,75.26388889,2022-08-01 06:00:00,17.54,17.53,0.01
SIRSA,SIRSA,NATHUSARI CHOPRA,Ding,29.4625,75.26388889,2022-11-01 06:00:00,16.89,18.96,2.07
SIRSA,SIRSA,NATHUSARI CHOPRA,Ding,29.4625,75.26388889,2023-01-01 00:00:00,17.14,19.22,2.08
SIRSA,SIRSA,NATHUSARI CHOPRA,Ding,29.4625,75.26388889,2023-06-01 00:00:00,16.64,18.72,2.08
SIRSA,SIRSA,NATHUSARI CHOPRA,Ding,29.4625,75.26388889,2023-08-20 00:00:00,17.39,17.53,0.14
SIRSA,SIRSA,NATHUSARI CHOPRA,Ding,29.4625,75.26388889,2023-11-01 00:00:00,17.23,18.96,1.73
SIRSA,SIRSA,NATHUSARI CHOPRA,Ding,29.4625,75.26388889,2024-01-01 00:00:00,16.97,19.22,2.25
SIRSA,SIRSA,NATHUSARI CHOPRA,Ghushiana,29.25277778,75.08333333,2022-05-20 06:00:00,16.31,14.78,1.53
SIRSA,SIRSA,NATHUSARI CHOPRA,Ghushiana,29.25277778,75.08333333,2022-08-01 06:00:00,11.7,2.72,8.98
SIRSA,SIRSA,NATHUSARI CHOPRA,Ghushiana,29.25277778,75.08333333,2022-11-01 06:00:00,13.34,14.61,1.27
SIRSA,SIRSA,NATHUSARI CHOPRA,Ghushiana,29.25277778,75.08333333,2023-01-01 00:00:00,14.3,13.98,0.32
SIRSA,SIRSA,NATHUSARI CHOPRA,Ghushiana,29.25277778,75.08333333,2023-06-01 00:00:00,12.08,13.5,1.42
SIRSA,SIRSA,NATHUSARI CHOPRA,Ghushiana,29.25277778,75.08333333,2023-08-20 00:00:00,13.59,2.72,10.87
SIRSA,SIRSA,NATHUSARI CHOPRA,Ghushiana,29.25277778,75.08333333,2023-11-01 00:00:00,13.43,14.61,1.18
SIRSA,SIRSA,NATHUSARI CHOPRA,Ghushiana,29.25277778,75.08333333,2024-01-01 00:00:00,13.22,13.98,0.76
SIRSA,SIRSA,NATHUSARI CHOPRA,Gigorani,29.3,75.14444444,2022-01-30 07:00:00,4.64,5.65,1.01
SIRSA,SIRSA,NATHUSARI CHOPRA,Gigorani,29.3,75.14444444,2023-01-01 00:00:00,3.84,5.65,1.81
SIRSA,SIRSA,NATHUSARI CHOPRA,Gigorani,29.3,75.14444444,2023-06-01 00:00:00,3.2,15.0,11.8
SIRSA,SIRSA,NATHUSARI CHOPRA,Gigorani,29.3,75.14444444,2023-08-20 00:00:00,3.71,5.15,1.44
SIRSA,SIRSA,NATHUSARI CHOPRA,Gigorani,29.3,75.14444444,2024-01-01 00:00:00,3.42,5.65,2.23
SIRSA,SIRSA,NATHUSARI CHOPRA,Gudia Khera-DW,29.38388889,75.00055556,2022-05-20 06:00:00,2.6,3.38,0.78
SIRSA,SIRSA,NATHUSARI CHOPRA,Jagiwala-DW,29.26666667,75.23472222,2022-05-20 06:00:00,14.3,13.34,0.96
SIRSA,SIRSA,NATHUSARI CHOPRA,Jamal,29.33055556,74.98055556,2021-01-10 00:00:00,3.53,6.09,2.56
SIRSA,SIRSA,NATHUSARI CHOPRA,Jamal,29.33055556,74.98055556,2021-08-31 06:00:00,11.74,8.76,2.98
SIRSA,SIRSA,NATHUSARI CHOPRA,Jamal,29.33055556,74.98055556,2021-11-30 06:00:00,9.44,6.65,2.79
SIRSA,SIRSA,NATHUSARI CHOPRA,Jamal,29.33055556,74.98055556,2022-01-30 07:00:00,4.18,6.09,1.91
SIRSA,SIRSA,NATHUSARI CHOPRA,Jamal,29.33055556,74.98055556,2022-05-20 06:00:00,10.73,6.46,4.27
SIRSA,SIRSA,NATHUSARI CHOPRA,Jamal,29.33055556,74.98055556,2022-08-01 06:00:00,2.38,8.76,6.38
SIRSA,SIRSA,NATHUSARI CHOPRA,Jamal,29.33055556,74.98055556,2022-11-01 06:00:00,3.61,6.65,3.04
SIRSA,SIRSA,NATHUSARI CHOPRA,Jamal,29.33055556,74.98055556,2023-01-01 00:00:00,2.93,6.09,3.16
SIRSA,SIRSA,NATHUSARI CHOPRA,Jamal,29.33055556,74.98055556,2023-06-01 00:00:00,3.86,6.43,2.57
SIRSA,SIRSA,NATHUSARI CHOPRA,Jamal,29.33055556,74.98055556,2023-08-20 00:00:00,3.02,8.76,5.74
SIRSA,SIRSA,NATHUSARI CHOPRA,Jamal,29.33055556,74.98055556,2023-11-01 00:00:00,3.97,6.65,2.68
SIRSA,SIRSA,NATHUSARI CHOPRA,Jamal,29.33055556,74.98055556,2024-01-01 00:00:00,3.9,6.09,2.19
SIRSA,SIRSA,NATHUSARI CHOPRA,Jamal- Pz,29.32777778,74.98611111,2021-01-10 00:00:00,3.9,4.68,0.78
SIRSA,SIRSA,NATHUSARI CHOPRA,Jamal- Pz,29.32777778,74.98611111,2021-08-31 06:00:00,5.4,7.16,1.76
SIRSA,SIRSA,NATHUSARI CHOPRA,Jamal- Pz,29.32777778,74.98611111,2021-11-30 06:00:00,4.63,5.72,1.09
SIRSA,SIRSA,NATHUSARI CHOPRA,Jamal- Pz,29.32777778,74.98611111,2022-01-30 07:00:00,3.06,4.68,1.62
SIRSA,SIRSA,NATHUSARI CHOPRA,Jamal- Pz,29.32777778,74.98611111,2022-05-20 06:00:00,5.0,5.81,0.81
SIRSA,SIRSA,NATHUSARI CHOPRA,Jamal- Pz,29.32777778,74.98611111,2022-08-01 06:00:00,2.51,7.16,4.65
SIRSA,SIRSA,NATHUSARI CHOPRA,Jamal- Pz,29.32777778,74.98611111,2022-11-01 06:00:00,2.72,5.72,3.0
SIRSA,SIRSA,NATHUSARI CHOPRA,Jamal- Pz,29.32777778,74.98611111,2023-01-01 00:00:00,4.0,4.68,0.68
SIRSA,SIRSA,NATHUSARI CHOPRA,Jamal- Pz,29.32777778,74.98611111,2023-06-01 00:00:00,3.0,5.72,2.72
SIRSA,SIRSA,NATHUSARI CHOPRA,Jamal- Pz,29.32777778,74.98611111,2023-08-20 00:00:00,3.7,7.16,3.46
SIRSA,SIRSA,NATHUSARI CHOPRA,Jamal- Pz,29.32777778,74.98611111,2023-11-01 00:00:00,2.77,5.72,2.95
SIRSA,SIRSA,NATHUSARI CHOPRA,Jamal- Pz,29.32777778,74.98611111,2024-01-01 00:00:00,3.12,4.68,1.56
SIRSA,SIRSA,NATHUSARI CHOPRA,Kairanwali-DW,29.39944444,75.20833333,2022-05-20 06:00:00,3.04,3.73,0.69
SIRSA,SIRSA,NATHUSARI CHOPRA,Makhu Shorani,29.38,75.16861111,2022-05-20 06:00:00,2.95,4.57,1.62
SIRSA,SIRSA,NATHUSARI CHOPRA,Sherpura,29.45416667,75.20416667,2021-01-10 00:00:00,15.1,15.83,0.73
SIRSA,SIRSA,NATHUSARI CHOPRA,Sherpura,29.45416667,75.20416667,2021-08-31 06:00:00,18.85,5.67,13.18
SIRSA,SIRSA,NATHUSARI CHOPRA,Sherpura,29.45416667,75.20416667,2021-11-30 06:00:00,16.83,17.02,0.19
SIRSA,SIRSA,NATHUSARI CHOPRA,Sherpura,29.45416667,75.20416667,2022-01-30 07:00:00,15.49,15.83,0.34
SIRSA,SIRSA,NATHUSARI CHOPRA,Sherpura,29.45416667,75.20416667,2022-05-20 06:00:00,16.0,15.99,0.01
SIRSA,SIRSA,NATHUSARI CHOPRA,Sherpura,29.45416667,75.20416667,2022-08-01 06:00:00,14.82,5.67,9.15
SIRSA,SIRSA,NATHUSARI CHOPRA,Sherpura,29.45416667,75.20416667,2022-11-01 06:00:00,15.06,17.02,1.96
SIRSA,SIRSA,NATHUSARI CHOPRA,Sherpura,29.45416667,75.20416667,2023-01-01 00:00:00,14.9,15.83,0.93
SIRSA,SIRSA,NATHUSARI CHOPRA,Sherpura,29.45416667,75.20416667,2023-08-20 00:00:00,14.82,5.67,9.15
SIRSA,SIRSA,NATHUSARI CHOPRA,Sherpura,29.45416667,75.20416667,2023-11-01 00:00:00,15.14,17.02,1.88
SIRSA,SIRSA,NATHUSARI CHOPRA,Sherpura,29.45416667,75.20416667,2024-01-01 00:00:00,14.82,15.83,1.01
SIRSA,SIRSA,SIRSA,Sirsa-Pz,29.53583333,75.04944444,2021-01-10 00:00:00,46.01,47.79,1.78
SIRSA,SIRSA,SIRSA,Sirsa-Pz,29.53583333,75.04944444,2021-08-31 06:00:00,47.1,48.5,1.4
SIRSA,SIRSA,SIRSA,Sirsa-Pz,29.53583333,75.04944444,2021-11-30 06:00:00,46.46,60.61,14.15
SIRSA,SIRSA,SIRSA,Sirsa-Pz,29.53583333,75.04944444,2022-01-30 07:00:00,47.43,47.79,0.36
SIRSA,SIRSA,SIRSA,Sirsa-Pz,29.53583333,75.04944444,2022-05-20 06:00:00,59.26,45.14,14.12
SIRSA,SIRSA,SIRSA,Sirsa-Pz,29.53583333,75.04944444,2022-08-01 06:00:00,48.92,48.5,0.42
SIRSA,SIRSA,SIRSA,Sirsa-Pz,29.53583333,75.04944444,2022-11-01 06:00:00,49.16,60.61,11.45
SIRSA,SIRSA,SIRSA,Sirsa-Pz,29.53583333,75.04944444,2023-01-01 00:00:00,49.5,47.79,1.71
SONIPAT,-,-,Bhakharpur,29.181944,77.078417,2022-10-01 00:00:00,37.2,34.72,2.48
SONIPAT,-,-,Bhakharpur,29.181944,77.078417,2023-11-01 00:00:00,37.77,35.74,2.03
SONIPAT,-,-,Bhakharpur,29.181944,77.078417,2024-01-01 00:00:00,36.1,33.23,2.87
SONIPAT,-,-,Bhogipur,29.181944,77.045083,2022-10-01 00:00:00,12.54,22.73,10.19
SONIPAT,-,-,Bhogipur,29.181944,77.045083,2023-08-20 00:00:00,11.82,21.87,10.05
SONIPAT,-,-,Bhogipur,29.181944,77.045083,2023-11-01 00:00:00,12.43,22.41,9.98
SONIPAT,-,-,Haryana SONIPAT Sonipat Asadpur Nandnour,29.0306,77.1295,2024-01-01 00:00:00,20.12,9.6,10.52
SONIPAT,-,-,Palra_1,29.014337,77.158784,2022-10-01 00:00:00,5.86,16.88,11.02
SONIPAT,-,-,Palra_1,29.014337,77.158784,2023-11-01 00:00:00,7.5,18.36,10.86
SONIPAT,-,-,Palra_1,29.014337,77.158784,2024-01-01 00:00:00,6.32,18.06,11.74
SONIPAT,GANAUR,GANAUR,Bega Pz,29.15416667,77.1125,2022-05-20 06:00:00,19.0,13.44,5.56
SONIPAT,GANAUR,GANAUR,Bega Pz,29.15416667,77.1125,2022-11-01 06:00:00,8.28,13.47,5.19
SONIPAT,GANAUR,GANAUR,Datauli-Pz,29.15972222,77.08055556,2021-08-31 06:00:00,21.0,30.02,9.02
SONIPAT,GANAUR,GANAUR,Datauli-Pz,29.15972222,77.08055556,2022-05-20 06:00:00,25.92,28.11,2.19
SONIPAT,GANAUR,GANAUR,Ganaur-Pz,29.13333333,77.01444444,2022-05-20 06:00:00,32.16,26.98,5.18
SONIPAT,GANAUR,GANAUR,Kheri Gujjar-Pz,29.16277778,76.97138889,2022-05-20 06:00:00,31.0,24.44,6.56
SONIPAT,GANAUR,GANAUR,Larsauli,29.10083333,77.07833333,2022-05-20 06:00:00,-1.2,22.65,23.85
SONIPAT,GANAUR,GANAUR,Larsauli-Pz,29.0925,77.03472222,2022-05-20 06:00:00,32.0,33.75,1.75
SONIPAT,GANAUR,GANAUR,Mohana Pzm,29.15416667,77.1125,2021-01-10 00:00:00,4.05,5.5,1.45
SONIPAT,GANAUR,GANAUR,Mohana Pzm,29.15416667,77.1125,2022-05-20 06:00:00,5.0,5.63,0.63
SONIPAT,GANAUR,GANAUR,Pugthala-Pz,29.1675,76.8875,2022-05-20 06:00:00,9.0,7.11,1.89
SONIPAT,GANAUR,GANAUR,Purkhas-Pz,29.06527778,76.83194444,2022-05-20 06:00:00,21.0,15.35,5.65
SONIPAT,GOHANA,GOHANA,Anwali-Pz,29.00277778,76.75833333,2022-05-20 06:00:00,1.89,3.91,2.02
SONIPAT,GOHANA,GOHANA,Bhainswal,29.03333333,76.79166667,2022-05-20 06:00:00,3.55,6.47,2.92
SONIPAT,GOHANA,GOHANA,Bhainswal,29.03333333,76.79166667,2022-08-01 06:00:00,2.47,1.67,0.8
SONIPAT,GOHANA,GOHANA,Bhainswal,29.03333333,76.79166667,2022-10-01 00:00:00,2.75,2.39,0.36
SONIPAT,GOHANA,GOHANA,Bhainswal,29.03333333,76.79166667,2022-11-01 06:00:00,3.8,3.14,0.66
SONIPAT,GOHANA,GOHANA,Bhainswal,29.03333333,76.79166667,2023-08-20 00:00:00,2.86,1.67,1.19
SONIPAT,GOHANA,GOHANA,Bhainswal,29.03333333,76.79166667,2023-11-01 00:00:00,2.89,3.14,0.25
SONIPAT,GOHANA,GOHANA,Bhainswal,29.03333333,76.79166667,2024-01-01 00:00:00,2.74,3.11,0.37
SONIPAT,GOHANA,GOHANA,Gohana1,29.13944444,76.71527778,2021-01-10 00:00:00,20.83,17.52,3.31
SONIPAT,GOHANA,GOHANA,Gohana1,29.13944444,76.71527778,2021-08-31 06:00:00,22.61,19.22,3.39
SONIPAT,GOHANA,GOHANA,Gohana1,29.13944444,76.71527778,2022-01-30 07:00:00,17.21,17.52,0.31
SONIPAT,GOHANA,GOHANA,Gohana1,29.13944444,76.71527778,2022-05-20 06:00:00,17.86,17.54,0.32
SONIPAT,GOHANA,GOHANA,Gohana1,29.13944444,76.71527778,2022-08-01 06:00:00,17.69,19.22,1.53
SONIPAT,GOHANA,GOHANA,Gohana1,29.13944444,76.71527778,2022-11-01 06:00:00,17.25,21.36,4.11
SONIPAT,GOHANA,GOHANA,Gohana1,29.13944444,76.71527778,2023-11-01 00:00:00,15.39,21.36,5.97
SONIPAT,GOHANA,GOHANA,Gohana1,29.13944444,76.71527778,2024-01-01 00:00:00,15.06,17.52,2.46
SONIPAT,GOHANA,GOHANA,Khanpur Kalan-Pz,29.15972222,76.82777778,2021-01-10 00:00:00,2.99,4.0,1.01
SONIPAT,GOHANA,GOHANA,Khanpur Kalan-Pz,29.15972222,76.82777778,2021-08-31 06:00:00,3.44,3.08,0.36
SONIPAT,GOHANA,GOHANA,Khanpur Kalan-Pz,29.15972222,76.82777778,2022-01-30 07:00:00,1.6,4.0,2.4
SONIPAT,GOHANA,GOHANA,Khanpur Kalan-Pz,29.15972222,76.82777778,2022-05-20 06:00:00,5.9,4.85,1.05
SONIPAT,GOHANA,GOHANA,Khanpur Kalan-Pz,29.15972222,76.82777778,2022-08-01 06:00:00,1.16,3.08,1.92
SONIPAT,GOHANA,GOHANA,Khanpur Kalan-Pz,29.15972222,76.82777778,2022-10-01 00:00:00,1.45,4.26,2.81
SONIPAT,GOHANA,GOHANA,Khanpur Kalan-Pz,29.15972222,76.82777778,2022-11-01 06:00:00,0.9,4.83,3.93
SONIPAT,GOHANA,GOHANA,Khanpur Kalan-Pz,29.15972222,76.82777778,2023-08-20 00:00:00,0.4,3.08,2.68
SONIPAT,GOHANA,GOHANA,Khanpur Kalan-Pz,29.15972222,76.82777778,2023-11-01 00:00:00,1.7,4.83,3.13
SONIPAT,GOHANA,GOHANA,Khanpur Kalan-Pz,29.15972222,76.82777778,2024-01-01 00:00:00,1.58,4.0,2.42
SONIPAT,GOHANA,GOHANA,Lath,29.075,76.77916667,2021-01-10 00:00:00,0.6,1.98,1.38
SONIPAT,GOHANA,GOHANA,Lath,29.075,76.77916667,2021-08-31 06:00:00,1.76,1.55,0.21
SONIPAT,GOHANA,GOHANA,Lath,29.075,76.77916667,2022-01-30 07:00:00,0.82,1.98,1.16
SONIPAT,GOHANA,GOHANA,Lath,29.075,76.77916667,2022-05-20 06:00:00,2.05,3.57,1.52
SONIPAT,GOHANA,GOHANA,Lath,29.075,76.77916667,2022-10-01 00:00:00,0.85,1.87,1.02
SONIPAT,GOHANA,GOHANA,Lath,29.075,76.77916667,2022-11-01 06:00:00,0.4,3.03,2.63
SONIPAT,GOHANA,GOHANA,Lath,29.075,76.77916667,2023-08-20 00:00:00,1.0,1.55,0.55
SONIPAT,GOHANA,GOHANA,Lath,29.075,76.77916667,2023-11-01 00:00:00,1.42,3.03,1.61
SONIPAT,GOHANA,GOHANA,Lath,29.075,76.77916667,2024-01-01 00:00:00,1.25,1.98,0.73
SONIPAT,GOHANA,KATHURA,Ahulana,29.11944444,76.64583333,2021-01-10 00:00:00,1.65,1.87,0.22
SONIPAT,GOHANA,KATHURA,Ahulana,29.11944444,76.64583333,2021-08-31 06:00:00,3.46,1.75,1.71
SONIPAT,GOHANA,KATHURA,Ahulana,29.11944444,76.64583333,2022-01-30 07:00:00,1.17,1.87,0.7
SONIPAT,GOHANA,KATHURA,Ahulana,29.11944444,76.64583333,2022-05-20 06:00:00,3.98,3.58,0.4
SONIPAT,GOHANA,KATHURA,Ahulana,29.11944444,76.64583333,2022-08-01 06:00:00,1.37,1.75,0.38
SONIPAT,GOHANA,KATHURA,Ahulana,29.11944444,76.64583333,2022-10-01 00:00:00,1.25,1.97,0.72
SONIPAT,GOHANA,KATHURA,Ahulana,29.11944444,76.64583333,2022-11-01 06:00:00,1.27,2.83,1.56
SONIPAT,GOHANA,KATHURA,Ahulana,29.11944444,76.64583333,2023-08-20 00:00:00,1.27,1.75,0.48
SONIPAT,GOHANA,KATHURA,Ahulana,29.11944444,76.64583333,2023-11-01 00:00:00,1.27,2.83,1.56
SONIPAT,GOHANA,KATHURA,Ahulana,29.11944444,76.64583333,2024-01-01 00:00:00,1.2,1.87,0.67
SONIPAT,GOHANA,KATHURA,Banwasa-DW,29.15833333,76.56555556,2022-05-20 06:00:00,2.86,4.7,1.84
SONIPAT,GOHANA,KATHURA,Bhunderi,29.1,76.61527778,2021-01-10 00:00:00,1.65,2.49,0.84
SONIPAT,GOHANA,KATHURA,Bhunderi,29.1,76.61527778,2021-08-31 06:00:00,2.16,1.66,0.5
SONIPAT,GOHANA,KATHURA,Bhunderi,29.1,76.61527778,2022-01-30 07:00:00,0.73,2.49,1.76
SONIPAT,GOHANA,KATHURA,Bhunderi,29.1,76.61527778,2022-05-20 06:00:00,3.07,4.05,0.98
SONIPAT,GOHANA,KATHURA,Bhunderi,29.1,76.61527778,2022-08-01 06:00:00,1.35,1.66,0.31
SONIPAT,GOHANA,KATHURA,Bhunderi,29.1,76.61527778,2022-10-01 00:00:00,1.52,1.82,0.3
SONIPAT,GOHANA,KATHURA,Bhunderi,29.1,76.61527778,2022-11-01 06:00:00,1.12,2.99,1.87
SONIPAT,GOHANA,KATHURA,Bhunderi,29.1,76.61527778,2023-08-20 00:00:00,0.87,1.66,0.79
SONIPAT,GOHANA,KATHURA,Bhunderi,29.1,76.61527778,2023-11-01 00:00:00,1.11,2.99,1.88
SONIPAT,GOHANA,KATHURA,Bhunderi,29.1,76.61527778,2024-01-01 00:00:00,1.01,2.49,1.48
SONIPAT,GOHANA,KATHURA,Chhapra-DW,29.13472222,76.55888889,2022-05-20 06:00:00,3.0,2.91,0.09
SONIPAT,GOHANA,KATHURA,Garhwal,29.18333333,76.53888889,2021-01-10 00:00:00,0.89,2.37,1.48
SONIPAT,GOHANA,KATHURA,Garhwal,29.18333333,76.53888889,2021-08-31 06:00:00,1.48,1.49,0.01
SONIPAT,GOHANA,KATHURA,Garhwal,29.18333333,76.53888889,2022-01-30 07:00:00,1.02,2.37,1.35
SONIPAT,GOHANA,KATHURA,Garhwal,29.18333333,76.53888889,2022-05-20 06:00:00,2.0,3.89,1.89
SONIPAT,GOHANA,KATHURA,Gohana-Pz,29.13944444,76.71527778,2022-10-01 00:00:00,16.54,18.03,1.49
SONIPAT,GOHANA,KATHURA,Gohana-Pz,29.13944444,76.71527778,2023-08-20 00:00:00,15.31,18.11,2.8
SONIPAT,GOHANA,KATHURA,Kathura,29.10833333,76.58333333,2022-05-20 06:00:00,2.57,3.92,1.35
SONIPAT,GOHANA,KATHURA,Kathura,29.10833333,76.58333333,2022-08-01 06:00:00,0.21,1.37,1.16
SONIPAT,GOHANA,KATHURA,Kathura1,29.075,76.55833333,2021-01-10 00:00:00,1.59,1.71,0.12
SONIPAT,GOHANA,KATHURA,Kathura1,29.075,76.55833333,2021-08-31 06:00:00,1.5,1.28,0.22
SONIPAT,GOHANA,KATHURA,Kathura1,29.075,76.55833333,2022-01-30 07:00:00,1.29,1.71,0.42
SONIPAT,GOHANA,KATHURA,Kathura1,29.075,76.55833333,2022-05-20 06:00:00,3.02,3.25,0.23
SONIPAT,GOHANA,KATHURA,Kathura1,29.075,76.55833333,2022-10-01 00:00:00,1.11,1.53,0.42
SONIPAT,GOHANA,KATHURA,Kathura1,29.075,76.55833333,2022-11-01 06:00:00,1.44,2.77,1.33
SONIPAT,GOHANA,KATHURA,Mahara,29.09861111,76.68472222,2022-01-30 07:00:00,9.0,6.75,2.25
SONIPAT,GOHANA,KATHURA,Mahara,29.09861111,76.68472222,2022-05-20 06:00:00,8.0,12.02,4.02
SONIPAT,GOHANA,KATHURA,Mahara,29.09861111,76.68472222,2022-11-01 06:00:00,9.76,13.05,3.29
SONIPAT,GOHANA,KATHURA,Nizaimpur,29.22916667,76.50555556,2022-05-20 06:00:00,3.54,4.39,0.85
SONIPAT,GOHANA,KATHURA,Tihar Malikpur-DW,29.04722222,76.82361111,2022-05-20 06:00:00,5.29,5.21,0.08
SONIPAT,GOHANA,MUNDLANA,Ahmadpur Majra-DW,29.21777778,76.69194444,2022-05-20 06:00:00,7.98,5.56,2.42
SONIPAT,GOHANA,MUNDLANA,Baroda Mor-DW,29.14666667,76.62861111,2022-05-20 06:00:00,0.65,2.71,2.06
SONIPAT,GOHANA,MUNDLANA,Bichpuri1,29.20777778,76.66527778,2022-08-01 06:00:00,5.38,7.02,1.64
SONIPAT,GOHANA,MUNDLANA,Bichpuri1,29.20777778,76.66527778,2024-01-01 00:00:00,5.83,5.08,0.75
SONIPAT,GOHANA,MUNDLANA,Butana,29.1875,76.625,2021-01-10 00:00:00,3.08,4.26,1.18
SONIPAT,GOHANA,MUNDLANA,Butana,29.1875,76.625,2022-01-30 07:00:00,2.06,4.26,2.2
SONIPAT,GOHANA,MUNDLANA,Butana,29.1875,76.625,2022-05-20 06:00:00,1.0,6.41,5.41
SONIPAT,GOHANA,MUNDLANA,Butana,29.1875,76.625,2022-08-01 06:00:00,2.16,2.42,0.26
SONIPAT,GOHANA,MUNDLANA,Butana,29.1875,76.625,2022-10-01 00:00:00,2.51,2.52,0.01
SONIPAT,GOHANA,MUNDLANA,Butana,29.1875,76.625,2022-11-01 06:00:00,3.01,4.15,1.14
SONIPAT,GOHANA,MUNDLANA,Butana,29.1875,76.625,2023-08-20 00:00:00,4.24,2.42,1.82
SONIPAT,GOHANA,MUNDLANA,Butana,29.1875,76.625,2023-11-01 00:00:00,5.43,4.15,1.28
SONIPAT,GOHANA,MUNDLANA,Butana,29.1875,76.625,2024-01-01 00:00:00,4.92,4.26,0.66
SONIPAT,GOHANA,MUNDLANA,Chirana,29.20833333,76.78333333,2022-08-01 06:00:00,2.63,5.87,3.24
SONIPAT,GOHANA,MUNDLANA,Jagsi,29.25,76.66111111,2021-01-10 00:00:00,1.2,2.46,1.26
SONIPAT,GOHANA,MUNDLANA,Jagsi,29.25,76.66111111,2021-08-31 06:00:00,1.43,1.67,0.24
SONIPAT,GOHANA,MUNDLANA,Jagsi,29.25,76.66111111,2022-01-30 07:00:00,0.45,2.46,2.01
SONIPAT,GOHANA,MUNDLANA,Jagsi,29.25,76.66111111,2022-05-20 06:00:00,1.18,3.73,2.55
SONIPAT,GOHANA,MUNDLANA,Jagsi,29.25,76.66111111,2022-08-01 06:00:00,1.13,1.67,0.54
SONIPAT,GOHANA,MUNDLANA,Jagsi,29.25,76.66111111,2022-10-01 00:00:00,0.95,1.89,0.94
SONIPAT,GOHANA,MUNDLANA,Jagsi,29.25,76.66111111,2022-11-01 06:00:00,0.25,3.26,3.01
SONIPAT,GOHANA,MUNDLANA,Jagsi,29.25,76.66111111,2023-08-20 00:00:00,0.51,1.67,1.16
SONIPAT,GOHANA,MUNDLANA,Jagsi,29.25,76.66111111,2023-11-01 00:00:00,1.32,3.26,1.94
SONIPAT,GOHANA,MUNDLANA,Jagsi,29.25,76.66111111,2024-01-01 00:00:00,1.02,2.46,1.44
SONIPAT,GOHANA,MUNDLANA,Mattand-DW,29.25444444,76.70083333,2022-05-20 06:00:00,5.61,5.12,0.49
SONIPAT,GOHANA,MUNDLANA,Mundlana- Pz,29.2125,76.77083333,2021-01-10 00:00:00,6.9,9.63,2.73
SONIPAT,GOHANA,MUNDLANA,Mundlana- Pz,29.2125,76.77083333,2021-08-31 06:00:00,5.2,10.9,5.7
SONIPAT,GOHANA,MUNDLANA,Mundlana- Pz,29.2125,76.77083333,2022-01-30 07:00:00,3.1,9.63,6.53
SONIPAT,GOHANA,MUNDLANA,Mundlana- Pz,29.2125,76.77083333,2022-05-20 06:00:00,9.0,6.63,2.37
SONIPAT,GOHANA,MUNDLANA,Mundlana- Pz,29.2125,76.77083333,2022-11-01 06:00:00,2.8,35.79,32.99
SONIPAT,GOHANA,MUNDLANA,Mundlana1,29.2125,76.77083333,2022-05-20 06:00:00,9.0,6.46,2.54
SONIPAT,KHARKHODA,KHARHAUDA,Anandpur-Jarot-DW,28.91638889,76.93694444,2022-05-20 06:00:00,4.85,6.05,1.2
SONIPAT,KHARKHODA,KHARHAUDA,Barona-DW,28.83222222,76.90833333,2022-05-20 06:00:00,2.1,4.72,2.62
SONIPAT,KHARKHODA,KHARHAUDA,Bidhlan-DW,28.95361111,76.86333333,2022-05-20 06:00:00,4.82,4.05,0.77
SONIPAT,KHARKHODA,KHARHAUDA,Farmana,28.98472222,76.8125,2021-01-10 00:00:00,6.84,12.41,5.57
SONIPAT,KHARKHODA,KHARHAUDA,Farmana,28.98472222,76.8125,2021-08-31 06:00:00,6.84,6.3,0.54
SONIPAT,KHARKHODA,KHARHAUDA,Farmana,28.98472222,76.8125,2022-01-30 07:00:00,5.5,12.41,6.91
SONIPAT,KHARKHODA,KHARHAUDA,Farmana,28.98472222,76.8125,2022-05-20 06:00:00,5.74,12.59,6.85
SONIPAT,KHARKHODA,KHARHAUDA,Farmana,28.98472222,76.8125,2022-08-01 06:00:00,4.97,6.3,1.33
SONIPAT,KHARKHODA,KHARHAUDA,Farmana,28.98472222,76.8125,2022-10-01 00:00:00,4.3,12.38,8.08
SONIPAT,KHARKHODA,KHARHAUDA,Farmana,28.98472222,76.8125,2022-11-01 06:00:00,4.6,8.55,3.95
SONIPAT,KHARKHODA,KHARHAUDA,Gorar-DW,28.94777778,76.8125,2022-05-20 06:00:00,1.0,4.31,3.31
SONIPAT,KHARKHODA,KHARHAUDA,Khanda-DW,28.92,76.9,2022-05-20 06:00:00,1.33,4.91,3.58
SONIPAT,KHARKHODA,KHARHAUDA,Kharkhauda,28.87916667,76.9125,2022-05-20 06:00:00,9.0,3.09,5.91
SONIPAT,KHARKHODA,KHARHAUDA,Pipli-DW,28.86444444,76.94305556,2022-05-20 06:00:00,6.16,7.64,1.48
SONIPAT,KHARKHODA,KHARHAUDA,Rohat,28.93333333,76.975,2022-05-20 06:00:00,4.0,3.7,0.3
SONIPAT,KHARKHODA,KHARHAUDA,Sisnah,28.9,76.85833333,2021-08-31 06:00:00,6.35,6.8,0.45
SONIPAT,KHARKHODA,KHARHAUDA,Sisnah,28.9,76.85833333,2022-01-30 07:00:00,4.45,5.69,1.24
SONIPAT,KHARKHODA,KHARHAUDA,Sisnah,28.9,76.85833333,2022-05-20 06:00:00,4.72,7.28,2.56
SONIPAT,KHARKHODA,KHARHAUDA,Sisnah,28.9,76.85833333,2022-08-01 06:00:00,7.5,6.8,0.7
SONIPAT,KHARKHODA,KHARHAUDA,Sisnah,28.9,76.85833333,2022-10-01 00:00:00,4.02,5.18,1.16
SONIPAT,KHARKHODA,KHARHAUDA,Sisnah,28.9,76.85833333,2022-11-01 06:00:00,2.67,8.97,6.3
SONIPAT,KHARKHODA,KHARHAUDA,Sisnah,28.9,76.85833333,2023-08-20 00:00:00,4.93,6.8,1.87
SONIPAT,KHARKHODA,KHARHAUDA,Sisnah,28.9,76.85833333,2023-11-01 00:00:00,4.94,8.97,4.03
SONIPAT,KHARKHODA,KHARHAUDA,Sisnah,28.9,76.85833333,2024-01-01 00:00:00,4.67,5.69,1.02
SONIPAT,SONIPAT,RAI,Janti Khurd-Pz,28.84583333,77.15833333,2021-08-31 06:00:00,15.4,13.0,2.4
SONIPAT,SONIPAT,RAI,Janti Khurd-Pz,28.84583333,77.15833333,2022-05-20 06:00:00,12.13,15.23,3.1
SONIPAT,SONIPAT,RAI,Janti Khurd-Pz,28.84583333,77.15833333,2022-08-01 06:00:00,15.3,13.0,2.3
SONIPAT,SONIPAT,RAI,Janti Khurd-Pz,28.84583333,77.15833333,2022-10-01 00:00:00,15.1,13.17,1.93
SONIPAT,SONIPAT,RAI,Janti Khurd-Pz,28.84583333,77.15833333,2022-11-01 06:00:00,14.6,14.8,0.2
SONIPAT,SONIPAT,RAI,Jhakauli- Pz,28.93194444,77.16388889,2021-01-10 00:00:00,23.65,24.56,0.91
SONIPAT,SONIPAT,RAI,Jhakauli- Pz,28.93194444,77.16388889,2021-08-31 06:00:00,25.58,26.09,0.51
SONIPAT,SONIPAT,RAI,Jhakauli- Pz,28.93194444,77.16388889,2022-01-30 07:00:00,21.95,24.56,2.61
SONIPAT,SONIPAT,RAI,Jhakauli- Pz,28.93194444,77.16388889,2022-05-20 06:00:00,20.7,24.46,3.76
SONIPAT,SONIPAT,RAI,Jhakauli- Pz,28.93194444,77.16388889,2022-08-01 06:00:00,21.31,26.09,4.78
SONIPAT,SONIPAT,RAI,Jhakauli- Pz,28.93194444,77.16388889,2022-11-01 06:00:00,19.07,27.71,8.64
SONIPAT,SONIPAT,RAI,Jhakauli- Pz,28.93194444,77.16388889,2023-11-01 00:00:00,23.58,27.71,4.13
SONIPAT,SONIPAT,RAI,Kheaora,28.96666667,77.12083333,2022-08-01 06:00:00,29.15,30.64,1.49
SONIPAT,SONIPAT,RAI,Kheaora,28.96666667,77.12083333,2022-10-01 00:00:00,28.88,30.55,1.67
SONIPAT,SONIPAT,RAI,Kheaora,28.96666667,77.12083333,2022-11-01 06:00:00,29.44,32.03,2.59
SONIPAT,SONIPAT,RAI,Kheora1,28.96666667,77.12083333,2021-01-10 00:00:00,30.54,29.4,1.14
SONIPAT,SONIPAT,RAI,Kheora1,28.96666667,77.12083333,2021-08-31 06:00:00,31.89,30.58,1.31
SONIPAT,SONIPAT,RAI,Kheora1,28.96666667,77.12083333,2022-01-30 07:00:00,28.95,29.4,0.45
SONIPAT,SONIPAT,RAI,Kheora1,28.96666667,77.12083333,2022-05-20 06:00:00,27.3,29.66,2.36
SONIPAT,SONIPAT,RAI,Kheora1,28.96666667,77.12083333,2023-11-01 00:00:00,29.2,31.97,2.77
SONIPAT,SONIPAT,RAI,Kheora1,28.96666667,77.12083333,2024-01-01 00:00:00,29.08,29.4,0.32
SONIPAT,SONIPAT,RAI,Ladpur-Pz,28.91444444,77.03944444,2022-05-20 06:00:00,8.22,14.0,5.78
SONIPAT,SONIPAT,RAI,Manauli-Pz,28.90833333,77.18055556,2021-08-31 06:00:00,9.85,12.4,2.55
SONIPAT,SONIPAT,RAI,Nahri,28.86666667,77.04722222,2021-01-10 00:00:00,5.35,6.63,1.28
SONIPAT,SONIPAT,RAI,Nahri,28.86666667,77.04722222,2021-08-31 06:00:00,2.52,6.08,3.56
SONIPAT,SONIPAT,RAI,Nahri,28.86666667,77.04722222,2022-05-20 06:00:00,4.75,7.99,3.24
SONIPAT,SONIPAT,RAI,Nahri,28.86666667,77.04722222,2022-11-01 06:00:00,4.15,7.42,3.27
SONIPAT,SONIPAT,RAI,Rai(Bahalgarh),28.94166667,77.09583333,2022-05-20 06:00:00,26.47,27.16,0.69
SONIPAT,SONIPAT,RAI,Rai(Bahalgarh),28.94166667,77.09583333,2022-11-01 06:00:00,28.17,34.39,6.22
SONIPAT,SONIPAT,RAI,Rai(Bahalgarh),28.94166667,77.09583333,2023-08-20 00:00:00,28.12,27.3,0.82
SONIPAT,SONIPAT,RAI,Rai(Bahalgarh),28.94166667,77.09583333,2023-11-01 00:00:00,28.23,34.39,6.16
SONIPAT,SONIPAT,RAI,Rai(Bahalgarh),28.94166667,77.09583333,2024-01-01 00:00:00,27.18,34.54,7.36
SONIPAT,SONIPAT,RAI,Rai-Bahalgarh-Pz,28.94166667,77.09583333,2021-01-10 00:00:00,31.0,32.72,1.72
SONIPAT,SONIPAT,RAI,Rai-Bahalgarh-Pz,28.94166667,77.09583333,2021-08-31 06:00:00,32.45,32.14,0.31
SONIPAT,SONIPAT,RAI,Rai-Bahalgarh-Pz,28.94166667,77.09583333,2022-01-30 07:00:00,25.6,32.72,7.12
SONIPAT,SONIPAT,RAI,Rai-Bahalgarh-Pz,28.94166667,77.09583333,2022-05-20 06:00:00,27.77,27.41,0.36
SONIPAT,SONIPAT,RAI,Rai-Bahalgarh-Pz,28.94166667,77.09583333,2022-08-01 06:00:00,27.12,32.14,5.02
SONIPAT,SONIPAT,RAI,Rai-Bahalgarh-Pz,28.94166667,77.09583333,2022-10-01 00:00:00,26.95,31.09,4.14
SONIPAT,SONIPAT,RAI,Rasoi Pz,28.90277778,77.11388889,2021-08-31 06:00:00,21.46,25.69,4.23
SONIPAT,SONIPAT,RAI,Rasoi Pz,28.90277778,77.11388889,2022-01-30 07:00:00,17.2,22.31,5.11
SONIPAT,SONIPAT,RAI,Rasoi Pz,28.90277778,77.11388889,2022-05-20 06:00:00,18.8,20.87,2.07
SONIPAT,SONIPAT,RAI,Rasoi Pz,28.90277778,77.11388889,2022-08-01 06:00:00,19.13,25.69,6.56
SONIPAT,SONIPAT,RAI,Rasoi Pz,28.90277778,77.11388889,2022-10-01 00:00:00,18.76,18.77,0.01
SONIPAT,SONIPAT,RAI,Rasoi Pz,28.90277778,77.11388889,2022-11-01 06:00:00,19.04,24.07,5.03
SONIPAT,SONIPAT,RAI,Rasoi Pz,28.90277778,77.11388889,2023-11-01 00:00:00,15.88,24.07,8.19
SONIPAT,SONIPAT,RAI,Rasoi Pz,28.90277778,77.11388889,2024-01-01 00:00:00,19.18,22.31,3.13
SONIPAT,SONIPAT,RAI,Rathdhana-Pz,28.90833333,77.18055556,2021-08-31 06:00:00,12.3,27.01,14.71
SONIPAT,SONIPAT,RAI,Rathdhana-Pz,28.90833333,77.18055556,2022-05-20 06:00:00,24.0,26.51,2.51
SONIPAT,SONIPAT,RAI,Safiabad-Pz,28.88222222,77.07722222,2022-05-20 06:00:00,7.48,12.96,5.48
SONIPAT,SONIPAT,SONEPAT,Bagru-DW,28.99,76.93555556,2022-05-20 06:00:00,5.0,4.24,0.76
SONIPAT,SONIPAT,SONEPAT,Barauli,29.00777778,77.17027778,2021-01-10 00:00:00,1.47,12.74,11.27
SONIPAT,SONIPAT,SONEPAT,Barauli,29.00777778,77.17027778,2021-08-31 06:00:00,10.9,12.31,1.41
SONIPAT,SONIPAT,SONEPAT,Barauli,29.00777778,77.17027778,2022-01-30 07:00:00,8.48,12.74,4.26
SONIPAT,SONIPAT,SONEPAT,Barauli,29.00777778,77.17027778,2022-05-20 06:00:00,9.45,12.87,3.42
SONIPAT,SONIPAT,SONEPAT,Barauli,29.00777778,77.17027778,2022-08-01 06:00:00,10.11,12.31,2.2
SONIPAT,SONIPAT,SONEPAT,Barauli,29.00777778,77.17027778,2022-11-01 06:00:00,10.0,13.36,3.36
SONIPAT,SONIPAT,SONEPAT,Barauli,29.00777778,77.17027778,2023-11-01 00:00:00,9.25,13.36,4.11
SONIPAT,SONIPAT,SONEPAT,Barauli-Pz,29.01944444,77.02944444,2022-10-01 00:00:00,9.55,14.15,4.6
SONIPAT,SONIPAT,SONEPAT,Barauli-Pz,29.01944444,77.02944444,2023-08-20 00:00:00,9.43,14.33,4.9
SONIPAT,SONIPAT,SONEPAT,Barauli-Pz,29.01944444,77.02944444,2024-01-01 00:00:00,9.24,13.45,4.21
SONIPAT,SONIPAT,SONEPAT,Barswani,29.0125,76.9625,2022-05-20 06:00:00,5.5,6.15,0.65
SONIPAT,SONIPAT,SONEPAT,Barswani,29.0125,76.9625,2022-08-01 06:00:00,6.4,3.96,2.44
SONIPAT,SONIPAT,SONEPAT,Barswani,29.0125,76.9625,2022-10-01 00:00:00,5.55,7.36,1.81
SONIPAT,SONIPAT,SONEPAT,Barswani,29.0125,76.9625,2023-11-01 00:00:00,5.45,8.47,3.02
SONIPAT,SONIPAT,SONEPAT,Barswani DW,29.0125,76.9625,2023-08-20 00:00:00,5.45,5.91,0.46
SONIPAT,SONIPAT,SONEPAT,Barswani DW,29.0125,76.9625,2024-01-01 00:00:00,5.5,5.3,0.2
SONIPAT,SONIPAT,SONEPAT,Barwasni 1(s),29.0,76.96666667,2021-01-10 00:00:00,9.73,11.26,1.53
SONIPAT,SONIPAT,SONEPAT,Barwasni 1(s),29.0,76.96666667,2021-08-31 06:00:00,8.9,10.83,1.93
SONIPAT,SONIPAT,SONEPAT,Barwasni 1(s),29.0,76.96666667,2022-01-30 07:00:00,12.28,11.26,1.02
SONIPAT,SONIPAT,SONEPAT,Barwasni 1(s),29.0,76.96666667,2022-05-20 06:00:00,9.23,11.9,2.67
SONIPAT,SONIPAT,SONEPAT,Barwasni 1(s),29.0,76.96666667,2022-08-01 06:00:00,7.18,10.83,3.65
SONIPAT,SONIPAT,SONEPAT,Barwasni 1(s),29.0,76.96666667,2022-10-01 00:00:00,8.27,11.23,2.96
SONIPAT,SONIPAT,SONEPAT,Barwasni 1(s),29.0,76.96666667,2022-11-01 06:00:00,8.15,12.23,4.08
SONIPAT,SONIPAT,SONEPAT,Barwasni 1(s),29.0,76.96666667,2023-08-20 00:00:00,10.24,10.83,0.59
SONIPAT,SONIPAT,SONEPAT,Barwasni 1(s),29.0,76.96666667,2023-11-01 00:00:00,9.51,12.23,2.72
SONIPAT,SONIPAT,SONEPAT,Barwasni 2(d),29.0,76.96666667,2021-01-10 00:00:00,10.51,11.58,1.07
SONIPAT,SONIPAT,SONEPAT,Barwasni 2(d),29.0,76.96666667,2021-08-31 06:00:00,12.19,11.21,0.98
SONIPAT,SONIPAT,SONEPAT,Barwasni 2(d),29.0,76.96666667,2022-01-30 07:00:00,10.18,11.58,1.4
SONIPAT,SONIPAT,SONEPAT,Barwasni 2(d),29.0,76.96666667,2022-05-20 06:00:00,10.55,12.25,1.7
SONIPAT,SONIPAT,SONEPAT,Barwasni 2(d),29.0,76.96666667,2022-08-01 06:00:00,9.19,11.21,2.02
SONIPAT,SONIPAT,SONEPAT,Barwasni 2(d),29.0,76.96666667,2022-10-01 00:00:00,9.26,7.06,2.2
SONIPAT,SONIPAT,SONEPAT,Barwasni 2(d),29.0,76.96666667,2022-11-01 06:00:00,9.03,12.23,3.2
SONIPAT,SONIPAT,SONEPAT,Barwasni 2(d),29.0,76.96666667,2023-11-01 00:00:00,8.9,12.23,3.33
SONIPAT,SONIPAT,SONEPAT,Barwasni 2(d),29.0,76.96666667,2024-01-01 00:00:00,10.04,11.58,1.54
SONIPAT,SONIPAT,SONEPAT,Bohela,29.08055556,76.85611111,2021-01-10 00:00:00,3.18,3.94,0.76
SONIPAT,SONIPAT,SONEPAT,Bohela,29.08055556,76.85611111,2021-08-31 06:00:00,1.67,1.65,0.02
SONIPAT,SONIPAT,SONEPAT,Bohela,29.08055556,76.85611111,2022-01-30 07:00:00,2.95,3.94,0.99
SONIPAT,SONIPAT,SONEPAT,Bohela,29.08055556,76.85611111,2022-08-01 06:00:00,0.5,1.65,1.15
SONIPAT,SONIPAT,SONEPAT,Bohela,29.08055556,76.85611111,2022-10-01 00:00:00,0.8,2.32,1.52
SONIPAT,SONIPAT,SONEPAT,Bohela,29.08055556,76.85611111,2022-11-01 06:00:00,1.37,3.75,2.38
SONIPAT,SONIPAT,SONEPAT,Chitana-DW,29.03777778,76.94194444,2022-05-20 06:00:00,5.3,5.37,0.07
SONIPAT,SONIPAT,SONEPAT,Juan-DW,29.0625,76.90055556,2022-05-20 06:00:00,10.0,7.94,2.06
SONIPAT,SONIPAT,SONEPAT,Kami- PZ,29.02916667,77.01666667,2021-08-31 06:00:00,40.5,42.83,2.33
SONIPAT,SONIPAT,SONEPAT,Machhri,29.05416667,76.85833333,2021-01-10 00:00:00,4.56,5.37,0.81
SONIPAT,SONIPAT,SONEPAT,Machhri,29.05416667,76.85833333,2021-08-31 06:00:00,3.59,4.14,0.55
SONIPAT,SONIPAT,SONEPAT,Machhri,29.05416667,76.85833333,2022-05-20 06:00:00,5.95,5.69,0.26
SONIPAT,SONIPAT,SONEPAT,Murthal-Pz,29.04055556,77.09111111,2021-01-10 00:00:00,35.47,34.31,1.16
SONIPAT,SONIPAT,SONEPAT,Murthal-Pz,29.04055556,77.09111111,2021-08-31 06:00:00,36.1,35.31,0.79
SONIPAT,SONIPAT,SONEPAT,Murthal-Pz,29.04055556,77.09111111,2022-01-30 07:00:00,32.25,34.31,2.06
SONIPAT,SONIPAT,SONEPAT,Murthal-Pz,29.04055556,77.09111111,2022-05-20 06:00:00,33.1,33.81,0.71
SONIPAT,SONIPAT,SONEPAT,Murthal-Pz,29.04055556,77.09111111,2022-08-01 06:00:00,34.6,35.31,0.71
SONIPAT,SONIPAT,SONEPAT,Murthal-Pz,29.04055556,77.09111111,2022-10-01 00:00:00,33.22,35.29,2.07
SONIPAT,SONIPAT,SONEPAT,Murthal-Pz,29.04055556,77.09111111,2022-11-01 06:00:00,33.82,37.91,4.09
SONIPAT,SONIPAT,SONEPAT,Murthal-Pz,29.04055556,77.09111111,2023-08-20 00:00:00,33.57,35.31,1.74
SONIPAT,SONIPAT,SONEPAT,Murthal-Pz,29.04055556,77.09111111,2023-11-01 00:00:00,34.27,37.91,3.64
SONIPAT,SONIPAT,SONEPAT,Murthal-Pz,29.04055556,77.09111111,2024-01-01 00:00:00,34.35,34.31,0.04
SONIPAT,SONIPAT,SONEPAT,Pinana,29.06111111,76.83333333,2021-01-10 00:00:00,5.97,6.32,0.35
SONIPAT,SONIPAT,SONEPAT,Pinana,29.06111111,76.83333333,2021-08-31 06:00:00,6.75,7.19,0.44
SONIPAT,SONIPAT,SONEPAT,Pinana,29.06111111,76.83333333,2022-01-30 07:00:00,5.2,6.32,1.12
SONIPAT,SONIPAT,SONEPAT,Pinana,29.06111111,76.83333333,2022-05-20 06:00:00,4.95,7.59,2.64
SONIPAT,SONIPAT,SONEPAT,Pinana,29.06111111,76.83333333,2022-08-01 06:00:00,5.27,7.19,1.92
SONIPAT,SONIPAT,SONEPAT,Pinana,29.06111111,76.83333333,2022-10-01 00:00:00,5.07,6.04,0.97
SONIPAT,SONIPAT,SONEPAT,Pinana,29.06111111,76.83333333,2022-11-01 06:00:00,4.26,8.61,4.35
SONIPAT,SONIPAT,SONEPAT,Pinana,29.06111111,76.83333333,2023-08-20 00:00:00,4.96,7.19,2.23
SONIPAT,SONIPAT,SONEPAT,Pinana,29.06111111,76.83333333,2023-11-01 00:00:00,5.22,8.61,3.39
SONIPAT,SONIPAT,SONEPAT,Pinana,29.06111111,76.83333333,2024-01-01 00:00:00,5.38,6.32,0.94
YAMUNANAGAR,-,-,Sandhaia,29.981108,77.218311,2024-01-01 00:00:00,5.47,8.08,2.61
YAMUNANAGAR,BILASPUR,BILASPUR,Bilaspur1,30.3,77.3,2021-08-31 06:00:00,5.4,7.74,2.34
YAMUNANAGAR,BILASPUR,BILASPUR,Bilaspur1,30.3,77.3,2022-05-20 06:00:00,4.8,7.24,2.44
YAMUNANAGAR,BILASPUR,BILASPUR,Bilaspur1,30.3,77.3,2023-01-01 00:00:00,3.25,5.38,2.13
YAMUNANAGAR,BILASPUR,BILASPUR,Bilaspur1,30.3,77.3,2023-08-20 00:00:00,2.86,7.74,4.88
YAMUNANAGAR,BILASPUR,BILASPUR,Bilaspur1,30.3,77.3,2023-11-01 00:00:00,3.31,5.51,2.2
YAMUNANAGAR,BILASPUR,BILASPUR,Bilaspur1,30.3,77.3,2024-01-01 00:00:00,3.04,5.38,2.34
YAMUNANAGAR,BILASPUR,BILASPUR,Bilaspur2,30.3,77.3,2021-01-10 00:00:00,3.34,12.18,8.84
YAMUNANAGAR,BILASPUR,BILASPUR,Bilaspur2,30.3,77.3,2021-08-31 06:00:00,5.4,3.02,2.38
YAMUNANAGAR,BILASPUR,BILASPUR,Bilaspur2,30.3,77.3,2021-11-30 06:00:00,4.09,3.85,0.24
YAMUNANAGAR,BILASPUR,BILASPUR,Bilaspur2,30.3,77.3,2022-01-30 07:00:00,3.91,12.18,8.27
YAMUNANAGAR,BILASPUR,BILASPUR,Bilaspur2,30.3,77.3,2022-05-20 06:00:00,3.8,7.24,3.44
YAMUNANAGAR,BILASPUR,BILASPUR,Bilaspur2,30.3,77.3,2022-08-01 06:00:00,3.3,3.02,0.28
YAMUNANAGAR,BILASPUR,BILASPUR,Bilaspur2,30.3,77.3,2022-11-01 06:00:00,2.06,3.85,1.79
YAMUNANAGAR,BILASPUR,BILASPUR,Bilaspur2,30.3,77.3,2023-06-01 00:00:00,4.47,6.69,2.22
YAMUNANAGAR,BILASPUR,SADHAURA,Kotla D,30.45,77.28333333,2022-05-20 06:00:00,16.45,16.21,0.24
YAMUNANAGAR,BILASPUR,SADHAURA,Rasulpur,30.44722222,77.21666667,2021-01-10 00:00:00,8.18,11.54,3.36
YAMUNANAGAR,BILASPUR,SADHAURA,Rasulpur,30.44722222,77.21666667,2022-08-01 06:00:00,9.23,9.97,0.74
YAMUNANAGAR,BILASPUR,SADHAURA,Rasulpur,30.44722222,77.21666667,2022-11-01 06:00:00,7.47,10.72,3.25
YAMUNANAGAR,BILASPUR,SADHAURA,Rasulpur,30.44722222,77.21666667,2023-01-01 00:00:00,8.23,11.54,3.31
YAMUNANAGAR,BILASPUR,SADHAURA,Rasulpur DW,30.4472,77.2167,2023-08-20 00:00:00,5.86,4.45,1.41
YAMUNANAGAR,BILASPUR,SADHAURA,Rasulpur DW,30.4472,77.2167,2023-11-01 00:00:00,5.93,5.01,0.92
YAMUNANAGAR,BILASPUR,SADHAURA,Rasulpur DW,30.4472,77.2167,2024-01-01 00:00:00,6.6,5.43,1.17
YAMUNANAGAR,BILASPUR,SADHAURA,Rasulpur1,30.44722222,77.21666667,2021-08-31 06:00:00,9.7,7.14,2.56
YAMUNANAGAR,BILASPUR,SADHAURA,Rasulpur1,30.44722222,77.21666667,2021-11-30 06:00:00,9.18,6.86,2.32
YAMUNANAGAR,BILASPUR,SADHAURA,Rasulpur1,30.44722222,77.21666667,2022-01-30 07:00:00,9.23,6.83,2.4
YAMUNANAGAR,BILASPUR,SADHAURA,Rasulpur1,30.44722222,77.21666667,2022-05-20 06:00:00,9.33,7.67,1.66
YAMUNANAGAR,BILASPUR,SADHAURA,Rasulpur1,30.44722222,77.21666667,2023-06-01 00:00:00,8.94,7.31,1.63
YAMUNANAGAR,BILASPUR,SADHAURA,Sabri,30.35833333,77.24583333,2021-08-31 06:00:00,6.4,2.53,3.87
YAMUNANAGAR,BILASPUR,SADHAURA,Sabri,30.35833333,77.24583333,2021-11-30 06:00:00,5.4,5.69,0.29
YAMUNANAGAR,BILASPUR,SADHAURA,Sabri,30.35833333,77.24583333,2022-01-30 07:00:00,8.88,4.01,4.87
YAMUNANAGAR,BILASPUR,SADHAURA,Sabri,30.35833333,77.24583333,2022-05-20 06:00:00,5.98,7.22,1.24
YAMUNANAGAR,BILASPUR,SADHAURA,Sabri,30.35833333,77.24583333,2022-08-01 06:00:00,5.1,2.53,2.57
YAMUNANAGAR,BILASPUR,SADHAURA,Sabri,30.35833333,77.24583333,2022-11-01 06:00:00,4.55,5.69,1.14
YAMUNANAGAR,BILASPUR,SADHAURA,Sabri,30.35833333,77.24583333,2023-06-01 00:00:00,6.46,6.69,0.23
YAMUNANAGAR,BILASPUR,SADHAURA,Sabri,30.35833333,77.24583333,2023-08-20 00:00:00,4.1,2.53,1.57
YAMUNANAGAR,BILASPUR,SADHAURA,Sabri,30.35833333,77.24583333,2024-01-01 00:00:00,5.18,4.01,1.17
YAMUNANAGAR,BILASPUR,SADHAURA,Sadhaura,30.4,77.22083333,2021-01-10 00:00:00,4.83,4.26,0.57
YAMUNANAGAR,BILASPUR,SADHAURA,Sadhaura,30.4,77.22083333,2021-08-31 06:00:00,6.37,3.25,3.12
YAMUNANAGAR,BILASPUR,SADHAURA,Sadhaura,30.4,77.22083333,2021-11-30 06:00:00,4.07,4.71,0.64
YAMUNANAGAR,BILASPUR,SADHAURA,Sadhaura,30.4,77.22083333,2022-05-20 06:00:00,3.68,6.55,2.87
YAMUNANAGAR,BILASPUR,SADHAURA,Sadhaura,30.4,77.22083333,2022-11-01 06:00:00,3.51,4.71,1.2
YAMUNANAGAR,BILASPUR,SADHAURA,Sadhaura,30.4,77.22083333,2023-01-01 00:00:00,26.77,4.26,22.51
YAMUNANAGAR,BILASPUR,SADHAURA,Sadhaura,30.4,77.22083333,2023-08-20 00:00:00,3.39,3.25,0.14
YAMUNANAGAR,BILASPUR,SADHAURA,Sadhaura,30.4,77.22083333,2023-11-01 00:00:00,5.52,4.71,0.81
YAMUNANAGAR,BILASPUR,SADHAURA,Sadhaura M,30.38333333,77.225,2021-01-10 00:00:00,38.59,32.34,6.25
YAMUNANAGAR,BILASPUR,SADHAURA,Sadhaura M,30.38333333,77.225,2022-01-30 07:00:00,40.24,32.34,7.9
YAMUNANAGAR,BILASPUR,SADHAURA,Sadhaura M,30.38333333,77.225,2022-05-20 06:00:00,45.75,45.18,0.57
YAMUNANAGAR,BILASPUR,SADHAURA,Sadhaura M,30.38333333,77.225,2022-08-01 06:00:00,55.85,47.01,8.84
YAMUNANAGAR,BILASPUR,SADHAURA,Sadhaura M,30.38333333,77.225,2022-11-01 06:00:00,42.28,40.46,1.82
YAMUNANAGAR,BILASPUR,SADHAURA,Sadhaura M,30.38333333,77.225,2023-01-01 00:00:00,38.85,32.34,6.51
YAMUNANAGAR,BILASPUR,SADHAURA,Sadhaura M,30.38333333,77.225,2023-06-01 00:00:00,45.05,44.16,0.89
YAMUNANAGAR,BILASPUR,SADHAURA,Sadhaura M,30.38333333,77.225,2023-11-01 00:00:00,43.0,40.46,2.54
YAMUNANAGAR,BILASPUR,SADHAURA,Sadhaura S,30.38333333,77.21666667,2021-01-10 00:00:00,3.78,6.23,2.45
YAMUNANAGAR,BILASPUR,SADHAURA,Sadhaura S,30.38333333,77.21666667,2022-01-30 07:00:00,4.17,6.23,2.06
YAMUNANAGAR,BILASPUR,SADHAURA,Sadhaura S,30.38333333,77.21666667,2022-05-20 06:00:00,4.41,7.72,3.31
YAMUNANAGAR,BILASPUR,SADHAURA,Sadhaura S,30.38333333,77.21666667,2022-08-01 06:00:00,4.92,5.76,0.84
YAMUNANAGAR,BILASPUR,SADHAURA,Sadhaura S,30.38333333,77.21666667,2022-11-01 06:00:00,3.45,11.41,7.96
YAMUNANAGAR,BILASPUR,SADHAURA,Sadhaura S,30.38333333,77.21666667,2023-01-01 00:00:00,3.66,6.23,2.57
YAMUNANAGAR,BILASPUR,SADHAURA,Sadhaura S,30.38333333,77.21666667,2023-06-01 00:00:00,5.17,7.22,2.05
YAMUNANAGAR,BILASPUR,SADHAURA,Sadhaura S,30.38333333,77.21666667,2023-11-01 00:00:00,3.04,11.41,8.37
YAMUNANAGAR,BILASPUR,SADHAURA,Sadhaura S,30.38333333,77.21666667,2024-01-01 00:00:00,3.47,6.23,2.76
YAMUNANAGAR,BILASPUR,SADHAURA,Sadhaura1,30.4,77.22083333,2021-08-31 06:00:00,6.25,5.29,0.96
YAMUNANAGAR,BILASPUR,SADHAURA,Sadhaura1,30.4,77.22083333,2022-05-20 06:00:00,3.05,7.31,4.26
YAMUNANAGAR,BILASPUR,SADHAURA,Sadhaura1,30.4,77.22083333,2022-08-01 06:00:00,7.96,5.29,2.67
YAMUNANAGAR,BILASPUR,SADHAURA,Sadhaura1,30.4,77.22083333,2024-01-01 00:00:00,5.42,7.17,1.75
YAMUNANAGAR,BILASPUR,SADHAURA,Salehpur-DW,30.45,77.23333333,2022-05-20 06:00:00,9.58,8.03,1.55
YAMUNANAGAR,CHACHHRAULI,CHACHHRAULI,Chachrauli,30.25,77.33333333,2023-01-01 00:00:00,13.33,12.13,1.2
YAMUNANAGAR,CHACHHRAULI,CHACHHRAULI,Chachrauli,30.25,77.33333333,2023-11-01 00:00:00,13.12,11.68,1.44
YAMUNANAGAR,CHACHHRAULI,CHACHHRAULI,Chhachhrauli,30.24583333,77.35,2022-05-20 06:00:00,6.73,12.8,6.07
YAMUNANAGAR,CHACHHRAULI,CHACHHRAULI,Chhachrauli S,30.25,77.33333333,2021-01-10 00:00:00,12.83,11.56,1.27
YAMUNANAGAR,CHACHHRAULI,CHACHHRAULI,Chhachrauli S,30.25,77.33333333,2021-08-31 06:00:00,18.2,13.21,4.99
YAMUNANAGAR,CHACHHRAULI,CHACHHRAULI,Chhachrauli S,30.25,77.33333333,2021-11-30 06:00:00,11.98,12.88,0.9
YAMUNANAGAR,CHACHHRAULI,CHACHHRAULI,Chhachrauli S,30.25,77.33333333,2022-01-30 07:00:00,5.88,11.56,5.68
YAMUNANAGAR,CHACHHRAULI,CHACHHRAULI,Chhachrauli S,30.25,77.33333333,2022-05-20 06:00:00,16.7,15.28,1.42
YAMUNANAGAR,CHACHHRAULI,CHACHHRAULI,Chhachrauli S,30.25,77.33333333,2022-08-01 06:00:00,18.9,13.21,5.69
YAMUNANAGAR,CHACHHRAULI,CHACHHRAULI,Chhachrauli S,30.25,77.33333333,2022-11-01 06:00:00,13.87,12.88,0.99
YAMUNANAGAR,CHACHHRAULI,CHACHHRAULI,Chhachrauli S,30.25,77.33333333,2023-06-01 00:00:00,17.93,14.94,2.99
YAMUNANAGAR,CHACHHRAULI,CHACHHRAULI,Chhachrauli S,30.25,77.33333333,2023-08-20 00:00:00,12.37,13.21,0.84
YAMUNANAGAR,CHACHHRAULI,CHACHHRAULI,Choli,30.27916667,77.34166667,2021-01-10 00:00:00,1.12,2.41,1.29
YAMUNANAGAR,CHACHHRAULI,CHACHHRAULI,Choli,30.27916667,77.34166667,2021-08-31 06:00:00,1.3,1.31,0.01
YAMUNANAGAR,CHACHHRAULI,CHACHHRAULI,Choli,30.27916667,77.34166667,2021-11-30 06:00:00,0.66,1.79,1.13
YAMUNANAGAR,CHACHHRAULI,CHACHHRAULI,Choli,30.27916667,77.34166667,2022-01-30 07:00:00,0.51,2.41,1.9
YAMUNANAGAR,CHACHHRAULI,CHACHHRAULI,Choli,30.27916667,77.34166667,2022-05-20 06:00:00,4.85,3.2,1.65
YAMUNANAGAR,CHACHHRAULI,CHACHHRAULI,Choli,30.27916667,77.34166667,2022-08-01 06:00:00,0.99,1.31,0.32
YAMUNANAGAR,CHACHHRAULI,CHACHHRAULI,Choli,30.27916667,77.34166667,2022-11-01 06:00:00,0.29,1.79,1.5
YAMUNANAGAR,CHACHHRAULI,CHACHHRAULI,Choli,30.27916667,77.34166667,2023-01-01 00:00:00,0.89,2.41,1.52
YAMUNANAGAR,CHACHHRAULI,CHACHHRAULI,Choli,30.27916667,77.34166667,2023-06-01 00:00:00,1.45,2.72,1.27
YAMUNANAGAR,CHACHHRAULI,CHACHHRAULI,Choli,30.27916667,77.34166667,2023-08-20 00:00:00,0.41,1.31,0.9
YAMUNANAGAR,CHACHHRAULI,CHACHHRAULI,Choli,30.27916667,77.34166667,2024-01-01 00:00:00,0.8,2.41,1.61
YAMUNANAGAR,CHACHHRAULI,CHACHHRAULI,Khizrabad,30.3,77.4875,2021-01-10 00:00:00,16.61,16.32,0.29
YAMUNANAGAR,CHACHHRAULI,CHACHHRAULI,Khizrabad,30.3,77.4875,2021-08-31 06:00:00,18.2,16.8,1.4
YAMUNANAGAR,CHACHHRAULI,CHACHHRAULI,Khizrabad,30.3,77.4875,2021-11-30 06:00:00,15.3,16.58,1.28
YAMUNANAGAR,CHACHHRAULI,CHACHHRAULI,Khizrabad,30.3,77.4875,2022-01-30 07:00:00,15.34,16.32,0.98
YAMUNANAGAR,CHACHHRAULI,CHACHHRAULI,Khizrabad,30.3,77.4875,2022-05-20 06:00:00,18.38,15.85,2.53
YAMUNANAGAR,CHACHHRAULI,CHACHHRAULI,Khizrabad,30.3,77.4875,2022-08-01 06:00:00,20.22,16.8,3.42
YAMUNANAGAR,CHACHHRAULI,CHACHHRAULI,Khizrabad,30.3,77.4875,2022-11-01 06:00:00,15.84,16.58,0.74
YAMUNANAGAR,CHACHHRAULI,CHACHHRAULI,Khizrabad,30.3,77.4875,2023-01-01 00:00:00,15.67,16.32,0.65
YAMUNANAGAR,CHACHHRAULI,CHACHHRAULI,Khizrabad,30.3,77.4875,2023-08-20 00:00:00,13.5,16.8,3.3
YAMUNANAGAR,CHACHHRAULI,CHACHHRAULI,Mandoli Gaggar OW,30.1578,77.4138,2023-08-20 00:00:00,2.68,8.63,5.95
YAMUNANAGAR,CHACHHRAULI,CHACHHRAULI,Mandoli Gaggar OW,30.1578,77.4138,2023-11-01 00:00:00,3.47,8.85,5.38
YAMUNANAGAR,CHACHHRAULI,CHACHHRAULI,Mandoli Gaggar OW,30.1578,77.4138,2024-01-01 00:00:00,3.75,9.41,5.66
YAMUNANAGAR,CHACHHRAULI,CHACHHRAULI,Nagal Patti-DW,30.31666667,77.51666667,2022-05-20 06:00:00,26.73,27.53,0.8
YAMUNANAGAR,JAGADHRI,JAGADHRI,Bari Kanari-Pz,30.18333333,77.18333333,2022-05-20 06:00:00,27.65,27.21,0.44
YAMUNANAGAR,JAGADHRI,JAGADHRI,Bhambauli-1 (m),30.16666667,77.2,2021-01-10 00:00:00,18.9,18.93,0.03
YAMUNANAGAR,JAGADHRI,JAGADHRI,Bhambauli-1 (m),30.16666667,77.2,2022-05-20 06:00:00,19.42,27.72,8.3
YAMUNANAGAR,JAGADHRI,JAGADHRI,Bhambauli-1 (m),30.16666667,77.2,2022-08-01 06:00:00,21.02,21.64,0.62
YAMUNANAGAR,JAGADHRI,JAGADHRI,Bhambauli-1 (m),30.16666667,77.2,2022-11-01 06:00:00,20.61,18.95,1.66
YAMUNANAGAR,JAGADHRI,JAGADHRI,Bhambauli-1 (m),30.16666667,77.2,2023-01-01 00:00:00,23.22,18.93,4.29
YAMUNANAGAR,JAGADHRI,JAGADHRI,Bhambauli-1 (m),30.16666667,77.2,2023-06-01 00:00:00,24.03,27.78,3.75
YAMUNANAGAR,JAGADHRI,JAGADHRI,Bhambauli-1 (m),30.16666667,77.2,2023-08-20 00:00:00,20.86,21.64,0.78
YAMUNANAGAR,JAGADHRI,JAGADHRI,Bhambauli-1 (m),30.16666667,77.2,2023-11-01 00:00:00,21.14,18.95,2.19
YAMUNANAGAR,JAGADHRI,JAGADHRI,Bhambauli-2 (d),30.16666667,77.2,2021-01-10 00:00:00,21.59,24.46,2.87
YAMUNANAGAR,JAGADHRI,JAGADHRI,Bhambauli-2 (d),30.16666667,77.2,2021-08-31 06:00:00,29.2,25.99,3.21
YAMUNANAGAR,JAGADHRI,JAGADHRI,Bhambauli-2 (d),30.16666667,77.2,2021-11-30 06:00:00,23.99,28.26,4.27
YAMUNANAGAR,JAGADHRI,JAGADHRI,Bhambauli-2 (d),30.16666667,77.2,2022-05-20 06:00:00,22.82,21.49,1.33
YAMUNANAGAR,JAGADHRI,JAGADHRI,Bhambauli-2 (d),30.16666667,77.2,2022-08-01 06:00:00,25.43,25.99,0.56
YAMUNANAGAR,JAGADHRI,JAGADHRI,Bhambauli-2 (d),30.16666667,77.2,2022-11-01 06:00:00,24.28,28.26,3.98
YAMUNANAGAR,JAGADHRI,JAGADHRI,Bhambauli-2 (d),30.16666667,77.2,2023-01-01 00:00:00,19.86,24.46,4.6
YAMUNANAGAR,JAGADHRI,JAGADHRI,Bhambauli-2 (d),30.16666667,77.2,2023-06-01 00:00:00,20.75,21.14,0.39
YAMUNANAGAR,JAGADHRI,JAGADHRI,Bhambauli-2 (d),30.16666667,77.2,2023-08-20 00:00:00,19.25,25.99,6.74
YAMUNANAGAR,JAGADHRI,JAGADHRI,Bhambauli-2 (d),30.16666667,77.2,2023-11-01 00:00:00,19.62,28.26,8.64
YAMUNANAGAR,JAGADHRI,JAGADHRI,Damla-Pz,30.08333333,77.21666667,2022-05-20 06:00:00,12.65,14.49,1.84
YAMUNANAGAR,JAGADHRI,JAGADHRI,Dhaurang M,30.06666667,77.19166667,2022-05-20 06:00:00,16.03,17.28,1.25
YAMUNANAGAR,JAGADHRI,JAGADHRI,Dhaurang M,30.06666667,77.19166667,2023-01-01 00:00:00,18.57,16.08,2.49
YAMUNANAGAR,JAGADHRI,JAGADHRI,Dhaurang M,30.06666667,77.19166667,2023-08-20 00:00:00,13.38,16.35,2.97
YAMUNANAGAR,JAGADHRI,JAGADHRI,Dhaurang M,30.06666667,77.19166667,2023-11-01 00:00:00,7.03,15.23,8.2
YAMUNANAGAR,JAGADHRI,JAGADHRI,Dhaurang M,30.06666667,77.19166667,2024-01-01 00:00:00,17.1,16.08,1.02
YAMUNANAGAR,JAGADHRI,JAGADHRI,Dhaurang S,30.06666667,77.19166667,2021-11-30 06:00:00,15.68,18.29,2.61
YAMUNANAGAR,JAGADHRI,JAGADHRI,Dhaurang S,30.06666667,77.19166667,2022-05-20 06:00:00,19.92,19.9,0.02
YAMUNANAGAR,JAGADHRI,JAGADHRI,Dhaurang S,30.06666667,77.19166667,2022-08-01 06:00:00,17.02,19.33,2.31
YAMUNANAGAR,JAGADHRI,JAGADHRI,Dhaurang S,30.06666667,77.19166667,2023-01-01 00:00:00,14.66,18.89,4.23
YAMUNANAGAR,JAGADHRI,JAGADHRI,Dhaurang S,30.06666667,77.19166667,2023-06-01 00:00:00,16.35,19.56,3.21
YAMUNANAGAR,JAGADHRI,JAGADHRI,Dhaurang S,30.06666667,77.19166667,2023-11-01 00:00:00,38.66,18.29,20.37
YAMUNANAGAR,JAGADHRI,JAGADHRI,Dhaurang S,30.06666667,77.19166667,2024-01-01 00:00:00,14.69,18.89,4.2
YAMUNANAGAR,JAGADHRI,JAGADHRI,Fatehpur-Pz,30.21666667,77.11666667,2022-05-20 06:00:00,14.05,8.68,5.37
YAMUNANAGAR,JAGADHRI,JAGADHRI,Jagadhri-Pz,30.16666667,77.3,2022-05-20 06:00:00,18.45,17.74,0.71
YAMUNANAGAR,JAGADHRI,JAGADHRI,Mustafabad,30.19583333,77.14583333,2021-01-10 00:00:00,6.07,6.08,0.01
YAMUNANAGAR,JAGADHRI,JAGADHRI,Mustafabad,30.19583333,77.14583333,2021-11-30 06:00:00,5.57,11.24,5.67
YAMUNANAGAR,JAGADHRI,JAGADHRI,Mustafabad,30.19583333,77.14583333,2022-01-30 07:00:00,5.78,6.08,0.3
YAMUNANAGAR,JAGADHRI,JAGADHRI,Mustafabad,30.19583333,77.14583333,2022-05-20 06:00:00,7.7,8.17,0.47
YAMUNANAGAR,JAGADHRI,JAGADHRI,Mustafabad,30.19583333,77.14583333,2022-08-01 06:00:00,5.27,3.79,1.48
YAMUNANAGAR,JAGADHRI,JAGADHRI,Mustafabad,30.19583333,77.14583333,2022-11-01 06:00:00,4.18,11.24,7.06
YAMUNANAGAR,JAGADHRI,JAGADHRI,Mustafabad,30.19583333,77.14583333,2023-01-01 00:00:00,5.93,6.08,0.15
YAMUNANAGAR,JAGADHRI,JAGADHRI,Mustafabad DW,30.1969,77.1472,2023-08-20 00:00:00,6.35,4.97,1.38
YAMUNANAGAR,JAGADHRI,JAGADHRI,Mustafabad DW,30.1969,77.1472,2023-11-01 00:00:00,4.38,5.24,0.86
YAMUNANAGAR,JAGADHRI,JAGADHRI,Mustafabad DW,30.1969,77.1472,2024-01-01 00:00:00,5.35,5.79,0.44
YAMUNANAGAR,JAGADHRI,JAGADHRI,Mustafabad1,30.20416667,77.15,2022-05-20 06:00:00,9.85,13.02,3.17
YAMUNANAGAR,JAGADHRI,JAGADHRI,Mustafabad1,30.20416667,77.15,2023-01-01 00:00:00,11.19,7.0,4.19
YAMUNANAGAR,JAGADHRI,JAGADHRI,Mustafabad1,30.20416667,77.15,2023-06-01 00:00:00,13.25,12.68,0.57
YAMUNANAGAR,JAGADHRI,JAGADHRI,Mustafabad1,30.20416667,77.15,2023-11-01 00:00:00,9.99,14.12,4.13
YAMUNANAGAR,JAGADHRI,JAGADHRI,Mustafabad1,30.20416667,77.15,2024-01-01 00:00:00,11.94,7.0,4.94
YAMUNANAGAR,JAGADHRI,JAGADHRI,Naggal M,30.06944444,77.28083333,2021-01-10 00:00:00,4.98,6.48,1.5
YAMUNANAGAR,JAGADHRI,JAGADHRI,Naggal M,30.06944444,77.28083333,2021-08-31 06:00:00,7.74,6.13,1.61
YAMUNANAGAR,JAGADHRI,JAGADHRI,Naggal M,30.06944444,77.28083333,2021-11-30 06:00:00,6.08,5.8,0.28
YAMUNANAGAR,JAGADHRI,JAGADHRI,Naggal M,30.06944444,77.28083333,2022-01-30 07:00:00,5.88,6.48,0.6
YAMUNANAGAR,JAGADHRI,JAGADHRI,Naggal M,30.06944444,77.28083333,2022-05-20 06:00:00,6.98,7.77,0.79
YAMUNANAGAR,JAGADHRI,JAGADHRI,Naggal M,30.06944444,77.28083333,2022-08-01 06:00:00,7.68,6.13,1.55
YAMUNANAGAR,JAGADHRI,JAGADHRI,Naggal M,30.06944444,77.28083333,2022-11-01 06:00:00,6.25,5.8,0.45
YAMUNANAGAR,JAGADHRI,JAGADHRI,Naggal M,30.06944444,77.28083333,2023-01-01 00:00:00,6.2,6.48,0.28
YAMUNANAGAR,JAGADHRI,JAGADHRI,Naggal M,30.06944444,77.28083333,2023-06-01 00:00:00,7.8,7.3,0.5
YAMUNANAGAR,JAGADHRI,JAGADHRI,Naggal M,30.06944444,77.28083333,2023-08-20 00:00:00,5.34,6.13,0.79
YAMUNANAGAR,JAGADHRI,JAGADHRI,Naggal M,30.06944444,77.28083333,2023-11-01 00:00:00,3.62,5.8,2.18
YAMUNANAGAR,JAGADHRI,JAGADHRI,Naggal1,30.06944444,77.28083333,2021-01-10 00:00:00,3.07,4.55,1.48
YAMUNANAGAR,JAGADHRI,JAGADHRI,Naggal1,30.06944444,77.28083333,2021-08-31 06:00:00,5.4,2.61,2.79
YAMUNANAGAR,JAGADHRI,JAGADHRI,Naggal1,30.06944444,77.28083333,2021-11-30 06:00:00,4.42,4.56,0.14
YAMUNANAGAR,JAGADHRI,JAGADHRI,Naggal1,30.06944444,77.28083333,2022-01-30 07:00:00,4.44,4.55,0.11
YAMUNANAGAR,JAGADHRI,JAGADHRI,Naggal1,30.06944444,77.28083333,2022-05-20 06:00:00,5.22,6.12,0.9
YAMUNANAGAR,JAGADHRI,JAGADHRI,Naggal1,30.06944444,77.28083333,2022-08-01 06:00:00,5.85,2.61,3.24
YAMUNANAGAR,JAGADHRI,JAGADHRI,Naggal1,30.06944444,77.28083333,2022-11-01 06:00:00,4.7,4.56,0.14
YAMUNANAGAR,JAGADHRI,JAGADHRI,Naggal1,30.06944444,77.28083333,2023-01-01 00:00:00,4.87,4.55,0.32
YAMUNANAGAR,JAGADHRI,JAGADHRI,Naggal1,30.06944444,77.28083333,2024-01-01 00:00:00,4.48,4.55,0.07
YAMUNANAGAR,JAGADHRI,JAGADHRI,Sabapur Ew M,30.11027778,77.3625,2021-01-10 00:00:00,3.22,12.45,9.23
YAMUNANAGAR,JAGADHRI,JAGADHRI,Sabapur Ew M,30.11027778,77.3625,2021-08-31 06:00:00,4.02,2.66,1.36
YAMUNANAGAR,JAGADHRI,JAGADHRI,Sabapur Ew M,30.11027778,77.3625,2021-11-30 06:00:00,3.14,4.45,1.31
YAMUNANAGAR,JAGADHRI,JAGADHRI,Sabapur Ew M,30.11027778,77.3625,2022-01-30 07:00:00,3.8,12.45,8.65
YAMUNANAGAR,JAGADHRI,JAGADHRI,Sabapur Ew M,30.11027778,77.3625,2022-05-20 06:00:00,4.54,5.47,0.93
YAMUNANAGAR,JAGADHRI,JAGADHRI,Sabapur Ew M,30.11027778,77.3625,2022-08-01 06:00:00,4.24,2.66,1.58
YAMUNANAGAR,JAGADHRI,JAGADHRI,Sabapur Ew M,30.11027778,77.3625,2022-11-01 06:00:00,2.14,4.45,2.31
YAMUNANAGAR,JAGADHRI,JAGADHRI,Sabapur Ew M,30.11027778,77.3625,2023-01-01 00:00:00,2.74,12.45,9.71
YAMUNANAGAR,JAGADHRI,JAGADHRI,Sabapur Ew M,30.11027778,77.3625,2023-06-01 00:00:00,4.15,4.88,0.73
YAMUNANAGAR,JAGADHRI,JAGADHRI,Sabapur Ew M,30.11027778,77.3625,2023-08-20 00:00:00,1.43,2.66,1.23
YAMUNANAGAR,JAGADHRI,JAGADHRI,Sabapur Ew M,30.11027778,77.3625,2023-11-01 00:00:00,2.07,4.45,2.38
YAMUNANAGAR,JAGADHRI,JAGADHRI,Sabapur Ew S,30.11027778,77.3625,2021-01-10 00:00:00,2.38,4.52,2.14
YAMUNANAGAR,JAGADHRI,JAGADHRI,Sabapur Ew S,30.11027778,77.3625,2021-08-31 06:00:00,3.02,2.59,0.43
YAMUNANAGAR,JAGADHRI,JAGADHRI,Sabapur Ew S,30.11027778,77.3625,2021-11-30 06:00:00,2.23,4.11,1.88
YAMUNANAGAR,JAGADHRI,JAGADHRI,Sabapur Ew S,30.11027778,77.3625,2022-01-30 07:00:00,2.48,4.52,2.04
YAMUNANAGAR,JAGADHRI,JAGADHRI,Sabapur Ew S,30.11027778,77.3625,2022-05-20 06:00:00,3.59,4.97,1.38
YAMUNANAGAR,JAGADHRI,JAGADHRI,Sabapur Ew S,30.11027778,77.3625,2022-08-01 06:00:00,3.12,2.59,0.53
YAMUNANAGAR,JAGADHRI,JAGADHRI,Sabapur Ew S,30.11027778,77.3625,2022-11-01 06:00:00,1.31,4.11,2.8
YAMUNANAGAR,JAGADHRI,JAGADHRI,Sabapur Ew S,30.11027778,77.3625,2023-01-01 00:00:00,3.79,4.52,0.73
YAMUNANAGAR,JAGADHRI,JAGADHRI,Sabapur Ew S,30.11027778,77.3625,2023-06-01 00:00:00,5.65,4.42,1.23
YAMUNANAGAR,JAGADHRI,JAGADHRI,Sabapur Ew S,30.11027778,77.3625,2023-08-20 00:00:00,2.49,2.59,0.1
YAMUNANAGAR,JAGADHRI,JAGADHRI,Sabapur Ew S,30.11027778,77.3625,2023-11-01 00:00:00,3.13,4.11,0.98
YAMUNANAGAR,JAGADHRI,JAGADHRI,Shadipur,30.1,77.27916667,2021-01-10 00:00:00,6.32,5.25,1.07
YAMUNANAGAR,JAGADHRI,JAGADHRI,Shadipur,30.1,77.27916667,2021-08-31 06:00:00,6.12,2.99,3.13
YAMUNANAGAR,JAGADHRI,JAGADHRI,Shadipur,30.1,77.27916667,2021-11-30 06:00:00,4.8,4.84,0.04
YAMUNANAGAR,JAGADHRI,JAGADHRI,Shadipur,30.1,77.27916667,2022-01-30 07:00:00,4.68,5.25,0.57
YAMUNANAGAR,JAGADHRI,JAGADHRI,Shadipur,30.1,77.27916667,2022-05-20 06:00:00,4.81,6.45,1.64
YAMUNANAGAR,JAGADHRI,JAGADHRI,Shadipur,30.1,77.27916667,2022-08-01 06:00:00,5.5,2.99,2.51
YAMUNANAGAR,JAGADHRI,JAGADHRI,Shadipur,30.1,77.27916667,2022-11-01 06:00:00,4.14,4.84,0.7
YAMUNANAGAR,JAGADHRI,JAGADHRI,Shadipur,30.1,77.27916667,2023-01-01 00:00:00,5.37,5.25,0.12
YAMUNANAGAR,JAGADHRI,JAGADHRI,Shadipur,30.1,77.27916667,2023-06-01 00:00:00,6.26,5.91,0.35
YAMUNANAGAR,JAGADHRI,JAGADHRI,Shadipur,30.1,77.27916667,2023-08-20 00:00:00,3.65,2.99,0.66
YAMUNANAGAR,JAGADHRI,JAGADHRI,Shadipur,30.1,77.27916667,2023-11-01 00:00:00,4.13,4.84,0.71
YAMUNANAGAR,JAGADHRI,JAGADHRI,Shadipur,30.1,77.27916667,2024-01-01 00:00:00,3.59,5.25,1.66
YAMUNANAGAR,JAGADHRI,JAGADHRI,Tala Kaur S,30.24166667,77.20416667,2022-05-20 06:00:00,6.95,17.4,10.45
YAMUNANAGAR,JAGADHRI,JAGADHRI,Tehi-Pz,30.28333333,77.28333333,2022-05-20 06:00:00,20.01,33.55,13.54
YAMUNANAGAR,JAGADHRI,RADAUR,Antawa-Pz,30.1,77.11666667,2022-05-20 06:00:00,32.15,27.4,4.75
YAMUNANAGAR,JAGADHRI,RADAUR,Chamrori-Pz,30.05,77.13333333,2022-05-20 06:00:00,23.95,24.74,0.79
YAMUNANAGAR,JAGADHRI,RADAUR,Jhiwarheri M,30.125,77.08611111,2022-01-30 07:00:00,33.96,32.17,1.79
YAMUNANAGAR,JAGADHRI,RADAUR,Jhiwarheri M,30.125,77.08611111,2022-05-20 06:00:00,34.67,33.57,1.1
YAMUNANAGAR,JAGADHRI,RADAUR,Jhiwarheri M,30.125,77.08611111,2022-08-01 06:00:00,41.26,36.09,5.17
YAMUNANAGAR,JAGADHRI,RADAUR,Jhiwarheri M,30.125,77.08611111,2022-11-01 06:00:00,35.9,33.66,2.24
YAMUNANAGAR,JAGADHRI,RADAUR,Jhiwarheri M,30.125,77.08611111,2023-01-01 00:00:00,34.6,32.17,2.43
YAMUNANAGAR,JAGADHRI,RADAUR,Jhiwarheri M,30.125,77.08611111,2023-06-01 00:00:00,37.0,33.53,3.47
YAMUNANAGAR,JAGADHRI,RADAUR,Jhiwarheri M,30.125,77.08611111,2023-11-01 00:00:00,5.84,33.66,27.82
YAMUNANAGAR,JAGADHRI,RADAUR,Jhiwarheri S,30.125,77.08611111,2021-01-10 00:00:00,33.18,33.84,0.66
YAMUNANAGAR,JAGADHRI,RADAUR,Jhiwarheri S,30.125,77.08611111,2022-01-30 07:00:00,33.63,33.84,0.21
YAMUNANAGAR,JAGADHRI,RADAUR,Jhiwarheri S,30.125,77.08611111,2022-05-20 06:00:00,33.08,33.57,0.49
YAMUNANAGAR,JAGADHRI,RADAUR,Jhiwarheri S,30.125,77.08611111,2022-08-01 06:00:00,34.74,35.68,0.94
YAMUNANAGAR,JAGADHRI,RADAUR,Jhiwarheri S,30.125,77.08611111,2022-11-01 06:00:00,34.47,35.52,1.05
YAMUNANAGAR,JAGADHRI,RADAUR,Jhiwarheri S,30.125,77.08611111,2023-01-01 00:00:00,33.85,33.84,0.01
YAMUNANAGAR,JAGADHRI,RADAUR,Jhiwarheri S,30.125,77.08611111,2023-06-01 00:00:00,33.3,33.53,0.23
YAMUNANAGAR,JAGADHRI,RADAUR,Jhiwarheri S,30.125,77.08611111,2023-11-01 00:00:00,5.92,35.52,29.6
YAMUNANAGAR,JAGADHRI,RADAUR,Masana Jattan-Pz,30.13194444,77.12388889,2021-01-10 00:00:00,28.9,28.25,0.65
YAMUNANAGAR,JAGADHRI,RADAUR,Masana Jattan-Pz,30.13194444,77.12388889,2021-08-31 06:00:00,33.4,31.37,2.03
YAMUNANAGAR,JAGADHRI,RADAUR,Masana Jattan-Pz,30.13194444,77.12388889,2021-11-30 06:00:00,30.1,32.12,2.02
YAMUNANAGAR,JAGADHRI,RADAUR,Masana Jattan-Pz,30.13194444,77.12388889,2022-01-30 07:00:00,29.9,28.25,1.65
YAMUNANAGAR,JAGADHRI,RADAUR,Masana Jattan-Pz,30.13194444,77.12388889,2022-05-20 06:00:00,29.48,29.61,0.13
YAMUNANAGAR,JAGADHRI,RADAUR,Masana Jattan-Pz,30.13194444,77.12388889,2022-08-01 06:00:00,33.26,31.37,1.89
YAMUNANAGAR,JAGADHRI,RADAUR,Masana Jattan-Pz,30.13194444,77.12388889,2022-11-01 06:00:00,31.4,32.12,0.72
YAMUNANAGAR,JAGADHRI,RADAUR,Masana Jattan-Pz,30.13194444,77.12388889,2023-01-01 00:00:00,30.05,28.25,1.8
YAMUNANAGAR,JAGADHRI,RADAUR,Masana Jattan-Pz,30.13194444,77.12388889,2023-06-01 00:00:00,29.72,29.43,0.29
YAMUNANAGAR,JAGADHRI,RADAUR,Masana Jattan-Pz,30.13194444,77.12388889,2023-08-20 00:00:00,30.4,31.37,0.97
YAMUNANAGAR,JAGADHRI,RADAUR,Masana Jattan-Pz,30.13194444,77.12388889,2023-11-01 00:00:00,29.75,32.12,2.37
YAMUNANAGAR,JAGADHRI,RADAUR,Radaur S,30.025,77.15,2021-01-10 00:00:00,14.98,15.87,0.89
YAMUNANAGAR,JAGADHRI,RADAUR,Radaur S,30.025,77.15,2021-11-30 06:00:00,15.47,15.68,0.21
YAMUNANAGAR,JAGADHRI,RADAUR,Radaur S,30.025,77.15,2022-01-30 07:00:00,14.02,15.87,1.85
YAMUNANAGAR,JAGADHRI,RADAUR,Radaur S,30.025,77.15,2022-05-20 06:00:00,15.97,17.41,1.44
YAMUNANAGAR,JAGADHRI,RADAUR,Radaur S,30.025,77.15,2022-08-01 06:00:00,16.76,16.22,0.54
YAMUNANAGAR,JAGADHRI,RADAUR,Radaur S,30.025,77.15,2022-11-01 06:00:00,14.86,15.68,0.82
YAMUNANAGAR,JAGADHRI,RADAUR,Radaur S,30.025,77.15,2023-01-01 00:00:00,14.46,15.87,1.41
YAMUNANAGAR,JAGADHRI,RADAUR,Radaur S,30.025,77.15,2023-06-01 00:00:00,16.27,17.07,0.8
YAMUNANAGAR,JAGADHRI,RADAUR,Radaur S,30.025,77.15,2023-08-20 00:00:00,13.46,16.22,2.76
YAMUNANAGAR,JAGADHRI,RADAUR,Radaur S,30.025,77.15,2023-11-01 00:00:00,13.36,15.68,2.32
YAMUNANAGAR,JAGADHRI,RADAUR,Radaur S,30.025,77.15,2024-01-01 00:00:00,13.36,15.87,2.51
YAMUNANAGAR,JAGADHRI,RADAUR,Sadura,30.05194444,77.12166667,2021-01-10 00:00:00,24.56,7.82,16.74
YAMUNANAGAR,JAGADHRI,RADAUR,Sadura,30.05194444,77.12166667,2021-11-30 06:00:00,30.26,32.35,2.09
YAMUNANAGAR,JAGADHRI,RADAUR,Sadura,30.05194444,77.12166667,2022-01-30 07:00:00,26.5,7.82,18.68
YAMUNANAGAR,JAGADHRI,RADAUR,Sadura,30.05194444,77.12166667,2022-05-20 06:00:00,28.86,29.82,0.96
YAMUNANAGAR,JAGADHRI,RADAUR,Sadura,30.05194444,77.12166667,2022-08-01 06:00:00,32.21,31.65,0.56
YAMUNANAGAR,JAGADHRI,RADAUR,Sadura,30.05194444,77.12166667,2022-11-01 06:00:00,29.23,32.35,3.12
YAMUNANAGAR,JAGADHRI,RADAUR,Sadura,30.05194444,77.12166667,2023-01-01 00:00:00,4.82,7.82,3.0
YAMUNANAGAR,JAGADHRI,RADAUR,Sadura,30.05194444,77.12166667,2023-11-01 00:00:00,25.14,32.35,7.21
YAMUNANAGAR,JAGADHRI,RADAUR,Sadura Village,30.0411,77.1031,2023-08-20 00:00:00,28.12,8.82,19.3
YAMUNANAGAR,JAGADHRI,RADAUR,Shahabpura-Ppz,30.13083333,77.11277778,2021-01-10 00:00:00,29.18,37.61,8.43
YAMUNANAGAR,JAGADHRI,RADAUR,Shahabpura-Ppz,30.13083333,77.11277778,2022-05-20 06:00:00,30.78,31.24,0.46
YAMUNANAGAR,JAGADHRI,RADAUR,Shahabpura-Ppz,30.13083333,77.11277778,2022-08-01 06:00:00,35.38,32.15,3.23
YAMUNANAGAR,JAGADHRI,RADAUR,Shahabpura-Ppz,30.13083333,77.11277778,2022-11-01 06:00:00,32.23,33.77,1.54
YAMUNANAGAR,JAGADHRI,RADAUR,Shahabpura-Ppz,30.13083333,77.11277778,2023-01-01 00:00:00,30.85,37.61,6.76
YAMUNANAGAR,JAGADHRI,RADAUR,Shahabpura-Pz,30.12694444,77.115,2021-01-10 00:00:00,28.3,29.25,0.95
YAMUNANAGAR,JAGADHRI,RADAUR,Shahabpura-Pz,30.12694444,77.115,2022-05-20 06:00:00,29.98,29.11,0.87
YAMUNANAGAR,JAGADHRI,RADAUR,Shahabpura-Pz,30.12694444,77.115,2022-08-01 06:00:00,34.36,30.84,3.52
YAMUNANAGAR,JAGADHRI,RADAUR,Shahabpura-Pz,30.12694444,77.115,2022-11-01 06:00:00,31.2,30.93,0.27
YAMUNANAGAR,JAGADHRI,RADAUR,Shahabpura-Pz,30.12694444,77.115,2023-01-01 00:00:00,29.83,29.25,0.58
