{
  "type": "FeatureCollection",
  "features": [
    {
      "type": "Feature",
      "properties": {
        "TEHSIL_ID": 24,
        "TEHSIL_NAME": "Ambala Cantt",
        "DISTRICT_NAME": "Ambala",
        "STATE_NAME": "Haryana"
      },
      "geometry": {
        "type": "Polygon",
        "coordinates": [
          [
            [
              76.5325317382813,
              30.126960754394645
            ],
            [
              77.31069946289068,
              30.126960754394645
            ],
            [
              77.31069946289068,
              30.254360675811853
            ],
            [
              76.5325317382813,
              30.254360675811853
            ],
            [
              76.5325317382813,
              30.126960754394645
            ]
          ]
        ]
      }
    },
    {
      "type": "Feature",
      "properties": {
        "TEHSIL_ID": 73,
        "TEHSIL_NAME": "Saha M",
        "DISTRICT_NAME": "Ambala",
        "STATE_NAME": "Haryana"
      },
      "geometry": {
        "type": "Polygon",
        "coordinates": [
          [
            [
              76.5325317382813,
              30.254360675811853
            ],
            [
              77.31069946289068,
              30.254360675811853
            ],
            [
              77.31069946289068,
              30.38176059722906
            ],
            [
              76.5325317382813,
              30.38176059722906
            ],
            [
              76.5325317382813,
              30.254360675811853
            ]
          ]
        ]
      }
    },
    {
      "type": "Feature",
      "properties": {
        "TEHSIL_ID": 76,
        "TEHSIL_NAME": "Shahzadpur",
        "DISTRICT_NAME": "Ambala",
        "STATE_NAME": "Haryana"
      },
      "geometry": {
        "type": "Polygon",
        "coordinates": [
          [
            [
              76.5325317382813,
              30.38176059722906
            ],
            [
              77.31069946289068,
              30.38176059722906
            ],
            [
              77.31069946289068,
              30.50916051864627
            ],
            [
              76.5325317382813,
              30.50916051864627
            ],
            [
              76.5325317382813,
              30.38176059722906
            ]
          ]
        ]
      }
    },
    {
      "type": "Feature",
      "properties": {
        "TEHSIL_ID": 59,
        "TEHSIL_NAME": "Naraingarh",
        "DISTRICT_NAME": "Ambala",
        "STATE_NAME": "Haryana"
      },
      "geometry": {
        "type": "Polygon",
        "coordinates": [
          [
            [
              76.5325317382813,
              30.50916051864627
            ],
            [
              77.31069946289068,
              30.50916051864627
            ],
            [
              77.31069946289068,
              30.636560440063477
            ],
            [
              76.5325317382813,
              30.636560440063477
            ],
            [
              76.5325317382813,
              30.50916051864627
            ]
          ]
        ]
      }
    },
    {
      "type": "Feature",
      "properties": {
        "TEHSIL_ID": 57,
        "TEHSIL_NAME": "Loharu",
        "DISTRICT_NAME": "Bhiwani",
        "STATE_NAME": "Haryana"
      },
      "geometry": {
        "type": "Polygon",
        "coordinates": [
          [
            [
              75.46707916259771,
              28.386699676513672
            ],
            [
              76.45551300048857,
              28.386699676513672
            ],
            [
              76.45551300048857,
              28.486555371965682
            ],
            [
              75.46707916259771,
              28.486555371965682
            ],
            [
              75.46707916259771,
              28.386699676513672
            ]
          ]
        ]
      }
    },
    {
      "type": "Feature",
      "properties": {
        "TEHSIL_ID": 79,
        "TEHSIL_NAME": "Siwani",
        "DISTRICT_NAME": "Bhiwani",
        "STATE_NAME": "Haryana"
      },
      "geometry": {
        "type": "Polygon",
        "coordinates": [
          [
            [
              75.46707916259771,
              28.486555371965682
            ],
            [
              76.45551300048857,
              28.486555371965682
            ],
            [
              76.45551300048857,
              28.58641106741769
            ],
            [
              75.46707916259771,
              28.58641106741769
            ],
            [
              75.46707916259771,
              28.486555371965682
            ]
          ]
        ]
      }
    },
    {
      "type": "Feature",
      "properties": {
        "TEHSIL_ID": 21,
        "TEHSIL_NAME": "Alampur",
        "DISTRICT_NAME": "Bhiwani",
        "STATE_NAME": "Haryana"
      },
      "geometry": {
        "type": "Polygon",
        "coordinates": [
          [
            [
              75.46707916259771,
              28.58641106741769
            ],
            [
              76.45551300048857,
              28.58641106741769
            ],
            [
              76.45551300048857,
              28.6862667628697
            ],
            [
              75.46707916259771,
              28.6862667628697
            ],
            [
              75.46707916259771,
              28.58641106741769
            ]
          ]
        ]
      }
    },
    {
      "type": "Feature",
      "properties": {
        "TEHSIL_ID": 84,
        "TEHSIL_NAME": "Tosham",
        "DISTRICT_NAME": "Bhiwani",
        "STATE_NAME": "Haryana"
      },
      "geometry": {
        "type": "Polygon",
        "coordinates": [
          [
            [
              75.46707916259771,
              28.6862667628697
            ],
            [
              76.45551300048857,
              28.6862667628697
            ],
            [
              76.45551300048857,
              28.786122458321707
            ],
            [
              75.46707916259771,
              28.786122458321707
            ],
            [
              75.46707916259771,
              28.6862667628697
            ]
          ]
        ]
      }
    },
    {
      "type": "Feature",
      "properties": {
        "TEHSIL_ID": 35,
        "TEHSIL_NAME": "Bhiwani",
        "DISTRICT_NAME": "Bhiwani",
        "STATE_NAME": "Haryana"
      },
      "geometry": {
        "type": "Polygon",
        "coordinates": [
          [
            [
              75.46707916259771,
              28.786122458321707
            ],
            [
              76.45551300048857,
              28.786122458321707
            ],
            [
              76.45551300048857,
              28.885978153773717
            ],
            [
              75.46707916259771,
              28.885978153773717
            ],
            [
              75.46707916259771,
              28.786122458321707
            ]
          ]
        ]
      }
    },
    {
      "type": "Feature",
      "properties": {
        "TEHSIL_ID": 77,
        "TEHSIL_NAME": "Sirsa",
        "DISTRICT_NAME": "Bhiwani",
        "STATE_NAME": "Haryana"
      },
      "geometry": {
        "type": "Polygon",
        "coordinates": [
          [
            [
              75.46707916259771,
              28.885978153773717
            ],
            [
              76.45551300048857,
              28.885978153773717
            ],
            [
              76.45551300048857,
              28.985833849225724
            ],
            [
              75.46707916259771,
              28.985833849225724
            ],
            [
              75.46707916259771,
              28.885978153773717
            ]
          ]
        ]
      }
    },
    {
      "type": "Feature",
      "properties": {
        "TEHSIL_ID": 20,
        "TEHSIL_NAME": "Alak Pura",
        "DISTRICT_NAME": "Bhiwani",
        "STATE_NAME": "Haryana"
      },
      "geometry": {
        "type": "Polygon",
        "coordinates": [
          [
            [
              75.46707916259771,
              28.985833849225724
            ],
            [
              76.45551300048857,
              28.985833849225724
            ],
            [
              76.45551300048857,
              29.085689544677734
            ],
            [
              75.46707916259771,
              29.085689544677734
            ],
            [
              75.46707916259771,
              28.985833849225724
            ]
          ]
        ]
      }
    },
    {
      "type": "Feature",
      "properties": {
        "TEHSIL_ID": 5,
        "TEHSIL_NAME": "Ballabgarh",
        "DISTRICT_NAME": "Faridabad",
        "STATE_NAME": "Haryana"
      },
      "geometry": {
        "type": "Polygon",
        "coordinates": [
          [
            [
              77.06556701660173,
              27.851989746093807
            ],
            [
              77.54236602783203,
              27.851989746093807
            ],
            [
              77.54236602783203,
              28.071689605713004
            ],
            [
              77.06556701660173,
              28.071689605713004
            ],
            [
              77.06556701660173,
              27.851989746093807
            ]
          ]
        ]
      }
    },
    {
      "type": "Feature",
      "properties": {
        "TEHSIL_ID": 31,
        "TEHSIL_NAME": "Ballabhgarh",
        "DISTRICT_NAME": "Faridabad",
        "STATE_NAME": "Haryana"
      },
      "geometry": {
        "type": "Polygon",
        "coordinates": [
          [
            [
              77.06556701660173,
              28.071689605713004
            ],
            [
              77.54236602783203,
              28.071689605713004
            ],
            [
              77.54236602783203,
              28.291389465332202
            ],
            [
              77.06556701660173,
              28.291389465332202
            ],
            [
              77.06556701660173,
              28.071689605713004
            ]
          ]
        ]
      }
    },
    {
      "type": "Feature",
      "properties": {
        "TEHSIL_ID": 39,
        "TEHSIL_NAME": "Faridabad",
        "DISTRICT_NAME": "Faridabad",
        "STATE_NAME": "Haryana"
      },
      "geometry": {
        "type": "Polygon",
        "coordinates": [
          [
            [
              77.06556701660173,
              28.291389465332202
            ],
            [
              77.54236602783203,
              28.291389465332202
            ],
            [
              77.54236602783203,
              28.5110893249514
            ],
            [
              77.06556701660173,
              28.5110893249514
            ],
            [
              77.06556701660173,
              28.291389465332202
            ]
          ]
        ]
      }
    },
    {
      "type": "Feature",
      "properties": {
        "TEHSIL_ID": 30,
        "TEHSIL_NAME": "Badopal",
        "DISTRICT_NAME": "Fatehabad",
        "STATE_NAME": "Haryana"
      },
      "geometry": {
        "type": "Polygon",
        "coordinates": [
          [
            [
              75.2122421264649,
              29.251939773559684
            ],
            [
              75.9512329101562,
              29.251939773559684
            ],
            [
              75.9512329101562,
              29.3953022956849
            ],
            [
              75.2122421264649,
              29.3953022956849
            ],
            [
              75.2122421264649,
              29.251939773559684
            ]
          ]
        ]
      }
    },
    {
      "type": "Feature",
      "properties": {
        "TEHSIL_ID": 14,
        "TEHSIL_NAME": "Aharwan Med",
        "DISTRICT_NAME": "Fatehabad",
        "STATE_NAME": "Haryana"
      },
      "geometry": {
        "type": "Polygon",
        "coordinates": [
          [
            [
              75.2122421264649,
              29.3953022956849
            ],
            [
              75.9512329101562,
              29.3953022956849
            ],
            [
              75.9512329101562,
              29.538664817810115
            ],
            [
              75.2122421264649,
              29.538664817810115
            ],
            [
              75.2122421264649,
              29.3953022956849
            ]
          ]
        ]
      }
    },
    {
      "type": "Feature",
      "properties": {
        "TEHSIL_ID": 69,
        "TEHSIL_NAME": "Ratia",
        "DISTRICT_NAME": "Fatehabad",
        "STATE_NAME": "Haryana"
      },
      "geometry": {
        "type": "Polygon",
        "coordinates": [
          [
            [
              75.2122421264649,
              29.538664817810115
            ],
            [
              75.9512329101562,
              29.538664817810115
            ],
            [
              75.9512329101562,
              29.68202733993533
            ],
            [
              75.2122421264649,
              29.68202733993533
            ],
            [
              75.2122421264649,
              29.538664817810115
            ]
          ]
        ]
      }
    },
    {
      "type": "Feature",
      "properties": {
        "TEHSIL_ID": 83,
        "TEHSIL_NAME": "Tohana",
        "DISTRICT_NAME": "Fatehabad",
        "STATE_NAME": "Haryana"
      },
      "geometry": {
        "type": "Polygon",
        "coordinates": [
          [
            [
              75.2122421264649,
              29.68202733993533
            ],
            [
              75.9512329101562,
              29.68202733993533
            ],
            [
              75.9512329101562,
              29.825389862060547
            ],
            [
              75.2122421264649,
              29.825389862060547
            ],
            [
              75.2122421264649,
              29.68202733993533
            ]
          ]
        ]
      }
    },
    {
      "type": "Feature",
      "properties": {
        "TEHSIL_ID": 63,
        "TEHSIL_NAME": "Pataudi",
        "DISTRICT_NAME": "Gurugram",
        "STATE_NAME": "Haryana"
      },
      "geometry": {
        "type": "Polygon",
        "coordinates": [
          [
            [
              76.63648223876959,
              27.655969619751033
            ],
            [
              77.32924652099621,
              27.655969619751033
            ],
            [
              77.32924652099621,
              27.877672195434684
            ],
            [
              76.63648223876959,
              27.877672195434684
            ],
            [
              76.63648223876959,
              27.655969619751033
            ]
          ]
        ]
      }
    },
    {
      "type": "Feature",
      "properties": {
        "TEHSIL_ID": 40,
        "TEHSIL_NAME": "Farrukh Nagar",
        "DISTRICT_NAME": "Gurugram",
        "STATE_NAME": "Haryana"
      },
      "geometry": {
        "type": "Polygon",
        "coordinates": [
          [
            [
              76.63648223876959,
              27.877672195434684
            ],
            [
              77.32924652099621,
              27.877672195434684
            ],
            [
              77.32924652099621,
              28.099374771118335
            ],
            [
              76.63648223876959,
              28.099374771118335
            ],
            [
              76.63648223876959,
              27.877672195434684
            ]
          ]
        ]
      }
    },
    {
      "type": "Feature",
      "properties": {
        "TEHSIL_ID": 58,
        "TEHSIL_NAME": "Manesar",
        "DISTRICT_NAME": "Gurugram",
        "STATE_NAME": "Haryana"
      },
      "geometry": {
        "type": "Polygon",
        "coordinates": [
          [
            [
              76.63648223876959,
              28.099374771118335
            ],
            [
              77.32924652099621,
              28.099374771118335
            ],
            [
              77.32924652099621,
              28.321077346801985
            ],
            [
              76.63648223876959,
              28.321077346801985
            ],
            [
              76.63648223876959,
              28.099374771118335
            ]
          ]
        ]
      }
    },
    {
      "type": "Feature",
      "properties": {
        "TEHSIL_ID": 81,
        "TEHSIL_NAME": "Sohna",
        "DISTRICT_NAME": "Gurugram",
        "STATE_NAME": "Haryana"
      },
      "geometry": {
        "type": "Polygon",
        "coordinates": [
          [
            [
              76.63648223876959,
              28.321077346801985
            ],
            [
              77.32924652099621,
              28.321077346801985
            ],
            [
              77.32924652099621,
              28.542779922485636
            ],
            [
              76.63648223876959,
              28.542779922485636
            ],
            [
              76.63648223876959,
              28.321077346801985
            ]
          ]
        ]
      }
    },
    {
      "type": "Feature",
      "properties": {
        "TEHSIL_ID": 10,
        "TEHSIL_NAME": "Adampur",
        "DISTRICT_NAME": "Hisar",
        "STATE_NAME": "Haryana"
      },
      "geometry": {
        "type": "Polygon",
        "coordinates": [
          [
            [
              75.25475311279303,
              28.90298080444336
            ],
            [
              76.30764007568365,
              28.90298080444336
            ],
            [
              76.30764007568365,
              29.039058685302734
            ],
            [
              75.25475311279303,
              29.039058685302734
            ],
            [
              75.25475311279303,
              28.90298080444336
            ]
          ]
        ]
      }
    },
    {
      "type": "Feature",
      "properties": {
        "TEHSIL_ID": 46,
        "TEHSIL_NAME": "Hissar",
        "DISTRICT_NAME": "Hisar",
        "STATE_NAME": "Haryana"
      },
      "geometry": {
        "type": "Polygon",
        "coordinates": [
          [
            [
              75.25475311279303,
              29.039058685302734
            ],
            [
              76.30764007568365,
              29.039058685302734
            ],
            [
              76.30764007568365,
              29.17513656616211
            ],
            [
              75.25475311279303,
              29.17513656616211
            ],
            [
              75.25475311279303,
              29.039058685302734
            ]
          ]
        ]
      }
    },
    {
      "type": "Feature",
      "properties": {
        "TEHSIL_ID": 13,
        "TEHSIL_NAME": "Agroha",
        "DISTRICT_NAME": "Hisar",
        "STATE_NAME": "Haryana"
      },
      "geometry": {
        "type": "Polygon",
        "coordinates": [
          [
            [
              75.25475311279303,
              29.17513656616211
            ],
            [
              76.30764007568365,
              29.17513656616211
            ],
            [
              76.30764007568365,
              29.311214447021484
            ],
            [
              75.25475311279303,
              29.311214447021484
            ],
            [
              75.25475311279303,
              29.17513656616211
            ]
          ]
        ]
      }
    },
    {
      "type": "Feature",
      "properties": {
        "TEHSIL_ID": 44,
        "TEHSIL_NAME": "Hansi S",
        "DISTRICT_NAME": "Hisar",
        "STATE_NAME": "Haryana"
      },
      "geometry": {
        "type": "Polygon",
        "coordinates": [
          [
            [
              75.25475311279303,
              29.311214447021484
            ],
            [
              76.30764007568365,
              29.311214447021484
            ],
            [
              76.30764007568365,
              29.44729232788086
            ],
            [
              75.25475311279303,
              29.44729232788086
            ],
            [
              75.25475311279303,
              29.311214447021484
            ]
          ]
        ]
      }
    },
    {
      "type": "Feature",
      "properties": {
        "TEHSIL_ID": 86,
        "TEHSIL_NAME": "Uklana",
        "DISTRICT_NAME": "Hisar",
        "STATE_NAME": "Haryana"
      },
      "geometry": {
        "type": "Polygon",
        "coordinates": [
          [
            [
              75.25475311279303,
              29.44729232788086
            ],
            [
              76.30764007568365,
              29.44729232788086
            ],
            [
              76.30764007568365,
              29.583370208740234
            ],
            [
              75.25475311279303,
              29.583370208740234
            ],
            [
              75.25475311279303,
              29.44729232788086
            ]
          ]
        ]
      }
    },
    {
      "type": "Feature",
      "properties": {
        "TEHSIL_ID": 50,
        "TEHSIL_NAME": "Jhajjar",
        "DISTRICT_NAME": "Jhajjar",
        "STATE_NAME": "Haryana"
      },
      "geometry": {
        "type": "Polygon",
        "coordinates": [
          [
            [
              76.90883636474615,
              28.82767105102539
            ],
            [
              76.91436004638678,
              28.826482772827262
            ],
            [
              76.92372131347662,
              28.8293399810791
            ],
            [
              76.93399810791021,
              28.8263397216798
            ],
            [
              76.94230651855469,
              28.820680618286417
            ],
            [
              76.93736267089861,
              28.809150695800895
            ],
            [
              76.93746948242199,
              28.803501129150618
            ],
            [
              76.94309234619158,
              28.795120239257812
            ],
            [
              76.94233703613298,
              28.78775978088379
            ],
            [
              76.94396972656278,
              28.778530120849666
            ],
            [
              76.94657135009771,
              28.77403068542492
            ],
            [
              76.93820953369146,
              28.75962066650385
            ],
            [
              76.94744110107416,
              28.75113105773943
            ],
            [
              76.9503173828125,
              28.746650695800724
            ],
            [
              76.94919586181658,
              28.741502761840934
            ],
            [
              76.95066070556669,
              28.736459732055664
            ],
            [
              76.94126129150396,
              28.717029571533203
            ],
            [
              76.95095825195318,
              28.70976066589367
            ],
            [
              76.95459747314459,
              28.705371856689453
            ],
            [
              76.95421600341803,
              28.7005290985108
            ],
            [
              76.94999694824224,
              28.694129943847713
            ],
            [
              76.94838714599638,
              28.687990188598633
            ],
            [
              76.9459533691408,
              28.68348121643089
            ],
            [
              76.94725036621088,
              28.677160263061637
            ],
            [
              76.94255065917969,
              28.675111770629996
            ],
            [
              76.92973327636736,
              28.674419403076286
            ],
            [
              76.92310333251959,
              28.66921043396013
            ],
            [
              76.91748809814482,
              28.65727043151861
            ],
            [
              76.91821289062511,
              28.65327072143566
            ],
            [
              76.93390655517572,
              28.63764953613304
            ],
            [
              76.92597961425787,
              28.629249572754134
            ],
            [
              76.92366027832048,
              28.628650665283317
            ],
            [
              76.91034698486334,
              28.637830734253043
            ],
            [
              76.90400695800798,
              28.637939453125
            ],
            [
              76.897270202637,
              28.63280105590826
            ],
            [
              76.8936767578125,
              28.632751464843864
            ],
            [
              76.87793731689459,
              28.637630462646598
            ],
            [
              76.86090087890642,
              28.602510452270508
            ],
            [
              76.85481262207031,
              28.59235191345215
            ],
            [
              76.8502273559572,
              28.590118408203125
            ],
            [
              76.83502960205084,
              28.591400146484375
            ],
            [
              76.83291625976568,
              28.582508087158317
            ],
            [
              76.83761596679705,
              28.55698966980009
            ],
            [
              76.85674285888678,
              28.547821044922102
            ],
            [
              76.85920715332037,
              28.541919708251953
            ],
            [
              76.87631225585938,
              28.52840042114275
            ],
            [
              76.87946319580084,
              28.523998260498047
            ],
            [
              76.87380981445341,
              28.51439094543457
            ],
            [
              76.8793716430664,
              28.509050369262695
            ],
            [
              76.87098693847673,
              28.504209518432617
            ],
            [
              76.85459899902361,
              28.504589080810604
            ],
            [
              76.81984710693354,
              28.50845909118658
            ],
            [
              76.81606292724626,
              28.50794982910179
            ],
            [
              76.81359100341814,
              28.505699157714957
            ],
            [
              76.80388641357422,
              28.481090545654297
            ],
            [
              76.7855529785158,
              28.472190856933594
            ],
            [
              76.7798690795899,
              28.472351074219034
            ],
            [
              76.76921844482428,
              28.477991104125977
            ],
            [
              76.76725006103533,
              28.47985839843767
            ],
            [
              76.76286315917986,
              28.480390548706055
            ],
            [
              76.75924682617205,
              28.478492736816406
            ],
            [
              76.75414276123053,
              28.47030067443876
            ],
            [
              76.75125122070318,
              28.46791076660162
            ],
            [
              76.74291992187511,
              28.4679412841798
            ],
            [
              76.73494720459013,
              28.47002983093256
            ],
            [
              76.72985839843767,
              28.47488975524908
            ],
            [
              76.72203826904314,
              28.487741470336914
            ],
            [
              76.71176147460938,
              28.493999481201456
            ],
            [
              76.70021820068388,
              28.496089935302848
            ],
            [
              76.69835662841797,
              28.485759735107536
            ],
            [
              76.7014770507813,
              28.47102928161621
            ],
            [
              76.7010574340822,
              28.46298980712902
            ],
            [
              76.68257141113298,
              28.457689285278434
            ],
            [
              76.67280578613281,
              28.458351135254134
            ],
            [
              76.6706161499024,
              28.45648002624523
            ],
            [
              76.66683959960966,
              28.445091247558537
            ],
            [
              76.66459655761719,
              28.43486976623535
            ],
            [
              76.66765594482422,
              28.430738449096623
            ],
            [
              76.66597747802751,
              28.42887115478527
            ],
            [
              76.66075897216825,
              28.43050003051752
            ],
            [
              76.644271850586,
              28.418840408325195
            ],
            [
              76.63648223876959,
              28.414579391479663
            ],
            [
              76.62873077392572,
              28.423290252685547
            ],
            [
              76.62081909179693,
              28.429159164428825
            ],
            [
              76.61268615722685,
              28.4330291748048
            ],
            [
              76.60600280761747,
              28.433820724487305
            ],
            [
              76.60485076904325,
              28.43205070495617
            ],
            [
              76.60032653808594,
              28.425041198730582
            ],
            [
              76.59541320800781,
              28.408769607543945
            ],
            [
              76.5942459106447,
              28.387821197509766
            ],
            [
              76.592025756836,
              28.38342094421415
            ],
            [
              76.59175872802751,
              28.373880386352596
            ],
            [
              76.58180999755854,
              28.371150970459098
            ],
            [
              76.57797241210966,
              28.354160308838004
            ],
            [
              76.57486724853521,
              28.351499557495345
            ],
            [
              76.54229736328153,
              28.350080490112305
            ],
            [
              76.51864624023466,
              28.355039596557617
            ],
            [
              76.50917053222673,
              28.361829757690543
            ],
            [
              76.50531768798822,
              28.37203025817871
            ],
            [
              76.50280761718778,
              28.381910324096623
            ],
            [
              76.4960021972658,
              28.382980346679688
            ],
            [
              76.48793792724638,
              28.38159942626953
            ],
            [
              76.46569061279314,
              28.3670711517334
            ],
            [
              76.46376800537126,
              28.363880157470817
            ],
            [
              76.4620361328125,
              28.361021041870174
            ],
            [
              76.46089935302734,
              28.354810714721964
            ],
            [
              76.45358276367199,
              28.350419998169002
            ],
            [
              76.41780090332048,
              28.36120986938488
            ],
            [
              76.39964294433622,
              28.36422157287609
            ],
            [
              76.39739227294939,
              28.356769561767635
            ],
            [
              76.40183258056646,
              28.35400009155302
            ],
            [
              76.41105651855497,
              28.35060119628929
            ],
            [
              76.41800689697283,
              28.34901046752941
            ],
            [
              76.41516876220703,
              28.333219528198356
            ],
            [
              76.41322326660173,
              28.330078124999943
            ],
            [
              76.41072082519526,
              28.329830169677734
            ],
            [
              76.39611053466803,
              28.33542060852062
            ],
            [
              76.3800277709961,
              28.343347549438477
            ],
            [
              76.37719726562517,
              28.34701919555664
            ],
            [
              76.38130950927763,
              28.356058120727653
            ],
            [
              76.38358306884777,
              28.365760803222656
            ],
            [
              76.38105010986334,
              28.369070053100643
            ],
            [
              76.38360595703153,
              28.376291275024357
            ],
            [
              76.38378143310575,
              28.382331848144645
            ],
            [
              76.3883590698245,
              28.40068817138672
            ],
            [
              76.37429046630854,
              28.403749465942326
            ],
            [
              76.37200927734375,
              28.399812698364258
            ],
            [
              76.36723327636713,
              28.399179458618107
            ],
            [
              76.36728668212908,
              28.407821655273665
            ],
            [
              76.35782623291027,
              28.406600952148438
            ],
            [
              76.35095977783214,
              28.388458251953125
            ],
            [
              76.3466110229495,
              28.374000549316577
            ],
            [
              76.33928680419928,
              28.36909103393549
            ],
            [
              76.32205963134783,
              28.36920166015625
            ],
            [
              76.3195571899414,
              28.3765926361084
            ],
            [
              76.31575012207031,
              28.378021240234375
            ],
            [
              76.29765319824236,
              28.3814182281497
            ],
            [
              76.29174804687517,
              28.387239456176815
            ],
            [
              76.29067993164068,
              28.395322799682617
            ],
            [
              76.29384613037126,
              28.406789779663143
            ],
            [
              76.2782058715822,
              28.40818977355974
            ],
            [
              76.27587127685541,
              28.410581588745117
            ],
            [
              76.27551269531267,
              28.413072586059684
            ],
            [
              76.27992248535173,
              28.421617507934627
            ],
            [
              76.28182983398455,
              28.427940368652344
            ],
            [
              76.2819366455081,
              28.43934059143089
            ],
            [
              76.28559875488276,
              28.450349807739258
            ],
            [
              76.28684234619146,
              28.46317291259777
            ],
            [
              76.2845993041995,
              28.475170135498047
            ],
            [
              76.27910614013666,
              28.483760833740234
            ],
            [
              76.27838897705095,
              28.48917961120611
            ],
            [
              76.28314208984392,
              28.49891090393095
            ],
            [
              76.29251861572283,
              28.503740310668945
            ],
            [
              76.30522155761747,
              28.502952575683594
            ],
            [
              76.31336212158209,
              28.499338150024414
            ],
            [
              76.31790924072271,
              28.49842071533226
            ],
            [
              76.32003784179693,
              28.50098991394043
            ],
            [
              76.32299041748047,
              28.50819969177246
            ],
            [
              76.32908630371088,
              28.530862808227596
            ],
            [
              76.33518218994135,
              28.54996109008789
            ],
            [
              76.33863067626953,
              28.56925964355463
            ],
            [
              76.33580017089861,
              28.574228286743278
            ],
            [
              76.32984161376947,
              28.5802001953125
            ],
            [
              76.32853698730486,
              28.583950042724837
            ],
            [
              76.33029937744146,
              28.58698081970215
            ],
            [
              76.33834838867193,
              28.586700439453182
            ],
            [
              76.33912658691412,
              28.588211059570312
            ],
            [
              76.34037780761736,
              28.606361389160384
            ],
            [
              76.34411621093778,
              28.615989685058537
            ],
            [
              76.35204315185553,
              28.62193107604986
            ],
            [
              76.35547637939459,
              28.61256980895996
            ],
            [
              76.37545013427734,
              28.60574150085472
            ],
            [
              76.39090728759783,
              28.602830886840934
            ],
            [
              76.39662933349626,
              28.598901748657227
            ],
            [
              76.39892578125017,
              28.558919906616154
            ],
            [
              76.403617858887,
              28.555629730224553
            ],
            [
              76.41131591796892,
              28.556800842285213
            ],
            [
              76.41694641113287,
              28.562480926513786
            ],
            [
              76.42352294921892,
              28.593759536743164
            ],
            [
              76.42897796630871,
              28.607400894165153
            ],
            [
              76.43541717529303,
              28.603961944580135
            ],
            [
              76.4400024414063,
              28.603790283203068
            ],
            [
              76.44709777832043,
              28.608699798584155
            ],
            [
              76.4554977416995,
              28.616069793701456
            ],
            [
              76.45551300048857,
              28.621891021728572
            ],
            [
              76.44931793212896,
              28.63182067871088
            ],
            [
              76.44111633300787,
              28.63953018188505
            ],
            [
              76.4359130859375,
              28.646232604980696
            ],
            [
              76.44325256347662,
              28.65240097045904
            ],
            [
              76.44335174560547,
              28.660560607910213
            ],
            [
              76.44064331054716,
              28.664459228515625
            ],
            [
              76.4258117675783,
              28.669269561767692
            ],
            [
              76.39657592773466,
              28.671039581298828
            ],
            [
              76.39494323730486,
              28.674470901489258
            ],
            [
              76.39650726318365,
              28.685831069946573
            ],
            [
              76.40264892578136,
              28.689781188964957
            ],
            [
              76.40883636474626,
              28.699502944946516
            ],
            [
              76.41329956054693,
              28.710439682006893
            ],
            [
              76.41023254394537,
              28.71784019470215
            ],
            [
              76.40937805175776,
              28.728969573974723
            ],
            [
              76.41686248779314,
              28.7282905578615
            ],
            [
              76.42292785644526,
              28.729999542236328
            ],
            [
              76.43656921386724,
              28.73615074157715
            ],
            [
              76.44084167480497,
              28.741041183471793
            ],
            [
              76.47062683105469,
              28.744670867919922
            ],
            [
              76.47798919677746,
              28.743471145629883
            ],
            [
              76.48752593994152,
              28.74304962158203
            ],
            [
              76.49542236328125,
              28.744670867919922
            ],
            [
              76.50926971435558,
              28.743610382080305
            ],
            [
              76.51799774169928,
              28.744180679321403
            ],
            [
              76.52417755126982,
              28.753070831298828
            ],
            [
              76.53096008300787,
              28.750621795654297
            ],
            [
              76.54361724853544,
              28.747890472412053
            ],
            [
              76.56999206542969,
              28.73858833313011
            ],
            [
              76.57858276367188,
              28.74537277221691
            ],
            [
              76.58515930175787,
              28.753450393676815
            ],
            [
              76.58828735351557,
              28.762897491455192
            ],
            [
              76.58898925781256,
              28.77355194091797
            ],
            [
              76.58833312988298,
              28.782541275024528
            ],
            [
              76.59037780761747,
              28.787921905517862
            ],
            [
              76.59683227539091,
              28.792209625244197
            ],
            [
              76.60572052001959,
              28.793630599975813
            ],
            [
              76.62053680419922,
              28.7933406829834
            ],
            [
              76.63088989257812,
              28.801481246948356
            ],
            [
              76.63345336914091,
              28.806039810180664
            ],
            [
              76.63812255859392,
              28.810810089111612
            ],
            [
              76.6341400146485,
              28.815309524536246
            ],
            [
              76.62478637695312,
              28.82224845886236
            ],
            [
              76.62431335449247,
              28.828639984130916
            ],
            [
              76.62590789794939,
              28.834381103515568
            ],
            [
              76.6373596191408,
              28.84255027770996
            ],
            [
              76.64261627197294,
              28.837169647216797
            ],
            [
              76.65107727050798,
              28.825941085815373
            ],
            [
              76.65374755859392,
              28.81899833679222
            ],
            [
              76.6607894897461,
              28.817150115966797
            ],
            [
              76.66336059570318,
              28.79855918884283
            ],
            [
              76.67836761474626,
              28.791988372802734
            ],
            [
              76.68730163574219,
              28.792430877685774
            ],
            [
              76.70246124267584,
              28.791219711303825
            ],
            [
              76.70120239257807,
              28.772001266479492
            ],
            [
              76.71392822265636,
              28.765270233154297
            ],
            [
              76.72525024414062,
              28.762781143188477
            ],
            [
              76.73223876953136,
              28.76344108581543
            ],
            [
              76.74093627929705,
              28.77165985107422
            ],
            [
              76.74864959716808,
              28.77260017395031
            ],
            [
              76.75580596923845,
              28.77036857604986
            ],
            [
              76.75988006591803,
              28.76448822021507
            ],
            [
              76.75565338134771,
              28.75464057922369
            ],
            [
              76.76667022705095,
              28.749059677124308
            ],
            [
              76.77278900146501,
              28.747182846069336
            ],
            [
              76.78116607666033,
              28.75495910644554
            ],
            [
              76.78726959228533,
              28.766059875488395
            ],
            [
              76.81080627441412,
              28.789779663085938
            ],
            [
              76.79836273193365,
              28.802400588989258
            ],
            [
              76.7848129272461,
              28.81153106689453
            ],
            [
              76.78607940673822,
              28.817960739135742
            ],
            [
              76.80935668945307,
              28.827270507812614
            ],
            [
              76.81610870361334,
              28.82377052307129
            ],
            [
              76.8214721679688,
              28.813390731811523
            ],
            [
              76.83740234375,
              28.81418037414562
            ],
            [
              76.85381317138672,
              28.821880340576286
            ],
            [
              76.8555068969726,
              28.82916069030773
            ],
            [
              76.86152648925787,
              28.832330703735295
            ],
            [
              76.86769866943388,
              28.838119506836165
            ],
            [
              76.87693023681658,
              28.84039115905773
            ],
            [
              76.88529205322283,
              28.85275077819847
            ],
            [
              76.89277648925787,
              28.86712074279791
            ],
            [
              76.89872741699224,
              28.86523246765131
            ],
            [
              76.90064239501959,
              28.862270355224723
            ],
            [
              76.90151214599626,
              28.85206031799322
            ],
            [
              76.90365600585943,
              28.845310211181754
            ],
            [
              76.90708160400396,
              28.838920593261832
            ],
            [
              76.90883636474615,
              28.82767105102539
            ]
          ]
        ]
      }
    },
    {
      "type": "Feature",
      "properties": {
        "TEHSIL_ID": 33,
        "TEHSIL_NAME": "Baroda",
        "DISTRICT_NAME": "Jind",
        "STATE_NAME": "Haryana"
      },
      "geometry": {
        "type": "Polygon",
        "coordinates": [
          [
            [
              75.92529296874994,
              29.064380645751953
            ],
            [
              76.7450485229495,
              29.064380645751953
            ],
            [
              76.7450485229495,
              29.175940649850045
            ],
            [
              75.92529296874994,
              29.175940649850045
            ],
            [
              75.92529296874994,
              29.064380645751953
            ]
          ]
        ]
      }
    },
    {
      "type": "Feature",
      "properties": {
        "TEHSIL_ID": 51,
        "TEHSIL_NAME": "Jind",
        "DISTRICT_NAME": "Jind",
        "STATE_NAME": "Haryana"
      },
      "geometry": {
        "type": "Polygon",
        "coordinates": [
          [
            [
              75.92529296874994,
              29.175940649850045
            ],
            [
              76.7450485229495,
              29.175940649850045
            ],
            [
              76.7450485229495,
              29.287500653948136
            ],
            [
              75.92529296874994,
              29.287500653948136
            ],
            [
              75.92529296874994,
              29.175940649850045
            ]
          ]
        ]
      }
    },
    {
      "type": "Feature",
      "properties": {
        "TEHSIL_ID": 85,
        "TEHSIL_NAME": "Uchana",
        "DISTRICT_NAME": "Jind",
        "STATE_NAME": "Haryana"
      },
      "geometry": {
        "type": "Polygon",
        "coordinates": [
          [
            [
              75.92529296874994,
              29.287500653948136
            ],
            [
              76.7450485229495,
              29.287500653948136
            ],
            [
              76.7450485229495,
              29.399060658046228
            ],
            [
              75.92529296874994,
              29.399060658046228
            ],
            [
              75.92529296874994,
              29.287500653948136
            ]
          ]
        ]
      }
    },
    {
      "type": "Feature",
      "properties": {
        "TEHSIL_ID": 65,
        "TEHSIL_NAME": "Pillukhera",
        "DISTRICT_NAME": "Jind",
        "STATE_NAME": "Haryana"
      },
      "geometry": {
        "type": "Polygon",
        "coordinates": [
          [
            [
              75.92529296874994,
              29.399060658046228
            ],
            [
              76.7450485229495,
              29.399060658046228
            ],
            [
              76.7450485229495,
              29.510620662144316
            ],
            [
              75.92529296874994,
              29.510620662144316
            ],
            [
              75.92529296874994,
              29.399060658046228
            ]
          ]
        ]
      }
    },
    {
      "type": "Feature",
      "properties": {
        "TEHSIL_ID": 22,
        "TEHSIL_NAME": "Alewa",
        "DISTRICT_NAME": "Jind",
        "STATE_NAME": "Haryana"
      },
      "geometry": {
        "type": "Polygon",
        "coordinates": [
          [
            [
              75.92529296874994,
              29.510620662144316
            ],
            [
              76.7450485229495,
              29.510620662144316
            ],
            [
              76.7450485229495,
              29.622180666242407
            ],
            [
              75.92529296874994,
              29.622180666242407
            ],
            [
              75.92529296874994,
              29.510620662144316
            ]
          ]
        ]
      }
    },
    {
      "type": "Feature",
      "properties": {
        "TEHSIL_ID": 72,
        "TEHSIL_NAME": "Safidon 2(m)",
        "DISTRICT_NAME": "Jind",
        "STATE_NAME": "Haryana"
      },
      "geometry": {
        "type": "Polygon",
        "coordinates": [
          [
            [
              75.92529296874994,
              29.622180666242407
            ],
            [
              76.7450485229495,
              29.622180666242407
            ],
            [
              76.7450485229495,
              29.7337406703405
            ],
            [
              75.92529296874994,
              29.7337406703405
            ],
            [
              75.92529296874994,
              29.622180666242407
            ]
          ]
        ]
      }
    },
    {
      "type": "Feature",
      "properties": {
        "TEHSIL_ID": 26,
        "TEHSIL_NAME": "Anta",
        "DISTRICT_NAME": "Jind",
        "STATE_NAME": "Haryana"
      },
      "geometry": {
        "type": "Polygon",
        "coordinates": [
          [
            [
              75.92529296874994,
              29.7337406703405
            ],
            [
              76.7450485229495,
              29.7337406703405
            ],
            [
              76.7450485229495,
              29.84530067443859
            ],
            [
              75.92529296874994,
              29.84530067443859
            ],
            [
              75.92529296874994,
              29.7337406703405
            ]
          ]
        ]
      }
    },
    {
      "type": "Feature",
      "properties": {
        "TEHSIL_ID": 54,
        "TEHSIL_NAME": "Kalayat",
        "DISTRICT_NAME": "Kaithal",
        "STATE_NAME": "Haryana"
      },
      "geometry": {
        "type": "Polygon",
        "coordinates": [
          [
            [
              76.16629028320318,
              29.518903732299805
            ],
            [
              76.74388122558605,
              29.518903732299805
            ],
            [
              76.74388122558605,
              29.689750194549603
            ],
            [
              76.16629028320318,
              29.689750194549603
            ],
            [
              76.16629028320318,
              29.518903732299805
            ]
          ]
        ]
      }
    },
    {
      "type": "Feature",
      "properties": {
        "TEHSIL_ID": 52,
        "TEHSIL_NAME": "Kaithal S",
        "DISTRICT_NAME": "Kaithal",
        "STATE_NAME": "Haryana"
      },
      "geometry": {
        "type": "Polygon",
        "coordinates": [
          [
            [
              76.16629028320318,
              29.689750194549603
            ],
            [
              76.74388122558605,
              29.689750194549603
            ],
            [
              76.74388122558605,
              29.8605966567994
            ],
            [
              76.16629028320318,
              29.8605966567994
            ],
            [
              76.16629028320318,
              29.689750194549603
            ]
          ]
        ]
      }
    },
    {
      "type": "Feature",
      "properties": {
        "TEHSIL_ID": 80,
        "TEHSIL_NAME": "Siwan",
        "DISTRICT_NAME": "Kaithal",
        "STATE_NAME": "Haryana"
      },
      "geometry": {
        "type": "Polygon",
        "coordinates": [
          [
            [
              76.16629028320318,
              29.8605966567994
            ],
            [
              76.74388122558605,
              29.8605966567994
            ],
            [
              76.74388122558605,
              30.0314431190492
            ],
            [
              76.16629028320318,
              30.0314431190492
            ],
            [
              76.16629028320318,
              29.8605966567994
            ]
          ]
        ]
      }
    },
    {
      "type": "Feature",
      "properties": {
        "TEHSIL_ID": 36,
        "TEHSIL_NAME": "Chika",
        "DISTRICT_NAME": "Kaithal",
        "STATE_NAME": "Haryana"
      },
      "geometry": {
        "type": "Polygon",
        "coordinates": [
          [
            [
              76.16629028320318,
              30.0314431190492
            ],
            [
              76.74388122558605,
              30.0314431190492
            ],
            [
              76.74388122558605,
              30.202289581299
            ],
            [
              76.16629028320318,
              30.202289581299
            ],
            [
              76.16629028320318,
              30.0314431190492
            ]
          ]
        ]
      }
    },
    {
      "type": "Feature",
      "properties": {
        "TEHSIL_ID": 28,
        "TEHSIL_NAME": "Assandh",
        "DISTRICT_NAME": "Karnal",
        "STATE_NAME": "Haryana"
      },
      "geometry": {
        "type": "Polygon",
        "coordinates": [
          [
            [
              76.48194122314459,
              29.445650100708235
            ],
            [
              77.21112823486334,
              29.445650100708235
            ],
            [
              77.21112823486334,
              29.55561828613304
            ],
            [
              76.48194122314459,
              29.55561828613304
            ],
            [
              76.48194122314459,
              29.445650100708235
            ]
          ]
        ]
      }
    },
    {
      "type": "Feature",
      "properties": {
        "TEHSIL_ID": 1,
        "TEHSIL_NAME": "Gharaunda",
        "DISTRICT_NAME": "Karnal",
        "STATE_NAME": "Haryana"
      },
      "geometry": {
        "type": "Polygon",
        "coordinates": [
          [
            [
              76.48194122314459,
              29.55561828613304
            ],
            [
              77.21112823486334,
              29.55561828613304
            ],
            [
              77.21112823486334,
              29.665586471557845
            ],
            [
              76.48194122314459,
              29.665586471557845
            ],
            [
              76.48194122314459,
              29.55561828613304
            ]
          ]
        ]
      }
    },
    {
      "type": "Feature",
      "properties": {
        "TEHSIL_ID": 25,
        "TEHSIL_NAME": "Amin S",
        "DISTRICT_NAME": "Karnal",
        "STATE_NAME": "Haryana"
      },
      "geometry": {
        "type": "Polygon",
        "coordinates": [
          [
            [
              76.48194122314459,
              29.665586471557845
            ],
            [
              77.21112823486334,
              29.665586471557845
            ],
            [
              77.21112823486334,
              29.77555465698265
            ],
            [
              76.48194122314459,
              29.77555465698265
            ],
            [
              76.48194122314459,
              29.665586471557845
            ]
          ]
        ]
      }
    },
    {
      "type": "Feature",
      "properties": {
        "TEHSIL_ID": 82,
        "TEHSIL_NAME": "Taraori",
        "DISTRICT_NAME": "Karnal",
        "STATE_NAME": "Haryana"
      },
      "geometry": {
        "type": "Polygon",
        "coordinates": [
          [
            [
              76.48194122314459,
              29.77555465698265
            ],
            [
              77.21112823486334,
              29.77555465698265
            ],
            [
              77.21112823486334,
              29.885522842407454
            ],
            [
              76.48194122314459,
              29.885522842407454
            ],
            [
              76.48194122314459,
              29.77555465698265
            ]
          ]
        ]
      }
    },
    {
      "type": "Feature",
      "properties": {
        "TEHSIL_ID": 2,
        "TEHSIL_NAME": "Indri",
        "DISTRICT_NAME": "Karnal",
        "STATE_NAME": "Haryana"
      },
      "geometry": {
        "type": "Polygon",
        "coordinates": [
          [
            [
              76.48194122314459,
              29.885522842407454
            ],
            [
              77.21112823486334,
              29.885522842407454
            ],
            [
              77.21112823486334,
              29.99549102783226
            ],
            [
              76.48194122314459,
              29.99549102783226
            ],
            [
              76.48194122314459,
              29.885522842407454
            ]
          ]
        ]
      }
    },
    {
      "type": "Feature",
      "properties": {
        "TEHSIL_ID": 11,
        "TEHSIL_NAME": "Adhoya",
        "DISTRICT_NAME": "Kurukshetra",
        "STATE_NAME": "Haryana"
      },
      "geometry": {
        "type": "Polygon",
        "coordinates": [
          [
            [
              76.4124984741211,
              29.861850738525447
            ],
            [
              77.27313995361334,
              29.861850738525447
            ],
            [
              77.27313995361334,
              29.91773496355334
            ],
            [
              76.4124984741211,
              29.91773496355334
            ],
            [
              76.4124984741211,
              29.861850738525447
            ]
          ]
        ]
      }
    },
    {
      "type": "Feature",
      "properties": {
        "TEHSIL_ID": 3,
        "TEHSIL_NAME": "Pehowa",
        "DISTRICT_NAME": "Kurukshetra",
        "STATE_NAME": "Haryana"
      },
      "geometry": {
        "type": "Polygon",
        "coordinates": [
          [
            [
              76.4124984741211,
              29.91773496355334
            ],
            [
              77.27313995361334,
              29.91773496355334
            ],
            [
              77.27313995361334,
              29.973619188581235
            ],
            [
              76.4124984741211,
              29.973619188581235
            ],
            [
              76.4124984741211,
              29.91773496355334
            ]
          ]
        ]
      }
    },
    {
      "type": "Feature",
      "properties": {
        "TEHSIL_ID": 64,
        "TEHSIL_NAME": "Pehowa 2(m)",
        "DISTRICT_NAME": "Kurukshetra",
        "STATE_NAME": "Haryana"
      },
      "geometry": {
        "type": "Polygon",
        "coordinates": [
          [
            [
              76.4124984741211,
              29.973619188581235
            ],
            [
              77.27313995361334,
              29.973619188581235
            ],
            [
              77.27313995361334,
              30.029503413609127
            ],
            [
              76.4124984741211,
              30.029503413609127
            ],
            [
              76.4124984741211,
              29.973619188581235
            ]
          ]
        ]
      }
    },
    {
      "type": "Feature",
      "properties": {
        "TEHSIL_ID": 18,
        "TEHSIL_NAME": "Ajrana Kalan S",
        "DISTRICT_NAME": "Kurukshetra",
        "STATE_NAME": "Haryana"
      },
      "geometry": {
        "type": "Polygon",
        "coordinates": [
          [
            [
              76.4124984741211,
              30.029503413609127
            ],
            [
              77.27313995361334,
              30.029503413609127
            ],
            [
              77.27313995361334,
              30.085387638637023
            ],
            [
              76.4124984741211,
              30.085387638637023
            ],
            [
              76.4124984741211,
              30.029503413609127
            ]
          ]
        ]
      }
    },
    {
      "type": "Feature",
      "properties": {
        "TEHSIL_ID": 75,
        "TEHSIL_NAME": "Shahbad 1(d)",
        "DISTRICT_NAME": "Kurukshetra",
        "STATE_NAME": "Haryana"
      },
      "geometry": {
        "type": "Polygon",
        "coordinates": [
          [
            [
              76.4124984741211,
              30.085387638637023
            ],
            [
              77.27313995361334,
              30.085387638637023
            ],
            [
              77.27313995361334,
              30.141271863664915
            ],
            [
              76.4124984741211,
              30.141271863664915
            ],
            [
              76.4124984741211,
              30.085387638637023
            ]
          ]
        ]
      }
    },
    {
      "type": "Feature",
      "properties": {
        "TEHSIL_ID": 4,
        "TEHSIL_NAME": "Shahbad",
        "DISTRICT_NAME": "Kurukshetra",
        "STATE_NAME": "Haryana"
      },
      "geometry": {
        "type": "Polygon",
        "coordinates": [
          [
            [
              76.4124984741211,
              30.141271863664915
            ],
            [
              77.27313995361334,
              30.141271863664915
            ],
            [
              77.27313995361334,
              30.19715608869281
            ],
            [
              76.4124984741211,
              30.19715608869281
            ],
            [
              76.4124984741211,
              30.141271863664915
            ]
          ]
        ]
      }
    },
    {
      "type": "Feature",
      "properties": {
        "TEHSIL_ID": 87,
        "TEHSIL_NAME": "Yara",
        "DISTRICT_NAME": "Kurukshetra",
        "STATE_NAME": "Haryana"
      },
      "geometry": {
        "type": "Polygon",
        "coordinates": [
          [
            [
              76.4124984741211,
              30.19715608869281
            ],
            [
              77.27313995361334,
              30.19715608869281
            ],
            [
              77.27313995361334,
              30.253040313720703
            ],
            [
              76.4124984741211,
              30.253040313720703
            ],
            [
              76.4124984741211,
              30.19715608869281
            ]
          ]
        ]
      }
    },
    {
      "type": "Feature",
      "properties": {
        "TEHSIL_ID": 60,
        "TEHSIL_NAME": "Narnaul",
        "DISTRICT_NAME": "Mahendragarh",
        "STATE_NAME": "Haryana"
      },
      "geometry": {
        "type": "Polygon",
        "coordinates": [
          [
            [
              75.88899993896496,
              27.807460784912166
            ],
            [
              76.3883590698245,
              27.807460784912166
            ],
            [
              76.3883590698245,
              28.13969516754159
            ],
            [
              75.88899993896496,
              28.13969516754159
            ],
            [
              75.88899993896496,
              27.807460784912166
            ]
          ]
        ]
      }
    },
    {
      "type": "Feature",
      "properties": {
        "TEHSIL_ID": 32,
        "TEHSIL_NAME": "Barda",
        "DISTRICT_NAME": "Mahendragarh",
        "STATE_NAME": "Haryana"
      },
      "geometry": {
        "type": "Polygon",
        "coordinates": [
          [
            [
              75.88899993896496,
              28.13969516754159
            ],
            [
              76.3883590698245,
              28.13969516754159
            ],
            [
              76.3883590698245,
              28.471929550171012
            ],
            [
              75.88899993896496,
              28.471929550171012
            ],
            [
              75.88899993896496,
              28.13969516754159
            ]
          ]
        ]
      }
    },
    {
      "type": "Feature",
      "properties": {
        "TEHSIL_ID": 34,
        "TEHSIL_NAME": "Barwala",
        "DISTRICT_NAME": "Panchkula",
        "STATE_NAME": "Haryana"
      },
      "geometry": {
        "type": "Polygon",
        "coordinates": [
          [
            [
              76.76254272460943,
              30.52469062805187
            ],
            [
              77.16236114501964,
              30.52469062805187
            ],
            [
              77.16236114501964,
              30.659920374552485
            ],
            [
              76.76254272460943,
              30.659920374552485
            ],
            [
              76.76254272460943,
              30.52469062805187
            ]
          ]
        ]
      }
    },
    {
      "type": "Feature",
      "properties": {
        "TEHSIL_ID": 68,
        "TEHSIL_NAME": "Raipur Rani",
        "DISTRICT_NAME": "Panchkula",
        "STATE_NAME": "Haryana"
      },
      "geometry": {
        "type": "Polygon",
        "coordinates": [
          [
            [
              76.76254272460943,
              30.659920374552485
            ],
            [
              77.16236114501964,
              30.659920374552485
            ],
            [
              77.16236114501964,
              30.795150121053098
            ],
            [
              76.76254272460943,
              30.795150121053098
            ],
            [
              76.76254272460943,
              30.659920374552485
            ]
          ]
        ]
      }
    },
    {
      "type": "Feature",
      "properties": {
        "TEHSIL_ID": 6,
        "TEHSIL_NAME": "Abdullapur",
        "DISTRICT_NAME": "Panchkula",
        "STATE_NAME": "Haryana"
      },
      "geometry": {
        "type": "Polygon",
        "coordinates": [
          [
            [
              76.76254272460943,
              30.795150121053098
            ],
            [
              77.16236114501964,
              30.795150121053098
            ],
            [
              77.16236114501964,
              30.93037986755371
            ],
            [
              76.76254272460943,
              30.93037986755371
            ],
            [
              76.76254272460943,
              30.795150121053098
            ]
          ]
        ]
      }
    },
    {
      "type": "Feature",
      "properties": {
        "TEHSIL_ID": 74,
        "TEHSIL_NAME": "Samalkha",
        "DISTRICT_NAME": "Panipat",
        "STATE_NAME": "Haryana"
      },
      "geometry": {
        "type": "Polygon",
        "coordinates": [
          [
            [
              76.84822845458996,
              29.491331100463924
            ],
            [
              76.85755920410168,
              29.495130538940487
            ],
            [
              76.86559295654308,
              29.494449615478516
            ],
            [
              76.87314605712896,
              29.492570877075252
            ],
            [
              76.8783416748048,
              29.489852905273494
            ],
            [
              76.8834915161134,
              29.484228134155273
            ],
            [
              76.88687896728521,
              29.47773933410656
            ],
            [
              76.891372680664,
              29.472789764404354
            ],
            [
              76.89537811279291,
              29.473262786865234
            ],
            [
              76.89969635009771,
              29.478929519653263
            ],
            [
              76.90650177001953,
              29.485668182373047
            ],
            [
              76.91039276123058,
              29.48569107055664
            ],
            [
              76.91683959960943,
              29.482980728149414
            ],
            [
              76.92572784423828,
              29.48097038269043
            ],
            [
              76.9217529296875,
              29.475122451782227
            ],
            [
              76.93678283691406,
              29.46957969665533
            ],
            [
              76.9437713623048,
              29.4633407592774
            ],
            [
              76.95234680175793,
              29.462940216064567
            ],
            [
              76.96084594726562,
              29.467350006103516
            ],
            [
              76.96794891357428,
              29.471889495849723
            ],
            [
              76.97628021240234,
              29.467252731323242
            ],
            [
              76.98940277099604,
              29.45601081848156
            ],
            [
              76.9949188232423,
              29.453020095825195
            ],
            [
              77.00456237792974,
              29.45173072814947
            ],
            [
              77.0184326171875,
              29.45215034484869
            ],
            [
              77.03370666503906,
              29.454710006713924
            ],
            [
              77.0432357788086,
              29.453151702880916
            ],
            [
              77.05856323242193,
              29.446311950683594
            ],
            [
              77.0653915405274,
              29.445650100708065
            ],
            [
              77.1095428466798,
              29.44880294799816
            ],
            [
              77.12413787841803,
              29.452941894531193
            ],
            [
              77.13198089599615,
              29.450490951538143
            ],
            [
              77.13774871826183,
              29.446590423583984
            ],
            [
              77.13938903808594,
              29.442100524902344
            ],
            [
              77.13845062255865,
              29.43686294555664
            ],
            [
              77.13577270507818,
              29.432220458984432
            ],
            [
              77.1248779296875,
              29.4221706390382
            ],
            [
              77.12586975097662,
              29.410640716552848
            ],
            [
              77.12908935546875,
              29.402490615844727
            ],
            [
              77.13346099853516,
              29.398439407348576
            ],
            [
              77.14006805419933,
              29.39472007751459
            ],
            [
              77.14597320556652,
              29.39248085021984
            ],
            [
              77.14679718017578,
              29.389770507812614
            ],
            [
              77.13864898681646,
              29.383909225463867
            ],
            [
              77.13105010986334,
              29.38070106506342
            ],
            [
              77.12046813964844,
              29.378770828247184
            ],
            [
              77.11694335937506,
              29.37668037414562
            ],
            [
              77.11669921875006,
              29.372579574585075
            ],
            [
              77.11884307861334,
              29.36195945739746
            ],
            [
              77.11752319335949,
              29.35715103149414
            ],
            [
              77.12003326416027,
              29.349790573120174
            ],
            [
              77.12368774414057,
              29.344989776611385
            ],
            [
              77.12757873535162,
              29.344339370727596
            ],
            [
              77.14644622802734,
              29.3450603485108
            ],
            [
              77.15186309814464,
              29.33929061889654
            ],
            [
              77.15394592285162,
              29.335479736328125
            ],
            [
              77.15001678466797,
              29.331691741943473
            ],
            [
              77.15104675292974,
              29.325519561767635
            ],
            [
              77.15360260009777,
              29.32225990295416
            ],
            [
              77.15421295166016,
              29.316921234130916
            ],
            [
              77.14231109619146,
              29.301511764526367
            ],
            [
              77.1443710327149,
              29.296199798584098
            ],
            [
              77.13761901855469,
              29.2874698638916
            ],
            [
              77.12948608398443,
              29.272790908813477
            ],
            [
              77.1349868774414,
              29.266492843628043
            ],
            [
              77.14247894287115,
              29.251600265502987
            ],
            [
              77.14402008056646,
              29.243331909179688
            ],
            [
              77.1427993774414,
              29.237791061401367
            ],
            [
              77.12722015380865,
              29.228141784668026
            ],
            [
              77.1252212524414,
              29.22487068176264
            ],
            [
              77.12770080566406,
              29.218420028686637
            ],
            [
              77.13262939453136,
              29.213119506835994
            ],
            [
              77.13616180419928,
              29.207450866699332
            ],
            [
              77.13813781738293,
              29.20106124877941
            ],
            [
              77.13999176025396,
              29.18208122253418
            ],
            [
              77.13240814208996,
              29.17181015014654
            ],
            [
              77.10337066650396,
              29.17538070678711
            ],
            [
              77.0921020507813,
              29.16856002807623
            ],
            [
              77.08863830566406,
              29.170410156250114
            ],
            [
              77.08190917968744,
              29.17991065979004
            ],
            [
              77.07314300537104,
              29.186950683593807
            ],
            [
              77.05786895751964,
              29.182191848754883
            ],
            [
              77.05085754394531,
              29.181907653808537
            ],
            [
              77.03829956054688,
              29.19285011291504
            ],
            [
              77.02919006347662,
              29.18922042846691
            ],
            [
              77.01864624023438,
              29.187940597534293
            ],
            [
              77.00934600830084,
              29.193370819091854
            ],
            [
              77.00116729736334,
              29.196489334106445
            ],
            [
              76.99984741210949,
              29.200250625610465
            ],
            [
              77.00312805175793,
              29.22190093994152
            ],
            [
              76.99839782714844,
              29.225130081176815
            ],
            [
              76.9900512695313,
              29.223871231079215
            ],
            [
              76.98596191406261,
              29.222459793090877
            ],
            [
              76.9713363647461,
              29.221279144287223
            ],
            [
              76.9638900756836,
              29.22179031372076
            ],
            [
              76.95513916015625,
              29.224241256713867
            ],
            [
              76.94674682617188,
              29.218599319458008
            ],
            [
              76.94003295898438,
              29.215011596679744
            ],
            [
              76.9279174804688,
              29.214330673217773
            ],
            [
              76.91887664794922,
              29.219930648803768
            ],
            [
              76.90524291992199,
              29.224109649658317
            ],
            [
              76.89380645751964,
              29.221620559692326
            ],
            [
              76.88315582275402,
              29.215040206909123
            ],
            [
              76.87760162353527,
              29.202341079712028
            ],
            [
              76.87336730957037,
              29.197700500488395
            ],
            [
              76.86743927001959,
              29.19923973083496
            ],
            [
              76.85669708251953,
              29.207031250000114
            ],
            [
              76.85679626464855,
              29.209011077880916
            ],
            [
              76.8286361694336,
              29.21087265014654
            ],
            [
              76.816879272461,
              29.21372985839855
            ],
            [
              76.79051971435547,
              29.23131942749029
            ],
            [
              76.7859725952149,
              29.246459960937557
            ],
            [
              76.78298187255871,
              29.265989303588867
            ],
            [
              76.78044128417974,
              29.274789810180778
            ],
            [
              76.77501678466791,
              29.278488159179744
            ],
            [
              76.76602935791027,
              29.282089233398438
            ],
            [
              76.7554779052735,
              29.282089233398438
            ],
            [
              76.74666595458984,
              29.278089523315487
            ],
            [
              76.73168945312511,
              29.265499114990348
            ],
            [
              76.70065307617188,
              29.255720138549805
            ],
            [
              76.69034576416016,
              29.267602920532227
            ],
            [
              76.67138671875006,
              29.27496910095215
            ],
            [
              76.6703033447265,
              29.28184127807623
            ],
            [
              76.653060913086,
              29.285020828247127
            ],
            [
              76.6421508789063,
              29.29231071472168
            ],
            [
              76.63697052001953,
              29.294599533081055
            ],
            [
              76.63163757324219,
              29.299360275268555
            ],
            [
              76.62915802001953,
              29.315750122070426
            ],
            [
              76.6246795654298,
              29.321029663085994
            ],
            [
              76.63163757324219,
              29.336719512939453
            ],
            [
              76.63611602783214,
              29.342798233032227
            ],
            [
              76.63777160644537,
              29.35029029846197
            ],
            [
              76.63667297363287,
              29.36119079589838
            ],
            [
              76.63693237304682,
              29.368000030517578
            ],
            [
              76.63926696777344,
              29.373340606689453
            ],
            [
              76.64597320556646,
              29.376459121704215
            ],
            [
              76.65702819824224,
              29.378000259399528
            ],
            [
              76.66124725341803,
              29.3820476531983
            ],
            [
              76.6706161499024,
              29.382389068603572
            ],
            [
              76.6800765991211,
              29.384691238403434
            ],
            [
              76.68496704101574,
              29.389720916748047
            ],
            [
              76.69853210449213,
              29.388059616088867
            ],
            [
              76.70903015136713,
              29.393280029296875
            ],
            [
              76.71695709228521,
              29.39413833618164
            ],
            [
              76.72280883789062,
              29.39721107482916
            ],
            [
              76.72345733642584,
              29.403079986572266
            ],
            [
              76.72572326660162,
              29.411479949951172
            ],
            [
              76.72294616699213,
              29.4200382232666
            ],
            [
              76.72521209716808,
              29.428039550781307
            ],
            [
              76.73236083984375,
              29.437549591064567
            ],
            [
              76.73755645751959,
              29.44771957397461
            ],
            [
              76.7393798828125,
              29.45664024353033
            ],
            [
              76.74504852294933,
              29.472219467163086
            ],
            [
              76.75038146972668,
              29.47324943542492
            ],
            [
              76.76008605957043,
              29.476379394531364
            ],
            [
              76.77319335937506,
              29.4721298217774
            ],
            [
              76.78169250488276,
              29.473720550537166
            ],
            [
              76.78649139404297,
              29.48258018493658
            ],
            [
              76.79505920410156,
              29.486570358276424
            ],
            [
              76.8155975341798,
              29.475650787353572
            ],
            [
              76.825942993164,
              29.473800659179744
            ],
            [
              76.83902740478521,
              29.47857093811035
            ],
            [
              76.84548187255865,
              29.482849121093864
            ],
            [
              76.84822845458996,
              29.491331100463924
            ]
          ]
        ]
      }
    },
    {
      "type": "Feature",
      "properties": {
        "TEHSIL_ID": 56,
        "TEHSIL_NAME": "Kosli",
        "DISTRICT_NAME": "Rewari",
        "STATE_NAME": "Haryana"
      },
      "geometry": {
        "type": "Polygon",
        "coordinates": [
          [
            [
              76.65431976318376,
              28.35444068908697
            ],
            [
              76.6529006958009,
              28.346809387207145
            ],
            [
              76.65281677246111,
              28.337940216064567
            ],
            [
              76.64884185791021,
              28.329540252685604
            ],
            [
              76.64840698242205,
              28.325399398803825
            ],
            [
              76.65258026123047,
              28.322689056396598
            ],
            [
              76.66731262207048,
              28.32193946838379
            ],
            [
              76.67723846435547,
              28.32001113891613
            ],
            [
              76.67637634277372,
              28.307870864868164
            ],
            [
              76.67244720459001,
              28.294420242309684
            ],
            [
              76.66809844970709,
              28.27956962585455
            ],
            [
              76.67096710205084,
              28.27289962768566
            ],
            [
              76.67312622070341,
              28.26786041259777
            ],
            [
              76.67485046386747,
              28.267419815063477
            ],
            [
              76.678276062012,
              28.266571044921818
            ],
            [
              76.68563079833984,
              28.26744270324707
            ],
            [
              76.69338226318354,
              28.265399932861385
            ],
            [
              76.70207214355474,
              28.267288208007926
            ],
            [
              76.71302032470732,
              28.26750183105497
            ],
            [
              76.71324920654314,
              28.267509460449332
            ],
            [
              76.71846008300787,
              28.264110565185604
            ],
            [
              76.72367858886747,
              28.26072120666504
            ],
            [
              76.72564697265642,
              28.259910583496094
            ],
            [
              76.72952270507818,
              28.258321762084904
            ],
            [
              76.7477416992187,
              28.253021240234318
            ],
            [
              76.76116180419922,
              28.24588966369629
            ],
            [
              76.76319122314447,
              28.23970985412609
            ],
            [
              76.76991271972673,
              28.23188018798828
            ],
            [
              76.77390289306658,
              28.23094940185564
            ],
            [
              76.77694702148438,
              28.23429107666027
            ],
            [
              76.78189849853516,
              28.242441177368335
            ],
            [
              76.7889709472658,
              28.251010894775504
            ],
            [
              76.79585266113298,
              28.253879547119084
            ],
            [
              76.79518890380871,
              28.252990722656364
            ],
            [
              76.82295989990234,
              28.249380111694336
            ],
            [
              76.82681274414068,
              28.247070312500114
            ],
            [
              76.84648132324224,
              28.23950958251953
            ],
            [
              76.85433959960966,
              28.22524070739769
            ],
            [
              76.85048675537115,
              28.22666931152355
            ],
            [
              76.83342742919939,
              28.224849700927848
            ],
            [
              76.82724761962919,
              28.217491149902457
            ],
            [
              76.82382965087919,
              28.214700698852653
            ],
            [
              76.81896209716803,
              28.214691162109318
            ],
            [
              76.813232421875,
              28.21631240844721
            ],
            [
              76.80580902099615,
              28.215890884399414
            ],
            [
              76.80136871337908,
              28.211601257324332
            ],
            [
              76.80246734619169,
              28.204631805420036
            ],
            [
              76.80560302734375,
              28.200380325317496
            ],
            [
              76.80261230468756,
              28.196071624756144
            ],
            [
              76.79788970947294,
              28.19437980651867
            ],
            [
              76.79384613037121,
              28.19955062866211
            ],
            [
              76.79309844970732,
              28.198329925537223
            ],
            [
              76.79025268554716,
              28.193759918213004
            ],
            [
              76.79225921630865,
              28.18292045593273
            ],
            [
              76.79228973388678,
              28.175661087036133
            ],
            [
              76.79614257812511,
              28.170480728149357
            ],
            [
              76.79148864746094,
              28.157241821289176
            ],
            [
              76.78306579589861,
              28.155679702758846
            ],
            [
              76.77294158935547,
              28.15142059326172
            ],
            [
              76.7621688842774,
              28.15002059936529
            ],
            [
              76.75508117675787,
              28.146610260009993
            ],
            [
              76.73912811279325,
              28.129039764404354
            ],
            [
              76.73295593261724,
              28.12857246398943
            ],
            [
              76.73159790039062,
              28.128450393676815
            ],
            [
              76.7200469970706,
              28.131530761718693
            ],
            [
              76.70996093750028,
              28.13236045837408
            ],
            [
              76.70899200439482,
              28.1313800811767
            ],
            [
              76.70543670654314,
              28.12772750854515
            ],
            [
              76.6987609863283,
              28.11571121215843
            ],
            [
              76.69494628906267,
              28.115299224853572
            ],
            [
              76.6902465820313,
              28.114789962768782
            ],
            [
              76.68949890136724,
              28.113500595092887
            ],
            [
              76.68564605712896,
              28.106880187988395
            ],
            [
              76.68218231201189,
              28.097770690917912
            ],
            [
              76.6779098510745,
              28.0978107452392
            ],
            [
              76.66393280029303,
              28.09785079956066
            ],
            [
              76.65798950195318,
              28.099071502685547
            ],
            [
              76.65122985839838,
              28.096759796142578
            ],
            [
              76.64785003662126,
              28.092210769653377
            ],
            [
              76.64697265625006,
              28.08510971069336
            ],
            [
              76.64804077148455,
              28.079080581665153
            ],
            [
              76.64792633056646,
              28.06767082214361
            ],
            [
              76.64892578125028,
              28.061710357666072
            ],
            [
              76.65162658691406,
              28.055482864379883
            ],
            [
              76.65099334716808,
              28.044460296630803
            ],
            [
              76.65341949462896,
              28.039920806884766
            ],
            [
              76.65962219238276,
              28.033670425415153
            ],
            [
              76.6614608764649,
              28.0293025970459
            ],
            [
              76.66240692138678,
              28.022941589355582
            ],
            [
              76.66007232666016,
              28.01905059814453
            ],
            [
              76.65455627441412,
              28.01556968688965
            ],
            [
              76.64671325683611,
              28.01262092590332
            ],
            [
              76.63687896728527,
              28.01066017150879
            ],
            [
              76.62534332275408,
              28.010469436645508
            ],
            [
              76.615966796875,
              28.01128959655773
            ],
            [
              76.60389709472685,
              28.01079177856468
            ],
            [
              76.59896850585932,
              28.00984001159685
            ],
            [
              76.59523773193365,
              28.006149291992244
            ],
            [
              76.59175872802751,
              28.003658294677734
            ],
            [
              76.58381652832037,
              28.00031089782715
            ],
            [
              76.57727050781267,
              27.99487113952648
            ],
            [
              76.57382965087908,
              27.9890193939209
            ],
            [
              76.56749725341791,
              27.983579635620345
            ],
            [
              76.55979156494146,
              27.981782913208065
            ],
            [
              76.55343627929705,
              27.975030899048022
            ],
            [
              76.5465927124024,
              27.971370697021598
            ],
            [
              76.53819274902344,
              27.97054100036621
            ],
            [
              76.53350067138683,
              27.97372817993164
            ],
            [
              76.53103637695341,
              27.979328155517805
            ],
            [
              76.53193664550787,
              27.98570060729992
            ],
            [
              76.53553771972662,
              27.993061065674055
            ],
            [
              76.53640747070307,
              28.004730224609375
            ],
            [
              76.53845214843761,
              28.005371093750227
            ],
            [
              76.53774261474604,
              28.007511138916016
            ],
            [
              76.53861999511724,
              28.012060165405558
            ],
            [
              76.53855133056658,
              28.01670074462885
            ],
            [
              76.53553009033209,
              28.025711059570312
            ],
            [
              76.53852081298828,
              28.039119720458928
            ],
            [
              76.53124237060575,
              28.043111801147575
            ],
            [
              76.52585601806646,
              28.04544830322277
            ],
            [
              76.51859283447271,
              28.038961410522575
            ],
            [
              76.5114059448245,
              28.03536033630371
            ],
            [
              76.50522613525396,
              28.03503036499046
            ],
            [
              76.499496459961,
              28.036359786987305
            ],
            [
              76.49848937988298,
              28.040180206299055
            ],
            [
              76.49604797363287,
              28.04364013671875
            ],
            [
              76.4922180175783,
              28.04709815979004
            ],
            [
              76.48307037353516,
              28.04632949829113
            ],
            [
              76.47570800781261,
              28.044059753418026
            ],
            [
              76.4617004394533,
              28.04457283020031
            ],
            [
              76.45574188232422,
              28.04648017883312
            ],
            [
              76.45372772216803,
              28.049669265747298
            ],
            [
              76.45403289794922,
              28.055072784423885
            ],
            [
              76.45797729492216,
              28.06197166442894
            ],
            [
              76.4712982177735,
              28.06110954284668
            ],
            [
              76.48381805419939,
              28.058280944824162
            ],
            [
              76.48957824707037,
              28.059240341186694
            ],
            [
              76.49453735351568,
              28.061071395874137
            ],
            [
              76.49765777587919,
              28.06473159790039
            ],
            [
              76.49537658691435,
              28.06764030456543
            ],
            [
              76.48590087890642,
              28.075120925903263
            ],
            [
              76.46988677978533,
              28.08632087707531
            ],
            [
              76.46360778808611,
              28.084068298339844
            ],
            [
              76.45881652832048,
              28.085000991821403
            ],
            [
              76.45343017578153,
              28.087789535522575
            ],
            [
              76.4485702514649,
              28.09317016601591
            ],
            [
              76.45121765136719,
              28.09766006469738
            ],
            [
              76.45390319824224,
              28.10589027404785
            ],
            [
              76.4568862915039,
              28.110389709472656
            ],
            [
              76.46092987060564,
              28.111900329589844
            ],
            [
              76.46623229980469,
              28.11297035217291
            ],
            [
              76.4725418090822,
              28.11271095275879
            ],
            [
              76.47728729248041,
              28.10598945617687
            ],
            [
              76.4887466430664,
              28.104730606079272
            ],
            [
              76.49780273437506,
              28.106620788574276
            ],
            [
              76.49729156494169,
              28.11597824096674
            ],
            [
              76.49809265136719,
              28.12253952026373
            ],
            [
              76.48689270019537,
              28.12281036376953
            ],
            [
              76.4857406616211,
              28.12812042236328
            ],
            [
              76.48972320556658,
              28.13367843627941
            ],
            [
              76.48509216308622,
              28.134901046753043
            ],
            [
              76.48329162597662,
              28.134847640991268
            ],
            [
              76.47722625732433,
              28.134670257568303
            ],
            [
              76.47319030761724,
              28.13573074340843
            ],
            [
              76.46996307373053,
              28.138500213623047
            ],
            [
              76.47233581542969,
              28.149600982666186
            ],
            [
              76.47099304199213,
              28.154741287231502
            ],
            [
              76.46517944335943,
              28.15561103820795
            ],
            [
              76.46109008789062,
              28.152370452880973
            ],
            [
              76.45604705810553,
              28.15142822265625
            ],
            [
              76.43712615966803,
              28.152151107788143
            ],
            [
              76.43135833740251,
              28.14757156372076
            ],
            [
              76.42729187011747,
              28.145940780639762
            ],
            [
              76.4122467041015,
              28.147478103637752
            ],
            [
              76.39704132080095,
              28.147792816162223
            ],
            [
              76.39302825927751,
              28.141050338745117
            ],
            [
              76.3885116577149,
              28.13952064514166
            ],
            [
              76.384033203125,
              28.139860153198356
            ],
            [
              76.3767700195312,
              28.138071060180664
            ],
            [
              76.35983276367205,
              28.1433811187747
            ],
            [
              76.357406616211,
              28.147851943969727
            ],
            [
              76.355972290039,
              28.159780502319393
            ],
            [
              76.35324859619152,
              28.166191101074332
            ],
            [
              76.34259796142607,
              28.173931121826286
            ],
            [
              76.33590698242216,
              28.177341461181754
            ],
            [
              76.32595825195318,
              28.17743110656744
            ],
            [
              76.30871582031267,
              28.183361053466967
            ],
            [
              76.30734252929682,
              28.19227981567377
            ],
            [
              76.30335998535173,
              28.195779800415096
            ],
            [
              76.29946899414074,
              28.20285034179699
            ],
            [
              76.3026733398438,
              28.209260940551758
            ],
            [
              76.31124877929693,
              28.209840774536133
            ],
            [
              76.31696319580084,
              28.213560104370117
            ],
            [
              76.32341003417986,
              28.22857093811058
            ],
            [
              76.33673858642595,
              28.227991104126204
            ],
            [
              76.33878326416044,
              28.230670928955078
            ],
            [
              76.34335327148466,
              28.24645042419445
            ],
            [
              76.34281921386713,
              28.25484848022461
            ],
            [
              76.34501647949224,
              28.263690948486385
            ],
            [
              76.34352111816418,
              28.268100738525618
            ],
            [
              76.34314727783214,
              28.269172668457088
            ],
            [
              76.33779907226574,
              28.275060653686637
            ],
            [
              76.34712219238287,
              28.28581237792997
            ],
            [
              76.34429168701183,
              28.30133819580078
            ],
            [
              76.34134674072283,
              28.30828285217291
            ],
            [
              76.34448242187511,
              28.314849853515625
            ],
            [
              76.35228729248053,
              28.318399429321516
            ],
            [
              76.35459899902372,
              28.32676124572754
            ],
            [
              76.35884857177734,
              28.328519821166992
            ],
            [
              76.36228942871094,
              28.329940795898608
            ],
            [
              76.35769653320307,
              28.345830917358512
            ],
            [
              76.35080718994169,
              28.35075187683111
            ],
            [
              76.35157775878935,
              28.364559173584155
            ],
            [
              76.35112762451178,
              28.371759414673022
            ],
            [
              76.36727905273455,
              28.37034988403326
            ],
            [
              76.38105010986334,
              28.369070053100643
            ],
            [
              76.38358306884777,
              28.365760803222656
            ],
            [
              76.38130950927763,
              28.356058120727653
            ],
            [
              76.37719726562517,
              28.34701919555664
            ],
            [
              76.3800277709961,
              28.343347549438477
            ],
            [
              76.39611053466803,
              28.33542060852062
            ],
            [
              76.41072082519526,
              28.329830169677734
            ],
            [
              76.41322326660173,
              28.330078124999943
            ],
            [
              76.41516876220703,
              28.333219528198356
            ],
            [
              76.41800689697283,
              28.34901046752941
            ],
            [
              76.41105651855497,
              28.35060119628929
            ],
            [
              76.40183258056646,
              28.35400009155302
            ],
            [
              76.39739227294939,
              28.356769561767635
            ],
            [
              76.39964294433622,
              28.36422157287609
            ],
            [
              76.41780090332048,
              28.36120986938488
            ],
            [
              76.45358276367199,
              28.350419998169002
            ],
            [
              76.46089935302734,
              28.354810714721964
            ],
            [
              76.4620361328125,
              28.361021041870174
            ],
            [
              76.46376800537126,
              28.363880157470817
            ],
            [
              76.46569061279314,
              28.3670711517334
            ],
            [
              76.48793792724638,
              28.38159942626953
            ],
            [
              76.4960021972658,
              28.382980346679688
            ],
            [
              76.50280761718778,
              28.381910324096623
            ],
            [
              76.50531768798822,
              28.37203025817871
            ],
            [
              76.50917053222673,
              28.361829757690543
            ],
            [
              76.51864624023466,
              28.355039596557617
            ],
            [
              76.54229736328153,
              28.350080490112305
            ],
            [
              76.57486724853521,
              28.351499557495345
            ],
            [
              76.57797241210966,
              28.354160308838004
            ],
            [
              76.58180999755854,
              28.371150970459098
            ],
            [
              76.59175872802751,
              28.373880386352596
            ],
            [
              76.592025756836,
              28.38342094421415
            ],
            [
              76.5942459106447,
              28.387821197509766
            ],
            [
              76.59541320800781,
              28.408769607543945
            ],
            [
              76.60032653808594,
              28.425041198730582
            ],
            [
              76.60485076904325,
              28.43205070495617
            ],
            [
              76.60600280761747,
              28.433820724487305
            ],
            [
              76.61268615722685,
              28.4330291748048
            ],
            [
              76.62081909179693,
              28.429159164428825
            ],
            [
              76.62873077392572,
              28.423290252685547
            ],
            [
              76.63648223876959,
              28.414579391479663
            ],
            [
              76.64277648925787,
              28.40603065490734
            ],
            [
              76.6504898071289,
              28.400730133056925
            ],
            [
              76.65540313720732,
              28.39414978027372
            ],
            [
              76.65802764892584,
              28.385770797729492
            ],
            [
              76.65600585937494,
              28.376462936401424
            ],
            [
              76.65125274658203,
              28.364049911499023
            ],
            [
              76.65431976318376,
              28.35444068908697
            ]
          ]
        ]
      }
    },
    {
      "type": "Feature",
      "properties": {
        "TEHSIL_ID": 53,
        "TEHSIL_NAME": "Kalanaur",
        "DISTRICT_NAME": "Rohtak",
        "STATE_NAME": "Haryana"
      },
      "geometry": {
        "type": "Polygon",
        "coordinates": [
          [
            [
              76.20915222167986,
              28.685831069946573
            ],
            [
              76.89277648925787,
              28.685831069946573
            ],
            [
              76.89277648925787,
              28.82683753967308
            ],
            [
              76.20915222167986,
              28.82683753967308
            ],
            [
              76.20915222167986,
              28.685831069946573
            ]
          ]
        ]
      }
    },
    {
      "type": "Feature",
      "properties": {
        "TEHSIL_ID": 17,
        "TEHSIL_NAME": "Ajaib",
        "DISTRICT_NAME": "Rohtak",
        "STATE_NAME": "Haryana"
      },
      "geometry": {
        "type": "Polygon",
        "coordinates": [
          [
            [
              76.20915222167986,
              28.82683753967308
            ],
            [
              76.89277648925787,
              28.82683753967308
            ],
            [
              76.89277648925787,
              28.967844009399585
            ],
            [
              76.20915222167986,
              28.967844009399585
            ],
            [
              76.20915222167986,
              28.82683753967308
            ]
          ]
        ]
      }
    },
    {
      "type": "Feature",
      "properties": {
        "TEHSIL_ID": 70,
        "TEHSIL_NAME": "Rohtak",
        "DISTRICT_NAME": "Rohtak",
        "STATE_NAME": "Haryana"
      },
      "geometry": {
        "type": "Polygon",
        "coordinates": [
          [
            [
              76.20915222167986,
              28.967844009399585
            ],
            [
              76.89277648925787,
              28.967844009399585
            ],
            [
              76.89277648925787,
              29.10885047912609
            ],
            [
              76.20915222167986,
              29.10885047912609
            ],
            [
              76.20915222167986,
              28.967844009399585
            ]
          ]
        ]
      }
    },
    {
      "type": "Feature",
      "properties": {
        "TEHSIL_ID": 38,
        "TEHSIL_NAME": "Ellenabed",
        "DISTRICT_NAME": "Sirsa",
        "STATE_NAME": "Haryana"
      },
      "geometry": {
        "type": "Polygon",
        "coordinates": [
          [
            [
              74.46526336669939,
              29.22677040100092
            ],
            [
              75.29229736328142,
              29.22677040100092
            ],
            [
              75.29229736328142,
              29.418220996856675
            ],
            [
              74.46526336669939,
              29.418220996856675
            ],
            [
              74.46526336669939,
              29.22677040100092
            ]
          ]
        ]
      }
    },
    {
      "type": "Feature",
      "properties": {
        "TEHSIL_ID": 23,
        "TEHSIL_NAME": "Ali Mohmmad",
        "DISTRICT_NAME": "Sirsa",
        "STATE_NAME": "Haryana"
      },
      "geometry": {
        "type": "Polygon",
        "coordinates": [
          [
            [
              74.46526336669939,
              29.418220996856675
            ],
            [
              75.29229736328142,
              29.418220996856675
            ],
            [
              75.29229736328142,
              29.60967159271243
            ],
            [
              74.46526336669939,
              29.60967159271243
            ],
            [
              74.46526336669939,
              29.418220996856675
            ]
          ]
        ]
      }
    },
    {
      "type": "Feature",
      "properties": {
        "TEHSIL_ID": 78,
        "TEHSIL_NAME": "Sirsa",
        "DISTRICT_NAME": "Sirsa",
        "STATE_NAME": "Haryana"
      },
      "geometry": {
        "type": "Polygon",
        "coordinates": [
          [
            [
              74.46526336669939,
              29.60967159271243
            ],
            [
              75.29229736328142,
              29.60967159271243
            ],
            [
              75.29229736328142,
              29.801122188568186
            ],
            [
              74.46526336669939,
              29.801122188568186
            ],
            [
              74.46526336669939,
              29.60967159271243
            ]
          ]
        ]
      }
    },
    {
      "type": "Feature",
      "properties": {
        "TEHSIL_ID": 37,
        "TEHSIL_NAME": "Dabwali",
        "DISTRICT_NAME": "Sirsa",
        "STATE_NAME": "Haryana"
      },
      "geometry": {
        "type": "Polygon",
        "coordinates": [
          [
            [
              74.46526336669939,
              29.801122188568186
            ],
            [
              75.29229736328142,
              29.801122188568186
            ],
            [
              75.29229736328142,
              29.992572784423942
            ],
            [
              74.46526336669939,
              29.992572784423942
            ],
            [
              74.46526336669939,
              29.801122188568186
            ]
          ]
        ]
      }
    },
    {
      "type": "Feature",
      "properties": {
        "TEHSIL_ID": 16,
        "TEHSIL_NAME": "Ahulana",
        "DISTRICT_NAME": "Sonipat",
        "STATE_NAME": "Haryana"
      },
      "geometry": {
        "type": "Polygon",
        "coordinates": [
          [
            [
              76.465560913086,
              28.817661285400504
            ],
            [
              77.22149658203153,
              28.817661285400504
            ],
            [
              77.22149658203153,
              28.913064956665117
            ],
            [
              76.465560913086,
              28.913064956665117
            ],
            [
              76.465560913086,
              28.817661285400504
            ]
          ]
        ]
      }
    },
    {
      "type": "Feature",
      "properties": {
        "TEHSIL_ID": 55,
        "TEHSIL_NAME": "Kharkhauda",
        "DISTRICT_NAME": "Sonipat",
        "STATE_NAME": "Haryana"
      },
      "geometry": {
        "type": "Polygon",
        "coordinates": [
          [
            [
              76.465560913086,
              28.913064956665117
            ],
            [
              77.22149658203153,
              28.913064956665117
            ],
            [
              77.22149658203153,
              29.008468627929734
            ],
            [
              76.465560913086,
              29.008468627929734
            ],
            [
              76.465560913086,
              28.913064956665117
            ]
          ]
        ]
      }
    },
    {
      "type": "Feature",
      "properties": {
        "TEHSIL_ID": 43,
        "TEHSIL_NAME": "Gohana",
        "DISTRICT_NAME": "Sonipat",
        "STATE_NAME": "Haryana"
      },
      "geometry": {
        "type": "Polygon",
        "coordinates": [
          [
            [
              76.465560913086,
              29.008468627929734
            ],
            [
              77.22149658203153,
              29.008468627929734
            ],
            [
              77.22149658203153,
              29.103872299194347
            ],
            [
              76.465560913086,
              29.103872299194347
            ],
            [
              76.465560913086,
              29.008468627929734
            ]
          ]
        ]
      }
    },
    {
      "type": "Feature",
      "properties": {
        "TEHSIL_ID": 15,
        "TEHSIL_NAME": "Ahmadpur Majra",
        "DISTRICT_NAME": "Sonipat",
        "STATE_NAME": "Haryana"
      },
      "geometry": {
        "type": "Polygon",
        "coordinates": [
          [
            [
              76.465560913086,
              29.103872299194347
            ],
            [
              77.22149658203153,
              29.103872299194347
            ],
            [
              77.22149658203153,
              29.199275970458963
            ],
            [
              76.465560913086,
              29.199275970458963
            ],
            [
              76.465560913086,
              29.103872299194347
            ]
          ]
        ]
      }
    },
    {
      "type": "Feature",
      "properties": {
        "TEHSIL_ID": 41,
        "TEHSIL_NAME": "Ganaur",
        "DISTRICT_NAME": "Sonipat",
        "STATE_NAME": "Haryana"
      },
      "geometry": {
        "type": "Polygon",
        "coordinates": [
          [
            [
              76.465560913086,
              29.199275970458963
            ],
            [
              77.22149658203153,
              29.199275970458963
            ],
            [
              77.22149658203153,
              29.294679641723576
            ],
            [
              76.465560913086,
              29.294679641723576
            ],
            [
              76.465560913086,
              29.199275970458963
            ]
          ]
        ]
      }
    },
    {
      "type": "Feature",
      "properties": {
        "TEHSIL_ID": 67,
        "TEHSIL_NAME": "Radaur S",
        "DISTRICT_NAME": "Yamunanagar",
        "STATE_NAME": "Haryana"
      },
      "geometry": {
        "type": "Polygon",
        "coordinates": [
          [
            [
              77.06149291992199,
              30.0467529296875
            ],
            [
              77.59201812744146,
              30.0467529296875
            ],
            [
              77.59201812744146,
              30.15148210525514
            ],
            [
              77.06149291992199,
              30.15148210525514
            ],
            [
              77.06149291992199,
              30.0467529296875
            ]
          ]
        ]
      }
    },
    {
      "type": "Feature",
      "properties": {
        "TEHSIL_ID": 27,
        "TEHSIL_NAME": "Antawa",
        "DISTRICT_NAME": "Yamunanagar",
        "STATE_NAME": "Haryana"
      },
      "geometry": {
        "type": "Polygon",
        "coordinates": [
          [
            [
              77.06149291992199,
              30.15148210525514
            ],
            [
              77.59201812744146,
              30.15148210525514
            ],
            [
              77.59201812744146,
              30.256211280822782
            ],
            [
              77.06149291992199,
              30.256211280822782
            ],
            [
              77.06149291992199,
              30.15148210525514
            ]
          ]
        ]
      }
    },
    {
      "type": "Feature",
      "properties": {
        "TEHSIL_ID": 49,
        "TEHSIL_NAME": "Jagadhri",
        "DISTRICT_NAME": "Yamunanagar",
        "STATE_NAME": "Haryana"
      },
      "geometry": {
        "type": "Polygon",
        "coordinates": [
          [
            [
              77.06149291992199,
              30.256211280822782
            ],
            [
              77.59201812744146,
              30.256211280822782
            ],
            [
              77.59201812744146,
              30.360940456390423
            ],
            [
              77.06149291992199,
              30.360940456390423
            ],
            [
              77.06149291992199,
              30.256211280822782
            ]
          ]
        ]
      }
    },
    {
      "type": "Feature",
      "properties": {
        "TEHSIL_ID": 71,
        "TEHSIL_NAME": "Sadhaura",
        "DISTRICT_NAME": "Yamunanagar",
        "STATE_NAME": "Haryana"
      },
      "geometry": {
        "type": "Polygon",
        "coordinates": [
          [
            [
              77.06149291992199,
              30.360940456390423
            ],
            [
              77.59201812744146,
              30.360940456390423
            ],
            [
              77.59201812744146,
              30.465669631958065
            ],
            [
              77.06149291992199,
              30.465669631958065
            ],
            [
              77.06149291992199,
              30.360940456390423
            ]
          ]
        ]
      }
    }
  ]
}