_id,SlNo,Station,Agency,State LGD Code,State,District LGD Code,District,Tehsil,Block,Village,River,Basin,Tributary,Subtributary,SubSubtributary,Local River,Latitude,Longitude,RL_MSL,Data Acquisition Time,Groundwater Level Quarterly Manual (meter)
1,1,Abdullapur,CGWB,6,Haryana,70,PANCHKULA,KALKA,PINJORE,Abdullapur,-,-,-,-,-,-,30.79472222,76.91638889,,10-01-2021 00:00,4.45
2,2,Abdullapur,CGWB,6,Haryana,70,PANCHKULA,KALKA,PINJORE,Abdullapur,-,-,-,-,-,-,30.79472222,76.91638889,,31-08-2021 06:00,5.11
3,3,Abdullapur,CGWB,6,Haryana,70,PANCHKULA,KALKA,PINJORE,Abdullapur,-,-,-,-,-,-,30.79472222,76.91638889,,30-01-2022 07:00,4.5
4,4,Abdullapur,CGWB,6,Haryana,70,PANCHKULA,KALKA,PINJORE,Abdullapur,-,-,-,-,-,-,30.79472222,76.91638889,,20-05-2022 06:00,12.7
5,5,Abdullapur,CGWB,6,Haryana,70,PANCHKULA,KALKA,PINJORE,Abdullapur,-,-,-,-,-,-,30.79472222,76.91638889,,01-11-2022 06:00,4.63
6,6,Abdullapur,CGWB,6,Haryana,70,PANCHKULA,KALKA,PINJORE,Abdullapur,-,-,-,-,-,-,30.79472222,76.91638889,,01-01-2023 00:00,4.72
7,7,Abdullapur,CGWB,6,Haryana,70,PANCHKULA,KALKA,PINJORE,Abdullapur,-,-,-,-,-,-,30.79472222,76.91638889,,01-06-2023 00:00,4.98
8,8,Abdullapur,CGWB,6,Haryana,70,PANCHKULA,KALKA,PINJORE,Abdullapur,-,-,-,-,-,-,30.79472222,76.91638889,,01-01-2024 00:00,2.38
9,9,Achheja,CGWB,6,Haryana,619,Palwal,HODAL,HODAL,Achheja,-,-,-,-,-,-,28.04583333,77.46666667,,30-01-2022 07:00,10.1
10,10,Achheja,CGWB,6,Haryana,619,Palwal,HODAL,HODAL,Achheja,-,-,-,-,-,-,28.04583333,77.46666667,,20-05-2022 06:00,3.44
11,11,Adampur,CGWB,6,Haryana,701,Charkhi Dadri,DADRI,DADRI-II,Adampur,-,-,-,-,-,-,28.51666667,76.21666667,,20-05-2022 06:00,15.5
12,12,Adampur-Pz,CGWB,6,Haryana,63,HISAR,ADAMPUR,ADAMPUR,Adampur,-,-,-,-,-,-,29.27833333,75.49194444,,20-05-2022 06:00,2.8
13,13,Adampur-Pz,CGWB,6,Haryana,63,HISAR,ADAMPUR,ADAMPUR,Adampur,-,-,-,-,-,-,29.27833333,75.49194444,,01-01-2023 00:00,0.98
14,14,Adampur-Pz,CGWB,6,Haryana,63,HISAR,ADAMPUR,ADAMPUR,Adampur,-,-,-,-,-,-,29.27833333,75.49194444,,01-06-2023 00:00,1.6
15,15,Adampur-Pz,CGWB,6,Haryana,63,HISAR,ADAMPUR,ADAMPUR,Adampur,-,-,-,-,-,-,29.27833333,75.49194444,,20-08-2023 00:00,0.98
16,16,Adampur-Pz,CGWB,6,Haryana,63,HISAR,ADAMPUR,ADAMPUR,Adampur,-,-,-,-,-,-,29.27833333,75.49194444,,01-11-2023 00:00,1.7
17,17,Adampur-Pz,CGWB,6,Haryana,63,HISAR,ADAMPUR,ADAMPUR,Adampur,-,-,-,-,-,-,29.27833333,75.49194444,,01-01-2024 00:00,1.82
18,18,Adhoya-Pz,CGWB,6,Haryana,68,KURUKSHETRA,PEHOWA,PEHOWA,Adhoya,-,-,-,-,-,-,30.06805556,76.48888889,,20-05-2022 06:00,40.67
19,19,Agaon-Pz,CGWB,6,Haryana,604,Nuh,FEROZPUR JHIRKA,FIROZEPUR JHIRKA,Agaon,-,-,-,-,-,-,27.73055556,76.96527778,,20-05-2022 06:00,16.8
20,20,Agroha,CGWB,6,Haryana,63,HISAR,HISSAR,AGROHA,Agroha,-,-,-,-,-,-,29.30833333,75.65,,20-08-2023 00:00,10.8
21,21,Agroha-Pz,CGWB,6,Haryana,63,HISAR,HISSAR,AGROHA,Agroha,-,-,-,-,-,-,29.325,75.62277778,,10-01-2021 00:00,7.35
22,22,Agroha-Pz,CGWB,6,Haryana,63,HISAR,HISSAR,AGROHA,Agroha,-,-,-,-,-,-,29.325,75.62277778,,31-08-2021 06:00,8.33
23,23,Agroha-Pz,CGWB,6,Haryana,63,HISAR,HISSAR,AGROHA,Agroha,-,-,-,-,-,-,29.325,75.62277778,,30-11-2021 06:00,7.23
24,24,Agroha-Pz,CGWB,6,Haryana,63,HISAR,HISSAR,AGROHA,Agroha,-,-,-,-,-,-,29.325,75.62277778,,30-01-2022 07:00,6.68
25,25,Agroha-Pz,CGWB,6,Haryana,63,HISAR,HISSAR,AGROHA,Agroha,-,-,-,-,-,-,29.325,75.62277778,,20-05-2022 06:00,11.1
26,26,Agroha-Pz,CGWB,6,Haryana,63,HISAR,HISSAR,AGROHA,Agroha,-,-,-,-,-,-,29.325,75.62277778,,01-08-2022 06:00,6.65
27,27,Agroha-Pz,CGWB,6,Haryana,63,HISAR,HISSAR,AGROHA,Agroha,-,-,-,-,-,-,29.325,75.62277778,,01-01-2023 00:00,3.5
28,28,Agroha-Pz,CGWB,6,Haryana,63,HISAR,HISSAR,AGROHA,Agroha,-,-,-,-,-,-,29.325,75.62277778,,01-06-2023 00:00,9.98
29,29,Agroha-Pz,CGWB,6,Haryana,63,HISAR,HISSAR,AGROHA,Agroha,-,-,-,-,-,-,29.325,75.62277778,,20-08-2023 00:00,11.3
30,30,Agroha-Pz,CGWB,6,Haryana,63,HISAR,HISSAR,AGROHA,Agroha,-,-,-,-,-,-,29.325,75.62277778,,01-11-2023 00:00,11.46
31,31,Agroha-Pz,CGWB,6,Haryana,63,HISAR,HISSAR,AGROHA,Agroha,-,-,-,-,-,-,29.325,75.62277778,,01-01-2024 00:00,11.19
32,32,Aharwan M,CGWB,6,Haryana,61,FATEHABAD,RATIA,RATIA,Aharwan Med,-,-,-,-,-,-,29.60777778,75.54166667,,10-01-2021 00:00,71.2
33,33,Aharwan M,CGWB,6,Haryana,61,FATEHABAD,RATIA,RATIA,Aharwan Med,-,-,-,-,-,-,29.60777778,75.54166667,,31-08-2021 06:00,70.73
34,34,Aharwan M,CGWB,6,Haryana,61,FATEHABAD,RATIA,RATIA,Aharwan Med,-,-,-,-,-,-,29.60777778,75.54166667,,30-11-2021 06:00,69.35
35,35,Aharwan M,CGWB,6,Haryana,61,FATEHABAD,RATIA,RATIA,Aharwan Med,-,-,-,-,-,-,29.60777778,75.54166667,,30-01-2022 07:00,72.45
36,36,Aharwan M,CGWB,6,Haryana,61,FATEHABAD,RATIA,RATIA,Aharwan Med,-,-,-,-,-,-,29.60777778,75.54166667,,20-05-2022 06:00,70
37,37,Aharwan M,CGWB,6,Haryana,61,FATEHABAD,RATIA,RATIA,Aharwan Med,-,-,-,-,-,-,29.60777778,75.54166667,,01-08-2022 06:00,78.02
38,38,Aharwan M,CGWB,6,Haryana,61,FATEHABAD,RATIA,RATIA,Aharwan Med,-,-,-,-,-,-,29.60777778,75.54166667,,01-11-2023 00:00,79.69
39,39,Aharwan M,CGWB,6,Haryana,61,FATEHABAD,RATIA,RATIA,Aharwan Med,-,-,-,-,-,-,29.60777778,75.54166667,,01-01-2024 00:00,78.59
40,40,Ahmadpur Majra-DW,CGWB,6,Haryana,75,SONIPAT,GOHANA,MUNDLANA,Ahmadpur Majra,-,-,-,-,-,-,29.21777778,76.69194444,,20-05-2022 06:00,7.98
41,41,Ahulana,CGWB,6,Haryana,75,SONIPAT,GOHANA,KATHURA,Ahulana,-,-,-,-,-,-,29.11944444,76.64583333,,10-01-2021 00:00,1.65
42,42,Ahulana,CGWB,6,Haryana,75,SONIPAT,GOHANA,KATHURA,Ahulana,-,-,-,-,-,-,29.11944444,76.64583333,,31-08-2021 06:00,3.46
43,43,Ahulana,CGWB,6,Haryana,75,SONIPAT,GOHANA,KATHURA,Ahulana,-,-,-,-,-,-,29.11944444,76.64583333,,30-01-2022 07:00,1.17
44,44,Ahulana,CGWB,6,Haryana,75,SONIPAT,GOHANA,KATHURA,Ahulana,-,-,-,-,-,-,29.11944444,76.64583333,,20-05-2022 06:00,3.98
45,45,Ahulana,CGWB,6,Haryana,75,SONIPAT,GOHANA,KATHURA,Ahulana,-,-,-,-,-,-,29.11944444,76.64583333,,01-08-2022 06:00,1.37
46,46,Ahulana,CGWB,6,Haryana,75,SONIPAT,GOHANA,KATHURA,Ahulana,-,-,-,-,-,-,29.11944444,76.64583333,,01-10-2022 00:00,1.25
47,47,Ahulana,CGWB,6,Haryana,75,SONIPAT,GOHANA,KATHURA,Ahulana,-,-,-,-,-,-,29.11944444,76.64583333,,01-11-2022 06:00,1.27
48,48,Ahulana,CGWB,6,Haryana,75,SONIPAT,GOHANA,KATHURA,Ahulana,-,-,-,-,-,-,29.11944444,76.64583333,,20-08-2023 00:00,1.27
49,49,Ahulana,CGWB,6,Haryana,75,SONIPAT,GOHANA,KATHURA,Ahulana,-,-,-,-,-,-,29.11944444,76.64583333,,01-11-2023 00:00,1.27
50,50,Ahulana,CGWB,6,Haryana,75,SONIPAT,GOHANA,KATHURA,Ahulana,-,-,-,-,-,-,29.11944444,76.64583333,,01-01-2024 00:00,1.2
51,51,Ajaib-DW,CGWB,6,Haryana,73,ROHTAK,MAHAM,MEHAM,Ajaib,-,-,-,-,-,-,28.975,76.42194444,,20-05-2022 06:00,2.45
52,52,Ajrana Kalan S,CGWB,6,Haryana,68,KURUKSHETRA,SHAHBAD,THANESAR,Ajrana Kalan S,-,-,-,-,-,-,30.09583333,76.77083333,,20-05-2022 06:00,45.8
53,53,Ajrawer-PZ,CGWB,6,Haryana,68,KURUKSHETRA,SHAHBAD,SHAHBAD,Ajrawer,-,-,-,-,-,-,30.14861111,76.68611111,,20-05-2022 06:00,44.9
54,54,Akaira,CGWB,6,Haryana,604,Nuh,NUH,NUH,Akaira,-,-,-,-,-,-,28.00833333,77.00416667,,10-01-2021 00:00,3.35
55,55,Akaira,CGWB,6,Haryana,604,Nuh,NUH,NUH,Akaira,-,-,-,-,-,-,28.00833333,77.00416667,,30-11-2021 06:00,4.92
56,56,Akaira,CGWB,6,Haryana,604,Nuh,NUH,NUH,Akaira,-,-,-,-,-,-,28.00833333,77.00416667,,30-01-2022 07:00,4.5
57,57,Akaira,CGWB,6,Haryana,604,Nuh,NUH,NUH,Akaira,-,-,-,-,-,-,28.00833333,77.00416667,,20-05-2022 06:00,3.85
58,58,Akaira,CGWB,6,Haryana,604,Nuh,NUH,NUH,Akaira,-,-,-,-,-,-,28.00833333,77.00416667,,01-11-2023 00:00,4.6
59,59,Akbarpur,CGWB,6,Haryana,604,Nuh,NUH,NUH,Gangoli,-,-,-,-,-,-,28.14583333,77.14166667,,10-01-2021 00:00,0.9
60,60,Alak Pura-DW,CGWB,6,Haryana,59,BHIWANI,BAWANI KHERA,BAWANI KHERA,Alak Pura,-,-,-,-,-,-,29.00138889,76.08388889,,20-05-2022 06:00,3.9
61,61,Alampur-DW,CGWB,6,Haryana,59,BHIWANI,TOSHAM,TOSHAM,Alampur,-,-,-,-,-,-,28.8,75.83277778,,20-05-2022 06:00,11.3
62,62,Alewa,CGWB,6,Haryana,65,JIND,JIND,ALEWA,Alewa,-,-,-,-,-,-,29.47083333,76.45416667,,31-08-2021 06:00,42.42
63,63,Alewa,CGWB,6,Haryana,65,JIND,JIND,ALEWA,Alewa,-,-,-,-,-,-,29.47083333,76.45416667,,20-05-2022 06:00,43
64,64,Alewa,CGWB,6,Haryana,65,JIND,JIND,ALEWA,Alewa,-,-,-,-,-,-,29.47083333,76.45416667,,01-08-2022 06:00,41.3
65,65,Alewa,CGWB,6,Haryana,65,JIND,JIND,ALEWA,Alewa,-,-,-,-,-,-,29.47083333,76.45416667,,01-10-2022 00:00,40.37
66,66,Alewa,CGWB,6,Haryana,65,JIND,JIND,ALEWA,Alewa,-,-,-,-,-,-,29.47083333,76.45416667,,01-11-2022 06:00,42.77
67,67,Alewa Pz,CGWB,6,Haryana,65,JIND,JIND,ALEWA,Alewa Pz,-,-,-,-,-,-,29.48055556,76.45,,10-01-2021 00:00,40.44
68,68,Alewa Pz,CGWB,6,Haryana,65,JIND,JIND,ALEWA,Alewa Pz,-,-,-,-,-,-,29.48055556,76.45,,30-01-2022 07:00,40.55
69,69,Alewa Pz,CGWB,6,Haryana,65,JIND,JIND,ALEWA,Alewa Pz,-,-,-,-,-,-,29.48055556,76.45,,20-05-2022 06:00,38.35
70,70,Alewa Pz,CGWB,6,Haryana,65,JIND,JIND,ALEWA,Alewa Pz,-,-,-,-,-,-,29.48055556,76.45,,20-08-2023 00:00,42.76
71,71,Alewa Pz,CGWB,6,Haryana,65,JIND,JIND,ALEWA,Alewa Pz,-,-,-,-,-,-,29.48055556,76.45,,01-11-2023 00:00,43.3
72,72,Alewa Pz,CGWB,6,Haryana,65,JIND,JIND,ALEWA,Alewa Pz,-,-,-,-,-,-,29.48055556,76.45,,01-01-2024 00:00,42.21
73,73,Ali Mohmmad,CGWB,6,Haryana,74,SIRSA,SIRSA,NATHUSARI CHOPRA,Ali Mohmmad,-,-,-,-,-,-,29.4625,75.105,,20-05-2022 06:00,28
74,74,Alipur,CGWB,6,Haryana,63,HISAR,HISSAR,HISAR - I,Alipur,-,-,-,-,-,-,29.13333333,75.88333333,,01-08-2022 06:00,9
75,75,ALIPURKHARAR-M,CGWB,6,Haryana,63,HISAR,-,-,-,-,-,-,-,-,-,29.121667,75.898889,,01-01-2023 00:00,3.04
76,76,ALIPURKHARAR-M,CGWB,6,Haryana,63,HISAR,-,-,-,-,-,-,-,-,-,29.121667,75.898889,,20-08-2023 00:00,3.09
77,77,ALIPURKHARAR-M,CGWB,6,Haryana,63,HISAR,-,-,-,-,-,-,-,-,-,29.121667,75.898889,,01-11-2023 00:00,3.39
78,78,ALIPURKHARAR-S,CGWB,6,Haryana,63,HISAR,-,-,-,-,-,-,-,-,-,29.121667,75.898889,,01-01-2023 00:00,3.45
79,79,ALIPURKHARAR-S,CGWB,6,Haryana,63,HISAR,-,-,-,-,-,-,-,-,-,29.121667,75.898889,,20-08-2023 00:00,3.18
80,80,ALIPURKHARAR-S,CGWB,6,Haryana,63,HISAR,-,-,-,-,-,-,-,-,-,29.121667,75.898889,,01-11-2023 00:00,3.31
81,81,ALIPURKHARAR-S,CGWB,6,Haryana,63,HISAR,-,-,-,-,-,-,-,-,-,29.121667,75.898889,,01-01-2024 00:00,4.05
82,82,Ambala Cantt,CGWB,6,Haryana,58,AMBALA,AMBALA,AMBALA-I,Ambala Cantt,-,-,-,-,-,-,30.38333333,76.7625,,10-01-2021 00:00,1.93
83,83,Ambala Cantt,CGWB,6,Haryana,58,AMBALA,AMBALA,AMBALA-I,Ambala Cantt,-,-,-,-,-,-,30.38333333,76.7625,,31-08-2021 06:00,1.71
84,84,Ambala Cantt,CGWB,6,Haryana,58,AMBALA,AMBALA,AMBALA-I,Ambala Cantt,-,-,-,-,-,-,30.38333333,76.7625,,30-11-2021 06:00,1.32
85,85,Ambala Cantt,CGWB,6,Haryana,58,AMBALA,AMBALA,AMBALA-I,Ambala Cantt,-,-,-,-,-,-,30.38333333,76.7625,,30-01-2022 07:00,0.97
86,86,Ambala Cantt,CGWB,6,Haryana,58,AMBALA,AMBALA,AMBALA-I,Ambala Cantt,-,-,-,-,-,-,30.38333333,76.7625,,20-05-2022 06:00,1.77
87,87,Ambala Cantt,CGWB,6,Haryana,58,AMBALA,AMBALA,AMBALA-I,Ambala Cantt,-,-,-,-,-,-,30.38333333,76.7625,,01-08-2022 06:00,1.27
88,88,Ambala Cantt,CGWB,6,Haryana,58,AMBALA,AMBALA,AMBALA-I,Ambala Cantt,-,-,-,-,-,-,30.38333333,76.7625,,01-11-2022 06:00,1.05
89,89,Ambala Cantt,CGWB,6,Haryana,58,AMBALA,AMBALA,AMBALA-I,Ambala Cantt,-,-,-,-,-,-,30.38333333,76.7625,,01-01-2023 00:00,1.35
90,90,Ambala Cantt,CGWB,6,Haryana,58,AMBALA,AMBALA,AMBALA-I,Ambala Cantt,-,-,-,-,-,-,30.38333333,76.7625,,01-06-2023 00:00,1.28
91,91,Ambala Cantt,CGWB,6,Haryana,58,AMBALA,AMBALA,AMBALA-I,Ambala Cantt,-,-,-,-,-,-,30.38333333,76.7625,,01-11-2023 00:00,1.83
92,92,Ambala Cantt,CGWB,6,Haryana,58,AMBALA,AMBALA,AMBALA-I,Ambala Cantt,-,-,-,-,-,-,30.38333333,76.7625,,01-01-2024 00:00,1.72
93,93,Ambala Cantt-Pz,CGWB,6,Haryana,58,AMBALA,AMBALA,AMBALA-I,Ambala Cantt,-,-,-,-,-,-,30.36666667,76.83333333,,20-05-2022 06:00,3.39
94,94,Ambala City-DW,CGWB,6,Haryana,58,AMBALA,AMBALA,AMBALA-I,Ambala City,-,-,-,-,-,-,30.38333333,76.73333333,,20-05-2022 06:00,2.75
95,95,Ambala Harding,CGWB,6,Haryana,58,AMBALA,AMBALA,AMBALA-I,Ambala Harding,-,-,-,-,-,-,30.35138889,76.84722222,,10-01-2021 00:00,13.88
96,96,Ambala Harding,CGWB,6,Haryana,58,AMBALA,AMBALA,AMBALA-I,Ambala Harding,-,-,-,-,-,-,30.35138889,76.84722222,,31-08-2021 06:00,14.98
97,97,Ambala Harding,CGWB,6,Haryana,58,AMBALA,AMBALA,AMBALA-I,Ambala Harding,-,-,-,-,-,-,30.35138889,76.84722222,,30-11-2021 06:00,11.08
98,98,Ambala Harding,CGWB,6,Haryana,58,AMBALA,AMBALA,AMBALA-I,Ambala Harding,-,-,-,-,-,-,30.35138889,76.84722222,,30-01-2022 07:00,10.78
99,99,Ambala Harding,CGWB,6,Haryana,58,AMBALA,AMBALA,AMBALA-I,Ambala Harding,-,-,-,-,-,-,30.35138889,76.84722222,,20-05-2022 06:00,10.62
100,100,Ambala Harding,CGWB,6,Haryana,58,AMBALA,AMBALA,AMBALA-I,Ambala Harding,-,-,-,-,-,-,30.35138889,76.84722222,,01-08-2022 06:00,14.06
101,101,Ambala Harding,CGWB,6,Haryana,58,AMBALA,AMBALA,AMBALA-I,Ambala Harding,-,-,-,-,-,-,30.35138889,76.84722222,,01-11-2022 06:00,12.65
102,102,Ambala Harding,CGWB,6,Haryana,58,AMBALA,AMBALA,AMBALA-I,Ambala Harding,-,-,-,-,-,-,30.35138889,76.84722222,,01-01-2023 00:00,11.6
103,103,Ambala Harding,CGWB,6,Haryana,58,AMBALA,AMBALA,AMBALA-I,Ambala Harding,-,-,-,-,-,-,30.35138889,76.84722222,,20-08-2023 00:00,11.44
104,104,Ambala Harding,CGWB,6,Haryana,58,AMBALA,AMBALA,AMBALA-I,Ambala Harding,-,-,-,-,-,-,30.35138889,76.84722222,,01-11-2023 00:00,10.58
105,105,Aminabad-DW,CGWB,6,Haryana,604,Nuh,PUNHANA,PUNHANA,Aminabad,-,-,-,-,-,-,27.79722222,77.21527778,,20-05-2022 06:00,4.1
106,106,Amin S,CGWB,6,Haryana,67,KARNAL,NILOKHERI,NILOKHERI,Amin S,-,-,-,-,-,-,29.87222222,76.84444444,,10-01-2021 00:00,33.92
107,107,Amin S,CGWB,6,Haryana,67,KARNAL,NILOKHERI,NILOKHERI,Amin S,-,-,-,-,-,-,29.87222222,76.84444444,,31-08-2021 06:00,37.07
108,108,Amin S,CGWB,6,Haryana,67,KARNAL,NILOKHERI,NILOKHERI,Amin S,-,-,-,-,-,-,29.87222222,76.84444444,,30-11-2021 06:00,35.96
109,109,Amin S,CGWB,6,Haryana,67,KARNAL,NILOKHERI,NILOKHERI,Amin S,-,-,-,-,-,-,29.87222222,76.84444444,,30-01-2022 07:00,35.5
110,110,Amin S,CGWB,6,Haryana,67,KARNAL,NILOKHERI,NILOKHERI,Amin S,-,-,-,-,-,-,29.87222222,76.84444444,,20-05-2022 06:00,34.95
111,111,Amin S,CGWB,6,Haryana,67,KARNAL,NILOKHERI,NILOKHERI,Amin S,-,-,-,-,-,-,29.87222222,76.84444444,,01-08-2022 06:00,36.9
112,112,Amin S,CGWB,6,Haryana,67,KARNAL,NILOKHERI,NILOKHERI,Amin S,-,-,-,-,-,-,29.87222222,76.84444444,,01-11-2022 06:00,36.65
113,113,Amin S,CGWB,6,Haryana,67,KARNAL,NILOKHERI,NILOKHERI,Amin S,-,-,-,-,-,-,29.87222222,76.84444444,,01-01-2023 00:00,35.38
114,114,Amin S,CGWB,6,Haryana,67,KARNAL,NILOKHERI,NILOKHERI,Amin S,-,-,-,-,-,-,29.87222222,76.84444444,,20-08-2023 00:00,39.6
115,115,Amin S,CGWB,6,Haryana,67,KARNAL,NILOKHERI,NILOKHERI,Amin S,-,-,-,-,-,-,29.87222222,76.84444444,,01-11-2023 00:00,35.83
116,116,Amupur Chakda,CGWB,6,Haryana,67,KARNAL,KARNAL,-,-,-,-,-,-,-,-,29.77388889,76.74138889,,10-01-2021 00:00,30.24
117,117,Amupur Chakda,CGWB,6,Haryana,67,KARNAL,KARNAL,-,-,-,-,-,-,-,-,29.77388889,76.74138889,,31-08-2021 06:00,35.04
118,118,Amupur Chakda,CGWB,6,Haryana,67,KARNAL,KARNAL,-,-,-,-,-,-,-,-,29.77388889,76.74138889,,30-11-2021 06:00,34.33
119,119,Amupur Chakda,CGWB,6,Haryana,67,KARNAL,KARNAL,-,-,-,-,-,-,-,-,29.77388889,76.74138889,,30-01-2022 07:00,34.39
120,120,Amupur Chakda,CGWB,6,Haryana,67,KARNAL,KARNAL,-,-,-,-,-,-,-,-,29.77388889,76.74138889,,01-11-2022 06:00,33.89
121,121,Amupur Chakda,CGWB,6,Haryana,67,KARNAL,KARNAL,-,-,-,-,-,-,-,-,29.77388889,76.74138889,,01-01-2023 00:00,31.43
122,122,Amupur Chakda,CGWB,6,Haryana,67,KARNAL,KARNAL,-,-,-,-,-,-,-,-,29.77388889,76.74138889,,01-11-2023 00:00,36.13
123,123,Amupur-PZ,CGWB,6,Haryana,67,KARNAL,KARNAL,NISSANG,Amupur,-,-,-,-,-,-,29.76,76.72583333,,20-05-2022 06:00,30.1
124,124,Anandpur-Jarot-DW,CGWB,6,Haryana,75,SONIPAT,KHARKHODA,KHARHAUDA,Anandpur-Jarot,-,-,-,-,-,-,28.91638889,76.93694444,,20-05-2022 06:00,4.85
125,125,Anchla-Pz,CGWB,6,Haryana,67,KARNAL,GHARAUNDA,GHARAUNDA,Anchla,-,-,-,-,-,-,29.57277778,76.84944444,,20-05-2022 06:00,12.5
126,126,Anjanthali-Pz,CGWB,6,Haryana,67,KARNAL,NILOKHERI,NILOKHERI,Anjanthali,-,-,-,-,-,-,29.84305556,76.88333333,,20-05-2022 06:00,27.17
127,127,Anta-Pz,CGWB,6,Haryana,65,JIND,SAFIDON,SAFIDON,Anta,-,-,-,-,-,-,29.41555556,76.72083333,,20-05-2022 06:00,20.7
128,128,Antawa-Pz,CGWB,6,Haryana,76,YAMUNANAGAR,JAGADHRI,RADAUR,Antawa,-,-,-,-,-,-,30.1,77.11666667,,20-05-2022 06:00,32.15
129,129,Anwali-Pz,CGWB,6,Haryana,75,SONIPAT,GOHANA,GOHANA,Anwali,-,-,-,-,-,-,29.00277778,76.75833333,,20-05-2022 06:00,1.89
130,130,Assandh-Pz,CGWB,6,Haryana,67,KARNAL,ASSANDH,ASSANDH,Assandh,-,-,-,-,-,-,29.52277778,76.60416667,,20-05-2022 06:00,19.85
131,131,Assan-DW,CGWB,6,Haryana,73,ROHTAK,ROHTAK,ROHTAK,Assan,-,-,-,-,-,-,28.89666667,76.76111111,,20-05-2022 06:00,3.05
132,132,Atail-DW,CGWB,6,Haryana,73,ROHTAK,SAMPLA,SAMPLA,Atail,-,-,-,-,-,-,28.84166667,76.75194444,,20-05-2022 06:00,3.57
133,133,Atela-PZ,CGWB,6,Haryana,701,Charkhi Dadri,BADHRA,BADHRA,Atela,-,-,-,-,-,-,28.57833333,76.10583333,,20-05-2022 06:00,26.58
134,134,Atikrishna1(s),CGWB,6,Haryana,65,JIND,JIND,JIND,Atikrishna1(s),-,-,-,-,-,-,29.2875,76.33888889,,10-01-2021 00:00,26.38
135,135,Atikrishna1(s),CGWB,6,Haryana,65,JIND,JIND,JIND,Atikrishna1(s),-,-,-,-,-,-,29.2875,76.33888889,,01-11-2022 06:00,20.18
136,136,Atikrishna2(m),CGWB,6,Haryana,65,JIND,JIND,JIND,Atikrishna2(m),-,-,-,-,-,-,29.2875,76.33888889,,01-11-2022 06:00,20.78
137,137,Ayalki 1(m),CGWB,6,Haryana,61,FATEHABAD,FATEHABAD,FATEHABAD,Ayalki 1(m),-,-,-,-,-,-,29.56666667,75.48333333,,20-05-2022 06:00,64.93
138,138,Babail M-Pz,CGWB,6,Haryana,71,PANIPAT,PANIPAT,PANIPAT,Babail M,-,-,-,-,-,-,29.42916667,77.05,,10-01-2021 00:00,26.98
139,139,Babail M-Pz,CGWB,6,Haryana,71,PANIPAT,PANIPAT,PANIPAT,Babail M,-,-,-,-,-,-,29.42916667,77.05,,31-08-2021 06:00,31.5
140,140,Babail M-Pz,CGWB,6,Haryana,71,PANIPAT,PANIPAT,PANIPAT,Babail M,-,-,-,-,-,-,29.42916667,77.05,,30-01-2022 07:00,23.85
141,141,Babail M-Pz,CGWB,6,Haryana,71,PANIPAT,PANIPAT,PANIPAT,Babail M,-,-,-,-,-,-,29.42916667,77.05,,20-05-2022 06:00,29.15
142,142,Babail M-Pz,CGWB,6,Haryana,71,PANIPAT,PANIPAT,PANIPAT,Babail M,-,-,-,-,-,-,29.42916667,77.05,,01-08-2022 06:00,32.46
143,143,Babail M-Pz,CGWB,6,Haryana,71,PANIPAT,PANIPAT,PANIPAT,Babail M,-,-,-,-,-,-,29.42916667,77.05,,01-11-2022 06:00,30.2
144,144,Babail M-Pz,CGWB,6,Haryana,71,PANIPAT,PANIPAT,PANIPAT,Babail M,-,-,-,-,-,-,29.42916667,77.05,,20-08-2023 00:00,29.7
145,145,Babail M-Pz,CGWB,6,Haryana,71,PANIPAT,PANIPAT,PANIPAT,Babail M,-,-,-,-,-,-,29.42916667,77.05,,01-11-2023 00:00,29.7
146,146,Babail M-Pz,CGWB,6,Haryana,71,PANIPAT,PANIPAT,PANIPAT,Babail M,-,-,-,-,-,-,29.42916667,77.05,,01-01-2024 00:00,27.33
147,147,Babail Pz S,CGWB,6,Haryana,71,PANIPAT,PANIPAT,PANIPAT,Babail Pz M,-,-,-,-,-,-,29.42916667,77.05,,10-01-2021 00:00,30.15
148,148,Babail Pz S,CGWB,6,Haryana,71,PANIPAT,PANIPAT,PANIPAT,Babail Pz M,-,-,-,-,-,-,29.42916667,77.05,,31-08-2021 06:00,30.28
149,149,Babail Pz S,CGWB,6,Haryana,71,PANIPAT,PANIPAT,PANIPAT,Babail Pz M,-,-,-,-,-,-,29.42916667,77.05,,30-01-2022 07:00,9.25
150,150,Babail Pz S,CGWB,6,Haryana,71,PANIPAT,PANIPAT,PANIPAT,Babail Pz M,-,-,-,-,-,-,29.42916667,77.05,,20-05-2022 06:00,10.85
151,151,Babail Pz S,CGWB,6,Haryana,71,PANIPAT,PANIPAT,PANIPAT,Babail Pz M,-,-,-,-,-,-,29.42916667,77.05,,01-11-2022 06:00,26
152,152,Bachki-Pz,CGWB,6,Haryana,68,KURUKSHETRA,PEHOWA,PEHOWA,Bachki,-,-,-,-,-,-,30.03944444,76.75555556,,10-01-2021 00:00,39.12
153,153,Badala,CGWB,6,Haryana,59,BHIWANI,BHIWANI,BHIWANI,Badala,-,-,-,-,-,-,28.75694444,76.25416667,,10-01-2021 00:00,3.7
154,154,Badala,CGWB,6,Haryana,59,BHIWANI,BHIWANI,BHIWANI,Badala,-,-,-,-,-,-,28.75694444,76.25416667,,31-08-2021 06:00,5.51
155,155,Badala,CGWB,6,Haryana,59,BHIWANI,BHIWANI,BHIWANI,Badala,-,-,-,-,-,-,28.75694444,76.25416667,,30-11-2021 06:00,2.18
156,156,Badala,CGWB,6,Haryana,59,BHIWANI,BHIWANI,BHIWANI,Badala,-,-,-,-,-,-,28.75694444,76.25416667,,30-01-2022 07:00,2.04
157,157,Badala,CGWB,6,Haryana,59,BHIWANI,BHIWANI,BHIWANI,Badala,-,-,-,-,-,-,28.75694444,76.25416667,,20-05-2022 06:00,5.7
158,158,Badala,CGWB,6,Haryana,59,BHIWANI,BHIWANI,BHIWANI,Badala,-,-,-,-,-,-,28.75694444,76.25416667,,01-08-2022 06:00,0.28
159,159,Badala,CGWB,6,Haryana,59,BHIWANI,BHIWANI,BHIWANI,Badala,-,-,-,-,-,-,28.75694444,76.25416667,,01-11-2022 06:00,2.1
160,160,Badala,CGWB,6,Haryana,59,BHIWANI,BHIWANI,BHIWANI,Badala,-,-,-,-,-,-,28.75694444,76.25416667,,01-01-2023 00:00,2.3
161,161,Badala,CGWB,6,Haryana,59,BHIWANI,BHIWANI,BHIWANI,Badala,-,-,-,-,-,-,28.75694444,76.25416667,,01-06-2023 00:00,3.1
162,162,Badala,CGWB,6,Haryana,59,BHIWANI,BHIWANI,BHIWANI,Badala,-,-,-,-,-,-,28.75694444,76.25416667,,20-08-2023 00:00,1.29
163,163,Badala,CGWB,6,Haryana,59,BHIWANI,BHIWANI,BHIWANI,Badala,-,-,-,-,-,-,28.75694444,76.25416667,,01-11-2023 00:00,2.19
164,164,Badala,CGWB,6,Haryana,59,BHIWANI,BHIWANI,BHIWANI,Badala,-,-,-,-,-,-,28.75694444,76.25416667,,01-01-2024 00:00,2.83
165,165,Badarpur-PZ,CGWB,6,Haryana,68,KURUKSHETRA,SHAHBAD,LADWA,Badarpur,-,-,-,-,-,-,29.96027778,77.09527778,,20-05-2022 06:00,16.47
166,166,Badchappar,CGWB,6,Haryana,63,HISAR,HANSI,BASS,Badchappar,-,-,-,-,-,-,29.11666667,76.30555556,,20-05-2022 06:00,2.55
167,167,Badesara-PZ,CGWB,6,Haryana,701,Charkhi Dadri,BADHRA,BADHRA,Badesara,-,-,-,-,-,-,28.92472222,76.20888889,,20-05-2022 06:00,76.67
168,168,Badhra-Pz,CGWB,6,Haryana,701,Charkhi Dadri,BADHRA,BADHRA,Badhra,-,-,-,-,-,-,28.49166667,75.875,,20-05-2022 06:00,72
169,169,Badopal,CGWB,6,Haryana,61,FATEHABAD,FATEHABAD,FATEHABAD,Badopal,-,-,-,-,-,-,29.44583333,75.55,,10-01-2021 00:00,2.51
170,170,Badopal,CGWB,6,Haryana,61,FATEHABAD,FATEHABAD,FATEHABAD,Badopal,-,-,-,-,-,-,29.44583333,75.55,,30-11-2021 06:00,2.82
171,171,Badopal,CGWB,6,Haryana,61,FATEHABAD,FATEHABAD,FATEHABAD,Badopal,-,-,-,-,-,-,29.44583333,75.55,,30-01-2022 07:00,1.01
172,172,Badopal,CGWB,6,Haryana,61,FATEHABAD,FATEHABAD,FATEHABAD,Badopal,-,-,-,-,-,-,29.44583333,75.55,,20-05-2022 06:00,2
173,173,Badopal,CGWB,6,Haryana,61,FATEHABAD,FATEHABAD,FATEHABAD,Badopal,-,-,-,-,-,-,29.44583333,75.55,,01-08-2022 06:00,0.35
174,174,Badopal,CGWB,6,Haryana,61,FATEHABAD,FATEHABAD,FATEHABAD,Badopal,-,-,-,-,-,-,29.44583333,75.55,,01-11-2022 06:00,0.11
175,175,Badopal,CGWB,6,Haryana,61,FATEHABAD,FATEHABAD,FATEHABAD,Badopal,-,-,-,-,-,-,29.44583333,75.55,,01-01-2023 00:00,0.31
176,176,Badopal,CGWB,6,Haryana,61,FATEHABAD,FATEHABAD,FATEHABAD,Badopal,-,-,-,-,-,-,29.44583333,75.55,,01-06-2023 00:00,5.01
177,177,Badopal,CGWB,6,Haryana,61,FATEHABAD,FATEHABAD,FATEHABAD,Badopal,-,-,-,-,-,-,29.44583333,75.55,,20-08-2023 00:00,1.18
178,178,Badopal,CGWB,6,Haryana,61,FATEHABAD,FATEHABAD,FATEHABAD,Badopal,-,-,-,-,-,-,29.44583333,75.55,,01-11-2023 00:00,1.3
179,179,Badopal,CGWB,6,Haryana,61,FATEHABAD,FATEHABAD,FATEHABAD,Badopal,-,-,-,-,-,-,29.44583333,75.55,,01-01-2024 00:00,2.16
180,180,Badopal S,CGWB,6,Haryana,61,FATEHABAD,FATEHABAD,FATEHABAD,Badopal,-,-,-,-,-,-,29.4156,75.5438,2.9,20-08-2023 00:00,5.07
181,181,Badopal S,CGWB,6,Haryana,61,FATEHABAD,FATEHABAD,FATEHABAD,Badopal,-,-,-,-,-,-,29.4156,75.5438,2.9,01-11-2023 00:00,5.4
182,182,Badraun,CGWB,6,Haryana,619,Palwal,PALWAL,PALWAL,Badraun,-,-,-,-,-,-,28.19444444,77.37777778,,10-01-2021 00:00,8.01
183,183,Badraun,CGWB,6,Haryana,619,Palwal,PALWAL,PALWAL,Badraun,-,-,-,-,-,-,28.19444444,77.37777778,,31-08-2021 06:00,8.23
184,184,Badraun,CGWB,6,Haryana,619,Palwal,PALWAL,PALWAL,Badraun,-,-,-,-,-,-,28.19444444,77.37777778,,30-11-2021 06:00,6.2
185,185,Badraun,CGWB,6,Haryana,619,Palwal,PALWAL,PALWAL,Badraun,-,-,-,-,-,-,28.19444444,77.37777778,,30-01-2022 07:00,6.65
186,186,Badraun,CGWB,6,Haryana,619,Palwal,PALWAL,PALWAL,Badraun,-,-,-,-,-,-,28.19444444,77.37777778,,20-05-2022 06:00,7.95
187,187,Badraun,CGWB,6,Haryana,619,Palwal,PALWAL,PALWAL,Badraun,-,-,-,-,-,-,28.19444444,77.37777778,,01-08-2022 06:00,9.16
188,188,Badraun,CGWB,6,Haryana,619,Palwal,PALWAL,PALWAL,Badraun,-,-,-,-,-,-,28.19444444,77.37777778,,01-11-2022 06:00,4.85
189,189,Badraun,CGWB,6,Haryana,619,Palwal,PALWAL,PALWAL,Badraun,-,-,-,-,-,-,28.19444444,77.37777778,,01-01-2023 00:00,9.83
190,190,Badraun,CGWB,6,Haryana,619,Palwal,PALWAL,PALWAL,Badraun,-,-,-,-,-,-,28.19444444,77.37777778,,20-08-2023 00:00,9.05
191,191,Badraun,CGWB,6,Haryana,619,Palwal,PALWAL,PALWAL,Badraun,-,-,-,-,-,-,28.19444444,77.37777778,,01-11-2023 00:00,8.4
192,192,Badraun,CGWB,6,Haryana,619,Palwal,PALWAL,PALWAL,Badraun,-,-,-,-,-,-,28.19444444,77.37777778,,01-01-2024 00:00,8.93
193,193,Badsahapur Ew,CGWB,6,Haryana,62,GURUGRAM,SOHANA,GURGAON,Badsahapur Ew,-,-,-,-,-,-,28.38,77.04444444,,20-05-2022 06:00,28.6
194,194,Badson- PZ,CGWB,6,Haryana,67,KARNAL,KARNAL,KARNAL,Badson,-,-,-,-,-,-,29.92055556,76.96722222,,20-05-2022 06:00,31.51
195,195,Baghaula,CGWB,6,Haryana,619,Palwal,PALWAL,PALWAL,Baghaula,-,-,-,-,-,-,28.22083333,77.30833333,,10-01-2021 00:00,2.02
196,196,Baghaula,CGWB,6,Haryana,619,Palwal,PALWAL,PALWAL,Baghaula,-,-,-,-,-,-,28.22083333,77.30833333,,31-08-2021 06:00,4.4
197,197,Baghaula,CGWB,6,Haryana,619,Palwal,PALWAL,PALWAL,Baghaula,-,-,-,-,-,-,28.22083333,77.30833333,,30-11-2021 06:00,0.91
198,198,Baghaula,CGWB,6,Haryana,619,Palwal,PALWAL,PALWAL,Baghaula,-,-,-,-,-,-,28.22083333,77.30833333,,30-01-2022 07:00,0.85
199,199,Baghaula,CGWB,6,Haryana,619,Palwal,PALWAL,PALWAL,Baghaula,-,-,-,-,-,-,28.22083333,77.30833333,,20-05-2022 06:00,14.65
200,200,Baghaula,CGWB,6,Haryana,619,Palwal,PALWAL,PALWAL,Baghaula,-,-,-,-,-,-,28.22083333,77.30833333,,01-08-2022 06:00,0.7
201,201,Baghaula,CGWB,6,Haryana,619,Palwal,PALWAL,PALWAL,Baghaula,-,-,-,-,-,-,28.22083333,77.30833333,,01-11-2022 06:00,0.62
202,202,Baghaula,CGWB,6,Haryana,619,Palwal,PALWAL,PALWAL,Baghaula,-,-,-,-,-,-,28.22083333,77.30833333,,01-01-2023 00:00,0.5
203,203,Baghaula,CGWB,6,Haryana,619,Palwal,PALWAL,PALWAL,Baghaula,-,-,-,-,-,-,28.22083333,77.30833333,,01-06-2023 00:00,2.33
204,204,Baghaula,CGWB,6,Haryana,619,Palwal,PALWAL,PALWAL,Baghaula,-,-,-,-,-,-,28.22083333,77.30833333,,01-11-2023 00:00,0.65
205,205,Baghaula,CGWB,6,Haryana,619,Palwal,PALWAL,PALWAL,Baghaula,-,-,-,-,-,-,28.22083333,77.30833333,,01-01-2024 00:00,3.67
206,206,Bagoa,CGWB,6,Haryana,64,JHAJJAR,BERI,BERI,Bagoa,-,-,-,-,-,-,28.67222222,76.43055556,,10-01-2021 00:00,1.57
207,207,Bagoa,CGWB,6,Haryana,64,JHAJJAR,BERI,BERI,Bagoa,-,-,-,-,-,-,28.67222222,76.43055556,,31-08-2021 06:00,2.4
208,208,Bagoa,CGWB,6,Haryana,64,JHAJJAR,BERI,BERI,Bagoa,-,-,-,-,-,-,28.67222222,76.43055556,,30-01-2022 07:00,1.35
209,209,Bagoa,CGWB,6,Haryana,64,JHAJJAR,BERI,BERI,Bagoa,-,-,-,-,-,-,28.67222222,76.43055556,,20-05-2022 06:00,1.92
210,210,Bagoa,CGWB,6,Haryana,64,JHAJJAR,BERI,BERI,Bagoa,-,-,-,-,-,-,28.67222222,76.43055556,,01-08-2022 06:00,1.47
211,211,Bagoa,CGWB,6,Haryana,64,JHAJJAR,BERI,BERI,Bagoa,-,-,-,-,-,-,28.67222222,76.43055556,,01-11-2022 06:00,1.7
212,212,Bagoa,CGWB,6,Haryana,64,JHAJJAR,BERI,BERI,Bagoa,-,-,-,-,-,-,28.67222222,76.43055556,,01-01-2023 00:00,1.75
213,213,Bagoa,CGWB,6,Haryana,64,JHAJJAR,BERI,BERI,Bagoa,-,-,-,-,-,-,28.67222222,76.43055556,,20-08-2023 00:00,2.83
214,214,Bagoa,CGWB,6,Haryana,64,JHAJJAR,BERI,BERI,Bagoa,-,-,-,-,-,-,28.67222222,76.43055556,,01-11-2023 00:00,3
215,215,Bagoa,CGWB,6,Haryana,64,JHAJJAR,BERI,BERI,Bagoa,-,-,-,-,-,-,28.67222222,76.43055556,,01-01-2024 00:00,2.52
216,216,Bagru-DW,CGWB,6,Haryana,75,SONIPAT,SONIPAT,SONEPAT,Bagru,-,-,-,-,-,-,28.99,76.93555556,,20-05-2022 06:00,5
217,217,Baholi-Pz,CGWB,6,Haryana,71,PANIPAT,PANIPAT,MADLAUDA,Baholi-Pz,-,-,-,-,-,-,29.47916667,76.89916667,,20-05-2022 06:00,14.1
218,218,Bahoriyan-Dw,CGWB,6,Haryana,70,PANCHKULA,KALKA,PINJORE,Bahoriyan-Dw,-,-,-,-,-,-,30.77888889,76.93805556,,10-01-2021 00:00,4.93
219,219,Bahoriyan-Dw,CGWB,6,Haryana,70,PANCHKULA,KALKA,PINJORE,Bahoriyan-Dw,-,-,-,-,-,-,30.77888889,76.93805556,,31-08-2021 06:00,3.13
220,220,Bahoriyan-Dw,CGWB,6,Haryana,70,PANCHKULA,KALKA,PINJORE,Bahoriyan-Dw,-,-,-,-,-,-,30.77888889,76.93805556,,30-11-2021 06:00,2.85
221,221,Bahoriyan-Dw,CGWB,6,Haryana,70,PANCHKULA,KALKA,PINJORE,Bahoriyan-Dw,-,-,-,-,-,-,30.77888889,76.93805556,,30-01-2022 07:00,2.7
222,222,Bahoriyan-Dw,CGWB,6,Haryana,70,PANCHKULA,KALKA,PINJORE,Bahoriyan-Dw,-,-,-,-,-,-,30.77888889,76.93805556,,20-05-2022 06:00,9.23
223,223,Bahoriyan-Dw,CGWB,6,Haryana,70,PANCHKULA,KALKA,PINJORE,Bahoriyan-Dw,-,-,-,-,-,-,30.77888889,76.93805556,,01-08-2022 06:00,3.45
224,224,Bahoriyan-Dw,CGWB,6,Haryana,70,PANCHKULA,KALKA,PINJORE,Bahoriyan-Dw,-,-,-,-,-,-,30.77888889,76.93805556,,01-11-2022 06:00,2.9
225,225,Bahoriyan-Dw,CGWB,6,Haryana,70,PANCHKULA,KALKA,PINJORE,Bahoriyan-Dw,-,-,-,-,-,-,30.77888889,76.93805556,,01-01-2023 00:00,5.57
226,226,Bahoriyan-Dw,CGWB,6,Haryana,70,PANCHKULA,KALKA,PINJORE,Bahoriyan-Dw,-,-,-,-,-,-,30.77888889,76.93805556,,01-06-2023 00:00,2.97
227,227,Bahoriyan-Dw,CGWB,6,Haryana,70,PANCHKULA,KALKA,PINJORE,Bahoriyan-Dw,-,-,-,-,-,-,30.77888889,76.93805556,,01-01-2024 00:00,4.85
228,228,Bahu,CGWB,6,Haryana,72,REWARI,KOSLI,NAHAR,Bahu,-,-,-,-,-,-,28.43611111,76.31666667,,30-01-2022 07:00,19.5
229,229,Bahu,CGWB,6,Haryana,72,REWARI,KOSLI,NAHAR,Bahu,-,-,-,-,-,-,28.43611111,76.31666667,,20-05-2022 06:00,13.96
230,230,Bajina,CGWB,6,Haryana,59,BHIWANI,TOSHAM,TOSHAM,Bajina,-,-,-,-,-,-,28.76527778,75.98305556,,10-01-2021 00:00,13.57
231,231,Bajina,CGWB,6,Haryana,59,BHIWANI,TOSHAM,TOSHAM,Bajina,-,-,-,-,-,-,28.76527778,75.98305556,,31-08-2021 06:00,15.58
232,232,Bajina,CGWB,6,Haryana,59,BHIWANI,TOSHAM,TOSHAM,Bajina,-,-,-,-,-,-,28.76527778,75.98305556,,30-11-2021 06:00,13.82
233,233,Bajina,CGWB,6,Haryana,59,BHIWANI,TOSHAM,TOSHAM,Bajina,-,-,-,-,-,-,28.76527778,75.98305556,,30-01-2022 07:00,13.88
234,234,Bajina,CGWB,6,Haryana,59,BHIWANI,TOSHAM,TOSHAM,Bajina,-,-,-,-,-,-,28.76527778,75.98305556,,20-05-2022 06:00,13.5
235,235,Bajina,CGWB,6,Haryana,59,BHIWANI,TOSHAM,TOSHAM,Bajina,-,-,-,-,-,-,28.76527778,75.98305556,,01-08-2022 06:00,13.62
236,236,Bajina,CGWB,6,Haryana,59,BHIWANI,TOSHAM,TOSHAM,Bajina,-,-,-,-,-,-,28.76527778,75.98305556,,01-11-2022 06:00,13.63
237,237,Bajina,CGWB,6,Haryana,59,BHIWANI,TOSHAM,TOSHAM,Bajina,-,-,-,-,-,-,28.76527778,75.98305556,,01-01-2023 00:00,13.57
238,238,Bajina,CGWB,6,Haryana,59,BHIWANI,TOSHAM,TOSHAM,Bajina,-,-,-,-,-,-,28.76527778,75.98305556,,01-06-2023 00:00,13.68
239,239,Bajina,CGWB,6,Haryana,59,BHIWANI,TOSHAM,TOSHAM,Bajina,-,-,-,-,-,-,28.76527778,75.98305556,,20-08-2023 00:00,13.47
240,240,Bajina,CGWB,6,Haryana,59,BHIWANI,TOSHAM,TOSHAM,Bajina,-,-,-,-,-,-,28.76527778,75.98305556,,01-11-2023 00:00,13.55
241,241,Bajina,CGWB,6,Haryana,59,BHIWANI,TOSHAM,TOSHAM,Bajina,-,-,-,-,-,-,28.76527778,75.98305556,,01-01-2024 00:00,13.87
242,242,Bakali-PZ,CGWB,6,Haryana,68,KURUKSHETRA,SHAHBAD,LADWA,Bakali,-,-,-,-,-,-,30.01527778,77.065,,20-05-2022 06:00,43.95
243,243,Balana,CGWB,6,Haryana,58,AMBALA,AMBALA,AMBALA-I,Balana,-,-,-,-,-,-,30.32083333,76.72916667,,10-01-2021 00:00,1.54
244,244,Balana,CGWB,6,Haryana,58,AMBALA,AMBALA,AMBALA-I,Balana,-,-,-,-,-,-,30.32083333,76.72916667,,31-08-2021 06:00,1.5
245,245,Balana,CGWB,6,Haryana,58,AMBALA,AMBALA,AMBALA-I,Balana,-,-,-,-,-,-,30.32083333,76.72916667,,30-11-2021 06:00,0.81
246,246,Balana,CGWB,6,Haryana,58,AMBALA,AMBALA,AMBALA-I,Balana,-,-,-,-,-,-,30.32083333,76.72916667,,30-01-2022 07:00,1.24
247,247,Balana,CGWB,6,Haryana,58,AMBALA,AMBALA,AMBALA-I,Balana,-,-,-,-,-,-,30.32083333,76.72916667,,20-05-2022 06:00,1.23
248,248,Balana,CGWB,6,Haryana,58,AMBALA,AMBALA,AMBALA-I,Balana,-,-,-,-,-,-,30.32083333,76.72916667,,01-08-2022 06:00,1.65
249,249,Balana,CGWB,6,Haryana,58,AMBALA,AMBALA,AMBALA-I,Balana,-,-,-,-,-,-,30.32083333,76.72916667,,01-11-2022 06:00,1.12
250,250,Balana,CGWB,6,Haryana,58,AMBALA,AMBALA,AMBALA-I,Balana,-,-,-,-,-,-,30.32083333,76.72916667,,01-01-2023 00:00,0.89
251,251,Balana,CGWB,6,Haryana,58,AMBALA,AMBALA,AMBALA-I,Balana,-,-,-,-,-,-,30.32083333,76.72916667,,01-06-2023 00:00,1.14
252,252,Balana,CGWB,6,Haryana,58,AMBALA,AMBALA,AMBALA-I,Balana,-,-,-,-,-,-,30.32083333,76.72916667,,20-08-2023 00:00,1.09
253,253,Balana,CGWB,6,Haryana,58,AMBALA,AMBALA,AMBALA-I,Balana,-,-,-,-,-,-,30.32083333,76.72916667,,01-11-2023 00:00,0.71
254,254,Balana,CGWB,6,Haryana,58,AMBALA,AMBALA,AMBALA-I,Balana,-,-,-,-,-,-,30.32083333,76.72916667,,01-01-2024 00:00,0.84
255,255,Baland,CGWB,6,Haryana,73,ROHTAK,ROHTAK,ROHTAK,Baland,-,-,-,-,-,-,28.8,76.58333333,,10-01-2021 00:00,2.22
256,256,Baland,CGWB,6,Haryana,73,ROHTAK,ROHTAK,ROHTAK,Baland,-,-,-,-,-,-,28.8,76.58333333,,31-08-2021 06:00,1.15
257,257,Baland,CGWB,6,Haryana,73,ROHTAK,ROHTAK,ROHTAK,Baland,-,-,-,-,-,-,28.8,76.58333333,,30-01-2022 07:00,1.77
258,258,Baland,CGWB,6,Haryana,73,ROHTAK,ROHTAK,ROHTAK,Baland,-,-,-,-,-,-,28.8,76.58333333,,20-05-2022 06:00,1.17
259,259,Baland,CGWB,6,Haryana,73,ROHTAK,ROHTAK,ROHTAK,Baland,-,-,-,-,-,-,28.8,76.58333333,,01-10-2022 00:00,4.69
260,260,Baland,CGWB,6,Haryana,73,ROHTAK,ROHTAK,ROHTAK,Baland,-,-,-,-,-,-,28.8,76.58333333,,01-11-2022 06:00,1.85
261,261,Baland,CGWB,6,Haryana,73,ROHTAK,ROHTAK,ROHTAK,Baland,-,-,-,-,-,-,28.8,76.58333333,,01-01-2024 00:00,4.78
262,262,Balawas,CGWB,6,Haryana,72,REWARI,BAWAL,BAWAL,Balawas,-,-,-,-,-,-,28.10416667,76.52916667,,20-05-2022 06:00,11.31
263,263,Balawas1,CGWB,6,Haryana,63,HISAR,HISSAR,HISAR - I,Balawas,-,-,-,-,-,-,28.95833333,75.82222222,,10-01-2021 00:00,12.3
264,264,Balawas1,CGWB,6,Haryana,63,HISAR,HISSAR,HISAR - I,Balawas,-,-,-,-,-,-,28.95833333,75.82222222,,31-08-2021 06:00,13.51
265,265,Balawas1,CGWB,6,Haryana,63,HISAR,HISSAR,HISAR - I,Balawas,-,-,-,-,-,-,28.95833333,75.82222222,,30-01-2022 07:00,12.04
266,266,Balawas1,CGWB,6,Haryana,63,HISAR,HISSAR,HISAR - I,Balawas,-,-,-,-,-,-,28.95833333,75.82222222,,20-05-2022 06:00,11.9
267,267,Balawas1,CGWB,6,Haryana,63,HISAR,HISSAR,HISAR - I,Balawas,-,-,-,-,-,-,28.95833333,75.82222222,,01-08-2022 06:00,11.74
268,268,Balawas1,CGWB,6,Haryana,63,HISAR,HISSAR,HISAR - I,Balawas,-,-,-,-,-,-,28.95833333,75.82222222,,01-11-2022 06:00,11.6
269,269,Balawas1,CGWB,6,Haryana,63,HISAR,HISSAR,HISAR - I,Balawas,-,-,-,-,-,-,28.95833333,75.82222222,,01-01-2023 00:00,9.24
270,270,Balawas1,CGWB,6,Haryana,63,HISAR,HISSAR,HISAR - I,Balawas,-,-,-,-,-,-,28.95833333,75.82222222,,01-06-2023 00:00,11.14
271,271,Balawas1,CGWB,6,Haryana,63,HISAR,HISSAR,HISAR - I,Balawas,-,-,-,-,-,-,28.95833333,75.82222222,,20-08-2023 00:00,10.95
272,272,Balawas1,CGWB,6,Haryana,63,HISAR,HISSAR,HISAR - I,Balawas,-,-,-,-,-,-,28.95833333,75.82222222,,01-11-2023 00:00,10.88
273,273,Balawas1,CGWB,6,Haryana,63,HISAR,HISSAR,HISAR - I,Balawas,-,-,-,-,-,-,28.95833333,75.82222222,,01-01-2024 00:00,10.78
274,274,Balbahera pz,CGWB,6,Haryana,66,KAITHAL,GULHA,GULHA,Balbehra,-,-,-,-,-,-,29.8,76.38,,31-08-2021 06:00,40.1
275,275,Balbahera pz,CGWB,6,Haryana,66,KAITHAL,GULHA,GULHA,Balbehra,-,-,-,-,-,-,29.8,76.38,,30-01-2022 07:00,37.8
276,276,Balbahera pz,CGWB,6,Haryana,66,KAITHAL,GULHA,GULHA,Balbehra,-,-,-,-,-,-,29.8,76.38,,20-05-2022 06:00,36.88
277,277,Balbahera pz,CGWB,6,Haryana,66,KAITHAL,GULHA,GULHA,Balbehra,-,-,-,-,-,-,29.8,76.38,,01-08-2022 06:00,39.97
278,278,Balbahera pz,CGWB,6,Haryana,66,KAITHAL,GULHA,GULHA,Balbehra,-,-,-,-,-,-,29.8,76.38,,01-01-2023 00:00,38.49
279,279,Balbahera pz,CGWB,6,Haryana,66,KAITHAL,GULHA,GULHA,Balbehra,-,-,-,-,-,-,29.8,76.38,,20-08-2023 00:00,41.1
280,280,Balbahera pz,CGWB,6,Haryana,66,KAITHAL,GULHA,GULHA,Balbehra,-,-,-,-,-,-,29.8,76.38,,01-11-2023 00:00,39.69
281,281,Balbehra-Pz,CGWB,6,Haryana,66,KAITHAL,GULHA,GULHA,Balbehra,-,-,-,-,-,-,29.84722222,76.66138889,,10-01-2021 00:00,38.73
282,282,Balbehra-Pz,CGWB,6,Haryana,66,KAITHAL,GULHA,GULHA,Balbehra,-,-,-,-,-,-,29.84722222,76.66138889,,20-05-2022 06:00,43.48
283,283,Balbehra-Pz,CGWB,6,Haryana,66,KAITHAL,GULHA,GULHA,Balbehra,-,-,-,-,-,-,29.84722222,76.66138889,,01-11-2022 06:00,38.29
284,284,Balbehra-Pz,CGWB,6,Haryana,66,KAITHAL,GULHA,GULHA,Balbehra,-,-,-,-,-,-,29.84722222,76.66138889,,01-06-2023 00:00,39.85
285,285,Balhera-m,CGWB,6,Haryana,67,KARNAL,GHARAUNDA,GHARAUNDA,Balhera-m,-,-,-,-,-,-,29.475,77.0875,,30-11-2021 06:00,14.2
286,286,Balhera-m,CGWB,6,Haryana,67,KARNAL,GHARAUNDA,GHARAUNDA,Balhera-m,-,-,-,-,-,-,29.475,77.0875,,30-01-2022 07:00,13.5
287,287,Balhera-m,CGWB,6,Haryana,67,KARNAL,GHARAUNDA,GHARAUNDA,Balhera-m,-,-,-,-,-,-,29.475,77.0875,,20-05-2022 06:00,14.12
288,288,Balhera-m,CGWB,6,Haryana,67,KARNAL,GHARAUNDA,GHARAUNDA,Balhera-m,-,-,-,-,-,-,29.475,77.0875,,01-08-2022 06:00,16.31
289,289,Balhera-m,CGWB,6,Haryana,67,KARNAL,GHARAUNDA,GHARAUNDA,Balhera-m,-,-,-,-,-,-,29.475,77.0875,,01-11-2022 06:00,14.61
290,290,Balhera-m,CGWB,6,Haryana,67,KARNAL,GHARAUNDA,GHARAUNDA,Balhera-m,-,-,-,-,-,-,29.475,77.0875,,01-01-2023 00:00,13.3
291,291,Balhera-m,CGWB,6,Haryana,67,KARNAL,GHARAUNDA,GHARAUNDA,Balhera-m,-,-,-,-,-,-,29.475,77.0875,,20-08-2023 00:00,13.47
292,292,Balhera-s,CGWB,6,Haryana,67,KARNAL,GHARAUNDA,GHARAUNDA,Balhera-s,-,-,-,-,-,-,29.475,77.0875,,10-01-2021 00:00,13.4
293,293,Baliana-DW,CGWB,6,Haryana,73,ROHTAK,SAMPLA,SAMPLA,Baliana,-,-,-,-,-,-,28.87083333,76.68361111,,20-05-2022 06:00,3.33
294,294,Ballabhgarh,CGWB,6,Haryana,60,FARIDABAD,BALLABGARH,BALLABGARH,Ballabhgarh,-,-,-,-,-,-,28.34583333,77.32083333,,10-01-2021 00:00,29.37
295,295,Ballabhgarh,CGWB,6,Haryana,60,FARIDABAD,BALLABGARH,BALLABGARH,Ballabhgarh,-,-,-,-,-,-,28.34583333,77.32083333,,31-08-2021 06:00,30.72
296,296,Ballabhgarh,CGWB,6,Haryana,60,FARIDABAD,BALLABGARH,BALLABGARH,Ballabhgarh,-,-,-,-,-,-,28.34583333,77.32083333,,30-11-2021 06:00,29.2
297,297,Ballabhgarh,CGWB,6,Haryana,60,FARIDABAD,BALLABGARH,BALLABGARH,Ballabhgarh,-,-,-,-,-,-,28.34583333,77.32083333,,30-01-2022 07:00,29.15
298,298,Ballabhgarh,CGWB,6,Haryana,60,FARIDABAD,BALLABGARH,BALLABGARH,Ballabhgarh,-,-,-,-,-,-,28.34583333,77.32083333,,20-05-2022 06:00,29.39
299,299,Ballabhgarh,CGWB,6,Haryana,60,FARIDABAD,BALLABGARH,BALLABGARH,Ballabhgarh,-,-,-,-,-,-,28.34583333,77.32083333,,01-08-2022 06:00,29.8
300,300,Ballabhgarh,CGWB,6,Haryana,60,FARIDABAD,BALLABGARH,BALLABGARH,Ballabhgarh,-,-,-,-,-,-,28.34583333,77.32083333,,01-11-2022 06:00,29.75
301,301,Ballabhgarh,CGWB,6,Haryana,60,FARIDABAD,BALLABGARH,BALLABGARH,Ballabhgarh,-,-,-,-,-,-,28.34583333,77.32083333,,01-11-2023 00:00,30
302,302,Balla- Pz,CGWB,6,Haryana,67,KARNAL,ASSANDH,ASSANDH,Bala,-,-,-,-,-,-,29.50277778,76.75055556,,20-05-2022 06:00,20.01
303,303,Balla- Pz,CGWB,6,Haryana,67,KARNAL,ASSANDH,ASSANDH,Bala,-,-,-,-,-,-,29.50277778,76.75055556,,01-11-2023 00:00,22.62
304,304,Balsamand,CGWB,6,Haryana,63,HISAR,HISSAR,HISSAR - II,Balsamand,-,-,-,-,-,-,29.075,75.49166667,,10-01-2021 00:00,14.4
305,305,Balsamand,CGWB,6,Haryana,63,HISAR,HISSAR,HISSAR - II,Balsamand,-,-,-,-,-,-,29.075,75.49166667,,31-08-2021 06:00,17.49
306,306,Balsamand,CGWB,6,Haryana,63,HISAR,HISSAR,HISSAR - II,Balsamand,-,-,-,-,-,-,29.075,75.49166667,,30-11-2021 06:00,13.02
307,307,Balsamand,CGWB,6,Haryana,63,HISAR,HISSAR,HISSAR - II,Balsamand,-,-,-,-,-,-,29.075,75.49166667,,30-01-2022 07:00,13.31
308,308,Balsamand,CGWB,6,Haryana,63,HISAR,HISSAR,HISSAR - II,Balsamand,-,-,-,-,-,-,29.075,75.49166667,,20-05-2022 06:00,13.95
309,309,Balsamand,CGWB,6,Haryana,63,HISAR,HISSAR,HISSAR - II,Balsamand,-,-,-,-,-,-,29.075,75.49166667,,01-08-2022 06:00,13.64
310,310,Balsamand,CGWB,6,Haryana,63,HISAR,HISSAR,HISSAR - II,Balsamand,-,-,-,-,-,-,29.075,75.49166667,,01-11-2022 06:00,12.86
311,311,Balsamand,CGWB,6,Haryana,63,HISAR,HISSAR,HISSAR - II,Balsamand,-,-,-,-,-,-,29.075,75.49166667,,01-01-2023 00:00,12.9
312,312,Balsamand,CGWB,6,Haryana,63,HISAR,HISSAR,HISSAR - II,Balsamand,-,-,-,-,-,-,29.075,75.49166667,,01-06-2023 00:00,12.55
313,313,Balsamand,CGWB,6,Haryana,63,HISAR,HISSAR,HISSAR - II,Balsamand,-,-,-,-,-,-,29.075,75.49166667,,20-08-2023 00:00,12.86
314,314,Balsamand,CGWB,6,Haryana,63,HISAR,HISSAR,HISSAR - II,Balsamand,-,-,-,-,-,-,29.075,75.49166667,,01-11-2023 00:00,12.72
315,315,Balsamand,CGWB,6,Haryana,63,HISAR,HISSAR,HISSAR - II,Balsamand,-,-,-,-,-,-,29.075,75.49166667,,01-01-2024 00:00,12.61
316,316,Balsamand-Pz,CGWB,6,Haryana,63,HISAR,HISSAR,HISSAR - II,Balsamand,-,-,-,-,-,-,29.33888889,75.5,,10-01-2021 00:00,17.25
317,317,Balsamand-Pz,CGWB,6,Haryana,63,HISAR,HISSAR,HISSAR - II,Balsamand,-,-,-,-,-,-,29.33888889,75.5,,31-08-2021 06:00,16.57
318,318,Balsamand-Pz,CGWB,6,Haryana,63,HISAR,HISSAR,HISSAR - II,Balsamand,-,-,-,-,-,-,29.33888889,75.5,,30-11-2021 06:00,15.67
319,319,Balsamand-Pz,CGWB,6,Haryana,63,HISAR,HISSAR,HISSAR - II,Balsamand,-,-,-,-,-,-,29.33888889,75.5,,30-01-2022 07:00,15.04
320,320,Balsamand-Pz,CGWB,6,Haryana,63,HISAR,HISSAR,HISSAR - II,Balsamand,-,-,-,-,-,-,29.33888889,75.5,,20-05-2022 06:00,15.2
321,321,Balsamand-Pz,CGWB,6,Haryana,63,HISAR,HISSAR,HISSAR - II,Balsamand,-,-,-,-,-,-,29.33888889,75.5,,01-08-2022 06:00,14.85
322,322,Balsamand-Pz,CGWB,6,Haryana,63,HISAR,HISSAR,HISSAR - II,Balsamand,-,-,-,-,-,-,29.33888889,75.5,,01-01-2023 00:00,15.2
323,323,Balsamand-Pz,CGWB,6,Haryana,63,HISAR,HISSAR,HISSAR - II,Balsamand,-,-,-,-,-,-,29.33888889,75.5,,01-06-2023 00:00,14.63
324,324,Balsamand-Pz,CGWB,6,Haryana,63,HISAR,HISSAR,HISSAR - II,Balsamand,-,-,-,-,-,-,29.33888889,75.5,,20-08-2023 00:00,14.66
325,325,Balsamand-Pz,CGWB,6,Haryana,63,HISAR,HISSAR,HISSAR - II,Balsamand,-,-,-,-,-,-,29.33888889,75.5,,01-11-2023 00:00,12.7
326,326,Balu-D_2,CGWB,6,Haryana,66,KAITHAL,KAITHAL,-,-,-,-,-,-,-,-,29.656944,76.363333,,01-01-2023 00:00,25.59
327,327,Balu-D_2,CGWB,6,Haryana,66,KAITHAL,KAITHAL,-,-,-,-,-,-,-,-,29.656944,76.363333,,01-06-2023 00:00,35.48
328,328,Balu-D_2,CGWB,6,Haryana,66,KAITHAL,KAITHAL,-,-,-,-,-,-,-,-,29.656944,76.363333,,20-08-2023 00:00,57.05
329,329,Balu-D_2,CGWB,6,Haryana,66,KAITHAL,KAITHAL,-,-,-,-,-,-,-,-,29.656944,76.363333,,01-11-2023 00:00,45.29
330,330,Balu-M,CGWB,6,Haryana,66,KAITHAL,KAITHAL,-,-,-,-,-,-,-,-,29.656944,76.363333,,01-01-2023 00:00,12.45
331,331,Balu-M,CGWB,6,Haryana,66,KAITHAL,KAITHAL,-,-,-,-,-,-,-,-,29.656944,76.363333,,01-06-2023 00:00,21.14
332,332,Balu-M,CGWB,6,Haryana,66,KAITHAL,KAITHAL,-,-,-,-,-,-,-,-,29.656944,76.363333,,20-08-2023 00:00,29.6
333,333,Balu-M,CGWB,6,Haryana,66,KAITHAL,KAITHAL,-,-,-,-,-,-,-,-,29.656944,76.363333,,01-11-2023 00:00,17.58
334,334,Balu-S,CGWB,6,Haryana,66,KAITHAL,KAITHAL,-,-,-,-,-,-,-,-,29.656944,76.363333,,01-01-2023 00:00,6.9
335,335,Balu-S,CGWB,6,Haryana,66,KAITHAL,KAITHAL,-,-,-,-,-,-,-,-,29.656944,76.363333,,01-06-2023 00:00,8.1
336,336,Balu-S,CGWB,6,Haryana,66,KAITHAL,KAITHAL,-,-,-,-,-,-,-,-,29.656944,76.363333,,20-08-2023 00:00,8.97
337,337,Balu-S,CGWB,6,Haryana,66,KAITHAL,KAITHAL,-,-,-,-,-,-,-,-,29.656944,76.363333,,01-11-2023 00:00,8.64
338,338,Bamla,CGWB,6,Haryana,59,BHIWANI,BHIWANI,BHIWANI,Bamla,-,-,-,-,-,-,28.80833333,76.24444444,,01-11-2022 06:00,7.21
339,339,Bamla,CGWB,6,Haryana,59,BHIWANI,BHIWANI,BHIWANI,Bamla,-,-,-,-,-,-,28.80833333,76.24444444,,01-01-2023 00:00,7.53
340,340,Banbhauri-Pz,CGWB,6,Haryana,63,HISAR,HISSAR,BARWALA,Banbhauri,-,-,-,-,-,-,29.4,76.05,,20-05-2022 06:00,6.46
341,341,Banchari-DW,CGWB,6,Haryana,619,Palwal,HODAL,HODAL,Banchari,-,-,-,-,-,-,27.93416667,77.5,,20-05-2022 06:00,11.4
342,342,Bandh-Dw,CGWB,6,Haryana,71,PANIPAT,ISRANA,ISRANA,Bandh,-,-,-,-,-,-,29.24638889,76.94888889,,20-05-2022 06:00,5.8
343,343,Bandhwari,CGWB,6,Haryana,62,GURUGRAM,SOHANA,GURGAON,Bandhwari,-,-,-,-,-,-,28.39722222,77.15416667,,20-05-2022 06:00,25.8
344,344,Bannawali-M,CGWB,6,Haryana,61,FATEHABAD,FATEHABAD,-,-,-,-,-,-,-,-,29.533333,75.704167,,01-01-2023 00:00,2.1
345,345,Bannawali-M,CGWB,6,Haryana,61,FATEHABAD,FATEHABAD,-,-,-,-,-,-,-,-,29.533333,75.704167,,01-01-2024 00:00,3.11
346,346,Bannawali-S,CGWB,6,Haryana,61,FATEHABAD,FATEHABAD,-,-,-,-,-,-,-,-,29.533333,75.704167,,01-01-2023 00:00,2.7
347,347,Bannawali-S,CGWB,6,Haryana,61,FATEHABAD,FATEHABAD,-,-,-,-,-,-,-,-,29.533333,75.704167,,01-11-2023 00:00,20.92
348,348,Bannawali-S,CGWB,6,Haryana,61,FATEHABAD,FATEHABAD,-,-,-,-,-,-,-,-,29.533333,75.704167,,01-01-2024 00:00,3.01
349,349,Banwasa-DW,CGWB,6,Haryana,75,SONIPAT,GOHANA,KATHURA,Banwasa,-,-,-,-,-,-,29.15833333,76.56555556,,20-05-2022 06:00,2.86
350,350,Bapda-PZ,CGWB,6,Haryana,68,KURUKSHETRA,SHAHBAD,LADWA,Bapda,-,-,-,-,-,-,29.97277778,77.05722222,,20-05-2022 06:00,35.35
351,351,Baragaon-Pz,CGWB,6,Haryana,67,KARNAL,KARNAL,KARNAL,Baragaon,-,-,-,-,-,-,29.75638889,77.06611111,,20-05-2022 06:00,16.15
352,352,Barara-Pz,CGWB,6,Haryana,58,AMBALA,BARARA,BARARA,Barara,-,-,-,-,-,-,30.21666667,77.05,,20-05-2022 06:00,17.5
353,353,Barauli,CGWB,6,Haryana,75,SONIPAT,SONIPAT,SONEPAT,Barauli,-,-,-,-,-,-,29.00777778,77.17027778,,10-01-2021 00:00,1.47
354,354,Barauli,CGWB,6,Haryana,75,SONIPAT,SONIPAT,SONEPAT,Barauli,-,-,-,-,-,-,29.00777778,77.17027778,,31-08-2021 06:00,10.9
355,355,Barauli,CGWB,6,Haryana,75,SONIPAT,SONIPAT,SONEPAT,Barauli,-,-,-,-,-,-,29.00777778,77.17027778,,30-01-2022 07:00,8.48
356,356,Barauli,CGWB,6,Haryana,75,SONIPAT,SONIPAT,SONEPAT,Barauli,-,-,-,-,-,-,29.00777778,77.17027778,,20-05-2022 06:00,9.45
357,357,Barauli,CGWB,6,Haryana,75,SONIPAT,SONIPAT,SONEPAT,Barauli,-,-,-,-,-,-,29.00777778,77.17027778,,01-08-2022 06:00,10.11
358,358,Barauli,CGWB,6,Haryana,75,SONIPAT,SONIPAT,SONEPAT,Barauli,-,-,-,-,-,-,29.00777778,77.17027778,,01-11-2022 06:00,10
359,359,Barauli,CGWB,6,Haryana,75,SONIPAT,SONIPAT,SONEPAT,Barauli,-,-,-,-,-,-,29.00777778,77.17027778,,01-11-2023 00:00,9.25
360,360,Barauli1,CGWB,6,Haryana,619,Palwal,HODAL,HODAL,Barauli,-,-,-,-,-,-,28.07777778,77.43888889,,10-01-2021 00:00,12.96
361,361,Barauli1,CGWB,6,Haryana,619,Palwal,HODAL,HODAL,Barauli,-,-,-,-,-,-,28.07777778,77.43888889,,31-08-2021 06:00,18.62
362,362,Barauli1,CGWB,6,Haryana,619,Palwal,HODAL,HODAL,Barauli,-,-,-,-,-,-,28.07777778,77.43888889,,30-01-2022 07:00,16.5
363,363,Barauli1,CGWB,6,Haryana,619,Palwal,HODAL,HODAL,Barauli,-,-,-,-,-,-,28.07777778,77.43888889,,20-05-2022 06:00,13.55
364,364,Barauli1,CGWB,6,Haryana,619,Palwal,HODAL,HODAL,Barauli,-,-,-,-,-,-,28.07777778,77.43888889,,01-08-2022 06:00,14.4
365,365,Barauli1,CGWB,6,Haryana,619,Palwal,HODAL,HODAL,Barauli,-,-,-,-,-,-,28.07777778,77.43888889,,01-11-2022 06:00,12.2
366,366,Barauli1,CGWB,6,Haryana,619,Palwal,HODAL,HODAL,Barauli,-,-,-,-,-,-,28.07777778,77.43888889,,01-01-2023 00:00,14.4
367,367,Barauli1,CGWB,6,Haryana,619,Palwal,HODAL,HODAL,Barauli,-,-,-,-,-,-,28.07777778,77.43888889,,01-06-2023 00:00,12.63
368,368,Barauli Pz,CGWB,6,Haryana,619,Palwal,HODAL,HODAL,Barauli,-,-,-,-,-,-,28.0843,77.4348,199,20-08-2023 00:00,15.12
369,369,Barauli Pz,CGWB,6,Haryana,619,Palwal,HODAL,HODAL,Barauli,-,-,-,-,-,-,28.0843,77.4348,199,01-11-2023 00:00,13.37
370,370,Barauli Pz,CGWB,6,Haryana,619,Palwal,HODAL,HODAL,Barauli,-,-,-,-,-,-,28.0843,77.4348,199,01-01-2024 00:00,13.14
371,371,Barauli-Pz,CGWB,6,Haryana,75,SONIPAT,SONIPAT,SONEPAT,Barauli,-,-,-,-,-,-,29.01944444,77.02944444,,01-10-2022 00:00,9.55
372,372,Barauli-Pz,CGWB,6,Haryana,75,SONIPAT,SONIPAT,SONEPAT,Barauli,-,-,-,-,-,-,29.01944444,77.02944444,,20-08-2023 00:00,9.43
373,373,Barauli-Pz,CGWB,6,Haryana,75,SONIPAT,SONIPAT,SONEPAT,Barauli,-,-,-,-,-,-,29.01944444,77.02944444,,01-01-2024 00:00,9.24
374,374,Barda-DW,CGWB,6,Haryana,69,MAHENDRAGARH,MAHENDRAGARH,MAHENDARGARH,Barda,-,-,-,-,-,-,28.33333333,76.00333333,,20-05-2022 06:00,61.5
375,375,Barhan-PZ,CGWB,6,Haryana,68,KURUKSHETRA,SHAHBAD,LADWA,Barhan,-,-,-,-,-,-,29.99388889,77.01888889,,20-05-2022 06:00,42.4
376,376,Bari Bassi-DW,CGWB,6,Haryana,58,AMBALA,NARAINGARH,SHAHZADPUR,Bari Bassi,-,-,-,-,-,-,30.46277778,77.07222222,,20-05-2022 06:00,10.75
377,377,Bari Kanari-Pz,CGWB,6,Haryana,76,YAMUNANAGAR,JAGADHRI,JAGADHRI,Bari Kanari,-,-,-,-,-,-,30.18333333,77.18333333,,20-05-2022 06:00,27.65
378,378,Barna-PZ,CGWB,6,Haryana,68,KURUKSHETRA,SHAHBAD,THANESAR,Barna,-,-,-,-,-,-,29.90916667,76.73222222,,20-05-2022 06:00,32.9
379,379,Baroda,CGWB,6,Haryana,65,JIND,NARWANA,UCHANA,Baroda,-,-,-,-,-,-,29.43888889,76.18888889,,10-01-2021 00:00,19
380,380,Baroda,CGWB,6,Haryana,65,JIND,NARWANA,UCHANA,Baroda,-,-,-,-,-,-,29.43888889,76.18888889,,31-08-2021 06:00,20.79
381,381,Baroda,CGWB,6,Haryana,65,JIND,NARWANA,UCHANA,Baroda,-,-,-,-,-,-,29.43888889,76.18888889,,30-01-2022 07:00,17.05
382,382,Baroda,CGWB,6,Haryana,65,JIND,NARWANA,UCHANA,Baroda,-,-,-,-,-,-,29.43888889,76.18888889,,20-05-2022 06:00,17.4
383,383,Baroda,CGWB,6,Haryana,65,JIND,NARWANA,UCHANA,Baroda,-,-,-,-,-,-,29.43888889,76.18888889,,01-08-2022 06:00,18.38
384,384,Baroda,CGWB,6,Haryana,65,JIND,NARWANA,UCHANA,Baroda,-,-,-,-,-,-,29.43888889,76.18888889,,01-10-2022 00:00,17.28
385,385,Baroda,CGWB,6,Haryana,65,JIND,NARWANA,UCHANA,Baroda,-,-,-,-,-,-,29.43888889,76.18888889,,01-11-2022 06:00,17.89
386,386,Baroda,CGWB,6,Haryana,65,JIND,NARWANA,UCHANA,Baroda,-,-,-,-,-,-,29.43888889,76.18888889,,01-01-2024 00:00,17.76
387,387,Baroda Mor-DW,CGWB,6,Haryana,75,SONIPAT,GOHANA,MUNDLANA,Baroda Mor,-,-,-,-,-,-,29.14666667,76.62861111,,20-05-2022 06:00,0.65
388,388,Barona-DW,CGWB,6,Haryana,75,SONIPAT,KHARKHODA,KHARHAUDA,Barona,-,-,-,-,-,-,28.83222222,76.90833333,,20-05-2022 06:00,2.1
389,389,Baronda-Pz,CGWB,6,Haryana,68,KURUKSHETRA,SHAHBAD,LADWA,Baronda,-,-,-,-,-,-,29.95555556,77.05222222,,10-01-2021 00:00,18.39
390,390,Baronda-Pz,CGWB,6,Haryana,68,KURUKSHETRA,SHAHBAD,LADWA,Baronda,-,-,-,-,-,-,29.95555556,77.05222222,,31-08-2021 06:00,23.52
391,391,Baronda-Pz,CGWB,6,Haryana,68,KURUKSHETRA,SHAHBAD,LADWA,Baronda,-,-,-,-,-,-,29.95555556,77.05222222,,30-11-2021 06:00,21.09
392,392,Baronda-Pz,CGWB,6,Haryana,68,KURUKSHETRA,SHAHBAD,LADWA,Baronda,-,-,-,-,-,-,29.95555556,77.05222222,,30-01-2022 07:00,19.4
393,393,Baronda-Pz,CGWB,6,Haryana,68,KURUKSHETRA,SHAHBAD,LADWA,Baronda,-,-,-,-,-,-,29.95555556,77.05222222,,20-05-2022 06:00,24.8
394,394,Baronda-Pz,CGWB,6,Haryana,68,KURUKSHETRA,SHAHBAD,LADWA,Baronda,-,-,-,-,-,-,29.95555556,77.05222222,,01-11-2022 06:00,20.84
395,395,Baronda-Pz,CGWB,6,Haryana,68,KURUKSHETRA,SHAHBAD,LADWA,Baronda,-,-,-,-,-,-,29.95555556,77.05222222,,01-01-2023 00:00,19.13
396,396,Baronda-Pz,CGWB,6,Haryana,68,KURUKSHETRA,SHAHBAD,LADWA,Baronda,-,-,-,-,-,-,29.95555556,77.05222222,,01-11-2023 00:00,19.15
397,397,Barsana-Pz,CGWB,6,Haryana,66,KAITHAL,PUNDRI,PUNDRI,Barsana,-,-,-,-,-,-,29.71527778,76.59722222,,20-05-2022 06:00,35
398,398,Barshami-PZ,CGWB,6,Haryana,68,KURUKSHETRA,SHAHBAD,LADWA,Barshami,-,-,-,-,-,-,30.01111111,77.10694444,,20-05-2022 06:00,35
399,399,Barswani,CGWB,6,Haryana,75,SONIPAT,SONIPAT,SONEPAT,Barswani,-,-,-,-,-,-,29.0125,76.9625,,20-05-2022 06:00,5.5
400,400,Barswani,CGWB,6,Haryana,75,SONIPAT,SONIPAT,SONEPAT,Barswani,-,-,-,-,-,-,29.0125,76.9625,,01-08-2022 06:00,6.4
401,401,Barswani,CGWB,6,Haryana,75,SONIPAT,SONIPAT,SONEPAT,Barswani,-,-,-,-,-,-,29.0125,76.9625,,01-10-2022 00:00,5.55
402,402,Barswani,CGWB,6,Haryana,75,SONIPAT,SONIPAT,SONEPAT,Barswani,-,-,-,-,-,-,29.0125,76.9625,,01-11-2023 00:00,5.45
403,403,Barswani DW,CGWB,6,Haryana,75,SONIPAT,SONIPAT,SONEPAT,Barswani,-,-,-,-,-,-,29.0125,76.9625,,20-08-2023 00:00,5.45
404,404,Barswani DW,CGWB,6,Haryana,75,SONIPAT,SONIPAT,SONEPAT,Barswani,-,-,-,-,-,-,29.0125,76.9625,,01-01-2024 00:00,5.5
405,405,Barwala,CGWB,6,Haryana,70,PANCHKULA,PANCHKULA,BARWALA,Barwala,-,-,-,-,-,-,30.55416667,76.91666667,,31-08-2021 06:00,6.83
406,406,Barwala,CGWB,6,Haryana,70,PANCHKULA,PANCHKULA,BARWALA,Barwala,-,-,-,-,-,-,30.55416667,76.91666667,,01-01-2023 00:00,28.1
407,407,Barwala,CGWB,6,Haryana,70,PANCHKULA,PANCHKULA,BARWALA,Barwala,-,-,-,-,-,-,30.55416667,76.91666667,,01-06-2023 00:00,20.81
408,408,Barwala_1,CGWB,6,Haryana,70,PANCHKULA,-,-,-,-,-,-,-,-,-,29.36418,75.9056,,01-01-2023 00:00,18.49
409,409,Barwala1,CGWB,6,Haryana,63,HISAR,HISSAR,BARWALA,Barwala,-,-,-,-,-,-,29.37083333,75.92083333,,30-11-2021 06:00,6.5
410,410,Barwala1,CGWB,6,Haryana,63,HISAR,HISSAR,BARWALA,Barwala,-,-,-,-,-,-,29.37083333,75.92083333,,30-01-2022 07:00,6.19
411,411,Barwala1,CGWB,6,Haryana,63,HISAR,HISSAR,BARWALA,Barwala,-,-,-,-,-,-,29.37083333,75.92083333,,01-08-2022 06:00,10.31
412,412,Barwala1,CGWB,6,Haryana,63,HISAR,HISSAR,BARWALA,Barwala,-,-,-,-,-,-,29.37083333,75.92083333,,01-11-2023 00:00,2.37
413,413,Barwala2,CGWB,6,Haryana,63,HISAR,HISSAR,BARWALA,Barwala,-,-,-,-,-,-,29.37083333,75.92083333,,10-01-2021 00:00,12.41
414,414,Barwala2,CGWB,6,Haryana,63,HISAR,HISSAR,BARWALA,Barwala,-,-,-,-,-,-,29.37083333,75.92083333,,31-08-2021 06:00,14.34
415,415,Barwala2,CGWB,6,Haryana,63,HISAR,HISSAR,BARWALA,Barwala,-,-,-,-,-,-,29.37083333,75.92083333,,30-11-2021 06:00,11.64
416,416,Barwala2,CGWB,6,Haryana,63,HISAR,HISSAR,BARWALA,Barwala,-,-,-,-,-,-,29.37083333,75.92083333,,30-01-2022 07:00,10.97
417,417,Barwala2,CGWB,6,Haryana,63,HISAR,HISSAR,BARWALA,Barwala,-,-,-,-,-,-,29.37083333,75.92083333,,20-05-2022 06:00,11.31
418,418,Barwala D,CGWB,6,Haryana,70,PANCHKULA,PANCHKULA,BARWALA,Barwala,-,-,-,-,-,-,30.7421,76.8671,453,01-11-2023 00:00,30.8
419,419,Barwala-Pz,CGWB,6,Haryana,63,HISAR,HISSAR,BARWALA,Barwala,-,-,-,-,-,-,29.38666667,75.91666667,,10-01-2021 00:00,7.58
420,420,Barwala-Pz,CGWB,6,Haryana,63,HISAR,HISSAR,BARWALA,Barwala,-,-,-,-,-,-,29.38666667,75.91666667,,31-08-2021 06:00,8.23
421,421,Barwala-Pz,CGWB,6,Haryana,63,HISAR,HISSAR,BARWALA,Barwala,-,-,-,-,-,-,29.38666667,75.91666667,,30-01-2022 07:00,6.19
422,422,Barwala-Pz,CGWB,6,Haryana,63,HISAR,HISSAR,BARWALA,Barwala,-,-,-,-,-,-,29.38666667,75.91666667,,20-05-2022 06:00,6.1
423,423,Barwala-Pz,CGWB,6,Haryana,63,HISAR,HISSAR,BARWALA,Barwala,-,-,-,-,-,-,29.38666667,75.91666667,,01-08-2022 06:00,5.02
424,424,Barwala-Pz,CGWB,6,Haryana,63,HISAR,HISSAR,BARWALA,Barwala,-,-,-,-,-,-,29.38666667,75.91666667,,01-11-2022 06:00,4.5
425,425,Barwala-Pz,CGWB,6,Haryana,63,HISAR,HISSAR,BARWALA,Barwala,-,-,-,-,-,-,29.38666667,75.91666667,,01-01-2023 00:00,3.3
426,426,Barwala-Pz,CGWB,6,Haryana,63,HISAR,HISSAR,BARWALA,Barwala,-,-,-,-,-,-,29.38666667,75.91666667,,01-06-2023 00:00,4.34
427,427,Barwala-Pz,CGWB,6,Haryana,63,HISAR,HISSAR,BARWALA,Barwala,-,-,-,-,-,-,29.38666667,75.91666667,,20-08-2023 00:00,4.8
428,428,Barwala-Pz,CGWB,6,Haryana,63,HISAR,HISSAR,BARWALA,Barwala,-,-,-,-,-,-,29.38666667,75.91666667,,01-11-2023 00:00,3.85
429,429,Barwala-Pz,CGWB,6,Haryana,63,HISAR,HISSAR,BARWALA,Barwala,-,-,-,-,-,-,29.38666667,75.91666667,,01-01-2024 00:00,4.86
430,430,Barwala S,CGWB,6,Haryana,63,HISAR,HANSI,HANSI,Barwala S,-,-,-,-,-,-,29.18333333,75.96583333,,20-05-2022 06:00,3.95
431,431,Barwasni 1(s),CGWB,6,Haryana,75,SONIPAT,SONIPAT,SONEPAT,Barwasni 1(s),-,-,-,-,-,-,29,76.96666667,,10-01-2021 00:00,9.73
432,432,Barwasni 1(s),CGWB,6,Haryana,75,SONIPAT,SONIPAT,SONEPAT,Barwasni 1(s),-,-,-,-,-,-,29,76.96666667,,31-08-2021 06:00,8.9
433,433,Barwasni 1(s),CGWB,6,Haryana,75,SONIPAT,SONIPAT,SONEPAT,Barwasni 1(s),-,-,-,-,-,-,29,76.96666667,,30-01-2022 07:00,12.28
434,434,Barwasni 1(s),CGWB,6,Haryana,75,SONIPAT,SONIPAT,SONEPAT,Barwasni 1(s),-,-,-,-,-,-,29,76.96666667,,20-05-2022 06:00,9.23
435,435,Barwasni 1(s),CGWB,6,Haryana,75,SONIPAT,SONIPAT,SONEPAT,Barwasni 1(s),-,-,-,-,-,-,29,76.96666667,,01-08-2022 06:00,7.18
436,436,Barwasni 1(s),CGWB,6,Haryana,75,SONIPAT,SONIPAT,SONEPAT,Barwasni 1(s),-,-,-,-,-,-,29,76.96666667,,01-10-2022 00:00,8.27
437,437,Barwasni 1(s),CGWB,6,Haryana,75,SONIPAT,SONIPAT,SONEPAT,Barwasni 1(s),-,-,-,-,-,-,29,76.96666667,,01-11-2022 06:00,8.15
438,438,Barwasni 1(s),CGWB,6,Haryana,75,SONIPAT,SONIPAT,SONEPAT,Barwasni 1(s),-,-,-,-,-,-,29,76.96666667,,20-08-2023 00:00,10.24
439,439,Barwasni 1(s),CGWB,6,Haryana,75,SONIPAT,SONIPAT,SONEPAT,Barwasni 1(s),-,-,-,-,-,-,29,76.96666667,,01-11-2023 00:00,9.51
440,440,Barwasni 2(d),CGWB,6,Haryana,75,SONIPAT,SONIPAT,SONEPAT,Barwasni 2(d),-,-,-,-,-,-,29,76.96666667,,10-01-2021 00:00,10.51
441,441,Barwasni 2(d),CGWB,6,Haryana,75,SONIPAT,SONIPAT,SONEPAT,Barwasni 2(d),-,-,-,-,-,-,29,76.96666667,,31-08-2021 06:00,12.19
442,442,Barwasni 2(d),CGWB,6,Haryana,75,SONIPAT,SONIPAT,SONEPAT,Barwasni 2(d),-,-,-,-,-,-,29,76.96666667,,30-01-2022 07:00,10.18
443,443,Barwasni 2(d),CGWB,6,Haryana,75,SONIPAT,SONIPAT,SONEPAT,Barwasni 2(d),-,-,-,-,-,-,29,76.96666667,,20-05-2022 06:00,10.55
444,444,Barwasni 2(d),CGWB,6,Haryana,75,SONIPAT,SONIPAT,SONEPAT,Barwasni 2(d),-,-,-,-,-,-,29,76.96666667,,01-08-2022 06:00,9.19
445,445,Barwasni 2(d),CGWB,6,Haryana,75,SONIPAT,SONIPAT,SONEPAT,Barwasni 2(d),-,-,-,-,-,-,29,76.96666667,,01-10-2022 00:00,9.26
446,446,Barwasni 2(d),CGWB,6,Haryana,75,SONIPAT,SONIPAT,SONEPAT,Barwasni 2(d),-,-,-,-,-,-,29,76.96666667,,01-11-2022 06:00,9.03
447,447,Barwasni 2(d),CGWB,6,Haryana,75,SONIPAT,SONIPAT,SONEPAT,Barwasni 2(d),-,-,-,-,-,-,29,76.96666667,,01-11-2023 00:00,8.9
448,448,Barwasni 2(d),CGWB,6,Haryana,75,SONIPAT,SONIPAT,SONEPAT,Barwasni 2(d),-,-,-,-,-,-,29,76.96666667,,01-01-2024 00:00,10.04
449,449,Bas,CGWB,6,Haryana,63,HISAR,HANSI,BASS,Bas,-,-,-,-,-,-,29.10833333,76.2,,20-05-2022 06:00,3.72
450,450,Basirpur,CGWB,6,Haryana,69,MAHENDRAGARH,NARNAUL,NARNAUL,Basirpur,-,-,-,-,-,-,28.00555556,76.04583333,,20-05-2022 06:00,24.7
451,451,Basra,CGWB,6,Haryana,63,HISAR,ADAMPUR,ADAMPUR,Basra,-,-,-,-,-,-,29.21666667,75.525,,10-01-2021 00:00,17.55
452,452,Basra,CGWB,6,Haryana,63,HISAR,ADAMPUR,ADAMPUR,Basra,-,-,-,-,-,-,29.21666667,75.525,,31-08-2021 06:00,17.59
453,453,Basra,CGWB,6,Haryana,63,HISAR,ADAMPUR,ADAMPUR,Basra,-,-,-,-,-,-,29.21666667,75.525,,30-11-2021 06:00,16.8
454,454,Basra,CGWB,6,Haryana,63,HISAR,ADAMPUR,ADAMPUR,Basra,-,-,-,-,-,-,29.21666667,75.525,,30-01-2022 07:00,17.05
455,455,Basra,CGWB,6,Haryana,63,HISAR,ADAMPUR,ADAMPUR,Basra,-,-,-,-,-,-,29.21666667,75.525,,20-05-2022 06:00,17.65
456,456,Basra,CGWB,6,Haryana,63,HISAR,ADAMPUR,ADAMPUR,Basra,-,-,-,-,-,-,29.21666667,75.525,,01-08-2022 06:00,17.03
457,457,Basra,CGWB,6,Haryana,63,HISAR,ADAMPUR,ADAMPUR,Basra,-,-,-,-,-,-,29.21666667,75.525,,01-11-2022 06:00,6.05
458,458,Basra,CGWB,6,Haryana,63,HISAR,ADAMPUR,ADAMPUR,Basra,-,-,-,-,-,-,29.21666667,75.525,,01-01-2023 00:00,16.9
459,459,Basra,CGWB,6,Haryana,63,HISAR,ADAMPUR,ADAMPUR,Basra,-,-,-,-,-,-,29.21666667,75.525,,01-06-2023 00:00,16.93
460,460,Basra,CGWB,6,Haryana,63,HISAR,ADAMPUR,ADAMPUR,Basra,-,-,-,-,-,-,29.21666667,75.525,,20-08-2023 00:00,17.18
461,461,Basra,CGWB,6,Haryana,63,HISAR,ADAMPUR,ADAMPUR,Basra,-,-,-,-,-,-,29.21666667,75.525,,01-11-2023 00:00,18.13
462,462,Basra,CGWB,6,Haryana,63,HISAR,ADAMPUR,ADAMPUR,Basra,-,-,-,-,-,-,29.21666667,75.525,,01-01-2024 00:00,16.56
463,463,Batheri-PZ,CGWB,6,Haryana,68,KURUKSHETRA,PEHOWA,PEHOWA,Batheri,-,-,-,-,-,-,29.93916667,76.59222222,,20-05-2022 06:00,37.7
464,464,Batour,CGWB,6,Haryana,70,PANCHKULA,PANCHKULA,BARWALA,Batour,-,-,-,-,-,-,30.55277778,76.94972222,,20-05-2022 06:00,9.4
465,465,Batour,CGWB,6,Haryana,70,PANCHKULA,PANCHKULA,BARWALA,Batour,-,-,-,-,-,-,30.55277778,76.94972222,,01-08-2022 06:00,6.65
466,466,Batour,CGWB,6,Haryana,70,PANCHKULA,PANCHKULA,BARWALA,Batour,-,-,-,-,-,-,30.55277778,76.94972222,,01-11-2022 06:00,5.54
467,467,Batour,CGWB,6,Haryana,70,PANCHKULA,PANCHKULA,BARWALA,Batour,-,-,-,-,-,-,30.55277778,76.94972222,,01-06-2023 00:00,
468,468,Batwal,CGWB,6,Haryana,70,PANCHKULA,PANCHKULA,RAIPUR RANI,Raipur Rani,-,-,-,-,-,-,30.79444444,76.91638889,301,01-01-2024 00:00,6.35
469,469,Baundkalan,CGWB,6,Haryana,701,Charkhi Dadri,DADRI,DADRI-I,Baundkalan,-,-,-,-,-,-,28.78055556,76.36666667,,10-01-2021 00:00,1.53
470,470,Baundkalan,CGWB,6,Haryana,701,Charkhi Dadri,DADRI,DADRI-I,Baundkalan,-,-,-,-,-,-,28.78055556,76.36666667,,20-05-2022 06:00,3.99
471,471,Baundkalan,CGWB,6,Haryana,701,Charkhi Dadri,DADRI,DADRI-I,Baundkalan,-,-,-,-,-,-,28.78055556,76.36666667,,01-08-2022 06:00,1.05
472,472,Baundkalan,CGWB,6,Haryana,701,Charkhi Dadri,DADRI,DADRI-I,Baundkalan,-,-,-,-,-,-,28.78055556,76.36666667,,01-11-2022 06:00,2.11
473,473,Baundkalan,CGWB,6,Haryana,701,Charkhi Dadri,DADRI,DADRI-I,Baundkalan,-,-,-,-,-,-,28.78055556,76.36666667,,01-01-2023 00:00,1.71
474,474,Baundkalan,CGWB,6,Haryana,701,Charkhi Dadri,DADRI,DADRI-I,Baundkalan,-,-,-,-,-,-,28.78055556,76.36666667,,01-06-2023 00:00,1.91
475,475,Baundkalan,CGWB,6,Haryana,701,Charkhi Dadri,DADRI,DADRI-I,Baundkalan,-,-,-,-,-,-,28.78055556,76.36666667,,20-08-2023 00:00,1.81
476,476,Baundkalan,CGWB,6,Haryana,701,Charkhi Dadri,DADRI,DADRI-I,Baundkalan,-,-,-,-,-,-,28.78055556,76.36666667,,01-11-2023 00:00,2.22
477,477,Baundkalan,CGWB,6,Haryana,701,Charkhi Dadri,DADRI,DADRI-I,Baundkalan,-,-,-,-,-,-,28.78055556,76.36666667,,01-01-2024 00:00,2.41
478,478,Baupur,CGWB,6,Haryana,71,PANIPAT,ISRANA,ISRANA,Baupur,-,-,-,-,-,-,29.32,76.81333333,,20-05-2022 06:00,3.65
479,479,Bawal1,CGWB,6,Haryana,72,REWARI,BAWAL,BAWAL,Bawal,-,-,-,-,-,-,28.07083333,76.57916667,,20-05-2022 06:00,22.98
480,480,Bawal2,CGWB,6,Haryana,72,REWARI,BAWAL,BAWAL,Bawal,-,-,-,-,-,-,28.07083333,76.57916667,,30-01-2022 07:00,33
481,481,Bawal2,CGWB,6,Haryana,72,REWARI,BAWAL,BAWAL,Bawal,-,-,-,-,-,-,28.07083333,76.57916667,,20-05-2022 06:00,29.6
482,482,Bawanikhera,CGWB,6,Haryana,59,BHIWANI,BAWANI KHERA,BAWANI KHERA,Bawanikhera,-,-,-,-,-,-,28.93611111,76.04166667,,10-01-2021 00:00,4
483,483,Bawanikhera,CGWB,6,Haryana,59,BHIWANI,BAWANI KHERA,BAWANI KHERA,Bawanikhera,-,-,-,-,-,-,28.93611111,76.04166667,,20-05-2022 06:00,5.4
484,484,Bawanikhera,CGWB,6,Haryana,59,BHIWANI,BAWANI KHERA,BAWANI KHERA,Bawanikhera,-,-,-,-,-,-,28.93611111,76.04166667,,01-08-2022 06:00,3.29
485,485,Bawanikhera,CGWB,6,Haryana,59,BHIWANI,BAWANI KHERA,BAWANI KHERA,Bawanikhera,-,-,-,-,-,-,28.93611111,76.04166667,,01-06-2023 00:00,3.12
486,486,Bawanikhera,CGWB,6,Haryana,59,BHIWANI,BAWANI KHERA,BAWANI KHERA,Bawanikhera,-,-,-,-,-,-,28.93611111,76.04166667,,01-01-2024 00:00,2.46
487,487,BAWANI KHERA_1,CGWB,6,Haryana,59,BHIWANI,BHIWANI,-,-,-,-,-,-,-,-,28.936111,75.041667,,20-08-2023 00:00,2.6
488,488,Bawani Khera-PZ,CGWB,6,Haryana,59,BHIWANI,BAWANI KHERA,BAWANI KHERA,Bawani Khera,-,-,-,-,-,-,28.945,76.03333333,,10-01-2021 00:00,4.56
489,489,Bawani Khera-PZ,CGWB,6,Haryana,59,BHIWANI,BAWANI KHERA,BAWANI KHERA,Bawani Khera,-,-,-,-,-,-,28.945,76.03333333,,31-08-2021 06:00,5.19
490,490,Bawani Khera-PZ,CGWB,6,Haryana,59,BHIWANI,BAWANI KHERA,BAWANI KHERA,Bawani Khera,-,-,-,-,-,-,28.945,76.03333333,,30-11-2021 06:00,3.99
491,491,Bawani Khera-PZ,CGWB,6,Haryana,59,BHIWANI,BAWANI KHERA,BAWANI KHERA,Bawani Khera,-,-,-,-,-,-,28.945,76.03333333,,30-01-2022 07:00,4.12
492,492,Bawani Khera-PZ,CGWB,6,Haryana,59,BHIWANI,BAWANI KHERA,BAWANI KHERA,Bawani Khera,-,-,-,-,-,-,28.945,76.03333333,,20-05-2022 06:00,4.9
493,493,Bawani Khera-PZ,CGWB,6,Haryana,59,BHIWANI,BAWANI KHERA,BAWANI KHERA,Bawani Khera,-,-,-,-,-,-,28.945,76.03333333,,01-08-2022 06:00,2.37
494,494,Bawani Khera-PZ,CGWB,6,Haryana,59,BHIWANI,BAWANI KHERA,BAWANI KHERA,Bawani Khera,-,-,-,-,-,-,28.945,76.03333333,,01-11-2022 06:00,3.08
495,495,Bawani Khera.-PZ,CGWB,6,Haryana,59,BHIWANI,BAWANI KHERA,BAWANI KHERA,Bawani Khera.,-,-,-,-,-,-,28.945,76.03333333,,31-08-2021 06:00,5.2
496,496,Bawani Khera.-PZ,CGWB,6,Haryana,59,BHIWANI,BAWANI KHERA,BAWANI KHERA,Bawani Khera.,-,-,-,-,-,-,28.945,76.03333333,,30-11-2021 06:00,4.78
497,497,Bawani Khera.-PZ,CGWB,6,Haryana,59,BHIWANI,BAWANI KHERA,BAWANI KHERA,Bawani Khera.,-,-,-,-,-,-,28.945,76.03333333,,30-01-2022 07:00,4.12
498,498,Bawani Khera.-PZ,CGWB,6,Haryana,59,BHIWANI,BAWANI KHERA,BAWANI KHERA,Bawani Khera.,-,-,-,-,-,-,28.945,76.03333333,,20-05-2022 06:00,5.1
499,499,Bayal,CGWB,6,Haryana,69,MAHENDRAGARH,NARNAUL,NANGAL CHOUDHRY,Bayal,-,-,-,-,-,-,27.87083333,75.99583333,,20-05-2022 06:00,21.6
500,500,Bazida Pahar-DW,CGWB,6,Haryana,619,Palwal,HATHIN,HATHIN,Bazida Pahar,-,-,-,-,-,-,28.05,77.28888889,,20-05-2022 06:00,6.4
501,501,Bega Pz,CGWB,6,Haryana,75,SONIPAT,GANAUR,GANAUR,Bega Pzm,-,-,-,-,-,-,29.15416667,77.1125,,20-05-2022 06:00,19
502,502,Bega Pz,CGWB,6,Haryana,75,SONIPAT,GANAUR,GANAUR,Bega Pzm,-,-,-,-,-,-,29.15416667,77.1125,,01-11-2022 06:00,8.28
503,503,Behbalpur-Pz,CGWB,6,Haryana,63,HISAR,HISSAR,BARWALA,Behbalpur,-,-,-,-,-,-,29.28333333,75.78944444,,10-01-2021 00:00,1.9
504,504,Behbalpur-Pz,CGWB,6,Haryana,63,HISAR,HISSAR,BARWALA,Behbalpur,-,-,-,-,-,-,29.28333333,75.78944444,,31-08-2021 06:00,3.1
505,505,Behbalpur-Pz,CGWB,6,Haryana,63,HISAR,HISSAR,BARWALA,Behbalpur,-,-,-,-,-,-,29.28333333,75.78944444,,30-11-2021 06:00,1.55
506,506,Behbalpur-Pz,CGWB,6,Haryana,63,HISAR,HISSAR,BARWALA,Behbalpur,-,-,-,-,-,-,29.28333333,75.78944444,,30-01-2022 07:00,1.56
507,507,Behbalpur-Pz,CGWB,6,Haryana,63,HISAR,HISSAR,BARWALA,Behbalpur,-,-,-,-,-,-,29.28333333,75.78944444,,20-05-2022 06:00,3
508,508,Behbalpur-Pz,CGWB,6,Haryana,63,HISAR,HISSAR,BARWALA,Behbalpur,-,-,-,-,-,-,29.28333333,75.78944444,,01-08-2022 06:00,1.35
509,509,Behbalpur-Pz,CGWB,6,Haryana,63,HISAR,HISSAR,BARWALA,Behbalpur,-,-,-,-,-,-,29.28333333,75.78944444,,01-11-2022 06:00,1.55
510,510,Behbalpur-Pz,CGWB,6,Haryana,63,HISAR,HISSAR,BARWALA,Behbalpur,-,-,-,-,-,-,29.28333333,75.78944444,,01-01-2023 00:00,1.6
511,511,Behbalpur-Pz,CGWB,6,Haryana,63,HISAR,HISSAR,BARWALA,Behbalpur,-,-,-,-,-,-,29.28333333,75.78944444,,01-06-2023 00:00,2.09
512,512,Behbalpur-Pz,CGWB,6,Haryana,63,HISAR,HISSAR,BARWALA,Behbalpur,-,-,-,-,-,-,29.28333333,75.78944444,,20-08-2023 00:00,1.89
513,513,Behbalpur-Pz,CGWB,6,Haryana,63,HISAR,HISSAR,BARWALA,Behbalpur,-,-,-,-,-,-,29.28333333,75.78944444,,01-11-2023 00:00,2.1
514,514,Behbalpur-Pz,CGWB,6,Haryana,63,HISAR,HISSAR,BARWALA,Behbalpur,-,-,-,-,-,-,29.28333333,75.78944444,,01-01-2024 00:00,1.91
515,515,Beri,CGWB,6,Haryana,64,JHAJJAR,BERI,BERI,Beri,-,-,-,-,-,-,28.71111111,76.58194444,,20-05-2022 06:00,1
516,516,Berli Khurd-DW,CGWB,6,Haryana,72,REWARI,REWARI,JATUSANA,Berli Khurd,-,-,-,-,-,-,28.30444444,76.50611111,,20-05-2022 06:00,18.34
517,517,Berthala S,CGWB,6,Haryana,68,KURUKSHETRA,SHAHBAD,BABAIN,Berthala S,-,-,-,-,-,-,30.12916667,76.98333333,,20-05-2022 06:00,42.99
518,518,Berthala S,CGWB,6,Haryana,68,KURUKSHETRA,SHAHBAD,BABAIN,Berthala S,-,-,-,-,-,-,30.12916667,76.98333333,,20-08-2023 00:00,42.69
519,519,Berthala S,CGWB,6,Haryana,68,KURUKSHETRA,SHAHBAD,BABAIN,Berthala S,-,-,-,-,-,-,30.12916667,76.98333333,,01-11-2023 00:00,40.33
520,520,Berthala S,CGWB,6,Haryana,68,KURUKSHETRA,SHAHBAD,BABAIN,Berthala S,-,-,-,-,-,-,30.12916667,76.98333333,,01-01-2024 00:00,38.66
521,521,Berwalakhurd,CGWB,6,Haryana,74,SIRSA,ELLLENABAD,ELLLENABAD,Berwalakhurd,-,-,-,-,-,-,29.45277778,74.56805556,,20-05-2022 06:00,10.71
522,522,Bhadas-DW,CGWB,6,Haryana,604,Nuh,FEROZPUR JHIRKA,NAGINA,Bhadas,-,-,-,-,-,-,27.94166667,77.01666667,,20-05-2022 06:00,6.1
523,523,Bhainswal,CGWB,6,Haryana,75,SONIPAT,GOHANA,GOHANA,Bhainswal,-,-,-,-,-,-,29.03333333,76.79166667,,20-05-2022 06:00,3.55
524,524,Bhainswal,CGWB,6,Haryana,75,SONIPAT,GOHANA,GOHANA,Bhainswal,-,-,-,-,-,-,29.03333333,76.79166667,,01-08-2022 06:00,2.47
525,525,Bhainswal,CGWB,6,Haryana,75,SONIPAT,GOHANA,GOHANA,Bhainswal,-,-,-,-,-,-,29.03333333,76.79166667,,01-10-2022 00:00,2.75
526,526,Bhainswal,CGWB,6,Haryana,75,SONIPAT,GOHANA,GOHANA,Bhainswal,-,-,-,-,-,-,29.03333333,76.79166667,,01-11-2022 06:00,3.8
527,527,Bhainswal,CGWB,6,Haryana,75,SONIPAT,GOHANA,GOHANA,Bhainswal,-,-,-,-,-,-,29.03333333,76.79166667,,20-08-2023 00:00,2.86
528,528,Bhainswal,CGWB,6,Haryana,75,SONIPAT,GOHANA,GOHANA,Bhainswal,-,-,-,-,-,-,29.03333333,76.79166667,,01-11-2023 00:00,2.89
529,529,Bhainswal,CGWB,6,Haryana,75,SONIPAT,GOHANA,GOHANA,Bhainswal,-,-,-,-,-,-,29.03333333,76.79166667,,01-01-2024 00:00,2.74
530,530,Bhakharpur,CGWB,6,Haryana,75,SONIPAT,-,-,-,-,-,-,-,-,-,29.181944,77.078417,,01-10-2022 00:00,37.2
531,531,Bhakharpur,CGWB,6,Haryana,75,SONIPAT,-,-,-,-,-,-,-,-,-,29.181944,77.078417,,01-11-2023 00:00,37.77
532,532,Bhakharpur,CGWB,6,Haryana,75,SONIPAT,-,-,-,-,-,-,-,-,-,29.181944,77.078417,,01-01-2024 00:00,36.1
533,533,Bhakli-DW,CGWB,6,Haryana,72,REWARI,KOSLI,NAHAR,Bhakli,-,-,-,-,-,-,28.41666667,76.47777778,,20-05-2022 06:00,11.8
534,534,Bhal Anandpur,CGWB,6,Haryana,73,ROHTAK,ROHTAK,ROHTAK,Bhal Anandpur,-,-,-,-,-,-,28.88055556,76.5125,,10-01-2021 00:00,2.54
535,535,Bhal Anandpur,CGWB,6,Haryana,73,ROHTAK,ROHTAK,ROHTAK,Bhal Anandpur,-,-,-,-,-,-,28.88055556,76.5125,,31-08-2021 06:00,3.84
536,536,Bhal Anandpur,CGWB,6,Haryana,73,ROHTAK,ROHTAK,ROHTAK,Bhal Anandpur,-,-,-,-,-,-,28.88055556,76.5125,,30-01-2022 07:00,1.79
537,537,Bhal Anandpur,CGWB,6,Haryana,73,ROHTAK,ROHTAK,ROHTAK,Bhal Anandpur,-,-,-,-,-,-,28.88055556,76.5125,,20-05-2022 06:00,1.99
538,538,Bhal Anandpur,CGWB,6,Haryana,73,ROHTAK,ROHTAK,ROHTAK,Bhal Anandpur,-,-,-,-,-,-,28.88055556,76.5125,,01-08-2022 06:00,1.49
539,539,Bhal Anandpur,CGWB,6,Haryana,73,ROHTAK,ROHTAK,ROHTAK,Bhal Anandpur,-,-,-,-,-,-,28.88055556,76.5125,,01-10-2022 00:00,1.04
540,540,Bhal Anandpur,CGWB,6,Haryana,73,ROHTAK,ROHTAK,ROHTAK,Bhal Anandpur,-,-,-,-,-,-,28.88055556,76.5125,,01-11-2022 06:00,1.14
541,541,Bhal Anandpur,CGWB,6,Haryana,73,ROHTAK,ROHTAK,ROHTAK,Bhal Anandpur,-,-,-,-,-,-,28.88055556,76.5125,,20-08-2023 00:00,1.49
542,542,Bhal Anandpur,CGWB,6,Haryana,73,ROHTAK,ROHTAK,ROHTAK,Bhal Anandpur,-,-,-,-,-,-,28.88055556,76.5125,,01-11-2023 00:00,1.86
543,543,Bhal Anandpur,CGWB,6,Haryana,73,ROHTAK,ROHTAK,ROHTAK,Bhal Anandpur,-,-,-,-,-,-,28.88055556,76.5125,,01-01-2024 00:00,1.94
544,544,Bhalaut,CGWB,6,Haryana,73,ROHTAK,ROHTAK,ROHTAK,Bhalaut,-,-,-,-,-,-,28.90555556,76.71666667,,20-05-2022 06:00,0.88
545,545,Bhallour Pz,CGWB,6,Haryana,71,PANIPAT,SAMALKHA,BAPOLI,Bhallour Pzm,-,-,-,-,-,-,29.31,77.09833333,,31-08-2021 06:00,17.25
546,546,Bhallour Pz,CGWB,6,Haryana,71,PANIPAT,SAMALKHA,BAPOLI,Bhallour Pzm,-,-,-,-,-,-,29.31,77.09833333,,20-05-2022 06:00,15.08
547,547,Bhambauli-1 (m),CGWB,6,Haryana,76,YAMUNANAGAR,JAGADHRI,JAGADHRI,Bhambauli-1 (m),-,-,-,-,-,-,30.16666667,77.2,,10-01-2021 00:00,18.9
548,548,Bhambauli-1 (m),CGWB,6,Haryana,76,YAMUNANAGAR,JAGADHRI,JAGADHRI,Bhambauli-1 (m),-,-,-,-,-,-,30.16666667,77.2,,20-05-2022 06:00,19.42
549,549,Bhambauli-1 (m),CGWB,6,Haryana,76,YAMUNANAGAR,JAGADHRI,JAGADHRI,Bhambauli-1 (m),-,-,-,-,-,-,30.16666667,77.2,,01-08-2022 06:00,21.02
550,550,Bhambauli-1 (m),CGWB,6,Haryana,76,YAMUNANAGAR,JAGADHRI,JAGADHRI,Bhambauli-1 (m),-,-,-,-,-,-,30.16666667,77.2,,01-11-2022 06:00,20.61
551,551,Bhambauli-1 (m),CGWB,6,Haryana,76,YAMUNANAGAR,JAGADHRI,JAGADHRI,Bhambauli-1 (m),-,-,-,-,-,-,30.16666667,77.2,,01-01-2023 00:00,23.22
552,552,Bhambauli-1 (m),CGWB,6,Haryana,76,YAMUNANAGAR,JAGADHRI,JAGADHRI,Bhambauli-1 (m),-,-,-,-,-,-,30.16666667,77.2,,01-06-2023 00:00,24.03
553,553,Bhambauli-1 (m),CGWB,6,Haryana,76,YAMUNANAGAR,JAGADHRI,JAGADHRI,Bhambauli-1 (m),-,-,-,-,-,-,30.16666667,77.2,,20-08-2023 00:00,20.86
554,554,Bhambauli-1 (m),CGWB,6,Haryana,76,YAMUNANAGAR,JAGADHRI,JAGADHRI,Bhambauli-1 (m),-,-,-,-,-,-,30.16666667,77.2,,01-11-2023 00:00,21.14
555,555,Bhambauli-2 (d),CGWB,6,Haryana,76,YAMUNANAGAR,JAGADHRI,JAGADHRI,Bhambauli-2 (d),-,-,-,-,-,-,30.16666667,77.2,,10-01-2021 00:00,21.59
556,556,Bhambauli-2 (d),CGWB,6,Haryana,76,YAMUNANAGAR,JAGADHRI,JAGADHRI,Bhambauli-2 (d),-,-,-,-,-,-,30.16666667,77.2,,31-08-2021 06:00,29.2
557,557,Bhambauli-2 (d),CGWB,6,Haryana,76,YAMUNANAGAR,JAGADHRI,JAGADHRI,Bhambauli-2 (d),-,-,-,-,-,-,30.16666667,77.2,,30-11-2021 06:00,23.99
558,558,Bhambauli-2 (d),CGWB,6,Haryana,76,YAMUNANAGAR,JAGADHRI,JAGADHRI,Bhambauli-2 (d),-,-,-,-,-,-,30.16666667,77.2,,20-05-2022 06:00,22.82
559,559,Bhambauli-2 (d),CGWB,6,Haryana,76,YAMUNANAGAR,JAGADHRI,JAGADHRI,Bhambauli-2 (d),-,-,-,-,-,-,30.16666667,77.2,,01-08-2022 06:00,25.43
560,560,Bhambauli-2 (d),CGWB,6,Haryana,76,YAMUNANAGAR,JAGADHRI,JAGADHRI,Bhambauli-2 (d),-,-,-,-,-,-,30.16666667,77.2,,01-11-2022 06:00,24.28
561,561,Bhambauli-2 (d),CGWB,6,Haryana,76,YAMUNANAGAR,JAGADHRI,JAGADHRI,Bhambauli-2 (d),-,-,-,-,-,-,30.16666667,77.2,,01-01-2023 00:00,19.86
562,562,Bhambauli-2 (d),CGWB,6,Haryana,76,YAMUNANAGAR,JAGADHRI,JAGADHRI,Bhambauli-2 (d),-,-,-,-,-,-,30.16666667,77.2,,01-06-2023 00:00,20.75
563,563,Bhambauli-2 (d),CGWB,6,Haryana,76,YAMUNANAGAR,JAGADHRI,JAGADHRI,Bhambauli-2 (d),-,-,-,-,-,-,30.16666667,77.2,,20-08-2023 00:00,19.25
564,564,Bhambauli-2 (d),CGWB,6,Haryana,76,YAMUNANAGAR,JAGADHRI,JAGADHRI,Bhambauli-2 (d),-,-,-,-,-,-,30.16666667,77.2,,01-11-2023 00:00,19.62
565,565,Bhambewa-DW,CGWB,6,Haryana,65,JIND,SAFIDON,PILUKHERA,Bhambewa,-,-,-,-,-,-,29.23333333,76.54916667,,20-05-2022 06:00,3.54
566,566,Bhana Barahman-DW,CGWB,6,Haryana,65,JIND,NARWANA,NARWANA,Bhana Barahman,-,-,-,-,-,-,29.81666667,76.20833333,,20-05-2022 06:00,7.7
567,567,Bhana-Pz,CGWB,6,Haryana,66,KAITHAL,PUNDRI,PUNDRI,Bhana,-,-,-,-,-,-,29.65277778,76.52222222,,20-05-2022 06:00,19.65
568,568,Bhana-Pz,CGWB,6,Haryana,66,KAITHAL,PUNDRI,PUNDRI,Bhana,-,-,-,-,-,-,29.65277778,76.52222222,,01-11-2022 06:00,19.06
569,569,Bhana-Pz,CGWB,6,Haryana,66,KAITHAL,PUNDRI,PUNDRI,Bhana,-,-,-,-,-,-,29.65277778,76.52222222,,01-01-2023 00:00,18.6
570,570,Bhana-Pz,CGWB,6,Haryana,66,KAITHAL,PUNDRI,PUNDRI,Bhana,-,-,-,-,-,-,29.65277778,76.52222222,,20-08-2023 00:00,23.47
571,571,Bhana-Pz,CGWB,6,Haryana,66,KAITHAL,PUNDRI,PUNDRI,Bhana,-,-,-,-,-,-,29.65277778,76.52222222,,01-01-2024 00:00,19.46
572,572,Bharain-DW,CGWB,6,Haryana,73,ROHTAK,MAHAM,MEHAM,Bharain,-,-,-,-,-,-,28.96416667,76.44138889,,20-05-2022 06:00,2
573,573,Bhattukalan-Pz,CGWB,6,Haryana,61,FATEHABAD,FATEHABAD,BHATTU KALAN,Bhattukalan,-,-,-,-,-,-,29.36666667,75.34166667,,20-05-2022 06:00,2
574,574,Bhawani Khera Pz,CGWB,6,Haryana,59,BHIWANI,BAWANI KHERA,-,-,-,-,-,-,-,-,28.936111,76.041667,,01-01-2023 00:00,3
575,575,Bhiduki-DW,CGWB,6,Haryana,619,Palwal,HODAL,HODAL,Bhiduki,-,-,-,-,-,-,27.91666667,77.45,,20-05-2022 06:00,6.3
576,576,Bhiwani,CGWB,6,Haryana,59,BHIWANI,BHIWANI,BHIWANI,Bhiwani,-,-,-,-,-,-,28.78333333,76.13333333,,20-05-2022 06:00,4.6
577,577,Bhiwani,CGWB,6,Haryana,59,BHIWANI,BHIWANI,BHIWANI,Bhiwani,-,-,-,-,-,-,28.78333333,76.13333333,,01-11-2023 00:00,2.9
578,578,Bhogipur,CGWB,6,Haryana,75,SONIPAT,-,-,-,-,-,-,-,-,-,29.181944,77.045083,,01-10-2022 00:00,12.54
579,579,Bhogipur,CGWB,6,Haryana,75,SONIPAT,-,-,-,-,-,-,-,-,-,29.181944,77.045083,,20-08-2023 00:00,11.82
580,580,Bhogipur,CGWB,6,Haryana,75,SONIPAT,-,-,-,-,-,-,-,-,-,29.181944,77.045083,,01-11-2023 00:00,12.43
581,581,Bhondsi Ew,CGWB,6,Haryana,62,GURUGRAM,SOHANA,SOHANA,Bhondsi Ew,-,-,-,-,-,-,28.37666667,77.03805556,,20-05-2022 06:00,31.6
582,582,Bhongra-Dw,CGWB,6,Haryana,65,JIND,NARWANA,UCHANA,Bhongra,-,-,-,-,-,-,29.43666667,76.15111111,,20-05-2022 06:00,18.34
583,583,Bhopani,CGWB,6,Haryana,60,FARIDABAD,BALLABGARH,FARIDABAD,Bhopani,-,-,-,-,-,-,28.42916667,77.39166667,,20-05-2022 06:00,27.3
584,584,Bhora Kalan-Pz,CGWB,6,Haryana,62,GURUGRAM,PATAUDI,PATAUDI,Bhora Kalan,-,-,-,-,-,-,28.3,76.83611111,,20-05-2022 06:00,44.75
585,585,Bhora Kalan-Pz,CGWB,6,Haryana,62,GURUGRAM,PATAUDI,PATAUDI,Bhora Kalan,-,-,-,-,-,-,28.3,76.83611111,,01-11-2023 00:00,46.25
586,586,Bhora Kalan-Pz,CGWB,6,Haryana,62,GURUGRAM,PATAUDI,PATAUDI,Bhora Kalan,-,-,-,-,-,-,28.3,76.83611111,,01-01-2024 00:00,43.86
587,587,Bhore Saidan S,CGWB,6,Haryana,68,KURUKSHETRA,PEHOWA,PEHOWA,Bhore Saidan S,-,-,-,-,-,-,29.9625,76.70416667,,20-05-2022 06:00,33.35
588,588,Bhotal Jattan-DW,CGWB,6,Haryana,63,HISAR,HANSI,BASS,Bhotal Jattan,-,-,-,-,-,-,29.10555556,76.12361111,,20-05-2022 06:00,3.5
589,589,Bhuna,CGWB,6,Haryana,61,FATEHABAD,FATEHABAD,BHUNA,Bhuna,-,-,-,-,-,-,29.53333333,75.70416667,,20-05-2022 06:00,17.9
590,590,Bhunderi,CGWB,6,Haryana,75,SONIPAT,GOHANA,KATHURA,Bhunderi,-,-,-,-,-,-,29.1,76.61527778,,10-01-2021 00:00,1.65
591,591,Bhunderi,CGWB,6,Haryana,75,SONIPAT,GOHANA,KATHURA,Bhunderi,-,-,-,-,-,-,29.1,76.61527778,,31-08-2021 06:00,2.16
592,592,Bhunderi,CGWB,6,Haryana,75,SONIPAT,GOHANA,KATHURA,Bhunderi,-,-,-,-,-,-,29.1,76.61527778,,30-01-2022 07:00,0.73
593,593,Bhunderi,CGWB,6,Haryana,75,SONIPAT,GOHANA,KATHURA,Bhunderi,-,-,-,-,-,-,29.1,76.61527778,,20-05-2022 06:00,3.07
594,594,Bhunderi,CGWB,6,Haryana,75,SONIPAT,GOHANA,KATHURA,Bhunderi,-,-,-,-,-,-,29.1,76.61527778,,01-08-2022 06:00,1.35
595,595,Bhunderi,CGWB,6,Haryana,75,SONIPAT,GOHANA,KATHURA,Bhunderi,-,-,-,-,-,-,29.1,76.61527778,,01-10-2022 00:00,1.52
596,596,Bhunderi,CGWB,6,Haryana,75,SONIPAT,GOHANA,KATHURA,Bhunderi,-,-,-,-,-,-,29.1,76.61527778,,01-11-2022 06:00,1.12
597,597,Bhunderi,CGWB,6,Haryana,75,SONIPAT,GOHANA,KATHURA,Bhunderi,-,-,-,-,-,-,29.1,76.61527778,,20-08-2023 00:00,0.87
598,598,Bhunderi,CGWB,6,Haryana,75,SONIPAT,GOHANA,KATHURA,Bhunderi,-,-,-,-,-,-,29.1,76.61527778,,01-11-2023 00:00,1.11
599,599,Bhunderi,CGWB,6,Haryana,75,SONIPAT,GOHANA,KATHURA,Bhunderi,-,-,-,-,-,-,29.1,76.61527778,,01-01-2024 00:00,1.01
600,600,Bhuratwala-Pz,CGWB,6,Haryana,74,SIRSA,ELLLENABAD,ELLLENABAD,Bhuratwala,-,-,-,-,-,-,29.425,74.77083333,,10-01-2021 00:00,9.88
601,601,Bhuratwala-Pz,CGWB,6,Haryana,74,SIRSA,ELLLENABAD,ELLLENABAD,Bhuratwala,-,-,-,-,-,-,29.425,74.77083333,,20-05-2022 06:00,13.5
602,602,Bhurawas-Pz,CGWB,6,Haryana,64,JHAJJAR,JHAJJAR,SAHLAWAS,Bhurawas,-,-,-,-,-,-,28.45472222,76.47666667,,20-05-2022 06:00,1.55
603,603,Bhurewala-Pz,CGWB,6,Haryana,58,AMBALA,NARAINGARH,NARAINGARH,Bhurewala,-,-,-,-,-,-,30.5,77.08333333,,20-05-2022 06:00,10.28
604,604,BHUSLANA_1,CGWB,6,Haryana,65,JIND,SAFIDON,-,-,-,-,-,-,-,-,29.4531,76.7466,,20-08-2023 00:00,25.17
605,605,Bhuslana-Pz,CGWB,6,Haryana,65,JIND,SAFIDON,SAFIDON,Bhuslana-Pz,-,-,-,-,-,-,29.42138889,76.73416667,,10-01-2021 00:00,21.3
606,606,Bhuslana-Pz,CGWB,6,Haryana,65,JIND,SAFIDON,SAFIDON,Bhuslana-Pz,-,-,-,-,-,-,29.42138889,76.73416667,,31-08-2021 06:00,23.52
607,607,Bhuslana-Pz,CGWB,6,Haryana,65,JIND,SAFIDON,SAFIDON,Bhuslana-Pz,-,-,-,-,-,-,29.42138889,76.73416667,,30-01-2022 07:00,21.1
608,608,Bhuslana-Pz,CGWB,6,Haryana,65,JIND,SAFIDON,SAFIDON,Bhuslana-Pz,-,-,-,-,-,-,29.42138889,76.73416667,,20-05-2022 06:00,19.6
609,609,Bhuslana-Pz,CGWB,6,Haryana,65,JIND,SAFIDON,SAFIDON,Bhuslana-Pz,-,-,-,-,-,-,29.42138889,76.73416667,,01-08-2022 06:00,23.2
610,610,Bhuslana-Pz,CGWB,6,Haryana,65,JIND,SAFIDON,SAFIDON,Bhuslana-Pz,-,-,-,-,-,-,29.42138889,76.73416667,,01-10-2022 00:00,22.5
611,611,Bhuslana-Pz,CGWB,6,Haryana,65,JIND,SAFIDON,SAFIDON,Bhuslana-Pz,-,-,-,-,-,-,29.42138889,76.73416667,,01-11-2022 06:00,24.95
612,612,Bhuslana-Pz,CGWB,6,Haryana,65,JIND,SAFIDON,SAFIDON,Bhuslana-Pz,-,-,-,-,-,-,29.42138889,76.73416667,,01-11-2023 00:00,25.36
613,613,Bhuslana-Pz,CGWB,6,Haryana,65,JIND,SAFIDON,SAFIDON,Bhuslana-Pz,-,-,-,-,-,-,29.42138889,76.73416667,,01-01-2024 00:00,23.8
614,614,Bhuthan Kalan- Pz,CGWB,6,Haryana,61,FATEHABAD,FATEHABAD,FATEHABAD,Bhuthan Kalan,-,-,-,-,-,-,29.56666667,75.57777778,,20-05-2022 06:00,59.4
615,615,Bibipur-DW,CGWB,6,Haryana,619,Palwal,HATHIN,HATHIN,Bibipur,-,-,-,-,-,-,28.01805556,77.21111111,,20-05-2022 06:00,4
616,616,Bibipur-OW,CGWB,6,Haryana,65,JIND,JIND,JIND,Bibipur,-,-,-,-,-,-,29.24694444,76.27583333,,20-05-2022 06:00,16.8
617,617,Bichpuri1,CGWB,6,Haryana,75,SONIPAT,GOHANA,MUNDLANA,Bichpuri,-,-,-,-,-,-,29.20777778,76.66527778,,01-08-2022 06:00,5.38
618,618,Bichpuri1,CGWB,6,Haryana,75,SONIPAT,GOHANA,MUNDLANA,Bichpuri,-,-,-,-,-,-,29.20777778,76.66527778,,01-01-2024 00:00,5.83
619,619,Bidhlan-DW,CGWB,6,Haryana,75,SONIPAT,KHARKHODA,KHARHAUDA,Bidhlan,-,-,-,-,-,-,28.95361111,76.86333333,,20-05-2022 06:00,4.82
620,620,Bilaspur1,CGWB,6,Haryana,76,YAMUNANAGAR,BILASPUR,BILASPUR,Bilaspur,-,-,-,-,-,-,30.3,77.3,,31-08-2021 06:00,5.4
621,621,Bilaspur1,CGWB,6,Haryana,76,YAMUNANAGAR,BILASPUR,BILASPUR,Bilaspur,-,-,-,-,-,-,30.3,77.3,,20-05-2022 06:00,4.8
622,622,Bilaspur1,CGWB,6,Haryana,76,YAMUNANAGAR,BILASPUR,BILASPUR,Bilaspur,-,-,-,-,-,-,30.3,77.3,,01-01-2023 00:00,3.25
623,623,Bilaspur1,CGWB,6,Haryana,76,YAMUNANAGAR,BILASPUR,BILASPUR,Bilaspur,-,-,-,-,-,-,30.3,77.3,,20-08-2023 00:00,2.86
624,624,Bilaspur1,CGWB,6,Haryana,76,YAMUNANAGAR,BILASPUR,BILASPUR,Bilaspur,-,-,-,-,-,-,30.3,77.3,,01-11-2023 00:00,3.31
625,625,Bilaspur1,CGWB,6,Haryana,76,YAMUNANAGAR,BILASPUR,BILASPUR,Bilaspur,-,-,-,-,-,-,30.3,77.3,,01-01-2024 00:00,3.04
626,626,Bilaspur2,CGWB,6,Haryana,76,YAMUNANAGAR,BILASPUR,BILASPUR,Bilaspur,-,-,-,-,-,-,30.3,77.3,,10-01-2021 00:00,3.34
627,627,Bilaspur2,CGWB,6,Haryana,76,YAMUNANAGAR,BILASPUR,BILASPUR,Bilaspur,-,-,-,-,-,-,30.3,77.3,,31-08-2021 06:00,5.4
628,628,Bilaspur2,CGWB,6,Haryana,76,YAMUNANAGAR,BILASPUR,BILASPUR,Bilaspur,-,-,-,-,-,-,30.3,77.3,,30-11-2021 06:00,4.09
629,629,Bilaspur2,CGWB,6,Haryana,76,YAMUNANAGAR,BILASPUR,BILASPUR,Bilaspur,-,-,-,-,-,-,30.3,77.3,,30-01-2022 07:00,3.91
630,630,Bilaspur2,CGWB,6,Haryana,76,YAMUNANAGAR,BILASPUR,BILASPUR,Bilaspur,-,-,-,-,-,-,30.3,77.3,,20-05-2022 06:00,3.8
631,631,Bilaspur2,CGWB,6,Haryana,76,YAMUNANAGAR,BILASPUR,BILASPUR,Bilaspur,-,-,-,-,-,-,30.3,77.3,,01-08-2022 06:00,3.3
632,632,Bilaspur2,CGWB,6,Haryana,76,YAMUNANAGAR,BILASPUR,BILASPUR,Bilaspur,-,-,-,-,-,-,30.3,77.3,,01-11-2022 06:00,2.06
633,633,Bilaspur2,CGWB,6,Haryana,76,YAMUNANAGAR,BILASPUR,BILASPUR,Bilaspur,-,-,-,-,-,-,30.3,77.3,,01-06-2023 00:00,4.47
634,634,Bilaspur-Pz,CGWB,6,Haryana,62,GURUGRAM,PATAUDI,PATAUDI,Bilaspur,-,-,-,-,-,-,28.36944444,76.8625,,20-05-2022 06:00,28.1
635,635,Binjal Pur-DW,CGWB,6,Haryana,58,AMBALA,BARARA,BARARA,Binjal Pur,-,-,-,-,-,-,30.30666667,77.13333333,,20-05-2022 06:00,5.77
636,636,Bithmara-DW,CGWB,6,Haryana,63,HISAR,HISSAR,BARWALA,Bithmara,-,-,-,-,-,-,29.45833333,75.93055556,,20-05-2022 06:00,10.4
637,637,Bodhni (m),CGWB,6,Haryana,68,KURUKSHETRA,PEHOWA,PEHOWA,Bodhni (m),-,-,-,-,-,-,30.05416667,76.55833333,,10-01-2021 00:00,40.93
638,638,Bodhni (m),CGWB,6,Haryana,68,KURUKSHETRA,PEHOWA,PEHOWA,Bodhni (m),-,-,-,-,-,-,30.05416667,76.55833333,,31-08-2021 06:00,44.87
639,639,Bodhni (m),CGWB,6,Haryana,68,KURUKSHETRA,PEHOWA,PEHOWA,Bodhni (m),-,-,-,-,-,-,30.05416667,76.55833333,,30-11-2021 06:00,42.8
640,640,Bodhni (m),CGWB,6,Haryana,68,KURUKSHETRA,PEHOWA,PEHOWA,Bodhni (m),-,-,-,-,-,-,30.05416667,76.55833333,,30-01-2022 07:00,42.3
641,641,Bodhni (m),CGWB,6,Haryana,68,KURUKSHETRA,PEHOWA,PEHOWA,Bodhni (m),-,-,-,-,-,-,30.05416667,76.55833333,,20-05-2022 06:00,40.94
642,642,Bodhni (m),CGWB,6,Haryana,68,KURUKSHETRA,PEHOWA,PEHOWA,Bodhni (m),-,-,-,-,-,-,30.05416667,76.55833333,,01-08-2022 06:00,43.57
643,643,Bodhni (m),CGWB,6,Haryana,68,KURUKSHETRA,PEHOWA,PEHOWA,Bodhni (m),-,-,-,-,-,-,30.05416667,76.55833333,,01-11-2022 06:00,44.7
644,644,Bodhni (m),CGWB,6,Haryana,68,KURUKSHETRA,PEHOWA,PEHOWA,Bodhni (m),-,-,-,-,-,-,30.05416667,76.55833333,,01-01-2023 00:00,43.86
645,645,Bodhni (m),CGWB,6,Haryana,68,KURUKSHETRA,PEHOWA,PEHOWA,Bodhni (m),-,-,-,-,-,-,30.05416667,76.55833333,,20-08-2023 00:00,48.7
646,646,Bodhni (m),CGWB,6,Haryana,68,KURUKSHETRA,PEHOWA,PEHOWA,Bodhni (m),-,-,-,-,-,-,30.05416667,76.55833333,,01-11-2023 00:00,45.03
647,647,Bodhni (s),CGWB,6,Haryana,68,KURUKSHETRA,PEHOWA,PEHOWA,Bodhni (s),-,-,-,-,-,-,30.05416667,76.55833333,,10-01-2021 00:00,41.1
648,648,Bodhni (s),CGWB,6,Haryana,68,KURUKSHETRA,PEHOWA,PEHOWA,Bodhni (s),-,-,-,-,-,-,30.05416667,76.55833333,,31-08-2021 06:00,44.6
649,649,Bodhni (s),CGWB,6,Haryana,68,KURUKSHETRA,PEHOWA,PEHOWA,Bodhni (s),-,-,-,-,-,-,30.05416667,76.55833333,,30-11-2021 06:00,41.88
650,650,Bodhni (s),CGWB,6,Haryana,68,KURUKSHETRA,PEHOWA,PEHOWA,Bodhni (s),-,-,-,-,-,-,30.05416667,76.55833333,,30-01-2022 07:00,41.75
651,651,Bodhni (s),CGWB,6,Haryana,68,KURUKSHETRA,PEHOWA,PEHOWA,Bodhni (s),-,-,-,-,-,-,30.05416667,76.55833333,,01-11-2022 06:00,43.76
652,652,Bodhni (s),CGWB,6,Haryana,68,KURUKSHETRA,PEHOWA,PEHOWA,Bodhni (s),-,-,-,-,-,-,30.05416667,76.55833333,,01-01-2023 00:00,43.3
653,653,Bodhni (s),CGWB,6,Haryana,68,KURUKSHETRA,PEHOWA,PEHOWA,Bodhni (s),-,-,-,-,-,-,30.05416667,76.55833333,,20-08-2023 00:00,44.45
654,654,Bodhni (s),CGWB,6,Haryana,68,KURUKSHETRA,PEHOWA,PEHOWA,Bodhni (s),-,-,-,-,-,-,30.05416667,76.55833333,,01-11-2023 00:00,44.21
655,655,Bohal,CGWB,6,Haryana,59,BHIWANI,TOSHAM,TOSHAM,Bohal,-,-,-,-,-,-,28.96111111,75.92138889,,10-01-2021 00:00,3.99
656,656,Bohal,CGWB,6,Haryana,59,BHIWANI,TOSHAM,TOSHAM,Bohal,-,-,-,-,-,-,28.96111111,75.92138889,,31-08-2021 06:00,5.46
657,657,Bohal,CGWB,6,Haryana,59,BHIWANI,TOSHAM,TOSHAM,Bohal,-,-,-,-,-,-,28.96111111,75.92138889,,30-11-2021 06:00,4.94
658,658,Bohal,CGWB,6,Haryana,59,BHIWANI,TOSHAM,TOSHAM,Bohal,-,-,-,-,-,-,28.96111111,75.92138889,,30-01-2022 07:00,3.3
659,659,Bohal,CGWB,6,Haryana,59,BHIWANI,TOSHAM,TOSHAM,Bohal,-,-,-,-,-,-,28.96111111,75.92138889,,20-05-2022 06:00,4.6
660,660,Bohal,CGWB,6,Haryana,59,BHIWANI,TOSHAM,TOSHAM,Bohal,-,-,-,-,-,-,28.96111111,75.92138889,,01-08-2022 06:00,2.05
661,661,Bohal,CGWB,6,Haryana,59,BHIWANI,TOSHAM,TOSHAM,Bohal,-,-,-,-,-,-,28.96111111,75.92138889,,01-11-2022 06:00,3.1
662,662,Bohal,CGWB,6,Haryana,59,BHIWANI,TOSHAM,TOSHAM,Bohal,-,-,-,-,-,-,28.96111111,75.92138889,,01-06-2023 00:00,3
663,663,Bohal,CGWB,6,Haryana,59,BHIWANI,TOSHAM,TOSHAM,Bohal,-,-,-,-,-,-,28.96111111,75.92138889,,20-08-2023 00:00,2.86
664,664,Bohal,CGWB,6,Haryana,59,BHIWANI,TOSHAM,TOSHAM,Bohal,-,-,-,-,-,-,28.96111111,75.92138889,,01-11-2023 00:00,2.07
665,665,Bohal,CGWB,6,Haryana,59,BHIWANI,TOSHAM,TOSHAM,Bohal,-,-,-,-,-,-,28.96111111,75.92138889,,01-01-2024 00:00,2.02
666,666,Boh-DW,CGWB,6,Haryana,58,AMBALA,AMBALA,AMBALA-I,Boh,-,-,-,-,-,-,30.37027778,76.87305556,,20-05-2022 06:00,3.4
667,667,Bohela,CGWB,6,Haryana,75,SONIPAT,SONIPAT,SONEPAT,Bohela,-,-,-,-,-,-,29.08055556,76.85611111,,10-01-2021 00:00,3.18
668,668,Bohela,CGWB,6,Haryana,75,SONIPAT,SONIPAT,SONEPAT,Bohela,-,-,-,-,-,-,29.08055556,76.85611111,,31-08-2021 06:00,1.67
669,669,Bohela,CGWB,6,Haryana,75,SONIPAT,SONIPAT,SONEPAT,Bohela,-,-,-,-,-,-,29.08055556,76.85611111,,30-01-2022 07:00,2.95
670,670,Bohela,CGWB,6,Haryana,75,SONIPAT,SONIPAT,SONEPAT,Bohela,-,-,-,-,-,-,29.08055556,76.85611111,,01-08-2022 06:00,0.5
671,671,Bohela,CGWB,6,Haryana,75,SONIPAT,SONIPAT,SONEPAT,Bohela,-,-,-,-,-,-,29.08055556,76.85611111,,01-10-2022 00:00,0.8
672,672,Bohela,CGWB,6,Haryana,75,SONIPAT,SONIPAT,SONEPAT,Bohela,-,-,-,-,-,-,29.08055556,76.85611111,,01-11-2022 06:00,1.37
673,673,Bound-PZ,CGWB,6,Haryana,701,Charkhi Dadri,DADRI,DADRI-I,Bound,-,-,-,-,-,-,28.76166667,76.35805556,,20-05-2022 06:00,3.07
674,674,Brahman Majra-Dw,CGWB,6,Haryana,71,PANIPAT,ISRANA,ISRANA,Brahman Majra,-,-,-,-,-,-,29.31666667,76.86666667,,20-05-2022 06:00,12.55
675,675,Brahmanwas,CGWB,6,Haryana,65,JIND,JULANA,JULANA,Brahmanwas,-,-,-,-,-,-,29.13333333,76.40833333,,10-01-2021 00:00,6.35
676,676,Brahmanwas,CGWB,6,Haryana,65,JIND,JULANA,JULANA,Brahmanwas,-,-,-,-,-,-,29.13333333,76.40833333,,31-08-2021 06:00,7.02
677,677,Brahmanwas,CGWB,6,Haryana,65,JIND,JULANA,JULANA,Brahmanwas,-,-,-,-,-,-,29.13333333,76.40833333,,30-01-2022 07:00,1
678,678,Brahmanwas,CGWB,6,Haryana,65,JIND,JULANA,JULANA,Brahmanwas,-,-,-,-,-,-,29.13333333,76.40833333,,20-05-2022 06:00,2.65
679,679,Brahmanwas,CGWB,6,Haryana,65,JIND,JULANA,JULANA,Brahmanwas,-,-,-,-,-,-,29.13333333,76.40833333,,01-08-2022 06:00,0.67
680,680,Brahmanwas,CGWB,6,Haryana,65,JIND,JULANA,JULANA,Brahmanwas,-,-,-,-,-,-,29.13333333,76.40833333,,01-10-2022 00:00,1.11
681,681,Brahmanwas,CGWB,6,Haryana,65,JIND,JULANA,JULANA,Brahmanwas,-,-,-,-,-,-,29.13333333,76.40833333,,01-11-2022 06:00,1.78
682,682,Brahmanwas,CGWB,6,Haryana,65,JIND,JULANA,JULANA,Brahmanwas,-,-,-,-,-,-,29.13333333,76.40833333,,20-08-2023 00:00,0.71
683,683,Brahmanwas,CGWB,6,Haryana,65,JIND,JULANA,JULANA,Brahmanwas,-,-,-,-,-,-,29.13333333,76.40833333,,01-11-2023 00:00,1.95
684,684,Brahmanwas,CGWB,6,Haryana,65,JIND,JULANA,JULANA,Brahmanwas,-,-,-,-,-,-,29.13333333,76.40833333,,01-01-2024 00:00,1.38
685,685,Budanpur-Pz,CGWB,6,Haryana,67,KARNAL,INDRI,INDRI,Budanpur,-,-,-,-,-,-,29.89027778,77.01666667,,20-05-2022 06:00,7.94
686,686,Budehra-DW,CGWB,6,Haryana,62,GURUGRAM,GURGAON,FARUKHNAGAR,Budehra,-,-,-,-,-,-,28.46111111,76.98472222,,20-05-2022 06:00,6.6
687,687,Budha Khera,CGWB,6,Haryana,65,JIND,SAFIDON,PILUKHERA,Budha Khera,-,-,-,-,-,-,29.38638889,76.51555556,,20-05-2022 06:00,9.64
688,688,Budha-PZ,CGWB,6,Haryana,68,KURUKSHETRA,SHAHBAD,LADWA,Budha,-,-,-,-,-,-,29.98166667,77.07444444,,20-05-2022 06:00,25.58
689,689,Budhha Khera-DW,CGWB,6,Haryana,58,AMBALA,NARAINGARH,NARAINGARH,Budhha Khera,-,-,-,-,-,-,30.34777778,77.08388889,,20-05-2022 06:00,6.85
690,690,Buhawa M,CGWB,6,Haryana,68,KURUKSHETRA,SHAHBAD,BABAIN,Babain,-,-,-,-,-,-,30.1587,76.9845,269,20-08-2023 00:00,49.86
691,691,Buhawa M,CGWB,6,Haryana,68,KURUKSHETRA,SHAHBAD,BABAIN,Babain,-,-,-,-,-,-,30.1587,76.9845,269,01-11-2023 00:00,46.08
692,692,Buhawa S,CGWB,6,Haryana,68,KURUKSHETRA,SHAHBAD,BABAIN,Babain S,-,-,-,-,-,-,30.1589,76.9837,269,20-08-2023 00:00,47.3
693,693,Buhawa S,CGWB,6,Haryana,68,KURUKSHETRA,SHAHBAD,BABAIN,Babain S,-,-,-,-,-,-,30.1589,76.9837,269,01-11-2023 00:00,46.36
694,694,Bullana- DW,CGWB,6,Haryana,58,AMBALA,AMBALA,AMBALA-I,Bullana,-,-,-,-,-,-,30.3775,76.77527778,,20-05-2022 06:00,0.75
695,695,Bunga At Dabkhori-DW,CGWB,6,Haryana,70,PANCHKULA,PANCHKULA,BARWALA,Bunga At Dabkhori,-,-,-,-,-,-,30.62777778,76.94972222,,20-05-2022 06:00,37.35
696,696,Busthala-PZ,CGWB,6,Haryana,68,KURUKSHETRA,SHAHBAD,THANESAR,Busthala,-,-,-,-,-,-,30.07611111,76.72166667,,20-05-2022 06:00,41.16
697,697,Butana,CGWB,6,Haryana,75,SONIPAT,GOHANA,MUNDLANA,Butana,-,-,-,-,-,-,29.1875,76.625,,10-01-2021 00:00,3.08
698,698,Butana,CGWB,6,Haryana,75,SONIPAT,GOHANA,MUNDLANA,Butana,-,-,-,-,-,-,29.1875,76.625,,30-01-2022 07:00,2.06
699,699,Butana,CGWB,6,Haryana,75,SONIPAT,GOHANA,MUNDLANA,Butana,-,-,-,-,-,-,29.1875,76.625,,20-05-2022 06:00,1
700,700,Butana,CGWB,6,Haryana,75,SONIPAT,GOHANA,MUNDLANA,Butana,-,-,-,-,-,-,29.1875,76.625,,01-08-2022 06:00,2.16
701,701,Butana,CGWB,6,Haryana,75,SONIPAT,GOHANA,MUNDLANA,Butana,-,-,-,-,-,-,29.1875,76.625,,01-10-2022 00:00,2.51
702,702,Butana,CGWB,6,Haryana,75,SONIPAT,GOHANA,MUNDLANA,Butana,-,-,-,-,-,-,29.1875,76.625,,01-11-2022 06:00,3.01
703,703,Butana,CGWB,6,Haryana,75,SONIPAT,GOHANA,MUNDLANA,Butana,-,-,-,-,-,-,29.1875,76.625,,20-08-2023 00:00,4.24
704,704,Butana,CGWB,6,Haryana,75,SONIPAT,GOHANA,MUNDLANA,Butana,-,-,-,-,-,-,29.1875,76.625,,01-11-2023 00:00,5.43
705,705,Butana,CGWB,6,Haryana,75,SONIPAT,GOHANA,MUNDLANA,Butana,-,-,-,-,-,-,29.1875,76.625,,01-01-2024 00:00,4.92
706,706,Chachrauli,CGWB,6,Haryana,76,YAMUNANAGAR,CHACHHRAULI,CHACHHRAULI,Chachrauli,-,-,-,-,-,-,30.25,77.33333333,,01-01-2023 00:00,13.33
707,707,Chachrauli,CGWB,6,Haryana,76,YAMUNANAGAR,CHACHHRAULI,CHACHHRAULI,Chachrauli,-,-,-,-,-,-,30.25,77.33333333,,01-11-2023 00:00,13.12
708,708,Chaharwala,CGWB,6,Haryana,74,SIRSA,SIRSA,NATHUSARI CHOPRA,Chaharwala,-,-,-,-,-,-,29.28472222,75.21944444,,20-05-2022 06:00,4.7
709,709,Chamanpura,CGWB,6,Haryana,64,JHAJJAR,BERI,BERI,Chamanpura,-,-,-,-,-,-,28.69583333,76.63333333,,30-01-2022 07:00,2
710,710,Chamanpura,CGWB,6,Haryana,64,JHAJJAR,BERI,BERI,Chamanpura,-,-,-,-,-,-,28.69583333,76.63333333,,20-05-2022 06:00,2
711,711,Chamanpura,CGWB,6,Haryana,64,JHAJJAR,BERI,BERI,Chamanpura,-,-,-,-,-,-,28.69583333,76.63333333,,01-11-2022 06:00,1
712,712,Chamrori-Pz,CGWB,6,Haryana,76,YAMUNANAGAR,JAGADHRI,RADAUR,Chamrori,-,-,-,-,-,-,30.05,77.13333333,,20-05-2022 06:00,23.95
713,713,Chanalheri-PZ,CGWB,6,Haryana,68,KURUKSHETRA,PEHOWA,PEHOWA,Chanalheri,-,-,-,-,-,-,30.02222222,76.66361111,,20-05-2022 06:00,42.9
714,714,Chanaut,CGWB,6,Haryana,63,HISAR,HANSI,HANSI,Chanaut,-,-,-,-,-,-,29.20833333,75.92083333,,31-08-2021 06:00,14.35
715,715,Chanaut,CGWB,6,Haryana,63,HISAR,HANSI,HANSI,Chanaut,-,-,-,-,-,-,29.20833333,75.92083333,,30-11-2021 06:00,3.62
716,716,Chanaut,CGWB,6,Haryana,63,HISAR,HANSI,HANSI,Chanaut,-,-,-,-,-,-,29.20833333,75.92083333,,30-01-2022 07:00,2.38
717,717,Chanaut,CGWB,6,Haryana,63,HISAR,HANSI,HANSI,Chanaut,-,-,-,-,-,-,29.20833333,75.92083333,,20-05-2022 06:00,2.6
718,718,Chanaut,CGWB,6,Haryana,63,HISAR,HANSI,HANSI,Chanaut,-,-,-,-,-,-,29.20833333,75.92083333,,01-08-2022 06:00,1.25
719,719,Chanaut,CGWB,6,Haryana,63,HISAR,HANSI,HANSI,Chanaut,-,-,-,-,-,-,29.20833333,75.92083333,,01-01-2023 00:00,2.21
720,720,Chanaut,CGWB,6,Haryana,63,HISAR,HANSI,HANSI,Chanaut,-,-,-,-,-,-,29.20833333,75.92083333,,01-06-2023 00:00,2.01
721,721,Chanaut,CGWB,6,Haryana,63,HISAR,HANSI,HANSI,Chanaut,-,-,-,-,-,-,29.20833333,75.92083333,,20-08-2023 00:00,4.25
722,722,Chanaut,CGWB,6,Haryana,63,HISAR,HANSI,HANSI,Chanaut,-,-,-,-,-,-,29.20833333,75.92083333,,01-11-2023 00:00,2.73
723,723,Chanaut,CGWB,6,Haryana,63,HISAR,HANSI,HANSI,Chanaut,-,-,-,-,-,-,29.20833333,75.92083333,,01-01-2024 00:00,2.33
724,724,Chanaut1,CGWB,6,Haryana,63,HISAR,HANSI,HANSI,Chanaut,-,-,-,-,-,-,29.20833333,75.92083333,,10-01-2021 00:00,2.61
725,725,Chandawas-PZ,CGWB,6,Haryana,701,Charkhi Dadri,BADHRA,BADHRA,Chandawas,-,-,-,-,-,-,28.48916667,75.97666667,,20-05-2022 06:00,71.9
726,726,Chandi Mandir-DW,CGWB,6,Haryana,70,PANCHKULA,KALKA,PINJORE,Chandi Mandir,-,-,-,-,-,-,30.74972222,76.90305556,,10-01-2021 00:00,6.32
727,727,Chandi Mandir-DW,CGWB,6,Haryana,70,PANCHKULA,KALKA,PINJORE,Chandi Mandir,-,-,-,-,-,-,30.74972222,76.90305556,,31-08-2021 06:00,7.2
728,728,Chandi Mandir-DW,CGWB,6,Haryana,70,PANCHKULA,KALKA,PINJORE,Chandi Mandir,-,-,-,-,-,-,30.74972222,76.90305556,,30-11-2021 06:00,6.05
729,729,Chandi Mandir-DW,CGWB,6,Haryana,70,PANCHKULA,KALKA,PINJORE,Chandi Mandir,-,-,-,-,-,-,30.74972222,76.90305556,,30-01-2022 07:00,6.6
730,730,Chandi Mandir-DW,CGWB,6,Haryana,70,PANCHKULA,KALKA,PINJORE,Chandi Mandir,-,-,-,-,-,-,30.74972222,76.90305556,,20-05-2022 06:00,8.85
731,731,Chandi Mandir-DW,CGWB,6,Haryana,70,PANCHKULA,KALKA,PINJORE,Chandi Mandir,-,-,-,-,-,-,30.74972222,76.90305556,,01-08-2022 06:00,6.63
732,732,Chandi Mandir-DW,CGWB,6,Haryana,70,PANCHKULA,KALKA,PINJORE,Chandi Mandir,-,-,-,-,-,-,30.74972222,76.90305556,,01-11-2022 06:00,6.27
733,733,Chandi Mandir-DW,CGWB,6,Haryana,70,PANCHKULA,KALKA,PINJORE,Chandi Mandir,-,-,-,-,-,-,30.74972222,76.90305556,,01-01-2023 00:00,6.51
734,734,Chandi Mandir-DW,CGWB,6,Haryana,70,PANCHKULA,KALKA,PINJORE,Chandi Mandir,-,-,-,-,-,-,30.74972222,76.90305556,,01-06-2023 00:00,6.56
735,735,Chandi Mandir-DW,CGWB,6,Haryana,70,PANCHKULA,KALKA,PINJORE,Chandi Mandir,-,-,-,-,-,-,30.74972222,76.90305556,,01-11-2023 00:00,6.22
736,736,Chandi Mandir-DW,CGWB,6,Haryana,70,PANCHKULA,KALKA,PINJORE,Chandi Mandir,-,-,-,-,-,-,30.74972222,76.90305556,,01-01-2024 00:00,6.15
737,737,Chandpur,CGWB,6,Haryana,60,FARIDABAD,BALLABGARH,BALLABGARH,Chandpur,-,-,-,-,-,-,28.32916667,77.475,,20-05-2022 06:00,20.95
738,738,Chandu,CGWB,6,Haryana,62,GURUGRAM,GURGAON,FARUKHNAGAR,Chandu,-,-,-,-,-,-,28.47222222,76.925,,01-08-2022 06:00,5.46
739,739,Chandu Tikly,CGWB,6,Haryana,62,GURUGRAM,GURGAON,FARUKHNAGAR,Chandu Tikly,-,-,-,-,-,-,28.475,76.91666667,,01-01-2023 00:00,5.33
740,740,Chandu Tikly,CGWB,6,Haryana,62,GURUGRAM,GURGAON,FARUKHNAGAR,Chandu Tikly,-,-,-,-,-,-,28.475,76.91666667,,01-11-2023 00:00,4.77
741,741,Chandu Tikly,CGWB,6,Haryana,62,GURUGRAM,GURGAON,FARUKHNAGAR,Chandu Tikly,-,-,-,-,-,-,28.475,76.91666667,,01-01-2024 00:00,5.2
742,742,Chann-DW,CGWB,6,Haryana,63,HISAR,HISSAR,BARWALA,Chann,-,-,-,-,-,-,29.41722222,76.06694444,,20-05-2022 06:00,7.6
743,743,Chaudhriwali,CGWB,6,Haryana,63,HISAR,ADAMPUR,ADAMPUR,Chaudhriwali,-,-,-,-,-,-,29.15,75.39722222,,20-05-2022 06:00,14.93
744,744,Chaudhriwali,CGWB,6,Haryana,63,HISAR,ADAMPUR,ADAMPUR,Chaudhriwali,-,-,-,-,-,-,29.15,75.39722222,,01-11-2023 00:00,8.58
745,745,Chaudhriwali,CGWB,6,Haryana,63,HISAR,ADAMPUR,ADAMPUR,Chaudhriwali,-,-,-,-,-,-,29.15,75.39722222,,01-01-2024 00:00,8.35
746,746,Chawdhariwas,CGWB,6,Haryana,63,HISAR,HISSAR,HISSAR - II,Chawdhariwas,-,-,-,-,-,-,29.00833333,75.6,,10-01-2021 00:00,9.78
747,747,Chawdhariwas,CGWB,6,Haryana,63,HISAR,HISSAR,HISSAR - II,Chawdhariwas,-,-,-,-,-,-,29.00833333,75.6,,31-08-2021 06:00,12.95
748,748,Chawdhariwas,CGWB,6,Haryana,63,HISAR,HISSAR,HISSAR - II,Chawdhariwas,-,-,-,-,-,-,29.00833333,75.6,,30-11-2021 06:00,8.9
749,749,Chawdhariwas,CGWB,6,Haryana,63,HISAR,HISSAR,HISSAR - II,Chawdhariwas,-,-,-,-,-,-,29.00833333,75.6,,30-01-2022 07:00,9.99
750,750,Chawdhariwas,CGWB,6,Haryana,63,HISAR,HISSAR,HISSAR - II,Chawdhariwas,-,-,-,-,-,-,29.00833333,75.6,,20-05-2022 06:00,10.57
751,751,Chawdhariwas,CGWB,6,Haryana,63,HISAR,HISSAR,HISSAR - II,Chawdhariwas,-,-,-,-,-,-,29.00833333,75.6,,01-08-2022 06:00,8.48
752,752,Chawdhariwas,CGWB,6,Haryana,63,HISAR,HISSAR,HISSAR - II,Chawdhariwas,-,-,-,-,-,-,29.00833333,75.6,,01-11-2022 06:00,8.88
753,753,Chawdhariwas,CGWB,6,Haryana,63,HISAR,HISSAR,HISSAR - II,Chawdhariwas,-,-,-,-,-,-,29.00833333,75.6,,01-01-2023 00:00,8.68
754,754,Chawdhariwas,CGWB,6,Haryana,63,HISAR,HISSAR,HISSAR - II,Chawdhariwas,-,-,-,-,-,-,29.00833333,75.6,,01-06-2023 00:00,8.7
755,755,Chawdhariwas,CGWB,6,Haryana,63,HISAR,HISSAR,HISSAR - II,Chawdhariwas,-,-,-,-,-,-,29.00833333,75.6,,20-08-2023 00:00,8.65
756,756,Chhabri,CGWB,6,Haryana,65,JIND,JIND,JIND,Chhabri,-,-,-,-,-,-,29.26666667,76.45833333,,10-01-2021 00:00,3.73
757,757,Chhabri,CGWB,6,Haryana,65,JIND,JIND,JIND,Chhabri,-,-,-,-,-,-,29.26666667,76.45833333,,31-08-2021 06:00,2.46
758,758,Chhabri,CGWB,6,Haryana,65,JIND,JIND,JIND,Chhabri,-,-,-,-,-,-,29.26666667,76.45833333,,30-01-2022 07:00,1.73
759,759,Chhabri,CGWB,6,Haryana,65,JIND,JIND,JIND,Chhabri,-,-,-,-,-,-,29.26666667,76.45833333,,20-05-2022 06:00,4.08
760,760,Chhabri,CGWB,6,Haryana,65,JIND,JIND,JIND,Chhabri,-,-,-,-,-,-,29.26666667,76.45833333,,01-08-2022 06:00,3.91
761,761,Chhabri,CGWB,6,Haryana,65,JIND,JIND,JIND,Chhabri,-,-,-,-,-,-,29.26666667,76.45833333,,01-10-2022 00:00,1.2
762,762,Chhabri,CGWB,6,Haryana,65,JIND,JIND,JIND,Chhabri,-,-,-,-,-,-,29.26666667,76.45833333,,01-11-2022 06:00,1.63
763,763,Chhabri,CGWB,6,Haryana,65,JIND,JIND,JIND,Chhabri,-,-,-,-,-,-,29.26666667,76.45833333,,20-08-2023 00:00,0.53
764,764,Chhabri,CGWB,6,Haryana,65,JIND,JIND,JIND,Chhabri,-,-,-,-,-,-,29.26666667,76.45833333,,01-11-2023 00:00,1.27
765,765,Chhabri,CGWB,6,Haryana,65,JIND,JIND,JIND,Chhabri,-,-,-,-,-,-,29.26666667,76.45833333,,01-01-2024 00:00,1.2
766,766,Chhachhrauli,CGWB,6,Haryana,76,YAMUNANAGAR,CHACHHRAULI,CHACHHRAULI,Chhachhrauli,-,-,-,-,-,-,30.24583333,77.35,,20-05-2022 06:00,6.73
767,767,Chhachrauli S,CGWB,6,Haryana,76,YAMUNANAGAR,CHACHHRAULI,CHACHHRAULI,Chhachrauli S,-,-,-,-,-,-,30.25,77.33333333,,10-01-2021 00:00,12.83
768,768,Chhachrauli S,CGWB,6,Haryana,76,YAMUNANAGAR,CHACHHRAULI,CHACHHRAULI,Chhachrauli S,-,-,-,-,-,-,30.25,77.33333333,,31-08-2021 06:00,18.2
769,769,Chhachrauli S,CGWB,6,Haryana,76,YAMUNANAGAR,CHACHHRAULI,CHACHHRAULI,Chhachrauli S,-,-,-,-,-,-,30.25,77.33333333,,30-11-2021 06:00,11.98
770,770,Chhachrauli S,CGWB,6,Haryana,76,YAMUNANAGAR,CHACHHRAULI,CHACHHRAULI,Chhachrauli S,-,-,-,-,-,-,30.25,77.33333333,,30-01-2022 07:00,5.88
771,771,Chhachrauli S,CGWB,6,Haryana,76,YAMUNANAGAR,CHACHHRAULI,CHACHHRAULI,Chhachrauli S,-,-,-,-,-,-,30.25,77.33333333,,20-05-2022 06:00,16.7
772,772,Chhachrauli S,CGWB,6,Haryana,76,YAMUNANAGAR,CHACHHRAULI,CHACHHRAULI,Chhachrauli S,-,-,-,-,-,-,30.25,77.33333333,,01-08-2022 06:00,18.9
773,773,Chhachrauli S,CGWB,6,Haryana,76,YAMUNANAGAR,CHACHHRAULI,CHACHHRAULI,Chhachrauli S,-,-,-,-,-,-,30.25,77.33333333,,01-11-2022 06:00,13.87
774,774,Chhachrauli S,CGWB,6,Haryana,76,YAMUNANAGAR,CHACHHRAULI,CHACHHRAULI,Chhachrauli S,-,-,-,-,-,-,30.25,77.33333333,,01-06-2023 00:00,17.93
775,775,Chhachrauli S,CGWB,6,Haryana,76,YAMUNANAGAR,CHACHHRAULI,CHACHHRAULI,Chhachrauli S,-,-,-,-,-,-,30.25,77.33333333,,20-08-2023 00:00,12.37
776,776,Chhainsa,CGWB,6,Haryana,60,FARIDABAD,BALLABGARH,BALLABGARH,Chhainsa,-,-,-,-,-,-,28.25944444,77.47722222,,20-05-2022 06:00,18.4
777,777,Chhapra-DW,CGWB,6,Haryana,75,SONIPAT,GOHANA,KATHURA,Chhapra,-,-,-,-,-,-,29.13472222,76.55888889,,20-05-2022 06:00,3
778,778,Chhapra-Pz,CGWB,6,Haryana,68,KURUKSHETRA,SHAHBAD,LADWA,Chhapra,-,-,-,-,-,-,30.08527778,77.06777778,,20-05-2022 06:00,41.35
779,779,Chhara,CGWB,6,Haryana,64,JHAJJAR,JHAJJAR,JHAJJAR,Jhajjar,-,-,-,-,-,-,28.69972222,76.7167,215.75,20-08-2023 00:00,2.21
780,780,Chhara,CGWB,6,Haryana,64,JHAJJAR,JHAJJAR,JHAJJAR,Jhajjar,-,-,-,-,-,-,28.69972222,76.7167,215.75,01-11-2023 00:00,2.68
781,781,Chhara,CGWB,6,Haryana,64,JHAJJAR,JHAJJAR,JHAJJAR,Jhajjar,-,-,-,-,-,-,28.69972222,76.7167,215.75,01-01-2024 00:00,2.15
782,782,Chika-Pz,CGWB,6,Haryana,66,KAITHAL,GULHA,GULHA,Chika,-,-,-,-,-,-,30.04861111,76.34388889,,20-05-2022 06:00,48.2
783,783,Chilkani Dhab,CGWB,6,Haryana,74,SIRSA,ELLLENABAD,ELLLENABAD,Chilkani Dhab,-,-,-,-,-,-,29.39166667,74.8,,20-05-2022 06:00,8.5
784,784,Chimnawas,CGWB,6,Haryana,72,REWARI,REWARI,REWARI,Chandanwas,-,-,-,-,-,-,28.2137,76.4941,259,20-08-2023 00:00,57.13
785,785,Chimnawas,CGWB,6,Haryana,72,REWARI,REWARI,REWARI,Chandanwas,-,-,-,-,-,-,28.2137,76.4941,259,01-11-2023 00:00,53.45
786,786,Chimnawas,CGWB,6,Haryana,72,REWARI,REWARI,REWARI,Chandanwas,-,-,-,-,-,-,28.2137,76.4941,259,01-01-2024 00:00,60.7
787,787,Chindhar-DW,CGWB,6,Haryana,61,FATEHABAD,FATEHABAD,FATEHABAD,Chindhar,-,-,-,-,-,-,29.37916667,75.47916667,,20-05-2022 06:00,4.87
788,788,Chirana,CGWB,6,Haryana,75,SONIPAT,GOHANA,MUNDLANA,Chirana,-,-,-,-,-,-,29.20833333,76.78333333,,01-08-2022 06:00,2.63
789,789,Chirsi-Ew,CGWB,6,Haryana,60,FARIDABAD,BALLABGARH,BALLABGARH,Chirsi-Ew,-,-,-,-,-,-,28.39166667,77.46944444,,20-05-2022 06:00,17.78
790,790,Chirya,CGWB,6,Haryana,701,Charkhi Dadri,DADRI,DADRI-II,Chirya,-,-,-,-,-,-,28.45833333,76.25833333,,20-05-2022 06:00,18.65
791,791,Chitana-DW,CGWB,6,Haryana,75,SONIPAT,SONIPAT,SONEPAT,Chitana,-,-,-,-,-,-,29.03777778,76.94194444,,20-05-2022 06:00,5.3
792,792,Chochra_1,CGWB,6,Haryana,67,KARNAL,KARNAL,-,-,-,-,-,-,-,-,29.6321,76.6312,,20-08-2023 00:00,32.67
793,793,Chochra-PZ,CGWB,6,Haryana,67,KARNAL,ASSANDH,ASSANDH,Chochra,-,-,-,-,-,-,29.63222222,76.63111111,,10-01-2021 00:00,28.5
794,794,Chochra-PZ,CGWB,6,Haryana,67,KARNAL,ASSANDH,ASSANDH,Chochra,-,-,-,-,-,-,29.63222222,76.63111111,,31-08-2021 06:00,32.26
795,795,Chochra-PZ,CGWB,6,Haryana,67,KARNAL,ASSANDH,ASSANDH,Chochra,-,-,-,-,-,-,29.63222222,76.63111111,,30-11-2021 06:00,32.8
796,796,Chochra-PZ,CGWB,6,Haryana,67,KARNAL,ASSANDH,ASSANDH,Chochra,-,-,-,-,-,-,29.63222222,76.63111111,,30-01-2022 07:00,28.35
797,797,Chochra-PZ,CGWB,6,Haryana,67,KARNAL,ASSANDH,ASSANDH,Chochra,-,-,-,-,-,-,29.63222222,76.63111111,,20-05-2022 06:00,29.95
798,798,Chochra-PZ,CGWB,6,Haryana,67,KARNAL,ASSANDH,ASSANDH,Chochra,-,-,-,-,-,-,29.63222222,76.63111111,,01-01-2023 00:00,29.2
799,799,Chochra-PZ,CGWB,6,Haryana,67,KARNAL,ASSANDH,ASSANDH,Chochra,-,-,-,-,-,-,29.63222222,76.63111111,,01-11-2023 00:00,32
800,800,Chochra-PZ,CGWB,6,Haryana,67,KARNAL,ASSANDH,ASSANDH,Chochra,-,-,-,-,-,-,29.63222222,76.63111111,,01-01-2024 00:00,30.11
801,801,Choli,CGWB,6,Haryana,76,YAMUNANAGAR,CHACHHRAULI,CHACHHRAULI,Choli,-,-,-,-,-,-,30.27916667,77.34166667,,10-01-2021 00:00,1.12
802,802,Choli,CGWB,6,Haryana,76,YAMUNANAGAR,CHACHHRAULI,CHACHHRAULI,Choli,-,-,-,-,-,-,30.27916667,77.34166667,,31-08-2021 06:00,1.3
803,803,Choli,CGWB,6,Haryana,76,YAMUNANAGAR,CHACHHRAULI,CHACHHRAULI,Choli,-,-,-,-,-,-,30.27916667,77.34166667,,30-11-2021 06:00,0.66
804,804,Choli,CGWB,6,Haryana,76,YAMUNANAGAR,CHACHHRAULI,CHACHHRAULI,Choli,-,-,-,-,-,-,30.27916667,77.34166667,,30-01-2022 07:00,0.51
805,805,Choli,CGWB,6,Haryana,76,YAMUNANAGAR,CHACHHRAULI,CHACHHRAULI,Choli,-,-,-,-,-,-,30.27916667,77.34166667,,20-05-2022 06:00,4.85
806,806,Choli,CGWB,6,Haryana,76,YAMUNANAGAR,CHACHHRAULI,CHACHHRAULI,Choli,-,-,-,-,-,-,30.27916667,77.34166667,,01-08-2022 06:00,0.99
807,807,Choli,CGWB,6,Haryana,76,YAMUNANAGAR,CHACHHRAULI,CHACHHRAULI,Choli,-,-,-,-,-,-,30.27916667,77.34166667,,01-11-2022 06:00,0.29
808,808,Choli,CGWB,6,Haryana,76,YAMUNANAGAR,CHACHHRAULI,CHACHHRAULI,Choli,-,-,-,-,-,-,30.27916667,77.34166667,,01-01-2023 00:00,0.89
809,809,Choli,CGWB,6,Haryana,76,YAMUNANAGAR,CHACHHRAULI,CHACHHRAULI,Choli,-,-,-,-,-,-,30.27916667,77.34166667,,01-06-2023 00:00,1.45
810,810,Choli,CGWB,6,Haryana,76,YAMUNANAGAR,CHACHHRAULI,CHACHHRAULI,Choli,-,-,-,-,-,-,30.27916667,77.34166667,,20-08-2023 00:00,0.41
811,811,Choli,CGWB,6,Haryana,76,YAMUNANAGAR,CHACHHRAULI,CHACHHRAULI,Choli,-,-,-,-,-,-,30.27916667,77.34166667,,01-01-2024 00:00,0.8
812,812,Choor Karsa-PZ,CGWB,6,Haryana,67,KARNAL,ASSANDH,ASSANDH,Choor Karsa,-,-,-,-,-,-,29.62805556,76.67444444,,30-01-2022 07:00,32.19
813,813,Choor Karsa-PZ,CGWB,6,Haryana,67,KARNAL,ASSANDH,ASSANDH,Choor Karsa,-,-,-,-,-,-,29.62805556,76.67444444,,20-05-2022 06:00,29.5
814,814,Choor Karsa-PZ,CGWB,6,Haryana,67,KARNAL,ASSANDH,ASSANDH,Choor Karsa,-,-,-,-,-,-,29.62805556,76.67444444,,01-08-2022 06:00,33.7
815,815,Choor Karsa-PZ,CGWB,6,Haryana,67,KARNAL,ASSANDH,ASSANDH,Choor Karsa,-,-,-,-,-,-,29.62805556,76.67444444,,01-11-2022 06:00,34.54
816,816,CHORKARSA,CGWB,6,Haryana,67,KARNAL,ASSANDH,-,-,-,-,-,-,-,-,29.637778,76.672778,,01-01-2023 00:00,34.04
817,817,Chorkharsa-Pz,CGWB,6,Haryana,67,KARNAL,KARNAL,NISSANG,Chorkharsa,-,-,-,-,-,-,29.62666667,76.67277778,,10-01-2021 00:00,33.73
818,818,Chorkharsa-Pz,CGWB,6,Haryana,67,KARNAL,KARNAL,NISSANG,Chorkharsa,-,-,-,-,-,-,29.62666667,76.67277778,,31-08-2021 06:00,34.53
819,819,Chorkharsa-Pz,CGWB,6,Haryana,67,KARNAL,KARNAL,NISSANG,Chorkharsa,-,-,-,-,-,-,29.62666667,76.67277778,,30-11-2021 06:00,33.91
820,820,Chorkharsa-Pz,CGWB,6,Haryana,67,KARNAL,KARNAL,NISSANG,Chorkharsa,-,-,-,-,-,-,29.62666667,76.67277778,,20-05-2022 06:00,30.9
821,821,Chorkharsa-Pz,CGWB,6,Haryana,67,KARNAL,KARNAL,NISSANG,Chorkharsa,-,-,-,-,-,-,29.62666667,76.67277778,,20-08-2023 00:00,34.7
822,822,Chorkharsa-Pz,CGWB,6,Haryana,67,KARNAL,KARNAL,NISSANG,Chorkharsa,-,-,-,-,-,-,29.62666667,76.67277778,,01-11-2023 00:00,34.83
823,823,Chormar,CGWB,6,Haryana,74,SIRSA,DABWALI,ODHAN,Chormar,-,-,-,-,-,-,29.78333333,74.84166667,,10-01-2021 00:00,18.62
824,824,Chormar,CGWB,6,Haryana,74,SIRSA,DABWALI,ODHAN,Chormar,-,-,-,-,-,-,29.78333333,74.84166667,,31-08-2021 06:00,19.51
825,825,Chormar,CGWB,6,Haryana,74,SIRSA,DABWALI,ODHAN,Chormar,-,-,-,-,-,-,29.78333333,74.84166667,,30-11-2021 06:00,19.27
826,826,Chormar,CGWB,6,Haryana,74,SIRSA,DABWALI,ODHAN,Chormar,-,-,-,-,-,-,29.78333333,74.84166667,,30-01-2022 07:00,18.92
827,827,Chormar,CGWB,6,Haryana,74,SIRSA,DABWALI,ODHAN,Chormar,-,-,-,-,-,-,29.78333333,74.84166667,,20-05-2022 06:00,18
828,828,Chormar,CGWB,6,Haryana,74,SIRSA,DABWALI,ODHAN,Chormar,-,-,-,-,-,-,29.78333333,74.84166667,,01-08-2022 06:00,18.92
829,829,Chormar,CGWB,6,Haryana,74,SIRSA,DABWALI,ODHAN,Chormar,-,-,-,-,-,-,29.78333333,74.84166667,,01-11-2022 06:00,19
830,830,Chormar,CGWB,6,Haryana,74,SIRSA,DABWALI,ODHAN,Chormar,-,-,-,-,-,-,29.78333333,74.84166667,,01-01-2023 00:00,18.82
831,831,Chormar,CGWB,6,Haryana,74,SIRSA,DABWALI,ODHAN,Chormar,-,-,-,-,-,-,29.78333333,74.84166667,,01-06-2023 00:00,18.9
832,832,Chormar,CGWB,6,Haryana,74,SIRSA,DABWALI,ODHAN,Chormar,-,-,-,-,-,-,29.78333333,74.84166667,,20-08-2023 00:00,18.1
833,833,Chormar,CGWB,6,Haryana,74,SIRSA,DABWALI,ODHAN,Chormar,-,-,-,-,-,-,29.78333333,74.84166667,,01-11-2023 00:00,19.18
834,834,Chormar,CGWB,6,Haryana,74,SIRSA,DABWALI,ODHAN,Chormar,-,-,-,-,-,-,29.78333333,74.84166667,,01-01-2024 00:00,18.95
835,835,Chorpur 1(d),CGWB,6,Haryana,67,KARNAL,KARNAL,KARNAL,Chorpur 1(d),-,-,-,-,-,-,29.78333333,77.11666667,,10-01-2021 00:00,25.6
836,836,Chorpur 1(d),CGWB,6,Haryana,67,KARNAL,KARNAL,KARNAL,Chorpur 1(d),-,-,-,-,-,-,29.78333333,77.11666667,,31-08-2021 06:00,10
837,837,Chorpur 1(d),CGWB,6,Haryana,67,KARNAL,KARNAL,KARNAL,Chorpur 1(d),-,-,-,-,-,-,29.78333333,77.11666667,,30-11-2021 06:00,7.22
838,838,Chorpur 1(d),CGWB,6,Haryana,67,KARNAL,KARNAL,KARNAL,Chorpur 1(d),-,-,-,-,-,-,29.78333333,77.11666667,,30-01-2022 07:00,7.46
839,839,Chorpur 1(d),CGWB,6,Haryana,67,KARNAL,KARNAL,KARNAL,Chorpur 1(d),-,-,-,-,-,-,29.78333333,77.11666667,,01-08-2022 06:00,10.1
840,840,Chorpur 1(d),CGWB,6,Haryana,67,KARNAL,KARNAL,KARNAL,Chorpur 1(d),-,-,-,-,-,-,29.78333333,77.11666667,,01-11-2022 06:00,8.34
841,841,Chorpur 1(d),CGWB,6,Haryana,67,KARNAL,KARNAL,KARNAL,Chorpur 1(d),-,-,-,-,-,-,29.78333333,77.11666667,,01-01-2023 00:00,8.2
842,842,Chorpur 1(d),CGWB,6,Haryana,67,KARNAL,KARNAL,KARNAL,Chorpur 1(d),-,-,-,-,-,-,29.78333333,77.11666667,,01-11-2023 00:00,6.67
843,843,Chotala-Pz,CGWB,6,Haryana,74,SIRSA,DABWALI,DABWALI,Chotala,-,-,-,-,-,-,29.77361111,74.525,,10-01-2021 00:00,10.96
844,844,Chotala-Pz,CGWB,6,Haryana,74,SIRSA,DABWALI,DABWALI,Chotala,-,-,-,-,-,-,29.77361111,74.525,,20-05-2022 06:00,12.8
845,845,Chuchakwas,CGWB,6,Haryana,64,JHAJJAR,JHAJJAR,MATANHAIL,Chuchakwas,-,-,-,-,-,-,28.6,76.50833333,,10-01-2021 00:00,3.46
846,846,Chuchakwas,CGWB,6,Haryana,64,JHAJJAR,JHAJJAR,MATANHAIL,Chuchakwas,-,-,-,-,-,-,28.6,76.50833333,,30-01-2022 07:00,2.31
847,847,Chuchakwas,CGWB,6,Haryana,64,JHAJJAR,JHAJJAR,MATANHAIL,Chuchakwas,-,-,-,-,-,-,28.6,76.50833333,,20-05-2022 06:00,3.2
848,848,Chuchakwas,CGWB,6,Haryana,64,JHAJJAR,JHAJJAR,MATANHAIL,Chuchakwas,-,-,-,-,-,-,28.6,76.50833333,,01-08-2022 06:00,1.71
849,849,Chuchakwas,CGWB,6,Haryana,64,JHAJJAR,JHAJJAR,MATANHAIL,Chuchakwas,-,-,-,-,-,-,28.6,76.50833333,,01-11-2022 06:00,2.56
850,850,Chuchakwas,CGWB,6,Haryana,64,JHAJJAR,JHAJJAR,MATANHAIL,Chuchakwas,-,-,-,-,-,-,28.6,76.50833333,,01-01-2023 00:00,1.91
851,851,Chuchakwas,CGWB,6,Haryana,64,JHAJJAR,JHAJJAR,MATANHAIL,Chuchakwas,-,-,-,-,-,-,28.6,76.50833333,,01-11-2023 00:00,1.71
852,852,Chuchakwas,CGWB,6,Haryana,64,JHAJJAR,JHAJJAR,MATANHAIL,Chuchakwas,-,-,-,-,-,-,28.6,76.50833333,,01-01-2024 00:00,1.4
853,853,Churmastpur-DW,CGWB,6,Haryana,58,AMBALA,AMBALA,AMBALA-I,Churmastpur,-,-,-,-,-,-,30.28333333,76.66666667,,20-05-2022 06:00,5.75
854,854,Dabkhera-Pz,CGWB,6,Haryana,68,KURUKSHETRA,SHAHBAD,LADWA,Dabkhera,-,-,-,-,-,-,30.00055556,76.75361111,,10-01-2021 00:00,35.23
855,855,Dabkhera-Pz,CGWB,6,Haryana,68,KURUKSHETRA,SHAHBAD,LADWA,Dabkhera,-,-,-,-,-,-,30.00055556,76.75361111,,31-08-2021 06:00,39.1
856,856,Dabkhera-Pz,CGWB,6,Haryana,68,KURUKSHETRA,SHAHBAD,LADWA,Dabkhera,-,-,-,-,-,-,30.00055556,76.75361111,,30-11-2021 06:00,39.63
857,857,Dabkhera-Pz,CGWB,6,Haryana,68,KURUKSHETRA,SHAHBAD,LADWA,Dabkhera,-,-,-,-,-,-,30.00055556,76.75361111,,30-01-2022 07:00,35.9
858,858,Dabkhera-Pz,CGWB,6,Haryana,68,KURUKSHETRA,SHAHBAD,LADWA,Dabkhera,-,-,-,-,-,-,30.00055556,76.75361111,,20-08-2023 00:00,37.48
859,859,Dabwali,CGWB,6,Haryana,74,SIRSA,DABWALI,DABWALI,Dabwali,-,-,-,-,-,-,29.95416667,74.7375,,10-01-2021 00:00,8.75
860,860,Dabwali,CGWB,6,Haryana,74,SIRSA,DABWALI,DABWALI,Dabwali,-,-,-,-,-,-,29.95416667,74.7375,,30-11-2021 06:00,9.91
861,861,Dabwali,CGWB,6,Haryana,74,SIRSA,DABWALI,DABWALI,Dabwali,-,-,-,-,-,-,29.95416667,74.7375,,30-01-2022 07:00,10.25
862,862,Dabwali,CGWB,6,Haryana,74,SIRSA,DABWALI,DABWALI,Dabwali,-,-,-,-,-,-,29.95416667,74.7375,,20-05-2022 06:00,10.55
863,863,Dabwali,CGWB,6,Haryana,74,SIRSA,DABWALI,DABWALI,Dabwali,-,-,-,-,-,-,29.95416667,74.7375,,01-08-2022 06:00,10.43
864,864,Dabwali,CGWB,6,Haryana,74,SIRSA,DABWALI,DABWALI,Dabwali,-,-,-,-,-,-,29.95416667,74.7375,,01-01-2023 00:00,10.55
865,865,Dabwali,CGWB,6,Haryana,74,SIRSA,DABWALI,DABWALI,Dabwali,-,-,-,-,-,-,29.95416667,74.7375,,01-06-2023 00:00,10.23
866,866,Dabwali,CGWB,6,Haryana,74,SIRSA,DABWALI,DABWALI,Dabwali,-,-,-,-,-,-,29.95416667,74.7375,,20-08-2023 00:00,8.9
867,867,Dabwali,CGWB,6,Haryana,74,SIRSA,DABWALI,DABWALI,Dabwali,-,-,-,-,-,-,29.95416667,74.7375,,01-11-2023 00:00,9.38
868,868,Dabwali,CGWB,6,Haryana,74,SIRSA,DABWALI,DABWALI,Dabwali,-,-,-,-,-,-,29.95416667,74.7375,,01-01-2024 00:00,10.55
869,869,Dabwali1,CGWB,6,Haryana,74,SIRSA,DABWALI,DABWALI,Dabwali,-,-,-,-,-,-,29.95416667,74.7375,,31-08-2021 06:00,12.76
870,870,Dabwali1,CGWB,6,Haryana,74,SIRSA,DABWALI,DABWALI,Dabwali,-,-,-,-,-,-,29.95416667,74.7375,,20-05-2022 06:00,11.5
871,871,Dabwali1,CGWB,6,Haryana,74,SIRSA,DABWALI,DABWALI,Dabwali,-,-,-,-,-,-,29.95416667,74.7375,,01-11-2022 06:00,11.01
872,872,Dadri,CGWB,6,Haryana,701,Charkhi Dadri,DADRI,DADRI-II,Dadri,-,-,-,-,-,-,28.59583333,76.275,,20-05-2022 06:00,3.99
873,873,Dadri,CGWB,6,Haryana,701,Charkhi Dadri,DADRI,DADRI-II,Dadri,-,-,-,-,-,-,28.59583333,76.275,,01-08-2022 06:00,1.26
874,874,Dadri,CGWB,6,Haryana,701,Charkhi Dadri,DADRI,DADRI-II,Dadri,-,-,-,-,-,-,28.59583333,76.275,,01-11-2022 06:00,1.34
875,875,Dadri,CGWB,6,Haryana,701,Charkhi Dadri,DADRI,DADRI-II,Dadri,-,-,-,-,-,-,28.59583333,76.275,,01-06-2023 00:00,1.41
876,876,Dadri1,CGWB,6,Haryana,701,Charkhi Dadri,DADRI,DADRI-II,Dadri,-,-,-,-,-,-,28.59583333,76.26666667,,10-01-2021 00:00,1.81
877,877,Dadri1,CGWB,6,Haryana,701,Charkhi Dadri,DADRI,DADRI-II,Dadri,-,-,-,-,-,-,28.59583333,76.26666667,,20-05-2022 06:00,2.81
878,878,Dadri1,CGWB,6,Haryana,701,Charkhi Dadri,DADRI,DADRI-II,Dadri,-,-,-,-,-,-,28.59583333,76.26666667,,20-08-2023 00:00,0.89
879,879,Dadri1,CGWB,6,Haryana,701,Charkhi Dadri,DADRI,DADRI-II,Dadri,-,-,-,-,-,-,28.59583333,76.26666667,,01-11-2023 00:00,1.37
880,880,Dadri1,CGWB,6,Haryana,701,Charkhi Dadri,DADRI,DADRI-II,Dadri,-,-,-,-,-,-,28.59583333,76.26666667,,01-01-2024 00:00,1.52
881,881,Dadupur-PZ,CGWB,6,Haryana,67,KARNAL,KARNAL,NISSANG,Dadupur,-,-,-,-,-,-,29.7675,76.97305556,,20-05-2022 06:00,20.5
882,882,Dakadla S,CGWB,6,Haryana,71,PANIPAT,SAMALKHA,SAMALKHA,Dakadla S,-,-,-,-,-,-,29.22361111,77.06666667,,30-01-2022 07:00,25.47
883,883,Dakadla S,CGWB,6,Haryana,71,PANIPAT,SAMALKHA,SAMALKHA,Dakadla S,-,-,-,-,-,-,29.22361111,77.06666667,,20-05-2022 06:00,25.09
884,884,Dakadla S,CGWB,6,Haryana,71,PANIPAT,SAMALKHA,SAMALKHA,Dakadla S,-,-,-,-,-,-,29.22361111,77.06666667,,01-08-2022 06:00,27.97
885,885,Dakadla S,CGWB,6,Haryana,71,PANIPAT,SAMALKHA,SAMALKHA,Dakadla S,-,-,-,-,-,-,29.22361111,77.06666667,,01-10-2022 00:00,26.84
886,886,Dakadla S,CGWB,6,Haryana,71,PANIPAT,SAMALKHA,SAMALKHA,Dakadla S,-,-,-,-,-,-,29.22361111,77.06666667,,01-11-2022 06:00,27.7
887,887,Dakadla S,CGWB,6,Haryana,71,PANIPAT,SAMALKHA,SAMALKHA,Dakadla S,-,-,-,-,-,-,29.22361111,77.06666667,,01-11-2023 00:00,27.7
888,888,Dakadla S,CGWB,6,Haryana,71,PANIPAT,SAMALKHA,SAMALKHA,Dakadla S,-,-,-,-,-,-,29.22361111,77.06666667,,01-01-2024 00:00,27.7
889,889,Damla-Pz,CGWB,6,Haryana,76,YAMUNANAGAR,JAGADHRI,JAGADHRI,Damla,-,-,-,-,-,-,30.08333333,77.21666667,,20-05-2022 06:00,12.65
890,890,Danaudakalan,CGWB,6,Haryana,65,JIND,NARWANA,NARWANA,Danaudakalan,-,-,-,-,-,-,29.52222222,76.00138889,,20-05-2022 06:00,5.63
891,891,Danoda Khurd-Pz,CGWB,6,Haryana,65,JIND,NARWANA,NARWANA,Danoda Khurd,-,-,-,-,-,-,29.53194444,75.9875,,20-05-2022 06:00,4.48
892,892,Darba Kalan-Pz,CGWB,6,Haryana,74,SIRSA,SIRSA,NATHUSARI CHOPRA,Darba Kalan,-,-,-,-,-,-,29.39166667,75.08888889,,31-08-2021 06:00,2.9
893,893,Darba Kalan-Pz,CGWB,6,Haryana,74,SIRSA,SIRSA,NATHUSARI CHOPRA,Darba Kalan,-,-,-,-,-,-,29.39166667,75.08888889,,30-11-2021 06:00,2.12
894,894,Darba Kalan-Pz,CGWB,6,Haryana,74,SIRSA,SIRSA,NATHUSARI CHOPRA,Darba Kalan,-,-,-,-,-,-,29.39166667,75.08888889,,30-01-2022 07:00,1.26
895,895,Darba Kalan-Pz,CGWB,6,Haryana,74,SIRSA,SIRSA,NATHUSARI CHOPRA,Darba Kalan,-,-,-,-,-,-,29.39166667,75.08888889,,20-05-2022 06:00,2.3
896,896,Darba Kalan-Pz,CGWB,6,Haryana,74,SIRSA,SIRSA,NATHUSARI CHOPRA,Darba Kalan,-,-,-,-,-,-,29.39166667,75.08888889,,01-08-2022 06:00,1.18
897,897,Darba Kalan-Pz,CGWB,6,Haryana,74,SIRSA,SIRSA,NATHUSARI CHOPRA,Darba Kalan,-,-,-,-,-,-,29.39166667,75.08888889,,01-11-2022 06:00,2.11
898,898,Darba Kalan-Pz,CGWB,6,Haryana,74,SIRSA,SIRSA,NATHUSARI CHOPRA,Darba Kalan,-,-,-,-,-,-,29.39166667,75.08888889,,01-01-2023 00:00,1.3
899,899,Darba Kalan-Pz,CGWB,6,Haryana,74,SIRSA,SIRSA,NATHUSARI CHOPRA,Darba Kalan,-,-,-,-,-,-,29.39166667,75.08888889,,01-06-2023 00:00,2.04
900,900,Darba Kalan-Pz,CGWB,6,Haryana,74,SIRSA,SIRSA,NATHUSARI CHOPRA,Darba Kalan,-,-,-,-,-,-,29.39166667,75.08888889,,01-11-2023 00:00,1.97
901,901,Darba Kalan S,CGWB,6,Haryana,74,SIRSA,SIRSA,NATHUSARI CHOPRA,Darba Kalan,-,-,-,-,-,-,29.4122,75.1219,204,01-11-2023 00:00,2.25
902,902,Darba Kalan S,CGWB,6,Haryana,74,SIRSA,SIRSA,NATHUSARI CHOPRA,Darba Kalan,-,-,-,-,-,-,29.4122,75.1219,204,01-01-2024 00:00,2
903,903,Dariyapur M,CGWB,6,Haryana,61,FATEHABAD,FATEHABAD,FATEHABAD,Daryapur,-,-,-,-,-,-,29.5275,75.3634,211,20-08-2023 00:00,54.05
904,904,Dariyapur M,CGWB,6,Haryana,61,FATEHABAD,FATEHABAD,FATEHABAD,Daryapur,-,-,-,-,-,-,29.5275,75.3634,211,01-11-2023 00:00,51.83
905,905,Dariyapur M,CGWB,6,Haryana,61,FATEHABAD,FATEHABAD,FATEHABAD,Daryapur,-,-,-,-,-,-,29.5275,75.3634,211,01-01-2024 00:00,52.6
906,906,Dariyawala-D,CGWB,6,Haryana,74,SIRSA,RANIA,-,-,-,-,-,-,-,-,29.616222,74.890472,,01-01-2023 00:00,34.15
907,907,Dariyawala-D,CGWB,6,Haryana,74,SIRSA,RANIA,-,-,-,-,-,-,-,-,29.616222,74.890472,,01-06-2023 00:00,33
908,908,Dariyawala-D,CGWB,6,Haryana,74,SIRSA,RANIA,-,-,-,-,-,-,-,-,29.616222,74.890472,,20-08-2023 00:00,32.58
909,909,Dariyawala-D,CGWB,6,Haryana,74,SIRSA,RANIA,-,-,-,-,-,-,-,-,29.616222,74.890472,,01-11-2023 00:00,33.56
910,910,Dariyawala-M,CGWB,6,Haryana,74,SIRSA,RANIA,-,-,-,-,-,-,-,-,29.616222,74.890472,,01-01-2023 00:00,16
911,911,Dariyawala-S,CGWB,6,Haryana,74,SIRSA,RANIA,-,-,-,-,-,-,-,-,29.616222,74.890472,,01-01-2023 00:00,15.1
912,912,Dariyawala-S,CGWB,6,Haryana,74,SIRSA,RANIA,-,-,-,-,-,-,-,-,29.616222,74.890472,,01-06-2023 00:00,14.81
913,913,Dariyawala-S,CGWB,6,Haryana,74,SIRSA,RANIA,-,-,-,-,-,-,-,-,29.616222,74.890472,,20-08-2023 00:00,15
914,914,Dariyawala-S,CGWB,6,Haryana,74,SIRSA,RANIA,-,-,-,-,-,-,-,-,29.616222,74.890472,,01-11-2023 00:00,2.91
915,915,Daryapur,CGWB,6,Haryana,61,FATEHABAD,FATEHABAD,FATEHABAD,Daryapur,-,-,-,-,-,-,29.5125,75.35138889,,20-05-2022 06:00,33.2
916,916,Daryapur,CGWB,6,Haryana,61,FATEHABAD,FATEHABAD,FATEHABAD,Daryapur,-,-,-,-,-,-,29.5125,75.35138889,,01-06-2023 00:00,47.61
917,917,Datauli-Pz,CGWB,6,Haryana,75,SONIPAT,GANAUR,GANAUR,Datauli,-,-,-,-,-,-,29.15972222,77.08055556,,31-08-2021 06:00,21
918,918,Datauli-Pz,CGWB,6,Haryana,75,SONIPAT,GANAUR,GANAUR,Datauli,-,-,-,-,-,-,29.15972222,77.08055556,,20-05-2022 06:00,25.92
919,919,Datta-DW,CGWB,6,Haryana,63,HISAR,HANSI,HANSI,Datta,-,-,-,-,-,-,29.26666667,75.99722222,,20-05-2022 06:00,5.46
920,920,Daultabad-Pz,CGWB,6,Haryana,62,GURUGRAM,SOHANA,GURGAON,Daultabad,-,-,-,-,-,-,28.49944444,76.99305556,,20-05-2022 06:00,7.9
921,921,Dayar1,CGWB,6,Haryana,61,FATEHABAD,FATEHABAD,BHATTU KALAN,Dayar,-,-,-,-,-,-,29.28333333,75.26666667,,20-05-2022 06:00,9.53
922,922,Deva-DW,CGWB,6,Haryana,63,HISAR,HISSAR,HISSAR - II,Deva,-,-,-,-,-,-,29.06944444,75.675,,20-05-2022 06:00,6.7
923,923,Devnagar(Panchkula),CGWB,6,Haryana,70,PANCHKULA,KALKA,PINJORE,Devnagar(Panchkula),-,-,-,-,-,-,30.69666667,76.87333333,,10-01-2021 00:00,9.35
924,924,Devnagar(Panchkula),CGWB,6,Haryana,70,PANCHKULA,KALKA,PINJORE,Devnagar(Panchkula),-,-,-,-,-,-,30.69666667,76.87333333,,31-08-2021 06:00,10.6
925,925,Devnagar(Panchkula),CGWB,6,Haryana,70,PANCHKULA,KALKA,PINJORE,Devnagar(Panchkula),-,-,-,-,-,-,30.69666667,76.87333333,,30-11-2021 06:00,8.96
926,926,Devnagar(Panchkula),CGWB,6,Haryana,70,PANCHKULA,KALKA,PINJORE,Devnagar(Panchkula),-,-,-,-,-,-,30.69666667,76.87333333,,30-01-2022 07:00,9.15
927,927,Devnagar(Panchkula),CGWB,6,Haryana,70,PANCHKULA,KALKA,PINJORE,Devnagar(Panchkula),-,-,-,-,-,-,30.69666667,76.87333333,,20-05-2022 06:00,9.28
928,928,Devnagar(Panchkula),CGWB,6,Haryana,70,PANCHKULA,KALKA,PINJORE,Devnagar(Panchkula),-,-,-,-,-,-,30.69666667,76.87333333,,01-11-2022 06:00,8.65
929,929,Devnagar(Panchkula),CGWB,6,Haryana,70,PANCHKULA,KALKA,PINJORE,Devnagar(Panchkula),-,-,-,-,-,-,30.69666667,76.87333333,,01-01-2023 00:00,8.83
930,930,Devnagar(Panchkula),CGWB,6,Haryana,70,PANCHKULA,KALKA,PINJORE,Devnagar(Panchkula),-,-,-,-,-,-,30.69666667,76.87333333,,01-06-2023 00:00,9.29
931,931,Devnagar(Panchkula),CGWB,6,Haryana,70,PANCHKULA,KALKA,PINJORE,Devnagar(Panchkula),-,-,-,-,-,-,30.69666667,76.87333333,,01-11-2023 00:00,8.8
932,932,Devnagar(Panchkula),CGWB,6,Haryana,70,PANCHKULA,KALKA,PINJORE,Devnagar(Panchkula),-,-,-,-,-,-,30.69666667,76.87333333,,01-01-2024 00:00,9.06
933,933,Dhakwala-Dw,CGWB,6,Haryana,70,PANCHKULA,KALKA,PINJORE,Dhakwala-Dw,-,-,-,-,-,-,30.73222222,76.975,,10-01-2021 00:00,0.84
934,934,Dhakwala-Dw,CGWB,6,Haryana,70,PANCHKULA,KALKA,PINJORE,Dhakwala-Dw,-,-,-,-,-,-,30.73222222,76.975,,31-08-2021 06:00,2.51
935,935,Dhakwala-Dw,CGWB,6,Haryana,70,PANCHKULA,KALKA,PINJORE,Dhakwala-Dw,-,-,-,-,-,-,30.73222222,76.975,,30-11-2021 06:00,2.4
936,936,Dhakwala-Dw,CGWB,6,Haryana,70,PANCHKULA,KALKA,PINJORE,Dhakwala-Dw,-,-,-,-,-,-,30.73222222,76.975,,30-01-2022 07:00,1.7
937,937,Dhakwala-Dw,CGWB,6,Haryana,70,PANCHKULA,KALKA,PINJORE,Dhakwala-Dw,-,-,-,-,-,-,30.73222222,76.975,,20-05-2022 06:00,2.24
938,938,Dhakwala-Dw,CGWB,6,Haryana,70,PANCHKULA,KALKA,PINJORE,Dhakwala-Dw,-,-,-,-,-,-,30.73222222,76.975,,01-08-2022 06:00,1.96
939,939,Dhakwala-Dw,CGWB,6,Haryana,70,PANCHKULA,KALKA,PINJORE,Dhakwala-Dw,-,-,-,-,-,-,30.73222222,76.975,,01-01-2023 00:00,2.02
940,940,Dhakwala-Dw,CGWB,6,Haryana,70,PANCHKULA,KALKA,PINJORE,Dhakwala-Dw,-,-,-,-,-,-,30.73222222,76.975,,01-06-2023 00:00,2.02
941,941,Dhakwala-Dw,CGWB,6,Haryana,70,PANCHKULA,KALKA,PINJORE,Dhakwala-Dw,-,-,-,-,-,-,30.73222222,76.975,,01-11-2023 00:00,1.35
942,942,Dhakwala-Dw,CGWB,6,Haryana,70,PANCHKULA,KALKA,PINJORE,Dhakwala-Dw,-,-,-,-,-,-,30.73222222,76.975,,01-01-2024 00:00,1.58
943,943,Dhanana,CGWB,6,Haryana,59,BHIWANI,BAWANI KHERA,BAWANI KHERA,Dhanana,-,-,-,-,-,-,28.9375,76.16805556,,10-01-2021 00:00,2.07
944,944,Dhanana,CGWB,6,Haryana,59,BHIWANI,BAWANI KHERA,BAWANI KHERA,Dhanana,-,-,-,-,-,-,28.9375,76.16805556,,31-08-2021 06:00,3.11
945,945,Dhanana,CGWB,6,Haryana,59,BHIWANI,BAWANI KHERA,BAWANI KHERA,Dhanana,-,-,-,-,-,-,28.9375,76.16805556,,30-11-2021 06:00,1.5
946,946,Dhanana,CGWB,6,Haryana,59,BHIWANI,BAWANI KHERA,BAWANI KHERA,Dhanana,-,-,-,-,-,-,28.9375,76.16805556,,30-01-2022 07:00,1.74
947,947,Dhanana,CGWB,6,Haryana,59,BHIWANI,BAWANI KHERA,BAWANI KHERA,Dhanana,-,-,-,-,-,-,28.9375,76.16805556,,20-05-2022 06:00,3.6
948,948,Dhanana,CGWB,6,Haryana,59,BHIWANI,BAWANI KHERA,BAWANI KHERA,Dhanana,-,-,-,-,-,-,28.9375,76.16805556,,01-08-2022 06:00,0.3
949,949,Dhanana,CGWB,6,Haryana,59,BHIWANI,BAWANI KHERA,BAWANI KHERA,Dhanana,-,-,-,-,-,-,28.9375,76.16805556,,01-01-2023 00:00,0.79
950,950,Dhanana,CGWB,6,Haryana,59,BHIWANI,BAWANI KHERA,BAWANI KHERA,Dhanana,-,-,-,-,-,-,28.9375,76.16805556,,01-11-2023 00:00,0.68
951,951,Dhanana,CGWB,6,Haryana,59,BHIWANI,BAWANI KHERA,BAWANI KHERA,Dhanana,-,-,-,-,-,-,28.9375,76.16805556,,01-01-2024 00:00,0.82
952,952,DHANANA_1,CGWB,6,Haryana,59,BHIWANI,BHIWANI,-,-,-,-,-,-,-,-,28.9375,76.168056,,01-06-2023 00:00,1.12
953,953,DHANANA_1,CGWB,6,Haryana,59,BHIWANI,BHIWANI,-,-,-,-,-,-,-,-,28.9375,76.168056,,20-08-2023 00:00,0.2
954,954,Dhanaura,CGWB,6,Haryana,58,AMBALA,BARARA,BARARA,Dhanaura,-,-,-,-,-,-,30.29583333,77.11666667,,10-01-2021 00:00,5
955,955,Dhanaura,CGWB,6,Haryana,58,AMBALA,BARARA,BARARA,Dhanaura,-,-,-,-,-,-,30.29583333,77.11666667,,31-08-2021 06:00,4.27
956,956,Dhanaura,CGWB,6,Haryana,58,AMBALA,BARARA,BARARA,Dhanaura,-,-,-,-,-,-,30.29583333,77.11666667,,30-11-2021 06:00,2.84
957,957,Dhanaura,CGWB,6,Haryana,58,AMBALA,BARARA,BARARA,Dhanaura,-,-,-,-,-,-,30.29583333,77.11666667,,30-01-2022 07:00,3.58
958,958,Dhanaura,CGWB,6,Haryana,58,AMBALA,BARARA,BARARA,Dhanaura,-,-,-,-,-,-,30.29583333,77.11666667,,20-05-2022 06:00,4.1
959,959,Dhanaura,CGWB,6,Haryana,58,AMBALA,BARARA,BARARA,Dhanaura,-,-,-,-,-,-,30.29583333,77.11666667,,01-08-2022 06:00,1.62
960,960,Dhanaura,CGWB,6,Haryana,58,AMBALA,BARARA,BARARA,Dhanaura,-,-,-,-,-,-,30.29583333,77.11666667,,01-11-2022 06:00,1.7
961,961,Dhanaura,CGWB,6,Haryana,58,AMBALA,BARARA,BARARA,Dhanaura,-,-,-,-,-,-,30.29583333,77.11666667,,01-01-2023 00:00,3.08
962,962,Dhanaura,CGWB,6,Haryana,58,AMBALA,BARARA,BARARA,Dhanaura,-,-,-,-,-,-,30.29583333,77.11666667,,01-06-2023 00:00,4.92
963,963,Dhanaura,CGWB,6,Haryana,58,AMBALA,BARARA,BARARA,Dhanaura,-,-,-,-,-,-,30.29583333,77.11666667,,20-08-2023 00:00,1.45
964,964,Dhanaura,CGWB,6,Haryana,58,AMBALA,BARARA,BARARA,Dhanaura,-,-,-,-,-,-,30.29583333,77.11666667,,01-11-2023 00:00,1.9
965,965,Dhanaura,CGWB,6,Haryana,58,AMBALA,BARARA,BARARA,Dhanaura,-,-,-,-,-,-,30.29583333,77.11666667,,01-01-2024 00:00,3.05
966,966,Dhancholi-DW,CGWB,6,Haryana,69,MAHENDRAGARH,NARNAUL,NARNAUL,Dhancholi,-,-,-,-,-,-,27.99333333,75.97138889,,20-05-2022 06:00,35.2
967,967,Dhandauli Pz,CGWB,6,Haryana,65,JIND,NARWANA,NARWANA,Dhandauli Pz,-,-,-,-,-,-,29.8125,76.15,,10-01-2021 00:00,50.31
968,968,Dhandauli Pz,CGWB,6,Haryana,65,JIND,NARWANA,NARWANA,Dhandauli Pz,-,-,-,-,-,-,29.8125,76.15,,30-01-2022 07:00,51.2
969,969,Dhandauli Pz,CGWB,6,Haryana,65,JIND,NARWANA,NARWANA,Dhandauli Pz,-,-,-,-,-,-,29.8125,76.15,,20-05-2022 06:00,50.27
970,970,Dhandauli Pz,CGWB,6,Haryana,65,JIND,NARWANA,NARWANA,Dhandauli Pz,-,-,-,-,-,-,29.8125,76.15,,01-08-2022 06:00,51.3
971,971,Dhandauli Pz,CGWB,6,Haryana,65,JIND,NARWANA,NARWANA,Dhandauli Pz,-,-,-,-,-,-,29.8125,76.15,,01-10-2022 00:00,52.11
972,972,Dhandauli Pz,CGWB,6,Haryana,65,JIND,NARWANA,NARWANA,Dhandauli Pz,-,-,-,-,-,-,29.8125,76.15,,01-11-2022 06:00,53.07
973,973,Dhandauli Pz,CGWB,6,Haryana,65,JIND,NARWANA,NARWANA,Dhandauli Pz,-,-,-,-,-,-,29.8125,76.15,,20-08-2023 00:00,50
974,974,Dhandauli Pz,CGWB,6,Haryana,65,JIND,NARWANA,NARWANA,Dhandauli Pz,-,-,-,-,-,-,29.8125,76.15,,01-11-2023 00:00,53.95
975,975,Dhandauli Pz,CGWB,6,Haryana,65,JIND,NARWANA,NARWANA,Dhandauli Pz,-,-,-,-,-,-,29.8125,76.15,,01-01-2024 00:00,52.89
976,976,Dhand-DW,CGWB,6,Haryana,63,HISAR,HISSAR,BARWALA,Dhand,-,-,-,-,-,-,29.32,76.01583333,,20-05-2022 06:00,4
977,977,Dhandh-Pz,CGWB,6,Haryana,66,KAITHAL,PUNDRI,PUNDRI,Dhandh,-,-,-,-,-,-,29.88,76.61527778,,20-05-2022 06:00,35.95
978,978,Dhangar-DW,CGWB,6,Haryana,61,FATEHABAD,FATEHABAD,FATEHABAD,Dhangar,-,-,-,-,-,-,29.50555556,75.30833333,,20-05-2022 06:00,12.19
979,979,Dhansu,CGWB,6,Haryana,63,HISAR,HISSAR,HISAR - I,Dhansu,-,-,-,-,-,-,29.21666667,75.79583333,,10-01-2021 00:00,3.16
980,980,Dhansu,CGWB,6,Haryana,63,HISAR,HISSAR,HISAR - I,Dhansu,-,-,-,-,-,-,29.21666667,75.79583333,,31-08-2021 06:00,5.36
981,981,Dhansu,CGWB,6,Haryana,63,HISAR,HISSAR,HISAR - I,Dhansu,-,-,-,-,-,-,29.21666667,75.79583333,,30-11-2021 06:00,2.68
982,982,Dhansu,CGWB,6,Haryana,63,HISAR,HISSAR,HISAR - I,Dhansu,-,-,-,-,-,-,29.21666667,75.79583333,,30-01-2022 07:00,2.89
983,983,Dhansu,CGWB,6,Haryana,63,HISAR,HISSAR,HISAR - I,Dhansu,-,-,-,-,-,-,29.21666667,75.79583333,,20-05-2022 06:00,4.1
984,984,Dhansu,CGWB,6,Haryana,63,HISAR,HISSAR,HISAR - I,Dhansu,-,-,-,-,-,-,29.21666667,75.79583333,,01-11-2022 06:00,2.41
985,985,Dhansu,CGWB,6,Haryana,63,HISAR,HISSAR,HISAR - I,Dhansu,-,-,-,-,-,-,29.21666667,75.79583333,,01-01-2023 00:00,2.46
986,986,Dhansu,CGWB,6,Haryana,63,HISAR,HISSAR,HISAR - I,Dhansu,-,-,-,-,-,-,29.21666667,75.79583333,,20-08-2023 00:00,2.26
987,987,Dhansu,CGWB,6,Haryana,63,HISAR,HISSAR,HISAR - I,Dhansu,-,-,-,-,-,-,29.21666667,75.79583333,,01-11-2023 00:00,2.67
988,988,Dhansu,CGWB,6,Haryana,63,HISAR,HISSAR,HISAR - I,Dhansu,-,-,-,-,-,-,29.21666667,75.79583333,,01-01-2024 00:00,2.54
989,989,Dharamgarh S,CGWB,6,Haryana,71,PANIPAT,PANIPAT,MADLAUDA,Dharamgarh S,-,-,-,-,-,-,29.46944444,76.82222222,,10-01-2021 00:00,26.15
990,990,Dharamgarh S,CGWB,6,Haryana,71,PANIPAT,PANIPAT,MADLAUDA,Dharamgarh S,-,-,-,-,-,-,29.46944444,76.82222222,,20-05-2022 06:00,17.94
991,991,Dharamgarh S,CGWB,6,Haryana,71,PANIPAT,PANIPAT,MADLAUDA,Dharamgarh S,-,-,-,-,-,-,29.46944444,76.82222222,,01-11-2022 06:00,19.18
992,992,Dharamgarh S,CGWB,6,Haryana,71,PANIPAT,PANIPAT,MADLAUDA,Dharamgarh S,-,-,-,-,-,-,29.46944444,76.82222222,,20-08-2023 00:00,19.21
993,993,Dharamgarh S,CGWB,6,Haryana,71,PANIPAT,PANIPAT,MADLAUDA,Dharamgarh S,-,-,-,-,-,-,29.46944444,76.82222222,,01-11-2023 00:00,19.3
994,994,Dharamgarh S,CGWB,6,Haryana,71,PANIPAT,PANIPAT,MADLAUDA,Dharamgarh S,-,-,-,-,-,-,29.46944444,76.82222222,,01-01-2024 00:00,18.37
995,995,Dharampur,CGWB,6,Haryana,70,PANCHKULA,KALKA,PINJORE,Dharampur,-,-,-,-,-,-,30.81111111,76.91944444,,10-01-2021 00:00,10.4
996,996,Dharampur,CGWB,6,Haryana,70,PANCHKULA,KALKA,PINJORE,Dharampur,-,-,-,-,-,-,30.81111111,76.91944444,,31-08-2021 06:00,13.25
997,997,Dharampur,CGWB,6,Haryana,70,PANCHKULA,KALKA,PINJORE,Dharampur,-,-,-,-,-,-,30.81111111,76.91944444,,30-11-2021 06:00,9.92
998,998,Dharampur,CGWB,6,Haryana,70,PANCHKULA,KALKA,PINJORE,Dharampur,-,-,-,-,-,-,30.81111111,76.91944444,,30-01-2022 07:00,10.86
999,999,Dharampur,CGWB,6,Haryana,70,PANCHKULA,KALKA,PINJORE,Dharampur,-,-,-,-,-,-,30.81111111,76.91944444,,20-05-2022 06:00,13.36
1000,1000,Dharampur,CGWB,6,Haryana,70,PANCHKULA,KALKA,PINJORE,Dharampur,-,-,-,-,-,-,30.81111111,76.91944444,,01-08-2022 06:00,10.42
1001,1001,Dharampur,CGWB,6,Haryana,70,PANCHKULA,KALKA,PINJORE,Dharampur,-,-,-,-,-,-,30.81111111,76.91944444,,01-11-2022 06:00,7.8
1002,1002,Dharampur,CGWB,6,Haryana,70,PANCHKULA,KALKA,PINJORE,Dharampur,-,-,-,-,-,-,30.81111111,76.91944444,,01-01-2023 00:00,9.41
1003,1003,Dharampur,CGWB,6,Haryana,70,PANCHKULA,KALKA,PINJORE,Dharampur,-,-,-,-,-,-,30.81111111,76.91944444,,01-06-2023 00:00,12.88
1004,1004,Dharampur,CGWB,6,Haryana,70,PANCHKULA,KALKA,PINJORE,Dharampur,-,-,-,-,-,-,30.81111111,76.91944444,,01-11-2023 00:00,6.5
1005,1005,Dharampur,CGWB,6,Haryana,70,PANCHKULA,KALKA,PINJORE,Dharampur,-,-,-,-,-,-,30.81111111,76.91944444,,01-01-2024 00:00,12.42
1006,1006,Dhaurang M,CGWB,6,Haryana,76,YAMUNANAGAR,JAGADHRI,JAGADHRI,Dhaurang M,-,-,-,-,-,-,30.06666667,77.19166667,,20-05-2022 06:00,16.03
1007,1007,Dhaurang M,CGWB,6,Haryana,76,YAMUNANAGAR,JAGADHRI,JAGADHRI,Dhaurang M,-,-,-,-,-,-,30.06666667,77.19166667,,01-01-2023 00:00,18.57
1008,1008,Dhaurang M,CGWB,6,Haryana,76,YAMUNANAGAR,JAGADHRI,JAGADHRI,Dhaurang M,-,-,-,-,-,-,30.06666667,77.19166667,,20-08-2023 00:00,13.38
1009,1009,Dhaurang M,CGWB,6,Haryana,76,YAMUNANAGAR,JAGADHRI,JAGADHRI,Dhaurang M,-,-,-,-,-,-,30.06666667,77.19166667,,01-11-2023 00:00,7.03
1010,1010,Dhaurang M,CGWB,6,Haryana,76,YAMUNANAGAR,JAGADHRI,JAGADHRI,Dhaurang M,-,-,-,-,-,-,30.06666667,77.19166667,,01-01-2024 00:00,17.1
1011,1011,Dhaurang S,CGWB,6,Haryana,76,YAMUNANAGAR,JAGADHRI,JAGADHRI,Dhaurang S,-,-,-,-,-,-,30.06666667,77.19166667,,30-11-2021 06:00,15.68
1012,1012,Dhaurang S,CGWB,6,Haryana,76,YAMUNANAGAR,JAGADHRI,JAGADHRI,Dhaurang S,-,-,-,-,-,-,30.06666667,77.19166667,,20-05-2022 06:00,19.92
1013,1013,Dhaurang S,CGWB,6,Haryana,76,YAMUNANAGAR,JAGADHRI,JAGADHRI,Dhaurang S,-,-,-,-,-,-,30.06666667,77.19166667,,01-08-2022 06:00,17.02
1014,1014,Dhaurang S,CGWB,6,Haryana,76,YAMUNANAGAR,JAGADHRI,JAGADHRI,Dhaurang S,-,-,-,-,-,-,30.06666667,77.19166667,,01-01-2023 00:00,14.66
1015,1015,Dhaurang S,CGWB,6,Haryana,76,YAMUNANAGAR,JAGADHRI,JAGADHRI,Dhaurang S,-,-,-,-,-,-,30.06666667,77.19166667,,01-06-2023 00:00,16.35
1016,1016,Dhaurang S,CGWB,6,Haryana,76,YAMUNANAGAR,JAGADHRI,JAGADHRI,Dhaurang S,-,-,-,-,-,-,30.06666667,77.19166667,,01-11-2023 00:00,38.66
1017,1017,Dhaurang S,CGWB,6,Haryana,76,YAMUNANAGAR,JAGADHRI,JAGADHRI,Dhaurang S,-,-,-,-,-,-,30.06666667,77.19166667,,01-01-2024 00:00,14.69
1018,1018,Dhigana-DW,CGWB,6,Haryana,65,JIND,JULANA,JULANA,Dhigana,-,-,-,-,-,-,29.22361111,76.44333333,,20-05-2022 06:00,2
1019,1019,Dhingsara,CGWB,6,Haryana,61,FATEHABAD,FATEHABAD,BHATTU KALAN,Dhingsara,-,-,-,-,-,-,29.44861111,75.36527778,,20-05-2022 06:00,7.7
1020,1020,Dhir Pur-PZ,CGWB,6,Haryana,68,KURUKSHETRA,SHAHBAD,THANESAR,Dhir Pur,-,-,-,-,-,-,30.0425,76.85472222,,20-05-2022 06:00,45
1021,1021,Dholpalia-DW,CGWB,6,Haryana,74,SIRSA,ELLLENABAD,ELLLENABAD,Dholpalia,-,-,-,-,-,-,29.42083333,74.6,,20-05-2022 06:00,10
1022,1022,Dhomsi(shallow),CGWB,6,Haryana,67,KARNAL,INDRI,INDRI,Dhomsi(shallow),-,-,-,-,-,-,29.94166667,77.05,,31-08-2021 06:00,26.1
1023,1023,Dhomsi(shallow),CGWB,6,Haryana,67,KARNAL,INDRI,INDRI,Dhomsi(shallow),-,-,-,-,-,-,29.94166667,77.05,,01-11-2022 06:00,25.65
1024,1024,Dhomsi(shallow),CGWB,6,Haryana,67,KARNAL,INDRI,INDRI,Dhomsi(shallow),-,-,-,-,-,-,29.94166667,77.05,,01-01-2023 00:00,24.4
1025,1025,Dhomsi(shallow),CGWB,6,Haryana,67,KARNAL,INDRI,INDRI,Dhomsi(shallow),-,-,-,-,-,-,29.94166667,77.05,,01-11-2023 00:00,24.14
1026,1026,Dhons-Pz,CGWB,6,Haryana,66,KAITHAL,KAITHAL,KAITHAL,Dhons,-,-,-,-,-,-,29.81166667,76.53111111,,20-05-2022 06:00,32.5
1027,1027,Dhudianwali1(s),CGWB,6,Haryana,74,SIRSA,RANIA,RANIA,Dhudianwali1(s),-,-,-,-,-,-,29.6,74.71666667,,20-05-2022 06:00,38
1028,1028,Dighal,CGWB,6,Haryana,64,JHAJJAR,BERI,BERI,Dighal,-,-,-,-,-,-,28.7625,76.63055556,,20-05-2022 06:00,1.99
1029,1029,Dighaut,CGWB,6,Haryana,619,Palwal,HODAL,HODAL,Dighaut,-,-,-,-,-,-,28.0375,77.375,,10-01-2021 00:00,13.46
1030,1030,Dighaut,CGWB,6,Haryana,619,Palwal,HODAL,HODAL,Dighaut,-,-,-,-,-,-,28.0375,77.375,,31-08-2021 06:00,15.18
1031,1031,Dighaut,CGWB,6,Haryana,619,Palwal,HODAL,HODAL,Dighaut,-,-,-,-,-,-,28.0375,77.375,,30-01-2022 07:00,12.8
1032,1032,Dighaut,CGWB,6,Haryana,619,Palwal,HODAL,HODAL,Dighaut,-,-,-,-,-,-,28.0375,77.375,,20-05-2022 06:00,12.07
1033,1033,Dighaut,CGWB,6,Haryana,619,Palwal,HODAL,HODAL,Dighaut,-,-,-,-,-,-,28.0375,77.375,,01-08-2022 06:00,14.4
1034,1034,Dighaut,CGWB,6,Haryana,619,Palwal,HODAL,HODAL,Dighaut,-,-,-,-,-,-,28.0375,77.375,,01-11-2022 06:00,12.95
1035,1035,Dighaut,CGWB,6,Haryana,619,Palwal,HODAL,HODAL,Dighaut,-,-,-,-,-,-,28.0375,77.375,,01-01-2023 00:00,14.4
1036,1036,Dighaut,CGWB,6,Haryana,619,Palwal,HODAL,HODAL,Dighaut,-,-,-,-,-,-,28.0375,77.375,,01-06-2023 00:00,13.3
1037,1037,Dighaut,CGWB,6,Haryana,619,Palwal,HODAL,HODAL,Dighaut,-,-,-,-,-,-,28.0375,77.375,,20-08-2023 00:00,13.4
1038,1038,Dighaut,CGWB,6,Haryana,619,Palwal,HODAL,HODAL,Dighaut,-,-,-,-,-,-,28.0375,77.375,,01-11-2023 00:00,13.16
1039,1039,Dighaut,CGWB,6,Haryana,619,Palwal,HODAL,HODAL,Dighaut,-,-,-,-,-,-,28.0375,77.375,,01-01-2024 00:00,12.98
1040,1040,Ding,CGWB,6,Haryana,74,SIRSA,SIRSA,NATHUSARI CHOPRA,Ding,-,-,-,-,-,-,29.4625,75.26388889,,10-01-2021 00:00,16.69
1041,1041,Ding,CGWB,6,Haryana,74,SIRSA,SIRSA,NATHUSARI CHOPRA,Ding,-,-,-,-,-,-,29.4625,75.26388889,,31-08-2021 06:00,14.7
1042,1042,Ding,CGWB,6,Haryana,74,SIRSA,SIRSA,NATHUSARI CHOPRA,Ding,-,-,-,-,-,-,29.4625,75.26388889,,30-11-2021 06:00,13.58
1043,1043,Ding,CGWB,6,Haryana,74,SIRSA,SIRSA,NATHUSARI CHOPRA,Ding,-,-,-,-,-,-,29.4625,75.26388889,,30-01-2022 07:00,17.23
1044,1044,Ding,CGWB,6,Haryana,74,SIRSA,SIRSA,NATHUSARI CHOPRA,Ding,-,-,-,-,-,-,29.4625,75.26388889,,20-05-2022 06:00,16
1045,1045,Ding,CGWB,6,Haryana,74,SIRSA,SIRSA,NATHUSARI CHOPRA,Ding,-,-,-,-,-,-,29.4625,75.26388889,,01-08-2022 06:00,17.54
1046,1046,Ding,CGWB,6,Haryana,74,SIRSA,SIRSA,NATHUSARI CHOPRA,Ding,-,-,-,-,-,-,29.4625,75.26388889,,01-11-2022 06:00,16.89
1047,1047,Ding,CGWB,6,Haryana,74,SIRSA,SIRSA,NATHUSARI CHOPRA,Ding,-,-,-,-,-,-,29.4625,75.26388889,,01-01-2023 00:00,17.14
1048,1048,Ding,CGWB,6,Haryana,74,SIRSA,SIRSA,NATHUSARI CHOPRA,Ding,-,-,-,-,-,-,29.4625,75.26388889,,01-06-2023 00:00,16.64
1049,1049,Ding,CGWB,6,Haryana,74,SIRSA,SIRSA,NATHUSARI CHOPRA,Ding,-,-,-,-,-,-,29.4625,75.26388889,,20-08-2023 00:00,17.39
1050,1050,Ding,CGWB,6,Haryana,74,SIRSA,SIRSA,NATHUSARI CHOPRA,Ding,-,-,-,-,-,-,29.4625,75.26388889,,01-11-2023 00:00,17.23
1051,1051,Ding,CGWB,6,Haryana,74,SIRSA,SIRSA,NATHUSARI CHOPRA,Ding,-,-,-,-,-,-,29.4625,75.26388889,,01-01-2024 00:00,16.97
1052,1052,Diwana,CGWB,6,Haryana,71,PANIPAT,PANIPAT,PANIPAT,Diwana,-,-,-,-,-,-,29.31388889,76.97361111,,20-05-2022 06:00,37.84
1053,1053,Diwana-PZ,CGWB,6,Haryana,68,KURUKSHETRA,PEHOWA,PEHOWA,Diwana,-,-,-,-,-,-,30.06,76.46583333,,20-05-2022 06:00,37.5
1054,1054,Domsi D,CGWB,6,Haryana,67,KARNAL,INDRI,INDRI,Domsi D,-,-,-,-,-,-,29.94166667,77.05,,10-01-2021 00:00,22.19
1055,1055,Domsi D,CGWB,6,Haryana,67,KARNAL,INDRI,INDRI,Domsi D,-,-,-,-,-,-,29.94166667,77.05,,30-11-2021 06:00,24.79
1056,1056,Domsi D,CGWB,6,Haryana,67,KARNAL,INDRI,INDRI,Domsi D,-,-,-,-,-,-,29.94166667,77.05,,30-01-2022 07:00,23.57
1057,1057,Domsi D,CGWB,6,Haryana,67,KARNAL,INDRI,INDRI,Domsi D,-,-,-,-,-,-,29.94166667,77.05,,01-08-2022 06:00,27.73
1058,1058,Domsi D,CGWB,6,Haryana,67,KARNAL,INDRI,INDRI,Domsi D,-,-,-,-,-,-,29.94166667,77.05,,01-01-2024 00:00,22.53
1059,1059,Dorana Pz,CGWB,6,Haryana,65,JIND,JIND,ALEWA,Dorana Pz,-,-,-,-,-,-,29.51861111,76.48194444,,10-01-2021 00:00,30.73
1060,1060,Dorana Pz,CGWB,6,Haryana,65,JIND,JIND,ALEWA,Dorana Pz,-,-,-,-,-,-,29.51861111,76.48194444,,30-01-2022 07:00,29.4
1061,1061,Dorana Pz,CGWB,6,Haryana,65,JIND,JIND,ALEWA,Dorana Pz,-,-,-,-,-,-,29.51861111,76.48194444,,20-05-2022 06:00,27.25
1062,1062,Dorana Pz,CGWB,6,Haryana,65,JIND,JIND,ALEWA,Dorana Pz,-,-,-,-,-,-,29.51861111,76.48194444,,01-08-2022 06:00,29.7
1063,1063,Dorana Pz,CGWB,6,Haryana,65,JIND,JIND,ALEWA,Dorana Pz,-,-,-,-,-,-,29.51861111,76.48194444,,01-10-2022 00:00,29.5
1064,1064,Dorana Pz,CGWB,6,Haryana,65,JIND,JIND,ALEWA,Dorana Pz,-,-,-,-,-,-,29.51861111,76.48194444,,01-11-2022 06:00,28.46
1065,1065,Dorana Pz,CGWB,6,Haryana,65,JIND,JIND,ALEWA,Dorana Pz,-,-,-,-,-,-,29.51861111,76.48194444,,20-08-2023 00:00,31.26
1066,1066,Dorana Pz,CGWB,6,Haryana,65,JIND,JIND,ALEWA,Dorana Pz,-,-,-,-,-,-,29.51861111,76.48194444,,01-11-2023 00:00,31.4
1067,1067,Dorana Pz,CGWB,6,Haryana,65,JIND,JIND,ALEWA,Dorana Pz,-,-,-,-,-,-,29.51861111,76.48194444,,01-01-2024 00:00,30.37
1068,1068,Dubhaldhan,CGWB,6,Haryana,64,JHAJJAR,BERI,BERI,Dubhaldhan,-,-,-,-,-,-,28.7,76.49444444,,10-01-2021 00:00,3.85
1069,1069,Dubhaldhan,CGWB,6,Haryana,64,JHAJJAR,BERI,BERI,Dubhaldhan,-,-,-,-,-,-,28.7,76.49444444,,31-08-2021 06:00,4.65
1070,1070,Dubhaldhan,CGWB,6,Haryana,64,JHAJJAR,BERI,BERI,Dubhaldhan,-,-,-,-,-,-,28.7,76.49444444,,30-01-2022 07:00,3.05
1071,1071,Dubhaldhan,CGWB,6,Haryana,64,JHAJJAR,BERI,BERI,Dubhaldhan,-,-,-,-,-,-,28.7,76.49444444,,20-05-2022 06:00,2.23
1072,1072,Dubhaldhan,CGWB,6,Haryana,64,JHAJJAR,BERI,BERI,Dubhaldhan,-,-,-,-,-,-,28.7,76.49444444,,01-08-2022 06:00,2.7
1073,1073,Dubhaldhan,CGWB,6,Haryana,64,JHAJJAR,BERI,BERI,Dubhaldhan,-,-,-,-,-,-,28.7,76.49444444,,01-01-2023 00:00,2.6
1074,1074,Dubhaldhan,CGWB,6,Haryana,64,JHAJJAR,BERI,BERI,Dubhaldhan,-,-,-,-,-,-,28.7,76.49444444,,20-08-2023 00:00,1.61
1075,1075,Dubhaldhan,CGWB,6,Haryana,64,JHAJJAR,BERI,BERI,Dubhaldhan,-,-,-,-,-,-,28.7,76.49444444,,01-11-2023 00:00,2.15
1076,1076,Dubhaldhan,CGWB,6,Haryana,64,JHAJJAR,BERI,BERI,Dubhaldhan,-,-,-,-,-,-,28.7,76.49444444,,01-01-2024 00:00,2.9
1077,1077,Dudiwala-PZ,CGWB,6,Haryana,701,Charkhi Dadri,BADHRA,BADHRA,Dudiwala,-,-,-,-,-,-,28.63027778,76.03527778,,20-05-2022 06:00,39.14
1078,1078,Durjanpur-Pz,CGWB,6,Haryana,63,HISAR,HISSAR,AGROHA,Durjanpur,-,-,-,-,-,-,29.25138889,75.59444444,,20-05-2022 06:00,7.45
1079,1079,Ellenabed,CGWB,6,Haryana,74,SIRSA,ELLLENABAD,ELLLENABAD,Ellenabed,-,-,-,-,-,-,29.46666667,74.63333333,,20-05-2022 06:00,25.5
1080,1080,Etola-Pz-S,CGWB,6,Haryana,71,PANIPAT,PANIPAT,MADLAUDA,Etola-Pz-M,-,-,-,-,-,-,29.34722222,76.74166667,,20-08-2023 00:00,14.31
1081,1081,Etola-Pz-S,CGWB,6,Haryana,71,PANIPAT,PANIPAT,MADLAUDA,Etola-Pz-M,-,-,-,-,-,-,29.34722222,76.74166667,,01-11-2023 00:00,14.73
1082,1082,Etola-Pz-S,CGWB,6,Haryana,71,PANIPAT,PANIPAT,MADLAUDA,Etola-Pz-M,-,-,-,-,-,-,29.34722222,76.74166667,,01-01-2024 00:00,13.98
1083,1083,Faizabad-DW,CGWB,6,Haryana,69,MAHENDRAGARH,NARNAUL,ATELI,Faizabad,-,-,-,-,-,-,28.12166667,76.12166667,,20-05-2022 06:00,17.8
1084,1084,Faridabad,CGWB,6,Haryana,60,FARIDABAD,BALLABGARH,FARIDABAD,Faridabad,-,-,-,-,-,-,28.425,77.30416667,,20-05-2022 06:00,26.1
1085,1085,Faridpur-Pz,CGWB,6,Haryana,67,KARNAL,GHARAUNDA,GHARAUNDA,Faridpur,-,-,-,-,-,-,29.46111111,77.0375,,20-05-2022 06:00,24.8
1086,1086,Farmana,CGWB,6,Haryana,75,SONIPAT,KHARKHODA,KHARHAUDA,Farmana,-,-,-,-,-,-,28.98472222,76.8125,,10-01-2021 00:00,6.84
1087,1087,Farmana,CGWB,6,Haryana,75,SONIPAT,KHARKHODA,KHARHAUDA,Farmana,-,-,-,-,-,-,28.98472222,76.8125,,31-08-2021 06:00,6.84
1088,1088,Farmana,CGWB,6,Haryana,75,SONIPAT,KHARKHODA,KHARHAUDA,Farmana,-,-,-,-,-,-,28.98472222,76.8125,,30-01-2022 07:00,5.5
1089,1089,Farmana,CGWB,6,Haryana,75,SONIPAT,KHARKHODA,KHARHAUDA,Farmana,-,-,-,-,-,-,28.98472222,76.8125,,20-05-2022 06:00,5.74
1090,1090,Farmana,CGWB,6,Haryana,75,SONIPAT,KHARKHODA,KHARHAUDA,Farmana,-,-,-,-,-,-,28.98472222,76.8125,,01-08-2022 06:00,4.97
1091,1091,Farmana,CGWB,6,Haryana,75,SONIPAT,KHARKHODA,KHARHAUDA,Farmana,-,-,-,-,-,-,28.98472222,76.8125,,01-10-2022 00:00,4.3
1092,1092,Farmana,CGWB,6,Haryana,75,SONIPAT,KHARKHODA,KHARHAUDA,Farmana,-,-,-,-,-,-,28.98472222,76.8125,,01-11-2022 06:00,4.6
1093,1093,Farrukh Nagar-Pz,CGWB,6,Haryana,62,GURUGRAM,GURGAON,FARUKHNAGAR,Farrukh Nagar,-,-,-,-,-,-,28.44722222,76.825,,20-05-2022 06:00,22.8
1094,1094,Fatehpur-Pz,CGWB,6,Haryana,76,YAMUNANAGAR,JAGADHRI,JAGADHRI,Fatehpur,-,-,-,-,-,-,30.21666667,77.11666667,,20-05-2022 06:00,14.05
1095,1095,Fazilpur Badli-Pz,CGWB,6,Haryana,62,GURUGRAM,GURGAON,FARUKHNAGAR,Fazilpur Badli,-,-,-,-,-,-,28.425,76.85833333,,10-01-2021 00:00,31.7
1096,1096,Fazilpur Badli-Pz,CGWB,6,Haryana,62,GURUGRAM,GURGAON,FARUKHNAGAR,Fazilpur Badli,-,-,-,-,-,-,28.425,76.85833333,,31-08-2021 06:00,32.34
1097,1097,Fazilpur Badli-Pz,CGWB,6,Haryana,62,GURUGRAM,GURGAON,FARUKHNAGAR,Fazilpur Badli,-,-,-,-,-,-,28.425,76.85833333,,30-11-2021 06:00,30.18
1098,1098,Fazilpur Badli-Pz,CGWB,6,Haryana,62,GURUGRAM,GURGAON,FARUKHNAGAR,Fazilpur Badli,-,-,-,-,-,-,28.425,76.85833333,,30-01-2022 07:00,37
1099,1099,Fazilpur Badli-Pz,CGWB,6,Haryana,62,GURUGRAM,GURGAON,FARUKHNAGAR,Fazilpur Badli,-,-,-,-,-,-,28.425,76.85833333,,20-05-2022 06:00,31.58
1100,1100,Fazilpur Badli-Pz,CGWB,6,Haryana,62,GURUGRAM,GURGAON,FARUKHNAGAR,Fazilpur Badli,-,-,-,-,-,-,28.425,76.85833333,,01-08-2022 06:00,28.63
1101,1101,Fazilpur Badli-Pz,CGWB,6,Haryana,62,GURUGRAM,GURGAON,FARUKHNAGAR,Fazilpur Badli,-,-,-,-,-,-,28.425,76.85833333,,01-01-2023 00:00,28.6
1102,1102,Fazilpur Badli-Pz,CGWB,6,Haryana,62,GURUGRAM,GURGAON,FARUKHNAGAR,Fazilpur Badli,-,-,-,-,-,-,28.425,76.85833333,,01-11-2023 00:00,27
1103,1103,Fazilpur Badli-Pz,CGWB,6,Haryana,62,GURUGRAM,GURGAON,FARUKHNAGAR,Fazilpur Badli,-,-,-,-,-,-,28.425,76.85833333,,01-01-2024 00:00,28.22
1104,1104,Ferozepurzhirka,CGWB,6,Haryana,604,Nuh,FEROZPUR JHIRKA,FIROZEPUR JHIRKA,Firozepur Jhirka,-,-,-,-,-,-,27.79166667,76.95,,20-05-2022 06:00,15.8
1105,1105,GADAULI -D,CGWB,6,Haryana,58,AMBALA,NARAINGARH,-,-,-,-,-,-,-,-,30.549694,77.159181,,01-01-2023 00:00,40.62
1106,1106,GADAULI -M,CGWB,6,Haryana,58,AMBALA,NARAINGARH,-,-,-,-,-,-,-,-,30.549694,77.159181,,01-01-2023 00:00,36.67
1107,1107,Gadauli-Pz-D,CGWB,6,Haryana,58,AMBALA,NARAINGARH,NARAINGARH,Gadauli,-,-,-,-,-,-,30.38305556,77.15916667,,10-01-2021 00:00,39.5
1108,1108,Gadauli-Pz-D,CGWB,6,Haryana,58,AMBALA,NARAINGARH,NARAINGARH,Gadauli,-,-,-,-,-,-,30.38305556,77.15916667,,31-08-2021 06:00,45.83
1109,1109,Gadauli-Pz-D,CGWB,6,Haryana,58,AMBALA,NARAINGARH,NARAINGARH,Gadauli,-,-,-,-,-,-,30.38305556,77.15916667,,30-11-2021 06:00,44.3
1110,1110,Gadauli-Pz-D,CGWB,6,Haryana,58,AMBALA,NARAINGARH,NARAINGARH,Gadauli,-,-,-,-,-,-,30.38305556,77.15916667,,30-01-2022 07:00,38
1111,1111,Gadauli-Pz-D,CGWB,6,Haryana,58,AMBALA,NARAINGARH,NARAINGARH,Gadauli,-,-,-,-,-,-,30.38305556,77.15916667,,20-05-2022 06:00,42.12
1112,1112,Gadauli-Pz-D,CGWB,6,Haryana,58,AMBALA,NARAINGARH,NARAINGARH,Gadauli,-,-,-,-,-,-,30.38305556,77.15916667,,01-08-2022 06:00,52.25
1113,1113,Gadauli-Pz-D,CGWB,6,Haryana,58,AMBALA,NARAINGARH,NARAINGARH,Gadauli,-,-,-,-,-,-,30.38305556,77.15916667,,01-11-2022 06:00,44.71
1114,1114,Gadauli-Pz-D,CGWB,6,Haryana,58,AMBALA,NARAINGARH,NARAINGARH,Gadauli,-,-,-,-,-,-,30.38305556,77.15916667,,01-06-2023 00:00,41.02
1115,1115,Gadauli-Pz-D,CGWB,6,Haryana,58,AMBALA,NARAINGARH,NARAINGARH,Gadauli,-,-,-,-,-,-,30.38305556,77.15916667,,01-11-2023 00:00,45.93
1116,1116,Gadauli-Pz-M,CGWB,6,Haryana,58,AMBALA,NARAINGARH,NARAINGARH,Gadauli,-,-,-,-,-,-,30.38305556,77.15916667,,10-01-2021 00:00,36.22
1117,1117,Gadauli-Pz-M,CGWB,6,Haryana,58,AMBALA,NARAINGARH,NARAINGARH,Gadauli,-,-,-,-,-,-,30.38305556,77.15916667,,31-08-2021 06:00,40.1
1118,1118,Gadauli-Pz-M,CGWB,6,Haryana,58,AMBALA,NARAINGARH,NARAINGARH,Gadauli,-,-,-,-,-,-,30.38305556,77.15916667,,30-11-2021 06:00,42.15
1119,1119,Gadauli-Pz-M,CGWB,6,Haryana,58,AMBALA,NARAINGARH,NARAINGARH,Gadauli,-,-,-,-,-,-,30.38305556,77.15916667,,30-01-2022 07:00,35.32
1120,1120,Gadauli-Pz-M,CGWB,6,Haryana,58,AMBALA,NARAINGARH,NARAINGARH,Gadauli,-,-,-,-,-,-,30.38305556,77.15916667,,20-05-2022 06:00,43.78
1121,1121,Gadauli-Pz-M,CGWB,6,Haryana,58,AMBALA,NARAINGARH,NARAINGARH,Gadauli,-,-,-,-,-,-,30.38305556,77.15916667,,01-08-2022 06:00,58.22
1122,1122,Gadauli-Pz-M,CGWB,6,Haryana,58,AMBALA,NARAINGARH,NARAINGARH,Gadauli,-,-,-,-,-,-,30.38305556,77.15916667,,01-11-2022 06:00,41.24
1123,1123,Gadauli-Pz-M,CGWB,6,Haryana,58,AMBALA,NARAINGARH,NARAINGARH,Gadauli,-,-,-,-,-,-,30.38305556,77.15916667,,01-06-2023 00:00,42.87
1124,1124,Gadauli-Pz-M,CGWB,6,Haryana,58,AMBALA,NARAINGARH,NARAINGARH,Gadauli,-,-,-,-,-,-,30.38305556,77.15916667,,01-11-2023 00:00,45.45
1125,1125,Gadauli-Pz-S,CGWB,6,Haryana,58,AMBALA,NARAINGARH,NARAINGARH,Gadauli,-,-,-,-,-,-,30.38305556,77.15916667,,10-01-2021 00:00,19.72
1126,1126,Gadauli-Pz-S,CGWB,6,Haryana,58,AMBALA,NARAINGARH,NARAINGARH,Gadauli,-,-,-,-,-,-,30.38305556,77.15916667,,31-08-2021 06:00,38.51
1127,1127,Gadauli-Pz-S,CGWB,6,Haryana,58,AMBALA,NARAINGARH,NARAINGARH,Gadauli,-,-,-,-,-,-,30.38305556,77.15916667,,30-11-2021 06:00,25.9
1128,1128,Gadauli-Pz-S,CGWB,6,Haryana,58,AMBALA,NARAINGARH,NARAINGARH,Gadauli,-,-,-,-,-,-,30.38305556,77.15916667,,30-01-2022 07:00,20.58
1129,1129,Gadauli-Pz-S,CGWB,6,Haryana,58,AMBALA,NARAINGARH,NARAINGARH,Gadauli,-,-,-,-,-,-,30.38305556,77.15916667,,20-05-2022 06:00,29.7
1130,1130,Gadauli-Pz-S,CGWB,6,Haryana,58,AMBALA,NARAINGARH,NARAINGARH,Gadauli,-,-,-,-,-,-,30.38305556,77.15916667,,01-08-2022 06:00,41.53
1131,1131,Gadauli-Pz-S,CGWB,6,Haryana,58,AMBALA,NARAINGARH,NARAINGARH,Gadauli,-,-,-,-,-,-,30.38305556,77.15916667,,01-11-2022 06:00,25.37
1132,1132,Gadauli-Pz-S,CGWB,6,Haryana,58,AMBALA,NARAINGARH,NARAINGARH,Gadauli,-,-,-,-,-,-,30.38305556,77.15916667,,01-06-2023 00:00,31.16
1133,1133,Gadauli-Pz-S,CGWB,6,Haryana,58,AMBALA,NARAINGARH,NARAINGARH,Gadauli,-,-,-,-,-,-,30.38305556,77.15916667,,01-11-2023 00:00,44.98
1134,1134,Gadauli-Pz-S,CGWB,6,Haryana,58,AMBALA,NARAINGARH,NARAINGARH,Gadauli,-,-,-,-,-,-,30.38305556,77.15916667,,01-01-2024 00:00,22.94
1135,1135,GADAULI -S,CGWB,6,Haryana,58,AMBALA,NARAINGARH,-,-,-,-,-,-,-,-,30.549694,77.159181,,01-01-2023 00:00,21.82
1136,1136,Gain Pura,CGWB,6,Haryana,63,HISAR,HISSAR,BARWALA,Gain Pura,-,-,-,-,-,-,29.35,76.02083333,,10-01-2021 00:00,3.96
1137,1137,Gain Pura,CGWB,6,Haryana,63,HISAR,HISSAR,BARWALA,Gain Pura,-,-,-,-,-,-,29.35,76.02083333,,31-08-2021 06:00,7.6
1138,1138,Gain Pura,CGWB,6,Haryana,63,HISAR,HISSAR,BARWALA,Gain Pura,-,-,-,-,-,-,29.35,76.02083333,,30-11-2021 06:00,4.07
1139,1139,Gain Pura,CGWB,6,Haryana,63,HISAR,HISSAR,BARWALA,Gain Pura,-,-,-,-,-,-,29.35,76.02083333,,30-01-2022 07:00,2.68
1140,1140,Gain Pura,CGWB,6,Haryana,63,HISAR,HISSAR,BARWALA,Gain Pura,-,-,-,-,-,-,29.35,76.02083333,,16-08-2022 06:00,-0.54
1141,1141,Gain Pura,CGWB,6,Haryana,63,HISAR,HISSAR,BARWALA,Gain Pura,-,-,-,-,-,-,29.35,76.02083333,,01-11-2022 06:00,1.78
1142,1142,Gain Pura,CGWB,6,Haryana,63,HISAR,HISSAR,BARWALA,Gain Pura,-,-,-,-,-,-,29.35,76.02083333,,01-01-2023 00:00,2.5
1143,1143,Gain Pura,CGWB,6,Haryana,63,HISAR,HISSAR,BARWALA,Gain Pura,-,-,-,-,-,-,29.35,76.02083333,,01-06-2023 00:00,1.99
1144,1144,Gain Pura,CGWB,6,Haryana,63,HISAR,HISSAR,BARWALA,Gain Pura,-,-,-,-,-,-,29.35,76.02083333,,20-08-2023 00:00,1.19
1145,1145,Gain Pura,CGWB,6,Haryana,63,HISAR,HISSAR,BARWALA,Gain Pura,-,-,-,-,-,-,29.35,76.02083333,,01-11-2023 00:00,2.37
1146,1146,Gain Pura,CGWB,6,Haryana,63,HISAR,HISSAR,BARWALA,Gain Pura,-,-,-,-,-,-,29.35,76.02083333,,01-01-2024 00:00,2.03
1147,1147,Ganaur-Pz,CGWB,6,Haryana,75,SONIPAT,GANAUR,GANAUR,Ganaur,-,-,-,-,-,-,29.13333333,77.01444444,,20-05-2022 06:00,32.16
1148,1148,Ganda Khera-DW,CGWB,6,Haryana,65,JIND,NARWANA,UCHANA,Ganda Khera,-,-,-,-,-,-,29.51333333,76.24333333,,20-05-2022 06:00,17.92
1149,1149,Ganga,CGWB,6,Haryana,74,SIRSA,DABWALI,DABWALI,Ganga,-,-,-,-,-,-,29.78333333,74.67222222,,20-05-2022 06:00,15.2
1150,1150,Gangateri-Pz,CGWB,6,Haryana,67,KARNAL,ASSANDH,ASSANDH,Gangateri-Pz,-,-,-,-,-,-,29.47777778,76.50388889,,20-05-2022 06:00,28.2
1151,1151,Gangatheri,CGWB,6,Haryana,67,KARNAL,ASSANDH,ASSANDH,Gangatheri,-,-,-,-,-,-,29.46944444,76.4875,,20-08-2023 00:00,33.67
1152,1152,Gangola-DW,CGWB,6,Haryana,62,GURUGRAM,SOHANA,SOHANA,Gangola,-,-,-,-,-,-,28.26111111,77.20555556,,20-05-2022 06:00,4.25
1153,1153,Gangoli-DW,CGWB,6,Haryana,65,JIND,SAFIDON,PILUKHERA,Gangoli,-,-,-,-,-,-,29.3,76.52805556,,20-05-2022 06:00,2.1
1154,1154,Garhi-DW,CGWB,6,Haryana,72,REWARI,KOSLI,NAHAR,Garhi,-,-,-,-,-,-,28.41333333,76.34,,20-05-2022 06:00,19.3
1155,1155,Garhi Khajur M,CGWB,6,Haryana,67,KARNAL,GHARAUNDA,GHARAUNDA,Garhi Khajur M,-,-,-,-,-,-,29.53333333,77.05694444,,31-08-2021 06:00,22.13
1156,1156,Garhi Khajur M,CGWB,6,Haryana,67,KARNAL,GHARAUNDA,GHARAUNDA,Garhi Khajur M,-,-,-,-,-,-,29.53333333,77.05694444,,30-11-2021 06:00,17.63
1157,1157,Garhi Khajur M,CGWB,6,Haryana,67,KARNAL,GHARAUNDA,GHARAUNDA,Garhi Khajur M,-,-,-,-,-,-,29.53333333,77.05694444,,01-08-2022 06:00,23.07
1158,1158,Garhi Khajur M,CGWB,6,Haryana,67,KARNAL,GHARAUNDA,GHARAUNDA,Garhi Khajur M,-,-,-,-,-,-,29.53333333,77.05694444,,01-11-2022 06:00,15.3
1159,1159,Garhi Khajur M,CGWB,6,Haryana,67,KARNAL,GHARAUNDA,GHARAUNDA,Garhi Khajur M,-,-,-,-,-,-,29.53333333,77.05694444,,01-01-2023 00:00,13.25
1160,1160,Garhi Khajur M,CGWB,6,Haryana,67,KARNAL,GHARAUNDA,GHARAUNDA,Garhi Khajur M,-,-,-,-,-,-,29.53333333,77.05694444,,20-08-2023 00:00,19.46
1161,1161,Garhi Khajur M,CGWB,6,Haryana,67,KARNAL,GHARAUNDA,GHARAUNDA,Garhi Khajur M,-,-,-,-,-,-,29.53333333,77.05694444,,01-11-2023 00:00,16.78
1162,1162,Garhi Khajur S,CGWB,6,Haryana,67,KARNAL,GHARAUNDA,GHARAUNDA,Garhi Khajur,-,-,-,-,-,-,29.53333333,77.05694444,,30-11-2021 06:00,15.77
1163,1163,Garhi Khajur S,CGWB,6,Haryana,67,KARNAL,GHARAUNDA,GHARAUNDA,Garhi Khajur,-,-,-,-,-,-,29.53333333,77.05694444,,01-08-2022 06:00,19.36
1164,1164,Garhi Khajur S,CGWB,6,Haryana,67,KARNAL,GHARAUNDA,GHARAUNDA,Garhi Khajur,-,-,-,-,-,-,29.53333333,77.05694444,,01-11-2022 06:00,13.2
1165,1165,Garhi Khajur S,CGWB,6,Haryana,67,KARNAL,GHARAUNDA,GHARAUNDA,Garhi Khajur,-,-,-,-,-,-,29.53333333,77.05694444,,01-01-2023 00:00,14.88
1166,1166,Garhi Khajur S,CGWB,6,Haryana,67,KARNAL,GHARAUNDA,GHARAUNDA,Garhi Khajur,-,-,-,-,-,-,29.53333333,77.05694444,,01-11-2023 00:00,15.65
1167,1167,Garhikhajur (shallow),CGWB,6,Haryana,67,KARNAL,GHARAUNDA,GHARAUNDA,Garhikhajur (shallow),-,-,-,-,-,-,29.53333333,77.05694444,,31-08-2021 06:00,20.33
1168,1168,Garhikhajur (shallow),CGWB,6,Haryana,67,KARNAL,GHARAUNDA,GHARAUNDA,Garhikhajur (shallow),-,-,-,-,-,-,29.53333333,77.05694444,,30-01-2022 07:00,15.09
1169,1169,Garhi Roran-PZ,CGWB,6,Haryana,68,KURUKSHETRA,PEHOWA,PEHOWA,Garhi Roran,-,-,-,-,-,-,29.96361111,76.73027778,,20-05-2022 06:00,32.45
1170,1170,Garhwal,CGWB,6,Haryana,75,SONIPAT,GOHANA,KATHURA,Garhwal,-,-,-,-,-,-,29.18333333,76.53888889,,10-01-2021 00:00,0.89
1171,1171,Garhwal,CGWB,6,Haryana,75,SONIPAT,GOHANA,KATHURA,Garhwal,-,-,-,-,-,-,29.18333333,76.53888889,,31-08-2021 06:00,1.48
1172,1172,Garhwal,CGWB,6,Haryana,75,SONIPAT,GOHANA,KATHURA,Garhwal,-,-,-,-,-,-,29.18333333,76.53888889,,30-01-2022 07:00,1.02
1173,1173,Garhwal,CGWB,6,Haryana,75,SONIPAT,GOHANA,KATHURA,Garhwal,-,-,-,-,-,-,29.18333333,76.53888889,,20-05-2022 06:00,2
1174,1174,Garriran_1,CGWB,6,Haryana,70,PANCHKULA,PANCHKULA,-,-,-,-,-,-,-,-,30.838056,76.876389,,01-01-2023 00:00,32.45
1175,1175,Garriran_1,CGWB,6,Haryana,70,PANCHKULA,PANCHKULA,-,-,-,-,-,-,-,-,30.838056,76.876389,,01-11-2023 00:00,31.27
1176,1176,Garriran-DW,CGWB,6,Haryana,70,PANCHKULA,PANCHKULA,-,-,-,-,-,-,-,-,30.847222,76.866667,,01-01-2024 00:00,31.38
1177,1177,Ghaibipur,CGWB,6,Haryana,63,HISAR,HISSAR,BARWALA,Ghaibipur,-,-,-,-,-,-,29.425,75.92916667,,20-05-2022 06:00,6.95
1178,1178,Ghararsi-PZ,CGWB,6,Haryana,68,KURUKSHETRA,SHAHBAD,THANESAR,Ghararsi,-,-,-,-,-,-,29.91055556,76.70194444,,20-05-2022 06:00,34
1179,1179,Gharaunda-Pz,CGWB,6,Haryana,67,KARNAL,GHARAUNDA,GHARAUNDA,Gharaunda,-,-,-,-,-,-,29.53611111,76.96944444,,20-05-2022 06:00,32.8
1180,1180,Ghaso,CGWB,6,Haryana,65,JIND,NARWANA,UCHANA,Ghaso,-,-,-,-,-,-,29.52222222,76.15277778,,10-01-2021 00:00,15.17
1181,1181,Ghaso,CGWB,6,Haryana,65,JIND,NARWANA,UCHANA,Ghaso,-,-,-,-,-,-,29.52222222,76.15277778,,31-08-2021 06:00,16.16
1182,1182,Ghaso,CGWB,6,Haryana,65,JIND,NARWANA,UCHANA,Ghaso,-,-,-,-,-,-,29.52222222,76.15277778,,30-01-2022 07:00,14.5
1183,1183,Ghaso,CGWB,6,Haryana,65,JIND,NARWANA,UCHANA,Ghaso,-,-,-,-,-,-,29.52222222,76.15277778,,20-05-2022 06:00,14.2
1184,1184,Ghaso,CGWB,6,Haryana,65,JIND,NARWANA,UCHANA,Ghaso,-,-,-,-,-,-,29.52222222,76.15277778,,01-08-2022 06:00,13.9
1185,1185,Ghaso,CGWB,6,Haryana,65,JIND,NARWANA,UCHANA,Ghaso,-,-,-,-,-,-,29.52222222,76.15277778,,01-10-2022 00:00,12.75
1186,1186,Ghaso,CGWB,6,Haryana,65,JIND,NARWANA,UCHANA,Ghaso,-,-,-,-,-,-,29.52222222,76.15277778,,01-11-2022 06:00,11.2
1187,1187,Ghaso,CGWB,6,Haryana,65,JIND,NARWANA,UCHANA,Ghaso,-,-,-,-,-,-,29.52222222,76.15277778,,01-11-2023 00:00,15.1
1188,1188,Ghosao Kalan DW,CGWB,6,Haryana,65,JIND,NARWANA,UCHANA,Ghaso,-,-,-,-,-,-,29.5222,76.1528,226.58,20-08-2023 00:00,14.7
1189,1189,Ghosao Kalan DW,CGWB,6,Haryana,65,JIND,NARWANA,UCHANA,Ghaso,-,-,-,-,-,-,29.5222,76.1528,226.58,01-01-2024 00:00,14.05
1190,1190,Ghursal-Pz,CGWB,6,Haryana,63,HISAR,ADAMPUR,ADAMPUR,Ghursal,-,-,-,-,-,-,29.17083333,75.42277778,,10-01-2021 00:00,8.18
1191,1191,Ghursal-Pz,CGWB,6,Haryana,63,HISAR,ADAMPUR,ADAMPUR,Ghursal,-,-,-,-,-,-,29.17083333,75.42277778,,31-08-2021 06:00,8.78
1192,1192,Ghursal-Pz,CGWB,6,Haryana,63,HISAR,ADAMPUR,ADAMPUR,Ghursal,-,-,-,-,-,-,29.17083333,75.42277778,,30-11-2021 06:00,7.88
1193,1193,Ghursal-Pz,CGWB,6,Haryana,63,HISAR,ADAMPUR,ADAMPUR,Ghursal,-,-,-,-,-,-,29.17083333,75.42277778,,30-01-2022 07:00,7.14
1194,1194,Ghursal-Pz,CGWB,6,Haryana,63,HISAR,ADAMPUR,ADAMPUR,Ghursal,-,-,-,-,-,-,29.17083333,75.42277778,,20-05-2022 06:00,7.2
1195,1195,Ghursal-Pz,CGWB,6,Haryana,63,HISAR,ADAMPUR,ADAMPUR,Ghursal,-,-,-,-,-,-,29.17083333,75.42277778,,01-08-2022 06:00,6.53
1196,1196,Ghursal-Pz,CGWB,6,Haryana,63,HISAR,ADAMPUR,ADAMPUR,Ghursal,-,-,-,-,-,-,29.17083333,75.42277778,,01-11-2022 06:00,6.5
1197,1197,Ghursal-Pz,CGWB,6,Haryana,63,HISAR,ADAMPUR,ADAMPUR,Ghursal,-,-,-,-,-,-,29.17083333,75.42277778,,01-01-2023 00:00,6.6
1198,1198,Ghursal-Pz,CGWB,6,Haryana,63,HISAR,ADAMPUR,ADAMPUR,Ghursal,-,-,-,-,-,-,29.17083333,75.42277778,,01-06-2023 00:00,6.17
1199,1199,Ghursal-Pz,CGWB,6,Haryana,63,HISAR,ADAMPUR,ADAMPUR,Ghursal,-,-,-,-,-,-,29.17083333,75.42277778,,20-08-2023 00:00,6.02
1200,1200,Ghursal-Pz,CGWB,6,Haryana,63,HISAR,ADAMPUR,ADAMPUR,Ghursal,-,-,-,-,-,-,29.17083333,75.42277778,,01-11-2023 00:00,5.98
1201,1201,Ghushiana,CGWB,6,Haryana,74,SIRSA,SIRSA,NATHUSARI CHOPRA,Ghushiana,-,-,-,-,-,-,29.25277778,75.08333333,,20-05-2022 06:00,16.31
1202,1202,Ghushiana,CGWB,6,Haryana,74,SIRSA,SIRSA,NATHUSARI CHOPRA,Ghushiana,-,-,-,-,-,-,29.25277778,75.08333333,,01-08-2022 06:00,11.7
1203,1203,Ghushiana,CGWB,6,Haryana,74,SIRSA,SIRSA,NATHUSARI CHOPRA,Ghushiana,-,-,-,-,-,-,29.25277778,75.08333333,,01-11-2022 06:00,13.34
1204,1204,Ghushiana,CGWB,6,Haryana,74,SIRSA,SIRSA,NATHUSARI CHOPRA,Ghushiana,-,-,-,-,-,-,29.25277778,75.08333333,,01-01-2023 00:00,14.3
1205,1205,Ghushiana,CGWB,6,Haryana,74,SIRSA,SIRSA,NATHUSARI CHOPRA,Ghushiana,-,-,-,-,-,-,29.25277778,75.08333333,,01-06-2023 00:00,12.08
1206,1206,Ghushiana,CGWB,6,Haryana,74,SIRSA,SIRSA,NATHUSARI CHOPRA,Ghushiana,-,-,-,-,-,-,29.25277778,75.08333333,,20-08-2023 00:00,13.59
1207,1207,Ghushiana,CGWB,6,Haryana,74,SIRSA,SIRSA,NATHUSARI CHOPRA,Ghushiana,-,-,-,-,-,-,29.25277778,75.08333333,,01-11-2023 00:00,13.43
1208,1208,Ghushiana,CGWB,6,Haryana,74,SIRSA,SIRSA,NATHUSARI CHOPRA,Ghushiana,-,-,-,-,-,-,29.25277778,75.08333333,,01-01-2024 00:00,13.22
1209,1209,Gigorani,CGWB,6,Haryana,74,SIRSA,SIRSA,NATHUSARI CHOPRA,Gigorani,-,-,-,-,-,-,29.3,75.14444444,,30-01-2022 07:00,4.64
1210,1210,Gigorani,CGWB,6,Haryana,74,SIRSA,SIRSA,NATHUSARI CHOPRA,Gigorani,-,-,-,-,-,-,29.3,75.14444444,,01-01-2023 00:00,3.84
1211,1211,Gigorani,CGWB,6,Haryana,74,SIRSA,SIRSA,NATHUSARI CHOPRA,Gigorani,-,-,-,-,-,-,29.3,75.14444444,,01-06-2023 00:00,3.2
1212,1212,Gigorani,CGWB,6,Haryana,74,SIRSA,SIRSA,NATHUSARI CHOPRA,Gigorani,-,-,-,-,-,-,29.3,75.14444444,,20-08-2023 00:00,3.71
1213,1213,Gigorani,CGWB,6,Haryana,74,SIRSA,SIRSA,NATHUSARI CHOPRA,Gigorani,-,-,-,-,-,-,29.3,75.14444444,,01-01-2024 00:00,3.42
1214,1214,Giji-DW,CGWB,6,Haryana,73,ROHTAK,SAMPLA,SAMPLA,Giji,-,-,-,-,-,-,28.81861111,76.775,,20-05-2022 06:00,6
1215,1215,Gobind Garh-PZ,CGWB,6,Haryana,68,KURUKSHETRA,SHAHBAD,LADWA,Gobind Garh,-,-,-,-,-,-,29.95361111,77.02916667,,20-05-2022 06:00,29.1
1216,1216,Gobindpur M,CGWB,6,Haryana,58,AMBALA,NARAINGARH,NARAINGARH,Naraingarh,-,-,-,-,-,-,30.44972222,76.97888889,288,01-11-2023 00:00,69.96
1217,1217,Gobindpur M,CGWB,6,Haryana,58,AMBALA,NARAINGARH,NARAINGARH,Naraingarh,-,-,-,-,-,-,30.44972222,76.97888889,288,01-01-2024 00:00,60.82
1218,1218,Gobindpur S,CGWB,6,Haryana,58,AMBALA,NARAINGARH,NARAINGARH,Naraingarh,-,-,-,-,-,-,30.44972222,76.97888889,288,01-11-2023 00:00,70.32
1219,1219,Gobindpur S,CGWB,6,Haryana,58,AMBALA,NARAINGARH,NARAINGARH,Naraingarh,-,-,-,-,-,-,30.44972222,76.97888889,288,01-01-2024 00:00,60.06
1220,1220,Gohana1,CGWB,6,Haryana,75,SONIPAT,GOHANA,GOHANA,Gohana,-,-,-,-,-,-,29.13944444,76.71527778,,10-01-2021 00:00,20.83
1221,1221,Gohana1,CGWB,6,Haryana,75,SONIPAT,GOHANA,GOHANA,Gohana,-,-,-,-,-,-,29.13944444,76.71527778,,31-08-2021 06:00,22.61
1222,1222,Gohana1,CGWB,6,Haryana,75,SONIPAT,GOHANA,GOHANA,Gohana,-,-,-,-,-,-,29.13944444,76.71527778,,30-01-2022 07:00,17.21
1223,1223,Gohana1,CGWB,6,Haryana,75,SONIPAT,GOHANA,GOHANA,Gohana,-,-,-,-,-,-,29.13944444,76.71527778,,20-05-2022 06:00,17.86
1224,1224,Gohana1,CGWB,6,Haryana,75,SONIPAT,GOHANA,GOHANA,Gohana,-,-,-,-,-,-,29.13944444,76.71527778,,01-08-2022 06:00,17.69
1225,1225,Gohana1,CGWB,6,Haryana,75,SONIPAT,GOHANA,GOHANA,Gohana,-,-,-,-,-,-,29.13944444,76.71527778,,01-11-2022 06:00,17.25
1226,1226,Gohana1,CGWB,6,Haryana,75,SONIPAT,GOHANA,GOHANA,Gohana,-,-,-,-,-,-,29.13944444,76.71527778,,01-11-2023 00:00,15.39
1227,1227,Gohana1,CGWB,6,Haryana,75,SONIPAT,GOHANA,GOHANA,Gohana,-,-,-,-,-,-,29.13944444,76.71527778,,01-01-2024 00:00,15.06
1228,1228,Gohana-Pz,CGWB,6,Haryana,75,SONIPAT,GOHANA,KATHURA,Gohana,-,-,-,-,-,-,29.13944444,76.71527778,,01-10-2022 00:00,16.54
1229,1229,Gohana-Pz,CGWB,6,Haryana,75,SONIPAT,GOHANA,KATHURA,Gohana,-,-,-,-,-,-,29.13944444,76.71527778,,20-08-2023 00:00,15.31
1230,1230,Golpura-DW,CGWB,6,Haryana,70,PANCHKULA,PANCHKULA,RAIPUR RANI,Golpura,-,-,-,-,-,-,30.505,76.98611111,,10-01-2021 00:00,4.45
1231,1231,Golpura-DW,CGWB,6,Haryana,70,PANCHKULA,PANCHKULA,RAIPUR RANI,Golpura,-,-,-,-,-,-,30.505,76.98611111,,31-08-2021 06:00,4.95
1232,1232,Golpura-DW,CGWB,6,Haryana,70,PANCHKULA,PANCHKULA,RAIPUR RANI,Golpura,-,-,-,-,-,-,30.505,76.98611111,,30-11-2021 06:00,3.66
1233,1233,Golpura-DW,CGWB,6,Haryana,70,PANCHKULA,PANCHKULA,RAIPUR RANI,Golpura,-,-,-,-,-,-,30.505,76.98611111,,30-01-2022 07:00,1.18
1234,1234,Golpura-DW,CGWB,6,Haryana,70,PANCHKULA,PANCHKULA,RAIPUR RANI,Golpura,-,-,-,-,-,-,30.505,76.98611111,,20-05-2022 06:00,4.52
1235,1235,Golpura-DW,CGWB,6,Haryana,70,PANCHKULA,PANCHKULA,RAIPUR RANI,Golpura,-,-,-,-,-,-,30.505,76.98611111,,01-08-2022 06:00,3.31
1236,1236,Golpura-DW,CGWB,6,Haryana,70,PANCHKULA,PANCHKULA,RAIPUR RANI,Golpura,-,-,-,-,-,-,30.505,76.98611111,,01-11-2022 06:00,3.46
1237,1237,Golpura-DW,CGWB,6,Haryana,70,PANCHKULA,PANCHKULA,RAIPUR RANI,Golpura,-,-,-,-,-,-,30.505,76.98611111,,01-01-2023 00:00,3.88
1238,1238,Golpura-DW,CGWB,6,Haryana,70,PANCHKULA,PANCHKULA,RAIPUR RANI,Golpura,-,-,-,-,-,-,30.505,76.98611111,,01-06-2023 00:00,4.39
1239,1239,Golpura-DW,CGWB,6,Haryana,70,PANCHKULA,PANCHKULA,RAIPUR RANI,Golpura,-,-,-,-,-,-,30.505,76.98611111,,01-11-2023 00:00,2.09
1240,1240,Golpura-DW,CGWB,6,Haryana,70,PANCHKULA,PANCHKULA,RAIPUR RANI,Golpura,-,-,-,-,-,-,30.505,76.98611111,,01-01-2024 00:00,3.71
1241,1241,Gol Pura-PZ,CGWB,6,Haryana,68,KURUKSHETRA,SHAHBAD,SHAHBAD,Gol Pura,-,-,-,-,-,-,30.20111111,76.81,,20-05-2022 06:00,50.95
1242,1242,Gondar-Pz,CGWB,6,Haryana,67,KARNAL,KARNAL,NISSANG,Gondar,-,-,-,-,-,-,29.65833333,76.75,,10-01-2021 00:00,31.5
1243,1243,Gondar-Pz,CGWB,6,Haryana,67,KARNAL,KARNAL,NISSANG,Gondar,-,-,-,-,-,-,29.65833333,76.75,,30-11-2021 06:00,33.55
1244,1244,Gondar-Pz,CGWB,6,Haryana,67,KARNAL,KARNAL,NISSANG,Gondar,-,-,-,-,-,-,29.65833333,76.75,,30-01-2022 07:00,31.05
1245,1245,Gondar-Pz,CGWB,6,Haryana,67,KARNAL,KARNAL,NISSANG,Gondar,-,-,-,-,-,-,29.65833333,76.75,,01-11-2022 06:00,33.9
1246,1246,Gondar-Pz,CGWB,6,Haryana,67,KARNAL,KARNAL,NISSANG,Gondar,-,-,-,-,-,-,29.65833333,76.75,,01-01-2024 00:00,33.56
1247,1247,Gondhar,CGWB,6,Haryana,67,KARNAL,ASSANDH,ASSANDH,Gondhar,-,-,-,-,-,-,29.64833333,76.75472222,,31-08-2021 06:00,29.6
1248,1248,Gondhar,CGWB,6,Haryana,67,KARNAL,ASSANDH,ASSANDH,Gondhar,-,-,-,-,-,-,29.64833333,76.75472222,,20-05-2022 06:00,30.5
1249,1249,Gondhar,CGWB,6,Haryana,67,KARNAL,ASSANDH,ASSANDH,Gondhar,-,-,-,-,-,-,29.64833333,76.75472222,,01-08-2022 06:00,34.5
1250,1250,Gondhar,CGWB,6,Haryana,67,KARNAL,ASSANDH,ASSANDH,Gondhar,-,-,-,-,-,-,29.64833333,76.75472222,,01-01-2023 00:00,32.34
1251,1251,Gondhar,CGWB,6,Haryana,67,KARNAL,ASSANDH,ASSANDH,Gondhar,-,-,-,-,-,-,29.64833333,76.75472222,,01-11-2023 00:00,34.25
1252,1252,Gopalwas-PZ,CGWB,6,Haryana,701,Charkhi Dadri,BADHRA,BADHRA,Gopalwas,-,-,-,-,-,-,28.70305556,75.70722222,,20-05-2022 06:00,90.13
1253,1253,Gopi,CGWB,6,Haryana,701,Charkhi Dadri,BADHRA,BADHRA,Badri,-,-,-,-,-,-,28.55277778,75.95555556,,20-05-2022 06:00,72.65
1254,1254,Gorakhpur-DW,CGWB,6,Haryana,61,FATEHABAD,FATEHABAD,BHUNA,Gorakhpur,-,-,-,-,-,-,29.44861111,75.67083333,,20-05-2022 06:00,1.68
1255,1255,Gorar-DW,CGWB,6,Haryana,75,SONIPAT,KHARKHODA,KHARHAUDA,Gorar,-,-,-,-,-,-,28.94777778,76.8125,,20-05-2022 06:00,1
1256,1256,Goria-DW,CGWB,6,Haryana,64,JHAJJAR,JHAJJAR,MATANHAIL,Goria,-,-,-,-,-,-,28.45277778,76.38694444,,20-05-2022 06:00,2.15
1257,1257,Goriwala,CGWB,6,Haryana,74,SIRSA,DABWALI,DABWALI,Goriwala,-,-,-,-,-,-,29.79166667,74.70833333,,10-01-2021 00:00,7.86
1258,1258,Goriwala,CGWB,6,Haryana,74,SIRSA,DABWALI,DABWALI,Goriwala,-,-,-,-,-,-,29.79166667,74.70833333,,01-01-2023 00:00,17.61
1259,1259,Goriwala,CGWB,6,Haryana,74,SIRSA,DABWALI,DABWALI,Goriwala,-,-,-,-,-,-,29.79166667,74.70833333,,01-06-2023 00:00,17.38
1260,1260,Goriwala,CGWB,6,Haryana,74,SIRSA,DABWALI,DABWALI,Goriwala,-,-,-,-,-,-,29.79166667,74.70833333,,20-08-2023 00:00,17.39
1261,1261,Goriwala,CGWB,6,Haryana,74,SIRSA,DABWALI,DABWALI,Goriwala,-,-,-,-,-,-,29.79166667,74.70833333,,01-11-2023 00:00,17.81
1262,1262,Goriwala,CGWB,6,Haryana,74,SIRSA,DABWALI,DABWALI,Goriwala,-,-,-,-,-,-,29.79166667,74.70833333,,01-01-2024 00:00,17.44
1263,1263,Goriwala-Pz,CGWB,6,Haryana,74,SIRSA,DABWALI,DABWALI,Goriwala,-,-,-,-,-,-,29.7875,74.75555556,,31-08-2021 06:00,18.76
1264,1264,Goriwala-Pz,CGWB,6,Haryana,74,SIRSA,DABWALI,DABWALI,Goriwala,-,-,-,-,-,-,29.7875,74.75555556,,30-11-2021 06:00,17.22
1265,1265,Goriwala-Pz,CGWB,6,Haryana,74,SIRSA,DABWALI,DABWALI,Goriwala,-,-,-,-,-,-,29.7875,74.75555556,,30-01-2022 07:00,17.46
1266,1266,Goriwala-Pz,CGWB,6,Haryana,74,SIRSA,DABWALI,DABWALI,Goriwala,-,-,-,-,-,-,29.7875,74.75555556,,20-05-2022 06:00,18.5
1267,1267,Goriwala-Pz,CGWB,6,Haryana,74,SIRSA,DABWALI,DABWALI,Goriwala,-,-,-,-,-,-,29.7875,74.75555556,,01-08-2022 06:00,17.32
1268,1268,Goriwala-Pz,CGWB,6,Haryana,74,SIRSA,DABWALI,DABWALI,Goriwala,-,-,-,-,-,-,29.7875,74.75555556,,01-11-2022 06:00,17.45
1269,1269,Gudhana-Pz,CGWB,6,Haryana,62,GURUGRAM,PATAUDI,PATAUDI,Gudhana,-,-,-,-,-,-,28.35277778,76.68888889,,20-05-2022 06:00,32.95
1270,1270,Gudia Khera-DW,CGWB,6,Haryana,74,SIRSA,SIRSA,NATHUSARI CHOPRA,Gudia Khera,-,-,-,-,-,-,29.38388889,75.00055556,,20-05-2022 06:00,2.6
1271,1271,Guhna,CGWB,6,Haryana,66,KAITHAL,KAITHAL,KAITHAL,Guhna,-,-,-,-,-,-,29.775,76.26666667,,10-01-2021 00:00,29.01
1272,1272,Guhna,CGWB,6,Haryana,66,KAITHAL,KAITHAL,KAITHAL,Guhna,-,-,-,-,-,-,29.775,76.26666667,,30-11-2021 06:00,23.8
1273,1273,Guhna,CGWB,6,Haryana,66,KAITHAL,KAITHAL,KAITHAL,Guhna,-,-,-,-,-,-,29.775,76.26666667,,30-01-2022 07:00,29.43
1274,1274,Guhna,CGWB,6,Haryana,66,KAITHAL,KAITHAL,KAITHAL,Guhna,-,-,-,-,-,-,29.775,76.26666667,,20-05-2022 06:00,34.1
1275,1275,Guhna,CGWB,6,Haryana,66,KAITHAL,KAITHAL,KAITHAL,Guhna,-,-,-,-,-,-,29.775,76.26666667,,01-08-2022 06:00,25.6
1276,1276,Guhna,CGWB,6,Haryana,66,KAITHAL,KAITHAL,KAITHAL,Guhna,-,-,-,-,-,-,29.775,76.26666667,,01-01-2023 00:00,27.18
1277,1277,Guhna,CGWB,6,Haryana,66,KAITHAL,KAITHAL,KAITHAL,Guhna,-,-,-,-,-,-,29.775,76.26666667,,01-06-2023 00:00,37.38
1278,1278,Guhna,CGWB,6,Haryana,66,KAITHAL,KAITHAL,KAITHAL,Guhna,-,-,-,-,-,-,29.775,76.26666667,,20-08-2023 00:00,38.5
1279,1279,Guhna,CGWB,6,Haryana,66,KAITHAL,KAITHAL,KAITHAL,Guhna,-,-,-,-,-,-,29.775,76.26666667,,01-11-2023 00:00,29.53
1280,1280,Guhna,CGWB,6,Haryana,66,KAITHAL,KAITHAL,KAITHAL,Guhna,-,-,-,-,-,-,29.775,76.26666667,,01-01-2024 00:00,28.5
1281,1281,Guhna pz,CGWB,6,Haryana,66,KAITHAL,KAITHAL,KAITHAL,Guhna,-,-,-,-,-,-,29.76666667,76.26,,31-08-2021 06:00,31
1282,1282,Guhna pz,CGWB,6,Haryana,66,KAITHAL,KAITHAL,KAITHAL,Guhna,-,-,-,-,-,-,29.76666667,76.26,,30-11-2021 06:00,28.59
1283,1283,Guhna pz,CGWB,6,Haryana,66,KAITHAL,KAITHAL,KAITHAL,Guhna,-,-,-,-,-,-,29.76666667,76.26,,30-01-2022 07:00,21.7
1284,1284,Guhna pz,CGWB,6,Haryana,66,KAITHAL,KAITHAL,KAITHAL,Guhna,-,-,-,-,-,-,29.76666667,76.26,,20-05-2022 06:00,28.95
1285,1285,Guhna pz,CGWB,6,Haryana,66,KAITHAL,KAITHAL,KAITHAL,Guhna,-,-,-,-,-,-,29.76666667,76.26,,01-01-2023 00:00,22.99
1286,1286,Guhna pz,CGWB,6,Haryana,66,KAITHAL,KAITHAL,KAITHAL,Guhna,-,-,-,-,-,-,29.76666667,76.26,,01-06-2023 00:00,24.87
1287,1287,Guhna pz,CGWB,6,Haryana,66,KAITHAL,KAITHAL,KAITHAL,Guhna,-,-,-,-,-,-,29.76666667,76.26,,20-08-2023 00:00,29.84
1288,1288,Guhna pz,CGWB,6,Haryana,66,KAITHAL,KAITHAL,KAITHAL,Guhna,-,-,-,-,-,-,29.76666667,76.26,,01-11-2023 00:00,27.65
1289,1289,Guhna-Pz,CGWB,6,Haryana,66,KAITHAL,KAITHAL,KAITHAL,Guhna,-,-,-,-,-,-,29.76583333,76.26055556,,30-01-2022 07:00,21.7
1290,1290,Guhna-Pz,CGWB,6,Haryana,66,KAITHAL,KAITHAL,KAITHAL,Guhna,-,-,-,-,-,-,29.76583333,76.26055556,,20-05-2022 06:00,21.4
1291,1291,Guhna-Pz,CGWB,6,Haryana,66,KAITHAL,KAITHAL,KAITHAL,Guhna,-,-,-,-,-,-,29.76583333,76.26055556,,23-11-2022 06:00,22.63
1292,1292,Guhna-Pz,CGWB,6,Haryana,66,KAITHAL,KAITHAL,KAITHAL,Guhna,-,-,-,-,-,-,29.76583333,76.26055556,,01-01-2024 00:00,24.35
1293,1293,Gulaltha,CGWB,6,Haryana,604,Nuh,PUNHANA,PUNHANA,Gulaltha,-,-,-,-,-,-,27.91666667,77.17916667,,30-11-2021 06:00,0.95
1294,1294,Gulaltha,CGWB,6,Haryana,604,Nuh,PUNHANA,PUNHANA,Gulaltha,-,-,-,-,-,-,27.91666667,77.17916667,,20-05-2022 06:00,2.55
1295,1295,Gulawad-DW,CGWB,6,Haryana,619,Palwal,HODAL,HODAL,Gulawad,-,-,-,-,-,-,28.00972222,77.44583333,,20-05-2022 06:00,14.2
1296,1296,Gulha 1(m),CGWB,6,Haryana,66,KAITHAL,GULHA,GULHA,Gulha 1(m),-,-,-,-,-,-,30.04027778,76.3,,20-05-2022 06:00,47.3
1297,1297,Gumthala Garhu-PZ,CGWB,6,Haryana,68,KURUKSHETRA,PEHOWA,PEHOWA,Gumthala Garhu,-,-,-,-,-,-,29.93638889,76.55027778,,20-05-2022 06:00,37.1
1298,1298,Gurana,CGWB,6,Haryana,63,HISAR,HANSI,HANSI,Gurana,-,-,-,-,-,-,29.3,75.96666667,,20-05-2022 06:00,2
1299,1299,Gurera,CGWB,6,Haryana,59,BHIWANI,SIWANI,SIWANI,Gurera,-,-,-,-,-,-,28.91944444,75.51583333,,10-01-2021 00:00,16.5
1300,1300,Gurera,CGWB,6,Haryana,59,BHIWANI,SIWANI,SIWANI,Gurera,-,-,-,-,-,-,28.91944444,75.51583333,,31-08-2021 06:00,18.1
1301,1301,Gurera,CGWB,6,Haryana,59,BHIWANI,SIWANI,SIWANI,Gurera,-,-,-,-,-,-,28.91944444,75.51583333,,30-11-2021 06:00,16.1
1302,1302,Gurera,CGWB,6,Haryana,59,BHIWANI,SIWANI,SIWANI,Gurera,-,-,-,-,-,-,28.91944444,75.51583333,,30-01-2022 07:00,15.62
1303,1303,Gurera,CGWB,6,Haryana,59,BHIWANI,SIWANI,SIWANI,Gurera,-,-,-,-,-,-,28.91944444,75.51583333,,20-05-2022 06:00,19.6
1304,1304,Gurera,CGWB,6,Haryana,59,BHIWANI,SIWANI,SIWANI,Gurera,-,-,-,-,-,-,28.91944444,75.51583333,,01-08-2022 06:00,15.49
1305,1305,Gurera,CGWB,6,Haryana,59,BHIWANI,SIWANI,SIWANI,Gurera,-,-,-,-,-,-,28.91944444,75.51583333,,01-11-2022 06:00,15.4
1306,1306,Gurera,CGWB,6,Haryana,59,BHIWANI,SIWANI,SIWANI,Gurera,-,-,-,-,-,-,28.91944444,75.51583333,,01-01-2023 00:00,15.5
1307,1307,Gurera,CGWB,6,Haryana,59,BHIWANI,SIWANI,SIWANI,Gurera,-,-,-,-,-,-,28.91944444,75.51583333,,01-06-2023 00:00,15.34
1308,1308,Gurera,CGWB,6,Haryana,59,BHIWANI,SIWANI,SIWANI,Gurera,-,-,-,-,-,-,28.91944444,75.51583333,,20-08-2023 00:00,15.37
1309,1309,Gurera,CGWB,6,Haryana,59,BHIWANI,SIWANI,SIWANI,Gurera,-,-,-,-,-,-,28.91944444,75.51583333,,01-11-2023 00:00,15.47
1310,1310,Gurera,CGWB,6,Haryana,59,BHIWANI,SIWANI,SIWANI,Gurera,-,-,-,-,-,-,28.91944444,75.51583333,,01-01-2024 00:00,15.44
1311,1311,Gurera-pz,CGWB,6,Haryana,59,BHIWANI,SIWANI,SIWANI,Gurera,-,-,-,-,-,-,28.94583333,75.51666667,,30-01-2022 07:00,14.27
1312,1312,Gurera-pz,CGWB,6,Haryana,59,BHIWANI,SIWANI,SIWANI,Gurera,-,-,-,-,-,-,28.94583333,75.51666667,,01-08-2022 06:00,15.18
1313,1313,Gurera-pz,CGWB,6,Haryana,59,BHIWANI,SIWANI,SIWANI,Gurera,-,-,-,-,-,-,28.94583333,75.51666667,,01-01-2023 00:00,14.22
1314,1314,Gurera-pz,CGWB,6,Haryana,59,BHIWANI,SIWANI,SIWANI,Gurera,-,-,-,-,-,-,28.94583333,75.51666667,,01-06-2023 00:00,14.26
1315,1315,Gurera-pz,CGWB,6,Haryana,59,BHIWANI,SIWANI,SIWANI,Gurera,-,-,-,-,-,-,28.94583333,75.51666667,,20-08-2023 00:00,14.28
1316,1316,Gurera-pz,CGWB,6,Haryana,59,BHIWANI,SIWANI,SIWANI,Gurera,-,-,-,-,-,-,28.94583333,75.51666667,,01-01-2024 00:00,14.17
1317,1317,Gurera PZ,CGWB,6,Haryana,59,BHIWANI,SIWANI,SIWANI,Gurera,-,-,-,-,-,-,28.9175,75.51916667,,10-01-2021 00:00,14.79
1318,1318,Gurera PZ,CGWB,6,Haryana,59,BHIWANI,SIWANI,SIWANI,Gurera,-,-,-,-,-,-,28.9175,75.51916667,,31-08-2021 06:00,15.64
1319,1319,Gurera PZ,CGWB,6,Haryana,59,BHIWANI,SIWANI,SIWANI,Gurera,-,-,-,-,-,-,28.9175,75.51916667,,30-11-2021 06:00,14.34
1320,1320,Gurera PZ,CGWB,6,Haryana,59,BHIWANI,SIWANI,SIWANI,Gurera,-,-,-,-,-,-,28.9175,75.51916667,,30-01-2022 07:00,14.27
1321,1321,Gurera PZ,CGWB,6,Haryana,59,BHIWANI,SIWANI,SIWANI,Gurera,-,-,-,-,-,-,28.9175,75.51916667,,20-05-2022 06:00,14.46
1322,1322,Gurera PZ,CGWB,6,Haryana,59,BHIWANI,SIWANI,SIWANI,Gurera,-,-,-,-,-,-,28.9175,75.51916667,,01-11-2022 06:00,12.83
1323,1323,Gurera PZ,CGWB,6,Haryana,59,BHIWANI,SIWANI,SIWANI,Gurera,-,-,-,-,-,-,28.9175,75.51916667,,01-11-2023 00:00,14.32
1324,1324,Guriani,CGWB,6,Haryana,72,REWARI,KOSLI,NAHAR,Guriani,-,-,-,-,-,-,28.35833333,76.52916667,,30-01-2022 07:00,16.72
1325,1325,Gurkawas-DW,CGWB,6,Haryana,72,REWARI,REWARI,REWARI,Gurkawas,-,-,-,-,-,-,28.25277778,76.63111111,,20-05-2022 06:00,7.55
1326,1326,Gurusar-DW,CGWB,6,Haryana,65,JIND,NARWANA,NARWANA,Gurusar,-,-,-,-,-,-,29.75722222,76.11027778,,20-05-2022 06:00,12.3
1327,1327,Haila Mandi,CGWB,6,Haryana,62,GURUGRAM,PATAUDI,PATAUDI,Haila Mandi,-,-,-,-,-,-,28.31305556,76.77083333,,20-05-2022 06:00,33.95
1328,1328,Haluwas,CGWB,6,Haryana,59,BHIWANI,BHIWANI,BHIWANI,Haluwas,-,-,-,-,-,-,28.73333333,76.16666667,,10-01-2021 00:00,4.1
1329,1329,Haluwas,CGWB,6,Haryana,59,BHIWANI,BHIWANI,BHIWANI,Haluwas,-,-,-,-,-,-,28.73333333,76.16666667,,31-08-2021 06:00,3.69
1330,1330,Haluwas,CGWB,6,Haryana,59,BHIWANI,BHIWANI,BHIWANI,Haluwas,-,-,-,-,-,-,28.73333333,76.16666667,,30-11-2021 06:00,1.14
1331,1331,Haluwas,CGWB,6,Haryana,59,BHIWANI,BHIWANI,BHIWANI,Haluwas,-,-,-,-,-,-,28.73333333,76.16666667,,30-01-2022 07:00,0.98
1332,1332,Haluwas,CGWB,6,Haryana,59,BHIWANI,BHIWANI,BHIWANI,Haluwas,-,-,-,-,-,-,28.73333333,76.16666667,,20-05-2022 06:00,2.97
1333,1333,Haluwas,CGWB,6,Haryana,59,BHIWANI,BHIWANI,BHIWANI,Haluwas,-,-,-,-,-,-,28.73333333,76.16666667,,01-08-2022 06:00,0.84
1334,1334,Haluwas,CGWB,6,Haryana,59,BHIWANI,BHIWANI,BHIWANI,Haluwas,-,-,-,-,-,-,28.73333333,76.16666667,,01-11-2022 06:00,2.1
1335,1335,Haluwas,CGWB,6,Haryana,59,BHIWANI,BHIWANI,BHIWANI,Haluwas,-,-,-,-,-,-,28.73333333,76.16666667,,01-01-2023 00:00,3.35
1336,1336,Haluwas,CGWB,6,Haryana,59,BHIWANI,BHIWANI,BHIWANI,Haluwas,-,-,-,-,-,-,28.73333333,76.16666667,,01-06-2023 00:00,3.59
1337,1337,Haluwas,CGWB,6,Haryana,59,BHIWANI,BHIWANI,BHIWANI,Haluwas,-,-,-,-,-,-,28.73333333,76.16666667,,20-08-2023 00:00,2.5
1338,1338,Haluwas,CGWB,6,Haryana,59,BHIWANI,BHIWANI,BHIWANI,Haluwas,-,-,-,-,-,-,28.73333333,76.16666667,,01-11-2023 00:00,3.04
1339,1339,Hangola,CGWB,6,Haryana,70,PANCHKULA,PANCHKULA,RAIPUR RANI,Hangola,-,-,-,-,-,-,30.53277778,77.03111111,,10-01-2021 00:00,3.15
1340,1340,Hangola,CGWB,6,Haryana,70,PANCHKULA,PANCHKULA,RAIPUR RANI,Hangola,-,-,-,-,-,-,30.53277778,77.03111111,,31-08-2021 06:00,5.11
1341,1341,Hangola,CGWB,6,Haryana,70,PANCHKULA,PANCHKULA,RAIPUR RANI,Hangola,-,-,-,-,-,-,30.53277778,77.03111111,,30-11-2021 06:00,5.49
1342,1342,Hangola,CGWB,6,Haryana,70,PANCHKULA,PANCHKULA,RAIPUR RANI,Hangola,-,-,-,-,-,-,30.53277778,77.03111111,,30-01-2022 07:00,6.43
1343,1343,Hangola,CGWB,6,Haryana,70,PANCHKULA,PANCHKULA,RAIPUR RANI,Hangola,-,-,-,-,-,-,30.53277778,77.03111111,,20-05-2022 06:00,8.5
1344,1344,Hangola,CGWB,6,Haryana,70,PANCHKULA,PANCHKULA,RAIPUR RANI,Hangola,-,-,-,-,-,-,30.53277778,77.03111111,,01-08-2022 06:00,5.18
1345,1345,Hangola,CGWB,6,Haryana,70,PANCHKULA,PANCHKULA,RAIPUR RANI,Hangola,-,-,-,-,-,-,30.53277778,77.03111111,,01-11-2022 06:00,4.85
1346,1346,Hangola,CGWB,6,Haryana,70,PANCHKULA,PANCHKULA,RAIPUR RANI,Hangola,-,-,-,-,-,-,30.53277778,77.03111111,,01-01-2023 00:00,5.07
1347,1347,Hangola,CGWB,6,Haryana,70,PANCHKULA,PANCHKULA,RAIPUR RANI,Hangola,-,-,-,-,-,-,30.53277778,77.03111111,,01-06-2023 00:00,5.48
1348,1348,Hangola,CGWB,6,Haryana,70,PANCHKULA,PANCHKULA,RAIPUR RANI,Hangola,-,-,-,-,-,-,30.53277778,77.03111111,,01-11-2023 00:00,4.61
1349,1349,Hangola,CGWB,6,Haryana,70,PANCHKULA,PANCHKULA,RAIPUR RANI,Hangola,-,-,-,-,-,-,30.53277778,77.03111111,,01-01-2024 00:00,4.81
1350,1350,Hansaka-DW,CGWB,6,Haryana,72,REWARI,REWARI,REWARI,Hansaka,-,-,-,-,-,-,28.20666667,76.68111111,,20-05-2022 06:00,7.4
1351,1351,Hansi S,CGWB,6,Haryana,63,HISAR,HANSI,HANSI,Hansi S,-,-,-,-,-,-,29.18333333,75.96583333,,20-05-2022 06:00,6.7
1352,1352,Harchandpur Pz,CGWB,6,Haryana,62,GURUGRAM,SOHANA,SOHANA,Harchandpur Pz,-,-,-,-,-,-,28.26666667,77.13888889,,20-05-2022 06:00,26.4
1353,1353,Harigarh Kingan-Pz,CGWB,6,Haryana,66,KAITHAL,GULHA,GULHA,Harigarh Kingan,-,-,-,-,-,-,30.06111111,76.4,,20-05-2022 06:00,40.83
1354,1354,Harinagar-DW,CGWB,6,Haryana,72,REWARI,REWARI,REWARI,Harinagar,-,-,-,-,-,-,28.19444444,76.575,,20-05-2022 06:00,17.4
1355,1355,Haryana AMBALA NARAINGARH Jandheri Pz (D),CGWB,6,Haryana,58,AMBALA,NARAINGARH,-,-,-,-,-,-,-,-,30.088848,76.61036,,01-11-2023 00:00,43.96
1356,1356,Haryana AMBALA NARAINGARH Jandheri Pz (M),CGWB,6,Haryana,58,AMBALA,NARAINGARH,-,-,-,-,-,-,-,-,30.088848,76.61036,,01-11-2023 00:00,44.69
1357,1357,Haryana AMBALA NARAINGARH Jandheri Pz (S),CGWB,6,Haryana,58,AMBALA,NARAINGARH,-,-,-,-,-,-,-,-,30.088848,76.61036,,01-11-2023 00:00,44.6
1358,1358,Haryana BHIWANI SIWANI Loharwala-100,CGWB,6,Haryana,59,BHIWANI,SIWANI,-,-,-,-,-,-,-,-,28.628737,76.360227,,20-08-2023 00:00,3.28
1359,1359,Haryana BHIWANI SIWANI Loharwala-200,CGWB,6,Haryana,59,BHIWANI,SIWANI,-,-,-,-,-,-,-,-,28.628773,76.360227,,20-08-2023 00:00,2.56
1360,1360,Haryana Faridabad Ballabhgarh Imammudinpur,CGWB,6,Haryana,60,FARIDABAD,-,-,-,-,-,-,-,-,-,28.321384,77.462578,,01-01-2024 00:00,20.98
1361,1361,Haryana Fatehabad Fatehabad ( HR ) Dariyapur(S),CGWB,6,Haryana,61,FATEHABAD,-,-,-,-,-,-,-,-,-,29.5343,75.3523,,20-08-2023 00:00,53.4
1362,1362,Haryana Fatehabad Fatehabad ( HR ) Dariyapur(S),CGWB,6,Haryana,61,FATEHABAD,-,-,-,-,-,-,-,-,-,29.5343,75.3523,,01-11-2023 00:00,15.17
1363,1363,Haryana HISAR HISAR - I Kuleri (S),CGWB,6,Haryana,63,HISAR,-,-,-,-,-,-,-,-,-,29.363176,75.66172,,20-08-2023 00:00,5.67
1364,1364,Haryana HISAR Hissar-I Kuleri (D),CGWB,6,Haryana,63,HISAR,-,-,-,-,-,-,-,-,-,29.360997,75.660236,,20-08-2023 00:00,3.3
1365,1365,Haryana HISAR Hissar-I Kuleri (M),CGWB,6,Haryana,63,HISAR,-,-,-,-,-,-,-,-,-,29.363176,75.66172,,20-08-2023 00:00,5.73
1366,1366,Haryana HISAR NARNAUD Alipur Kharar (D),CGWB,6,Haryana,63,HISAR,NARNAUD,-,-,-,-,-,-,-,-,29.63135,76.224283,,20-08-2023 00:00,10.84
1367,1367,Haryana HISAR NARNAUD Alipur Kharar (D),CGWB,6,Haryana,63,HISAR,NARNAUD,-,-,-,-,-,-,-,-,29.63135,76.224283,,01-01-2024 00:00,11.39
1368,1368,Haryana JHAJJAR BAHADURGARH Gabhana,CGWB,6,Haryana,64,JHAJJAR,-,-,-,-,-,-,-,-,-,28.605127,76.8384,,01-11-2023 00:00,2.6
1369,1369,Haryana JHAJJAR BAHADURGARH Gabhana,CGWB,6,Haryana,64,JHAJJAR,-,-,-,-,-,-,-,-,-,28.605127,76.8384,,01-01-2024 00:00,2.05
1370,1370,Haryana JIND UCHANA Karsola-D,CGWB,6,Haryana,65,JIND,-,-,-,-,-,-,-,-,-,29.149924,76.413297,,20-08-2023 00:00,3.28
1371,1371,Haryana JIND UCHANA Karsola-M,CGWB,6,Haryana,65,JIND,-,-,-,-,-,-,-,-,-,29.149924,76.413297,,20-08-2023 00:00,1.82
1372,1372,Haryana JIND UCHANA Karsola-S,CGWB,6,Haryana,65,JIND,-,-,-,-,-,-,-,-,-,29.149924,76.413297,,20-08-2023 00:00,1.79
1373,1373,Haryana KARNAL ASSANDH Islam Nagar- Pz-D,CGWB,6,Haryana,67,KARNAL,ASSANDH,-,-,-,-,-,-,-,-,29.875562,77.112555,,20-08-2023 00:00,8.52
1374,1374,Haryana KARNAL ASSANDH Islam Nagar- Pz-M,CGWB,6,Haryana,67,KARNAL,ASSANDH,-,-,-,-,-,-,-,-,29.875556,77.112362,,20-08-2023 00:00,7.08
1375,1375,Haryana KARNAL KARNAL CSSRI,CGWB,6,Haryana,67,KARNAL,KARNAL,-,-,-,-,-,-,-,-,29.710406,76.956781,,20-08-2023 00:00,15.73
1376,1376,Haryana KARNAL KARNAL SBBRI,CGWB,6,Haryana,67,KARNAL,KARNAL,-,-,-,-,-,-,-,-,29.704845,76.997445,,20-08-2023 00:00,22.65
1377,1377,Haryana PANIPAT GARHI Garhi Chajju M,CGWB,6,Haryana,71,PANIPAT,-,-,-,-,-,-,-,-,-,29.264788,77.050758,,20-08-2023 00:00,34.03
1378,1378,Haryana PANIPAT GARHI Garhi Chajju M,CGWB,6,Haryana,71,PANIPAT,-,-,-,-,-,-,-,-,-,29.264788,77.050758,,01-01-2024 00:00,32.87
1379,1379,Haryana PANIPAT GARHI Garhi Chajju S,CGWB,6,Haryana,71,PANIPAT,-,-,-,-,-,-,-,-,-,29.264788,77.050758,,20-08-2023 00:00,34.08
1380,1380,Haryana PANIPAT GARHI Garhi Chajju S,CGWB,6,Haryana,71,PANIPAT,-,-,-,-,-,-,-,-,-,29.264788,77.050758,,01-01-2024 00:00,32.93
1381,1381,Haryana Sirsa Sirsa Darba Kalan,CGWB,6,Haryana,74,SIRSA,-,-,-,-,-,-,-,-,-,29.40888,75.117925,,20-08-2023 00:00,2.35
1382,1382,Haryana Sirsa Sirsa Darbakalan-1,CGWB,6,Haryana,74,SIRSA,-,-,-,-,-,-,-,-,-,29.408854,75.117923,,20-08-2023 00:00,2.25
1383,1383,Haryana SONIPAT Sonipat Asadpur Nandnour,CGWB,6,Haryana,75,SONIPAT,-,-,-,-,-,-,-,-,-,29.0306,77.1295,,01-01-2024 00:00,20.12
1384,1384,Hasan pur,CGWB,6,Haryana,619,Palwal,HATHIN,HATHIN,Kot,-,-,-,-,-,-,27.95833333,77.22916667,,30-01-2022 07:00,19.48
1385,1385,Hasan pur,CGWB,6,Haryana,619,Palwal,HATHIN,HATHIN,Kot,-,-,-,-,-,-,27.95833333,77.22916667,,01-11-2022 06:00,18.92
1386,1386,Hasanpur-Pz,CGWB,6,Haryana,65,JIND,JIND,ALEWA,Hasanpur,-,-,-,-,-,-,29.45,76.4,,20-05-2022 06:00,38.95
1387,1387,Hassangarh,CGWB,6,Haryana,73,ROHTAK,SAMPLA,SAMPLA,Hassangarh,-,-,-,-,-,-,28.84166667,76.85,,10-01-2021 00:00,4.93
1388,1388,Hassangarh,CGWB,6,Haryana,73,ROHTAK,SAMPLA,SAMPLA,Hassangarh,-,-,-,-,-,-,28.84166667,76.85,,31-08-2021 06:00,2.26
1389,1389,Hassangarh,CGWB,6,Haryana,73,ROHTAK,SAMPLA,SAMPLA,Hassangarh,-,-,-,-,-,-,28.84166667,76.85,,30-01-2022 07:00,2.1
1390,1390,Hassangarh,CGWB,6,Haryana,73,ROHTAK,SAMPLA,SAMPLA,Hassangarh,-,-,-,-,-,-,28.84166667,76.85,,20-05-2022 06:00,2.85
1391,1391,Hassangarh,CGWB,6,Haryana,73,ROHTAK,SAMPLA,SAMPLA,Hassangarh,-,-,-,-,-,-,28.84166667,76.85,,01-08-2022 06:00,1.58
1392,1392,Hassangarh,CGWB,6,Haryana,73,ROHTAK,SAMPLA,SAMPLA,Hassangarh,-,-,-,-,-,-,28.84166667,76.85,,01-10-2022 00:00,3.28
1393,1393,Hassangarh,CGWB,6,Haryana,73,ROHTAK,SAMPLA,SAMPLA,Hassangarh,-,-,-,-,-,-,28.84166667,76.85,,01-11-2022 06:00,1.74
1394,1394,Hassangarh,CGWB,6,Haryana,73,ROHTAK,SAMPLA,SAMPLA,Hassangarh,-,-,-,-,-,-,28.84166667,76.85,,20-08-2023 00:00,0.95
1395,1395,Hassangarh,CGWB,6,Haryana,73,ROHTAK,SAMPLA,SAMPLA,Hassangarh,-,-,-,-,-,-,28.84166667,76.85,,01-11-2023 00:00,1.23
1396,1396,Hassangarh,CGWB,6,Haryana,73,ROHTAK,SAMPLA,SAMPLA,Hassangarh,-,-,-,-,-,-,28.84166667,76.85,,01-01-2024 00:00,1.32
1397,1397,Hassanpur,CGWB,6,Haryana,619,Palwal,HODAL,HODAL,Hassanpur,-,-,-,-,-,-,27.96666667,77.49027778,,01-01-2023 00:00,17.03
1398,1398,Hassanpur,CGWB,6,Haryana,619,Palwal,HODAL,HODAL,Hassanpur,-,-,-,-,-,-,27.96666667,77.49027778,,01-06-2023 00:00,17.86
1399,1399,Hasu,CGWB,6,Haryana,74,SIRSA,DABWALI,ODHAN,Hasu,-,-,-,-,-,-,29.89861111,74.93472222,,20-05-2022 06:00,18.2
1400,1400,Hathin,CGWB,6,Haryana,619,Palwal,HATHIN,HATHIN,Hathin,-,-,-,-,-,-,28.04583333,77.24166667,,20-05-2022 06:00,11.2
1401,1401,Hathira-PZ,CGWB,6,Haryana,68,KURUKSHETRA,SHAHBAD,THANESAR,Hathira,-,-,-,-,-,-,29.88611111,76.7525,,20-05-2022 06:00,28.97
1402,1402,Hathwala-Pz,CGWB,6,Haryana,71,PANIPAT,SAMALKHA,SAMALKHA,Hathwala,-,-,-,-,-,-,29.22638889,77.11805556,,20-05-2022 06:00,13.57
1403,1403,Hatira (m),CGWB,6,Haryana,68,KURUKSHETRA,SHAHBAD,THANESAR,Hatira (m),-,-,-,-,-,-,29.95,76.7625,,10-01-2021 00:00,28.49
1404,1404,Hatira (m),CGWB,6,Haryana,68,KURUKSHETRA,SHAHBAD,THANESAR,Hatira (m),-,-,-,-,-,-,29.95,76.7625,,31-08-2021 06:00,48.98
1405,1405,Hatira (m),CGWB,6,Haryana,68,KURUKSHETRA,SHAHBAD,THANESAR,Hatira (m),-,-,-,-,-,-,29.95,76.7625,,30-11-2021 06:00,32.26
1406,1406,Hatira (m),CGWB,6,Haryana,68,KURUKSHETRA,SHAHBAD,THANESAR,Hatira (m),-,-,-,-,-,-,29.95,76.7625,,30-01-2022 07:00,29.65
1407,1407,Hatira (m),CGWB,6,Haryana,68,KURUKSHETRA,SHAHBAD,THANESAR,Hatira (m),-,-,-,-,-,-,29.95,76.7625,,01-08-2022 06:00,34
1408,1408,Hatira (m),CGWB,6,Haryana,68,KURUKSHETRA,SHAHBAD,THANESAR,Hatira (m),-,-,-,-,-,-,29.95,76.7625,,01-11-2022 06:00,32.25
1409,1409,Hatira (m),CGWB,6,Haryana,68,KURUKSHETRA,SHAHBAD,THANESAR,Hatira (m),-,-,-,-,-,-,29.95,76.7625,,01-01-2023 00:00,29.5
1410,1410,Hatira  (s),CGWB,6,Haryana,68,KURUKSHETRA,SHAHBAD,THANESAR,Hatira  (s),-,-,-,-,-,-,29.95,76.7625,,20-08-2023 00:00,35.11
1411,1411,Hatira  (s),CGWB,6,Haryana,68,KURUKSHETRA,SHAHBAD,THANESAR,Hatira  (s),-,-,-,-,-,-,29.95,76.7625,,01-11-2023 00:00,32.78
1412,1412,Helwa-PZ,CGWB,6,Haryana,68,KURUKSHETRA,PEHOWA,PEHOWA,Helwa,-,-,-,-,-,-,29.97388889,76.78805556,,20-05-2022 06:00,38.85
1413,1413,Hetampur,CGWB,6,Haryana,59,BHIWANI,BHIWANI,KAIRU,Hetampur,-,-,-,-,-,-,28.70333333,75.90333333,,10-01-2021 00:00,12.32
1414,1414,Hetampur,CGWB,6,Haryana,59,BHIWANI,BHIWANI,KAIRU,Hetampur,-,-,-,-,-,-,28.70333333,75.90333333,,31-08-2021 06:00,14.8
1415,1415,Hetampur,CGWB,6,Haryana,59,BHIWANI,BHIWANI,KAIRU,Hetampur,-,-,-,-,-,-,28.70333333,75.90333333,,30-11-2021 06:00,11.02
1416,1416,Hetampur,CGWB,6,Haryana,59,BHIWANI,BHIWANI,KAIRU,Hetampur,-,-,-,-,-,-,28.70333333,75.90333333,,30-01-2022 07:00,11.47
1417,1417,Hetampur,CGWB,6,Haryana,59,BHIWANI,BHIWANI,KAIRU,Hetampur,-,-,-,-,-,-,28.70333333,75.90333333,,20-05-2022 06:00,18.2
1418,1418,Hetampur,CGWB,6,Haryana,59,BHIWANI,BHIWANI,KAIRU,Hetampur,-,-,-,-,-,-,28.70333333,75.90333333,,01-08-2022 06:00,12.22
1419,1419,Hetampur,CGWB,6,Haryana,59,BHIWANI,BHIWANI,KAIRU,Hetampur,-,-,-,-,-,-,28.70333333,75.90333333,,01-11-2022 06:00,10.87
1420,1420,Hetampur,CGWB,6,Haryana,59,BHIWANI,BHIWANI,KAIRU,Hetampur,-,-,-,-,-,-,28.70333333,75.90333333,,20-08-2023 00:00,12.07
1421,1421,Hetampur,CGWB,6,Haryana,59,BHIWANI,BHIWANI,KAIRU,Hetampur,-,-,-,-,-,-,28.70333333,75.90333333,,01-11-2023 00:00,12.23
1422,1422,Hetampur,CGWB,6,Haryana,59,BHIWANI,BHIWANI,KAIRU,Hetampur,-,-,-,-,-,-,28.70333333,75.90333333,,01-01-2024 00:00,13.61
1423,1423,HETAM PURA,CGWB,6,Haryana,59,BHIWANI,BHIWANI,-,-,-,-,-,-,-,-,28.799053,76.133502,,01-01-2023 00:00,12.27
1424,1424,HETAM PURA,CGWB,6,Haryana,59,BHIWANI,BHIWANI,-,-,-,-,-,-,-,-,28.799053,76.133502,,01-06-2023 00:00,13.17
1425,1425,Hissar,CGWB,6,Haryana,63,HISAR,HISSAR,HISAR - I,Hissar,-,-,-,-,-,-,29.15416667,75.71666667,,10-01-2021 00:00,6.54
1426,1426,Hissar,CGWB,6,Haryana,63,HISAR,HISSAR,HISAR - I,Hissar,-,-,-,-,-,-,29.15416667,75.71666667,,30-11-2021 06:00,6.5
1427,1427,Hissar,CGWB,6,Haryana,63,HISAR,HISSAR,HISAR - I,Hissar,-,-,-,-,-,-,29.15416667,75.71666667,,20-05-2022 06:00,6.55
1428,1428,Hissar,CGWB,6,Haryana,63,HISAR,HISSAR,HISAR - I,Hissar,-,-,-,-,-,-,29.15416667,75.71666667,,01-08-2022 06:00,6.52
1429,1429,Hissar-Pz,CGWB,6,Haryana,63,HISAR,HISSAR,HISAR - I,Hissar,-,-,-,-,-,-,29.14,75.72222222,,31-08-2021 06:00,7.55
1430,1430,Hissar-Pz,CGWB,6,Haryana,63,HISAR,HISSAR,HISAR - I,Hissar,-,-,-,-,-,-,29.14,75.72222222,,30-01-2022 07:00,6.35
1431,1431,Hissar-Pz,CGWB,6,Haryana,63,HISAR,HISSAR,HISAR - I,Hissar,-,-,-,-,-,-,29.14,75.72222222,,20-05-2022 06:00,7.4
1432,1432,Hissar-Pz,CGWB,6,Haryana,63,HISAR,HISSAR,HISAR - I,Hissar,-,-,-,-,-,-,29.14,75.72222222,,01-11-2022 06:00,3.34
1433,1433,Hissar-Pz,CGWB,6,Haryana,63,HISAR,HISSAR,HISAR - I,Hissar,-,-,-,-,-,-,29.14,75.72222222,,01-01-2023 00:00,6.78
1434,1434,Hissar-Pz,CGWB,6,Haryana,63,HISAR,HISSAR,HISAR - I,Hissar,-,-,-,-,-,-,29.14,75.72222222,,01-06-2023 00:00,6.37
1435,1435,Hissar-Pz,CGWB,6,Haryana,63,HISAR,HISSAR,HISAR - I,Hissar,-,-,-,-,-,-,29.14,75.72222222,,20-08-2023 00:00,5.77
1436,1436,Hissar-Pz,CGWB,6,Haryana,63,HISAR,HISSAR,HISAR - I,Hissar,-,-,-,-,-,-,29.14,75.72222222,,01-11-2023 00:00,5.74
1437,1437,Hissar-Pz,CGWB,6,Haryana,63,HISAR,HISSAR,HISAR - I,Hissar,-,-,-,-,-,-,29.14,75.72222222,,01-01-2024 00:00,5.65
1438,1438,Hodel1,CGWB,6,Haryana,619,Palwal,HODAL,HODAL,Hodel,-,-,-,-,-,-,27.88333333,77.35,,20-05-2022 06:00,17.1
1439,1439,Hui-PZ,CGWB,6,Haryana,701,Charkhi Dadri,BADHRA,BADHRA,Hui,-,-,-,-,-,-,28.52888889,76.02444444,,20-05-2022 06:00,63
1440,1440,Hukmawali-Pz,CGWB,6,Haryana,61,FATEHABAD,RATIA,RATIA,Hukmawali,-,-,-,-,-,-,29.69166667,75.44583333,,20-05-2022 06:00,25.8
1441,1441,Igra,CGWB,6,Haryana,65,JIND,JIND,JIND,Igra,-,-,-,-,-,-,29.22083333,76.24861111,,20-05-2022 06:00,13.5
1442,1442,Imammudinpur,CGWB,6,Haryana,60,FARIDABAD,-,-,-,-,-,-,-,-,-,28.337948,77.419829,,01-06-2023 00:00,22.45
1443,1443,Imlota,CGWB,6,Haryana,701,Charkhi Dadri,DADRI,DADRI-I,Imlota,-,-,-,-,-,-,28.60833333,76.45277778,,10-01-2021 00:00,3.28
1444,1444,Imlota,CGWB,6,Haryana,701,Charkhi Dadri,DADRI,DADRI-I,Imlota,-,-,-,-,-,-,28.60833333,76.45277778,,20-05-2022 06:00,0.85
1445,1445,Imlota,CGWB,6,Haryana,701,Charkhi Dadri,DADRI,DADRI-I,Imlota,-,-,-,-,-,-,28.60833333,76.45277778,,01-08-2022 06:00,2.52
1446,1446,Imlota,CGWB,6,Haryana,701,Charkhi Dadri,DADRI,DADRI-I,Imlota,-,-,-,-,-,-,28.60833333,76.45277778,,01-11-2022 06:00,1.98
1447,1447,Imlota,CGWB,6,Haryana,701,Charkhi Dadri,DADRI,DADRI-I,Imlota,-,-,-,-,-,-,28.60833333,76.45277778,,01-01-2023 00:00,3.03
1448,1448,Imlota,CGWB,6,Haryana,701,Charkhi Dadri,DADRI,DADRI-I,Imlota,-,-,-,-,-,-,28.60833333,76.45277778,,01-06-2023 00:00,3.36
1449,1449,Imlota,CGWB,6,Haryana,701,Charkhi Dadri,DADRI,DADRI-I,Imlota,-,-,-,-,-,-,28.60833333,76.45277778,,20-08-2023 00:00,3.36
1450,1450,Imlota,CGWB,6,Haryana,701,Charkhi Dadri,DADRI,DADRI-I,Imlota,-,-,-,-,-,-,28.60833333,76.45277778,,01-11-2023 00:00,3.08
1451,1451,Imlota,CGWB,6,Haryana,701,Charkhi Dadri,DADRI,DADRI-I,Imlota,-,-,-,-,-,-,28.60833333,76.45277778,,01-01-2024 00:00,4.17
1452,1452,Immamudipur,CGWB,6,Haryana,60,FARIDABAD,BALLABGARH,BALLABGARH,Immamudipur,-,-,-,-,-,-,28.28333333,77.47083333,,31-08-2021 06:00,23.2
1453,1453,Immamudipur,CGWB,6,Haryana,60,FARIDABAD,BALLABGARH,BALLABGARH,Immamudipur,-,-,-,-,-,-,28.28333333,77.47083333,,01-11-2022 06:00,20.1
1454,1454,Immamudipur,CGWB,6,Haryana,60,FARIDABAD,BALLABGARH,BALLABGARH,Immamudipur,-,-,-,-,-,-,28.28333333,77.47083333,,20-08-2023 00:00,22.07
1455,1455,Immamudipur,CGWB,6,Haryana,60,FARIDABAD,BALLABGARH,BALLABGARH,Immamudipur,-,-,-,-,-,-,28.28333333,77.47083333,,01-11-2023 00:00,20.7
1456,1456,Indri,CGWB,6,Haryana,604,Nuh,NUH,NUH,Indri,-,-,-,-,-,-,28.18611111,77.09861111,,10-01-2021 00:00,2.11
1457,1457,Indri,CGWB,6,Haryana,604,Nuh,NUH,NUH,Indri,-,-,-,-,-,-,28.18611111,77.09861111,,31-08-2021 06:00,1.8
1458,1458,Indri,CGWB,6,Haryana,604,Nuh,NUH,NUH,Indri,-,-,-,-,-,-,28.18611111,77.09861111,,30-11-2021 06:00,1.8
1459,1459,Indri,CGWB,6,Haryana,604,Nuh,NUH,NUH,Indri,-,-,-,-,-,-,28.18611111,77.09861111,,30-01-2022 07:00,1.34
1460,1460,Indri,CGWB,6,Haryana,604,Nuh,NUH,NUH,Indri,-,-,-,-,-,-,28.18611111,77.09861111,,20-05-2022 06:00,5.4
1461,1461,Indri,CGWB,6,Haryana,67,KARNAL,INDRI,INDRI,Indri,-,-,-,-,-,-,29.88055556,77.0625,,20-05-2022 06:00,11.95
1462,1462,Indri,CGWB,6,Haryana,604,Nuh,NUH,NUH,Indri,-,-,-,-,-,-,28.18611111,77.09861111,,01-08-2022 06:00,0.91
1463,1463,Indri,CGWB,6,Haryana,604,Nuh,NUH,NUH,Indri,-,-,-,-,-,-,28.18611111,77.09861111,,01-11-2022 06:00,0.49
1464,1464,Indri,CGWB,6,Haryana,604,Nuh,NUH,NUH,Indri,-,-,-,-,-,-,28.18611111,77.09861111,,01-11-2023 00:00,1.18
1465,1465,Indri,CGWB,6,Haryana,604,Nuh,NUH,NUH,Indri,-,-,-,-,-,-,28.18611111,77.09861111,,01-01-2024 00:00,2.15
1466,1466,Ishaq,CGWB,6,Haryana,68,KURUKSHETRA,PEHOWA,PEHOWA,Ishaq,-,-,-,-,-,-,30.01666667,76.49166667,,01-01-2023 00:00,40.63
1467,1467,Ishaque S,CGWB,6,Haryana,68,KURUKSHETRA,PEHOWA,PEHOWA,Ishaque S,-,-,-,-,-,-,30.01666667,76.49166667,,10-01-2021 00:00,38.99
1468,1468,Ishaque S,CGWB,6,Haryana,68,KURUKSHETRA,PEHOWA,PEHOWA,Ishaque S,-,-,-,-,-,-,30.01666667,76.49166667,,31-08-2021 06:00,40.91
1469,1469,Ishaque S,CGWB,6,Haryana,68,KURUKSHETRA,PEHOWA,PEHOWA,Ishaque S,-,-,-,-,-,-,30.01666667,76.49166667,,30-11-2021 06:00,39.72
1470,1470,Ishaque S,CGWB,6,Haryana,68,KURUKSHETRA,PEHOWA,PEHOWA,Ishaque S,-,-,-,-,-,-,30.01666667,76.49166667,,30-01-2022 07:00,39.67
1471,1471,Ishaque S,CGWB,6,Haryana,68,KURUKSHETRA,PEHOWA,PEHOWA,Ishaque S,-,-,-,-,-,-,30.01666667,76.49166667,,20-05-2022 06:00,38.84
1472,1472,Ishaque S,CGWB,6,Haryana,68,KURUKSHETRA,PEHOWA,PEHOWA,Ishaque S,-,-,-,-,-,-,30.01666667,76.49166667,,01-08-2022 06:00,40.6
1473,1473,Ishaque S,CGWB,6,Haryana,68,KURUKSHETRA,PEHOWA,PEHOWA,Ishaque S,-,-,-,-,-,-,30.01666667,76.49166667,,01-11-2022 06:00,40.07
1474,1474,Ishaque S,CGWB,6,Haryana,68,KURUKSHETRA,PEHOWA,PEHOWA,Ishaque S,-,-,-,-,-,-,30.01666667,76.49166667,,20-08-2023 00:00,41.8
1475,1475,Ishaque S,CGWB,6,Haryana,68,KURUKSHETRA,PEHOWA,PEHOWA,Ishaque S,-,-,-,-,-,-,30.01666667,76.49166667,,01-11-2023 00:00,41.69
1476,1476,Isharwal,CGWB,6,Haryana,59,BHIWANI,BHIWANI,KAIRU,Isharwal,-,-,-,-,-,-,28.76666667,75.70833333,,10-01-2021 00:00,19.25
1477,1477,Isharwal,CGWB,6,Haryana,59,BHIWANI,BHIWANI,KAIRU,Isharwal,-,-,-,-,-,-,28.76666667,75.70833333,,31-08-2021 06:00,20.27
1478,1478,Isharwal,CGWB,6,Haryana,59,BHIWANI,BHIWANI,KAIRU,Isharwal,-,-,-,-,-,-,28.76666667,75.70833333,,30-11-2021 06:00,23.65
1479,1479,Isharwal,CGWB,6,Haryana,59,BHIWANI,BHIWANI,KAIRU,Isharwal,-,-,-,-,-,-,28.76666667,75.70833333,,30-01-2022 07:00,19.74
1480,1480,Isharwal,CGWB,6,Haryana,59,BHIWANI,BHIWANI,KAIRU,Isharwal,-,-,-,-,-,-,28.76666667,75.70833333,,20-05-2022 06:00,18.45
1481,1481,Isharwal,CGWB,6,Haryana,59,BHIWANI,BHIWANI,KAIRU,Isharwal,-,-,-,-,-,-,28.76666667,75.70833333,,01-08-2022 06:00,18.6
1482,1482,Isharwal,CGWB,6,Haryana,59,BHIWANI,BHIWANI,KAIRU,Isharwal,-,-,-,-,-,-,28.76666667,75.70833333,,01-11-2022 06:00,21.22
1483,1483,Isharwal,CGWB,6,Haryana,59,BHIWANI,BHIWANI,KAIRU,Isharwal,-,-,-,-,-,-,28.76666667,75.70833333,,01-01-2023 00:00,19.9
1484,1484,Isharwal,CGWB,6,Haryana,59,BHIWANI,BHIWANI,KAIRU,Isharwal,-,-,-,-,-,-,28.76666667,75.70833333,,01-06-2023 00:00,19.6
1485,1485,Isharwal,CGWB,6,Haryana,59,BHIWANI,BHIWANI,KAIRU,Isharwal,-,-,-,-,-,-,28.76666667,75.70833333,,20-08-2023 00:00,20.12
1486,1486,Isharwal,CGWB,6,Haryana,59,BHIWANI,BHIWANI,KAIRU,Isharwal,-,-,-,-,-,-,28.76666667,75.70833333,,01-11-2023 00:00,19.47
1487,1487,Isharwal,CGWB,6,Haryana,59,BHIWANI,BHIWANI,KAIRU,Isharwal,-,-,-,-,-,-,28.76666667,75.70833333,,01-01-2024 00:00,20.04
1488,1488,Islam Nagar-Pz-D,CGWB,6,Haryana,67,KARNAL,INDRI,INDRI,Islam Nagar Outsources,-,-,-,-,-,-,29.875,77.1125,,10-01-2021 00:00,15.99
1489,1489,Islam Nagar-Pz-D,CGWB,6,Haryana,67,KARNAL,INDRI,INDRI,Islam Nagar Outsources,-,-,-,-,-,-,29.875,77.1125,,31-08-2021 06:00,10.39
1490,1490,Islam Nagar-Pz-D,CGWB,6,Haryana,67,KARNAL,INDRI,INDRI,Islam Nagar Outsources,-,-,-,-,-,-,29.875,77.1125,,30-11-2021 06:00,9.02
1491,1491,Islam Nagar-Pz-D,CGWB,6,Haryana,67,KARNAL,INDRI,INDRI,Islam Nagar Outsources,-,-,-,-,-,-,29.875,77.1125,,30-01-2022 07:00,8.7
1492,1492,Islam Nagar-Pz-D,CGWB,6,Haryana,67,KARNAL,INDRI,INDRI,Islam Nagar Outsources,-,-,-,-,-,-,29.875,77.1125,,20-05-2022 06:00,8.76
1493,1493,Islam Nagar-Pz-D,CGWB,6,Haryana,67,KARNAL,INDRI,INDRI,Islam Nagar Outsources,-,-,-,-,-,-,29.875,77.1125,,01-08-2022 06:00,10.36
1494,1494,Islam Nagar-Pz-D,CGWB,6,Haryana,67,KARNAL,INDRI,INDRI,Islam Nagar Outsources,-,-,-,-,-,-,29.875,77.1125,,01-11-2022 06:00,9.04
1495,1495,Islam Nagar-Pz-D,CGWB,6,Haryana,67,KARNAL,INDRI,INDRI,Islam Nagar Outsources,-,-,-,-,-,-,29.875,77.1125,,01-01-2023 00:00,8.52
1496,1496,Islam Nagar-Pz-D,CGWB,6,Haryana,67,KARNAL,INDRI,INDRI,Islam Nagar Outsources,-,-,-,-,-,-,29.875,77.1125,,01-11-2023 00:00,7.7
1497,1497,Islam Nagar-Pz-M,CGWB,6,Haryana,67,KARNAL,INDRI,INDRI,Islam Nagar Outsources,-,-,-,-,-,-,29.875,77.1125,,10-01-2021 00:00,6.6
1498,1498,Islam Nagar-Pz-M,CGWB,6,Haryana,67,KARNAL,INDRI,INDRI,Islam Nagar Outsources,-,-,-,-,-,-,29.875,77.1125,,31-08-2021 06:00,9.7
1499,1499,Islam Nagar-Pz-M,CGWB,6,Haryana,67,KARNAL,INDRI,INDRI,Islam Nagar Outsources,-,-,-,-,-,-,29.875,77.1125,,30-11-2021 06:00,7.28
1500,1500,Islam Nagar-Pz-M,CGWB,6,Haryana,67,KARNAL,INDRI,INDRI,Islam Nagar Outsources,-,-,-,-,-,-,29.875,77.1125,,30-01-2022 07:00,7.1
1501,1501,Islam Nagar-Pz-M,CGWB,6,Haryana,67,KARNAL,INDRI,INDRI,Islam Nagar Outsources,-,-,-,-,-,-,29.875,77.1125,,20-05-2022 06:00,8.53
1502,1502,Islam Nagar-Pz-M,CGWB,6,Haryana,67,KARNAL,INDRI,INDRI,Islam Nagar Outsources,-,-,-,-,-,-,29.875,77.1125,,01-08-2022 06:00,9.8
1503,1503,Islam Nagar-Pz-M,CGWB,6,Haryana,67,KARNAL,INDRI,INDRI,Islam Nagar Outsources,-,-,-,-,-,-,29.875,77.1125,,01-11-2022 06:00,7.2
1504,1504,Islam Nagar-Pz-M,CGWB,6,Haryana,67,KARNAL,INDRI,INDRI,Islam Nagar Outsources,-,-,-,-,-,-,29.875,77.1125,,01-01-2023 00:00,6.95
1505,1505,Islam Nagar-Pz-M,CGWB,6,Haryana,67,KARNAL,INDRI,INDRI,Islam Nagar Outsources,-,-,-,-,-,-,29.875,77.1125,,01-11-2023 00:00,5.95
1506,1506,Islam Nagar-Pz-S,CGWB,6,Haryana,67,KARNAL,INDRI,INDRI,Islam Nagar Outsources,-,-,-,-,-,-,29.875,77.1125,,10-01-2021 00:00,6.53
1507,1507,Islam Nagar-Pz-S,CGWB,6,Haryana,67,KARNAL,INDRI,INDRI,Islam Nagar Outsources,-,-,-,-,-,-,29.875,77.1125,,31-08-2021 06:00,9.62
1508,1508,Islam Nagar-Pz-S,CGWB,6,Haryana,67,KARNAL,INDRI,INDRI,Islam Nagar Outsources,-,-,-,-,-,-,29.875,77.1125,,30-11-2021 06:00,7.42
1509,1509,Islam Nagar-Pz-S,CGWB,6,Haryana,67,KARNAL,INDRI,INDRI,Islam Nagar Outsources,-,-,-,-,-,-,29.875,77.1125,,30-01-2022 07:00,7.19
1510,1510,Islam Nagar-Pz-S,CGWB,6,Haryana,67,KARNAL,INDRI,INDRI,Islam Nagar Outsources,-,-,-,-,-,-,29.875,77.1125,,20-05-2022 06:00,10.46
1511,1511,Islam Nagar-Pz-S,CGWB,6,Haryana,67,KARNAL,INDRI,INDRI,Islam Nagar Outsources,-,-,-,-,-,-,29.875,77.1125,,01-08-2022 06:00,11.84
1512,1512,Islam Nagar-Pz-S,CGWB,6,Haryana,67,KARNAL,INDRI,INDRI,Islam Nagar Outsources,-,-,-,-,-,-,29.875,77.1125,,01-11-2022 06:00,7.66
1513,1513,Islam Nagar-Pz-S,CGWB,6,Haryana,67,KARNAL,INDRI,INDRI,Islam Nagar Outsources,-,-,-,-,-,-,29.875,77.1125,,01-01-2023 00:00,6.83
1514,1514,Islam Nagar-Pz-S,CGWB,6,Haryana,67,KARNAL,INDRI,INDRI,Islam Nagar Outsources,-,-,-,-,-,-,29.875,77.1125,,01-11-2023 00:00,6.73
1515,1515,Ismailpur-PZ,CGWB,6,Haryana,68,KURUKSHETRA,SHAHBAD,SHAHBAD,Ismailpur,-,-,-,-,-,-,30.13194444,76.65416667,,20-05-2022 06:00,43.5
1516,1516,Ismilabad-St-Pz,CGWB,6,Haryana,68,KURUKSHETRA,SHAHBAD,SHAHBAD,Ismilabad-St,-,-,-,-,-,-,30.11666667,76.66944444,,20-05-2022 06:00,43.74
1517,1517,Israna D,CGWB,6,Haryana,71,PANIPAT,ISRANA,ISRANA,Israna D,-,-,-,-,-,-,29.27777778,76.85,,30-01-2022 07:00,4.83
1518,1518,Israna D,CGWB,6,Haryana,71,PANIPAT,ISRANA,ISRANA,Israna D,-,-,-,-,-,-,29.27777778,76.85,,20-05-2022 06:00,6.8
1519,1519,Israna D,CGWB,6,Haryana,71,PANIPAT,ISRANA,ISRANA,Israna D,-,-,-,-,-,-,29.27777778,76.85,,01-10-2022 00:00,5.28
1520,1520,Israna D,CGWB,6,Haryana,71,PANIPAT,ISRANA,ISRANA,Israna D,-,-,-,-,-,-,29.27777778,76.85,,01-11-2022 06:00,4.43
1521,1521,Israna D,CGWB,6,Haryana,71,PANIPAT,ISRANA,ISRANA,Israna D,-,-,-,-,-,-,29.27777778,76.85,,20-08-2023 00:00,4.53
1522,1522,Israna D,CGWB,6,Haryana,71,PANIPAT,ISRANA,ISRANA,Israna D,-,-,-,-,-,-,29.27777778,76.85,,01-11-2023 00:00,4.58
1523,1523,Israna D,CGWB,6,Haryana,71,PANIPAT,ISRANA,ISRANA,Israna D,-,-,-,-,-,-,29.27777778,76.85,,01-01-2024 00:00,4.36
1524,1524,Israna(m),CGWB,6,Haryana,71,PANIPAT,ISRANA,ISRANA,Israna(m),-,-,-,-,-,-,29.27777778,76.85277778,,10-01-2021 00:00,5.03
1525,1525,Israna(m),CGWB,6,Haryana,71,PANIPAT,ISRANA,ISRANA,Israna(m),-,-,-,-,-,-,29.27777778,76.85277778,,31-08-2021 06:00,6.26
1526,1526,Jaga Bara-DW,CGWB,6,Haryana,63,HISAR,HANSI,HANSI,Jaga Bara,-,-,-,-,-,-,29.15833333,75.96666667,,20-05-2022 06:00,11.25
1527,1527,Jagadhri-Pz,CGWB,6,Haryana,76,YAMUNANAGAR,JAGADHRI,JAGADHRI,Jagadhri,-,-,-,-,-,-,30.16666667,77.3,,20-05-2022 06:00,18.45
1528,1528,Jagiwala-DW,CGWB,6,Haryana,74,SIRSA,SIRSA,NATHUSARI CHOPRA,Jagiwala,-,-,-,-,-,-,29.26666667,75.23472222,,20-05-2022 06:00,14.3
1529,1529,Jagsi,CGWB,6,Haryana,75,SONIPAT,GOHANA,MUNDLANA,Jagsi,-,-,-,-,-,-,29.25,76.66111111,,10-01-2021 00:00,1.2
1530,1530,Jagsi,CGWB,6,Haryana,75,SONIPAT,GOHANA,MUNDLANA,Jagsi,-,-,-,-,-,-,29.25,76.66111111,,31-08-2021 06:00,1.43
1531,1531,Jagsi,CGWB,6,Haryana,75,SONIPAT,GOHANA,MUNDLANA,Jagsi,-,-,-,-,-,-,29.25,76.66111111,,30-01-2022 07:00,0.45
1532,1532,Jagsi,CGWB,6,Haryana,75,SONIPAT,GOHANA,MUNDLANA,Jagsi,-,-,-,-,-,-,29.25,76.66111111,,20-05-2022 06:00,1.18
1533,1533,Jagsi,CGWB,6,Haryana,75,SONIPAT,GOHANA,MUNDLANA,Jagsi,-,-,-,-,-,-,29.25,76.66111111,,01-08-2022 06:00,1.13
1534,1534,Jagsi,CGWB,6,Haryana,75,SONIPAT,GOHANA,MUNDLANA,Jagsi,-,-,-,-,-,-,29.25,76.66111111,,01-10-2022 00:00,0.95
1535,1535,Jagsi,CGWB,6,Haryana,75,SONIPAT,GOHANA,MUNDLANA,Jagsi,-,-,-,-,-,-,29.25,76.66111111,,01-11-2022 06:00,0.25
1536,1536,Jagsi,CGWB,6,Haryana,75,SONIPAT,GOHANA,MUNDLANA,Jagsi,-,-,-,-,-,-,29.25,76.66111111,,20-08-2023 00:00,0.51
1537,1537,Jagsi,CGWB,6,Haryana,75,SONIPAT,GOHANA,MUNDLANA,Jagsi,-,-,-,-,-,-,29.25,76.66111111,,01-11-2023 00:00,1.32
1538,1538,Jagsi,CGWB,6,Haryana,75,SONIPAT,GOHANA,MUNDLANA,Jagsi,-,-,-,-,-,-,29.25,76.66111111,,01-01-2024 00:00,1.02
1539,1539,Jaindapur,CGWB,6,Haryana,619,Palwal,PALWAL,PALWAL,Jaindapur,-,-,-,-,-,-,28.20416667,77.23888889,,01-06-2023 00:00,14.03
1540,1540,JAINDAPUR_1,CGWB,6,Haryana,619,Palwal,HODAL,-,-,-,-,-,-,-,-,28.233333,77.2,,20-08-2023 00:00,14.25
1541,1541,JAINDAPUR_1,CGWB,6,Haryana,619,Palwal,HODAL,-,-,-,-,-,-,-,-,28.233333,77.2,,01-11-2023 00:00,13.93
1542,1542,Jaisinghpura,CGWB,6,Haryana,67,KARNAL,ASSANDH,ASSANDH,Jaisinghpura,-,-,-,-,-,-,29.54166667,76.63333333,,20-05-2022 06:00,18.55
1543,1543,Jajanpur-M,CGWB,6,Haryana,66,KAITHAL,KAITHAL,-,-,-,-,-,-,-,-,29.905139,76.606806,,01-01-2023 00:00,35.86
1544,1544,Jajanpur-M,CGWB,6,Haryana,66,KAITHAL,KAITHAL,-,-,-,-,-,-,-,-,29.905139,76.606806,,20-08-2023 00:00,38.75
1545,1545,Jajanpur-M,CGWB,6,Haryana,66,KAITHAL,KAITHAL,-,-,-,-,-,-,-,-,29.905139,76.606806,,01-11-2023 00:00,16.61
1546,1546,Jajanpur-M,CGWB,6,Haryana,66,KAITHAL,KAITHAL,-,-,-,-,-,-,-,-,29.905139,76.606806,,01-01-2024 00:00,36.68
1547,1547,Jajanpur-Pz-D,CGWB,6,Haryana,66,KAITHAL,PUNDRI,PUNDRI,Jajan Pur Gp Outsourcing,-,-,-,-,-,-,29.905,76.60666667,,10-01-2021 00:00,34.09
1548,1548,Jajanpur-Pz-D,CGWB,6,Haryana,66,KAITHAL,PUNDRI,PUNDRI,Jajan Pur Gp Outsourcing,-,-,-,-,-,-,29.905,76.60666667,,31-08-2021 06:00,37.6
1549,1549,Jajanpur-Pz-D,CGWB,6,Haryana,66,KAITHAL,PUNDRI,PUNDRI,Jajan Pur Gp Outsourcing,-,-,-,-,-,-,29.905,76.60666667,,30-11-2021 06:00,36.88
1550,1550,Jajanpur-Pz-D,CGWB,6,Haryana,66,KAITHAL,PUNDRI,PUNDRI,Jajan Pur Gp Outsourcing,-,-,-,-,-,-,29.905,76.60666667,,30-01-2022 07:00,35.7
1551,1551,Jajanpur-Pz-D,CGWB,6,Haryana,66,KAITHAL,PUNDRI,PUNDRI,Jajan Pur Gp Outsourcing,-,-,-,-,-,-,29.905,76.60666667,,20-05-2022 06:00,34.05
1552,1552,Jajanpur-Pz-D,CGWB,6,Haryana,66,KAITHAL,PUNDRI,PUNDRI,Jajan Pur Gp Outsourcing,-,-,-,-,-,-,29.905,76.60666667,,01-08-2022 06:00,38.18
1553,1553,Jajanpur-Pz-D,CGWB,6,Haryana,66,KAITHAL,PUNDRI,PUNDRI,Jajan Pur Gp Outsourcing,-,-,-,-,-,-,29.905,76.60666667,,01-11-2022 06:00,37.55
1554,1554,Jajanpur-Pz-D,CGWB,6,Haryana,66,KAITHAL,PUNDRI,PUNDRI,Jajan Pur Gp Outsourcing,-,-,-,-,-,-,29.905,76.60666667,,01-01-2023 00:00,36.57
1555,1555,Jajanpur-Pz-D,CGWB,6,Haryana,66,KAITHAL,PUNDRI,PUNDRI,Jajan Pur Gp Outsourcing,-,-,-,-,-,-,29.905,76.60666667,,20-08-2023 00:00,39.05
1556,1556,Jajanpur-Pz-D,CGWB,6,Haryana,66,KAITHAL,PUNDRI,PUNDRI,Jajan Pur Gp Outsourcing,-,-,-,-,-,-,29.905,76.60666667,,01-11-2023 00:00,17.22
1557,1557,Jajanpur-Pz-D,CGWB,6,Haryana,66,KAITHAL,PUNDRI,PUNDRI,Jajan Pur Gp Outsourcing,-,-,-,-,-,-,29.905,76.60666667,,01-01-2024 00:00,36.55
1558,1558,Jajanpur-S,CGWB,6,Haryana,66,KAITHAL,KAITHAL,-,-,-,-,-,-,-,-,29.905139,76.606806,,01-01-2023 00:00,35.77
1559,1559,Jajanpur-S,CGWB,6,Haryana,66,KAITHAL,KAITHAL,-,-,-,-,-,-,-,-,29.905139,76.606806,,20-08-2023 00:00,37.85
1560,1560,Jajanpur-S,CGWB,6,Haryana,66,KAITHAL,KAITHAL,-,-,-,-,-,-,-,-,29.905139,76.606806,,01-11-2023 00:00,5.15
1561,1561,Jajanpur-S,CGWB,6,Haryana,66,KAITHAL,KAITHAL,-,-,-,-,-,-,-,-,29.905139,76.606806,,01-01-2024 00:00,36.84
1562,1562,Jakhauli-Pz,CGWB,6,Haryana,66,KAITHAL,KAITHAL,RAJOUND,Jakhauli,-,-,-,-,-,-,29.65833333,76.42916667,,10-01-2021 00:00,14.65
1563,1563,Jakhauli-Pz,CGWB,6,Haryana,66,KAITHAL,KAITHAL,RAJOUND,Jakhauli,-,-,-,-,-,-,29.65833333,76.42916667,,31-08-2021 06:00,16.51
1564,1564,Jakhauli-Pz,CGWB,6,Haryana,66,KAITHAL,KAITHAL,RAJOUND,Jakhauli,-,-,-,-,-,-,29.65833333,76.42916667,,30-11-2021 06:00,15.42
1565,1565,Jakhauli-Pz,CGWB,6,Haryana,66,KAITHAL,KAITHAL,RAJOUND,Jakhauli,-,-,-,-,-,-,29.65833333,76.42916667,,30-01-2022 07:00,14.6
1566,1566,Jakhauli-Pz,CGWB,6,Haryana,66,KAITHAL,KAITHAL,RAJOUND,Jakhauli,-,-,-,-,-,-,29.65833333,76.42916667,,20-05-2022 06:00,19.5
1567,1567,Jakhauli-Pz,CGWB,6,Haryana,66,KAITHAL,KAITHAL,RAJOUND,Jakhauli,-,-,-,-,-,-,29.65833333,76.42916667,,01-08-2022 06:00,16.23
1568,1568,Jakhauli-Pz,CGWB,6,Haryana,66,KAITHAL,KAITHAL,RAJOUND,Jakhauli,-,-,-,-,-,-,29.65833333,76.42916667,,01-11-2022 06:00,15.48
1569,1569,Jakhauli-Pz,CGWB,6,Haryana,66,KAITHAL,KAITHAL,RAJOUND,Jakhauli,-,-,-,-,-,-,29.65833333,76.42916667,,01-01-2023 00:00,14.9
1570,1570,Jakhauli-Pz,CGWB,6,Haryana,66,KAITHAL,KAITHAL,RAJOUND,Jakhauli,-,-,-,-,-,-,29.65833333,76.42916667,,01-06-2023 00:00,15.43
1571,1571,Jakhauli-Pz,CGWB,6,Haryana,66,KAITHAL,KAITHAL,RAJOUND,Jakhauli,-,-,-,-,-,-,29.65833333,76.42916667,,20-08-2023 00:00,17.1
1572,1572,Jakhauli-Pz,CGWB,6,Haryana,66,KAITHAL,KAITHAL,RAJOUND,Jakhauli,-,-,-,-,-,-,29.65833333,76.42916667,,01-11-2023 00:00,16.65
1573,1573,Jalbehra-PZ,CGWB,6,Haryana,68,KURUKSHETRA,PEHOWA,PEHOWA,Jalbehra,-,-,-,-,-,-,30.07888889,76.66861111,,20-05-2022 06:00,45.04
1574,1574,Jalmana PZ,CGWB,6,Haryana,67,KARNAL,ASSANDH,ASSANDH,Jalmana Pz,-,-,-,-,-,-,29.66944444,76.72361111,,10-01-2021 00:00,31.28
1575,1575,Jalmana PZ,CGWB,6,Haryana,67,KARNAL,ASSANDH,ASSANDH,Jalmana Pz,-,-,-,-,-,-,29.66944444,76.72361111,,20-05-2022 06:00,28.3
1576,1576,Jalmana PZ,CGWB,6,Haryana,67,KARNAL,ASSANDH,ASSANDH,Jalmana Pz,-,-,-,-,-,-,29.66944444,76.72361111,,01-08-2022 06:00,31.52
1577,1577,Jalmana PZ,CGWB,6,Haryana,67,KARNAL,ASSANDH,ASSANDH,Jalmana Pz,-,-,-,-,-,-,29.66944444,76.72361111,,01-11-2023 00:00,29.65
1578,1578,Jamal,CGWB,6,Haryana,74,SIRSA,SIRSA,NATHUSARI CHOPRA,Jamal,-,-,-,-,-,-,29.33055556,74.98055556,,10-01-2021 00:00,3.53
1579,1579,Jamal,CGWB,6,Haryana,74,SIRSA,SIRSA,NATHUSARI CHOPRA,Jamal,-,-,-,-,-,-,29.33055556,74.98055556,,31-08-2021 06:00,11.74
1580,1580,Jamal,CGWB,6,Haryana,74,SIRSA,SIRSA,NATHUSARI CHOPRA,Jamal,-,-,-,-,-,-,29.33055556,74.98055556,,30-11-2021 06:00,9.44
1581,1581,Jamal,CGWB,6,Haryana,74,SIRSA,SIRSA,NATHUSARI CHOPRA,Jamal,-,-,-,-,-,-,29.33055556,74.98055556,,30-01-2022 07:00,4.18
1582,1582,Jamal,CGWB,6,Haryana,74,SIRSA,SIRSA,NATHUSARI CHOPRA,Jamal,-,-,-,-,-,-,29.33055556,74.98055556,,20-05-2022 06:00,10.73
1583,1583,Jamal,CGWB,6,Haryana,74,SIRSA,SIRSA,NATHUSARI CHOPRA,Jamal,-,-,-,-,-,-,29.33055556,74.98055556,,01-08-2022 06:00,2.38
1584,1584,Jamal,CGWB,6,Haryana,74,SIRSA,SIRSA,NATHUSARI CHOPRA,Jamal,-,-,-,-,-,-,29.33055556,74.98055556,,01-11-2022 06:00,3.61
1585,1585,Jamal,CGWB,6,Haryana,74,SIRSA,SIRSA,NATHUSARI CHOPRA,Jamal,-,-,-,-,-,-,29.33055556,74.98055556,,01-01-2023 00:00,2.93
1586,1586,Jamal,CGWB,6,Haryana,74,SIRSA,SIRSA,NATHUSARI CHOPRA,Jamal,-,-,-,-,-,-,29.33055556,74.98055556,,01-06-2023 00:00,3.86
1587,1587,Jamal,CGWB,6,Haryana,74,SIRSA,SIRSA,NATHUSARI CHOPRA,Jamal,-,-,-,-,-,-,29.33055556,74.98055556,,20-08-2023 00:00,3.02
1588,1588,Jamal,CGWB,6,Haryana,74,SIRSA,SIRSA,NATHUSARI CHOPRA,Jamal,-,-,-,-,-,-,29.33055556,74.98055556,,01-11-2023 00:00,3.97
1589,1589,Jamal,CGWB,6,Haryana,74,SIRSA,SIRSA,NATHUSARI CHOPRA,Jamal,-,-,-,-,-,-,29.33055556,74.98055556,,01-01-2024 00:00,3.9
1590,1590,Jamal- Pz,CGWB,6,Haryana,74,SIRSA,SIRSA,NATHUSARI CHOPRA,Jamal,-,-,-,-,-,-,29.32777778,74.98611111,,10-01-2021 00:00,3.9
1591,1591,Jamal- Pz,CGWB,6,Haryana,74,SIRSA,SIRSA,NATHUSARI CHOPRA,Jamal,-,-,-,-,-,-,29.32777778,74.98611111,,31-08-2021 06:00,5.4
1592,1592,Jamal- Pz,CGWB,6,Haryana,74,SIRSA,SIRSA,NATHUSARI CHOPRA,Jamal,-,-,-,-,-,-,29.32777778,74.98611111,,30-11-2021 06:00,4.63
1593,1593,Jamal- Pz,CGWB,6,Haryana,74,SIRSA,SIRSA,NATHUSARI CHOPRA,Jamal,-,-,-,-,-,-,29.32777778,74.98611111,,30-01-2022 07:00,3.06
1594,1594,Jamal- Pz,CGWB,6,Haryana,74,SIRSA,SIRSA,NATHUSARI CHOPRA,Jamal,-,-,-,-,-,-,29.32777778,74.98611111,,20-05-2022 06:00,5
1595,1595,Jamal- Pz,CGWB,6,Haryana,74,SIRSA,SIRSA,NATHUSARI CHOPRA,Jamal,-,-,-,-,-,-,29.32777778,74.98611111,,01-08-2022 06:00,2.51
1596,1596,Jamal- Pz,CGWB,6,Haryana,74,SIRSA,SIRSA,NATHUSARI CHOPRA,Jamal,-,-,-,-,-,-,29.32777778,74.98611111,,01-11-2022 06:00,2.72
1597,1597,Jamal- Pz,CGWB,6,Haryana,74,SIRSA,SIRSA,NATHUSARI CHOPRA,Jamal,-,-,-,-,-,-,29.32777778,74.98611111,,01-01-2023 00:00,4
1598,1598,Jamal- Pz,CGWB,6,Haryana,74,SIRSA,SIRSA,NATHUSARI CHOPRA,Jamal,-,-,-,-,-,-,29.32777778,74.98611111,,01-06-2023 00:00,3
1599,1599,Jamal- Pz,CGWB,6,Haryana,74,SIRSA,SIRSA,NATHUSARI CHOPRA,Jamal,-,-,-,-,-,-,29.32777778,74.98611111,,20-08-2023 00:00,3.7
1600,1600,Jamal- Pz,CGWB,6,Haryana,74,SIRSA,SIRSA,NATHUSARI CHOPRA,Jamal,-,-,-,-,-,-,29.32777778,74.98611111,,01-11-2023 00:00,2.77
1601,1601,Jamal- Pz,CGWB,6,Haryana,74,SIRSA,SIRSA,NATHUSARI CHOPRA,Jamal,-,-,-,-,-,-,29.32777778,74.98611111,,01-01-2024 00:00,3.12
1602,1602,Jamni-DW,CGWB,6,Haryana,65,JIND,SAFIDON,PILUKHERA,Jamni,-,-,-,-,-,-,29.37694444,76.4925,,20-05-2022 06:00,11.22
1603,1603,Jandaula-Pz,CGWB,6,Haryana,66,KAITHAL,PUNDRI,PUNDRI,Jandaula,-,-,-,-,-,-,29.88888889,76.57277778,,10-01-2021 00:00,23.31
1604,1604,JANDHERI -D,CGWB,6,Haryana,58,AMBALA,AMBALA,-,-,-,-,-,-,-,-,30.089972,76.606444,,01-01-2023 00:00,42.87
1605,1605,JANDHERI -D,CGWB,6,Haryana,58,AMBALA,AMBALA,-,-,-,-,-,-,-,-,30.089972,76.606444,,01-06-2023 00:00,43.5
1606,1606,JANDHERI -D,CGWB,6,Haryana,58,AMBALA,AMBALA,-,-,-,-,-,-,-,-,30.089972,76.606444,,20-08-2023 00:00,45.7
1607,1607,JANDHERI -M,CGWB,6,Haryana,58,AMBALA,AMBALA,-,-,-,-,-,-,-,-,30.089972,76.606444,,01-01-2023 00:00,43.14
1608,1608,JANDHERI -M,CGWB,6,Haryana,58,AMBALA,AMBALA,-,-,-,-,-,-,-,-,30.089972,76.606444,,01-06-2023 00:00,44.6
1609,1609,JANDHERI -M,CGWB,6,Haryana,58,AMBALA,AMBALA,-,-,-,-,-,-,-,-,30.089972,76.606444,,20-08-2023 00:00,46.05
1610,1610,JANDHERI -S,CGWB,6,Haryana,58,AMBALA,AMBALA,-,-,-,-,-,-,-,-,30.089972,76.606444,,01-01-2023 00:00,43.72
1611,1611,JANDHERI -S,CGWB,6,Haryana,58,AMBALA,AMBALA,-,-,-,-,-,-,-,-,30.089972,76.606444,,01-06-2023 00:00,43.54
1612,1612,JANDHERI -S,CGWB,6,Haryana,58,AMBALA,AMBALA,-,-,-,-,-,-,-,-,30.089972,76.606444,,20-08-2023 00:00,45.35
1613,1613,Jandli Kalan,CGWB,6,Haryana,61,FATEHABAD,FATEHABAD,BHUNA,Jandli Kalan,-,-,-,-,-,-,29.50416667,75.64583333,,10-01-2021 00:00,5.32
1614,1614,Jandli Kalan,CGWB,6,Haryana,61,FATEHABAD,FATEHABAD,BHUNA,Jandli Kalan,-,-,-,-,-,-,29.50416667,75.64583333,,31-08-2021 06:00,6.41
1615,1615,Jandli Kalan,CGWB,6,Haryana,61,FATEHABAD,FATEHABAD,BHUNA,Jandli Kalan,-,-,-,-,-,-,29.50416667,75.64583333,,30-11-2021 06:00,4.94
1616,1616,Jandli Kalan,CGWB,6,Haryana,61,FATEHABAD,FATEHABAD,BHUNA,Jandli Kalan,-,-,-,-,-,-,29.50416667,75.64583333,,30-01-2022 07:00,4.84
1617,1617,Jandli Kalan,CGWB,6,Haryana,61,FATEHABAD,FATEHABAD,BHUNA,Jandli Kalan,-,-,-,-,-,-,29.50416667,75.64583333,,20-05-2022 06:00,7.84
1618,1618,Jandli Kalan,CGWB,6,Haryana,61,FATEHABAD,FATEHABAD,BHUNA,Jandli Kalan,-,-,-,-,-,-,29.50416667,75.64583333,,01-08-2022 06:00,4.55
1619,1619,Jandli Kalan,CGWB,6,Haryana,61,FATEHABAD,FATEHABAD,BHUNA,Jandli Kalan,-,-,-,-,-,-,29.50416667,75.64583333,,01-11-2022 06:00,4.02
1620,1620,Jandli Kalan,CGWB,6,Haryana,61,FATEHABAD,FATEHABAD,BHUNA,Jandli Kalan,-,-,-,-,-,-,29.50416667,75.64583333,,01-01-2023 00:00,5.1
1621,1621,Jandli Kalan,CGWB,6,Haryana,61,FATEHABAD,FATEHABAD,BHUNA,Jandli Kalan,-,-,-,-,-,-,29.50416667,75.64583333,,01-06-2023 00:00,3.81
1622,1622,Jandli Kalan,CGWB,6,Haryana,61,FATEHABAD,FATEHABAD,BHUNA,Jandli Kalan,-,-,-,-,-,-,29.50416667,75.64583333,,20-08-2023 00:00,4.07
1623,1623,Jansui-DW,CGWB,6,Haryana,58,AMBALA,AMBALA,AMBALA-I,Jansui,-,-,-,-,-,-,30.2075,76.68527778,,20-05-2022 06:00,1.4
1624,1624,Janti Khurd-Pz,CGWB,6,Haryana,75,SONIPAT,SONIPAT,RAI,Janti Khurd,-,-,-,-,-,-,28.84583333,77.15833333,,31-08-2021 06:00,15.4
1625,1625,Janti Khurd-Pz,CGWB,6,Haryana,75,SONIPAT,SONIPAT,RAI,Janti Khurd,-,-,-,-,-,-,28.84583333,77.15833333,,20-05-2022 06:00,12.13
1626,1626,Janti Khurd-Pz,CGWB,6,Haryana,75,SONIPAT,SONIPAT,RAI,Janti Khurd,-,-,-,-,-,-,28.84583333,77.15833333,,01-08-2022 06:00,15.3
1627,1627,Janti Khurd-Pz,CGWB,6,Haryana,75,SONIPAT,SONIPAT,RAI,Janti Khurd,-,-,-,-,-,-,28.84583333,77.15833333,,01-10-2022 00:00,15.1
1628,1628,Janti Khurd-Pz,CGWB,6,Haryana,75,SONIPAT,SONIPAT,RAI,Janti Khurd,-,-,-,-,-,-,28.84583333,77.15833333,,01-11-2022 06:00,14.6
1629,1629,Jaraon Pz,CGWB,6,Haryana,604,Nuh,TAORU,TAORU,Rangla Dhani,-,-,-,-,-,-,28.22777778,76.87083333,,10-01-2021 00:00,15
1630,1630,Jaraon Pz,CGWB,6,Haryana,604,Nuh,TAORU,TAORU,Rangla Dhani,-,-,-,-,-,-,28.22777778,76.87083333,,30-11-2021 06:00,11.03
1631,1631,Jaraon Pz,CGWB,6,Haryana,604,Nuh,TAORU,TAORU,Rangla Dhani,-,-,-,-,-,-,28.22777778,76.87083333,,20-05-2022 06:00,14.2
1632,1632,Jaroli Khurd-Pz,CGWB,6,Haryana,67,KARNAL,KARNAL,KARNAL,Jaroli Khurd,-,-,-,-,-,-,29.74027778,77.10416667,,10-01-2021 00:00,6.6
1633,1633,Jaroli Khurd-Pz,CGWB,6,Haryana,67,KARNAL,KARNAL,KARNAL,Jaroli Khurd,-,-,-,-,-,-,29.74027778,77.10416667,,30-11-2021 06:00,5.67
1634,1634,Jaroli Khurd-Pz,CGWB,6,Haryana,67,KARNAL,KARNAL,KARNAL,Jaroli Khurd,-,-,-,-,-,-,29.74027778,77.10416667,,30-01-2022 07:00,5.22
1635,1635,Jaroli Khurd-Pz,CGWB,6,Haryana,67,KARNAL,KARNAL,KARNAL,Jaroli Khurd,-,-,-,-,-,-,29.74027778,77.10416667,,20-05-2022 06:00,9.15
1636,1636,Jaroli Khurd-Pz,CGWB,6,Haryana,67,KARNAL,KARNAL,KARNAL,Jaroli Khurd,-,-,-,-,-,-,29.74027778,77.10416667,,01-08-2022 06:00,6.72
1637,1637,Jaroli Khurd-Pz,CGWB,6,Haryana,67,KARNAL,KARNAL,KARNAL,Jaroli Khurd,-,-,-,-,-,-,29.74027778,77.10416667,,01-11-2022 06:00,5.22
1638,1638,Jaroli Khurd-Pz,CGWB,6,Haryana,67,KARNAL,KARNAL,KARNAL,Jaroli Khurd,-,-,-,-,-,-,29.74027778,77.10416667,,01-01-2023 00:00,5.68
1639,1639,Jaspur-DW,CGWB,6,Haryana,70,PANCHKULA,PANCHKULA,RAIPUR RANI,Jaspur,-,-,-,-,-,-,30.48333333,76.95,,30-01-2022 07:00,16.47
1640,1640,Jaspur-Pz,CGWB,6,Haryana,70,PANCHKULA,PANCHKULA,RAIPUR RANI,Jaspur,-,-,-,-,-,-,30.47972222,76.95194444,,10-01-2021 00:00,16.57
1641,1641,Jaspur-Pz,CGWB,6,Haryana,70,PANCHKULA,PANCHKULA,RAIPUR RANI,Jaspur,-,-,-,-,-,-,30.47972222,76.95194444,,31-08-2021 06:00,19.11
1642,1642,Jaspur-Pz,CGWB,6,Haryana,70,PANCHKULA,PANCHKULA,RAIPUR RANI,Jaspur,-,-,-,-,-,-,30.47972222,76.95194444,,20-05-2022 06:00,16.7
1643,1643,Jaspur-Pz,CGWB,6,Haryana,70,PANCHKULA,PANCHKULA,RAIPUR RANI,Jaspur,-,-,-,-,-,-,30.47972222,76.95194444,,01-01-2023 00:00,16.63
1644,1644,Jaspur-Pz,CGWB,6,Haryana,70,PANCHKULA,PANCHKULA,RAIPUR RANI,Jaspur,-,-,-,-,-,-,30.47972222,76.95194444,,01-06-2023 00:00,16.99
1645,1645,Jaspur-Pz,CGWB,6,Haryana,70,PANCHKULA,PANCHKULA,RAIPUR RANI,Jaspur,-,-,-,-,-,-,30.47972222,76.95194444,,01-11-2023 00:00,15.62
1646,1646,Jaspur-Pz,CGWB,6,Haryana,70,PANCHKULA,PANCHKULA,RAIPUR RANI,Jaspur,-,-,-,-,-,-,30.47972222,76.95194444,,01-01-2024 00:00,15.23
1647,1647,Jassawas,CGWB,6,Haryana,69,MAHENDRAGARH,MAHENDRAGARH,MAHENDARGARH,Jassawas,-,-,-,-,-,-,28.23194444,76.16944444,,10-01-2021 00:00,76.25
1648,1648,Jaswant Garh-DW,CGWB,6,Haryana,70,PANCHKULA,PANCHKULA,BARWALA,Jaswant Garh,-,-,-,-,-,-,30.63805556,76.94222222,,20-05-2022 06:00,6.6
1649,1649,Jatusana1,CGWB,6,Haryana,72,REWARI,KOSLI,NAHAR,Jatusana,-,-,-,-,-,-,28.35833333,76.52916667,,20-05-2022 06:00,26.5
1650,1650,Jatusana1,CGWB,6,Haryana,72,REWARI,KOSLI,NAHAR,Jatusana,-,-,-,-,-,-,28.35833333,76.52916667,,01-11-2023 00:00,26.03
1651,1651,Jauli-DW,CGWB,6,Haryana,58,AMBALA,NARAINGARH,NARAINGARH,Jauli,-,-,-,-,-,-,30.35,77.08333333,,20-05-2022 06:00,21.25
1652,1652,Jawan- Pz,CGWB,6,Haryana,619,Palwal,PALWAL,PALWAL,Jawan,-,-,-,-,-,-,28.22777778,77.41666667,,10-01-2021 00:00,18.66
1653,1653,Jawan- Pz,CGWB,6,Haryana,619,Palwal,PALWAL,PALWAL,Jawan,-,-,-,-,-,-,28.22777778,77.41666667,,30-01-2022 07:00,19.6
1654,1654,Jawan- Pz,CGWB,6,Haryana,619,Palwal,PALWAL,PALWAL,Jawan,-,-,-,-,-,-,28.22777778,77.41666667,,20-05-2022 06:00,30.4
1655,1655,Jawan- Pz,CGWB,6,Haryana,619,Palwal,PALWAL,PALWAL,Jawan,-,-,-,-,-,-,28.22777778,77.41666667,,01-08-2022 06:00,30.2
1656,1656,Jawan- Pz,CGWB,6,Haryana,619,Palwal,PALWAL,PALWAL,Jawan,-,-,-,-,-,-,28.22777778,77.41666667,,01-11-2022 06:00,28.33
1657,1657,Jhajjar,CGWB,6,Haryana,64,JHAJJAR,JHAJJAR,JHAJJAR,Jhajjar,-,-,-,-,-,-,28.61666667,76.65555556,,10-01-2021 00:00,1.64
1658,1658,Jhajjar,CGWB,6,Haryana,64,JHAJJAR,JHAJJAR,JHAJJAR,Jhajjar,-,-,-,-,-,-,28.61666667,76.65555556,,31-08-2021 06:00,1.38
1659,1659,Jhajjar,CGWB,6,Haryana,64,JHAJJAR,JHAJJAR,JHAJJAR,Jhajjar,-,-,-,-,-,-,28.61666667,76.65555556,,30-01-2022 07:00,0.63
1660,1660,Jhajjar,CGWB,6,Haryana,64,JHAJJAR,JHAJJAR,JHAJJAR,Jhajjar,-,-,-,-,-,-,28.61666667,76.65555556,,20-05-2022 06:00,5
1661,1661,Jhajjar,CGWB,6,Haryana,64,JHAJJAR,JHAJJAR,JHAJJAR,Jhajjar,-,-,-,-,-,-,28.61666667,76.65555556,,01-08-2022 06:00,1.24
1662,1662,Jhajjar,CGWB,6,Haryana,64,JHAJJAR,JHAJJAR,JHAJJAR,Jhajjar,-,-,-,-,-,-,28.61666667,76.65555556,,01-01-2023 00:00,1.01
1663,1663,Jhajjar,CGWB,6,Haryana,64,JHAJJAR,JHAJJAR,JHAJJAR,Jhajjar,-,-,-,-,-,-,28.61666667,76.65555556,,20-08-2023 00:00,1.4
1664,1664,Jhajjar,CGWB,6,Haryana,64,JHAJJAR,JHAJJAR,JHAJJAR,Jhajjar,-,-,-,-,-,-,28.61666667,76.65555556,,01-11-2023 00:00,1.42
1665,1665,Jhajjar,CGWB,6,Haryana,64,JHAJJAR,JHAJJAR,JHAJJAR,Jhajjar,-,-,-,-,-,-,28.61666667,76.65555556,,01-01-2024 00:00,1.48
1666,1666,Jhajjar1,CGWB,6,Haryana,64,JHAJJAR,JHAJJAR,JHAJJAR,Jhajjar,-,-,-,-,-,-,28.6125,76.65416667,,01-11-2022 06:00,2.3
1667,1667,Jhakauli- Pz,CGWB,6,Haryana,75,SONIPAT,SONIPAT,RAI,Jhakauli,-,-,-,-,-,-,28.93194444,77.16388889,,10-01-2021 00:00,23.65
1668,1668,Jhakauli- Pz,CGWB,6,Haryana,75,SONIPAT,SONIPAT,RAI,Jhakauli,-,-,-,-,-,-,28.93194444,77.16388889,,31-08-2021 06:00,25.58
1669,1669,Jhakauli- Pz,CGWB,6,Haryana,75,SONIPAT,SONIPAT,RAI,Jhakauli,-,-,-,-,-,-,28.93194444,77.16388889,,30-01-2022 07:00,21.95
1670,1670,Jhakauli- Pz,CGWB,6,Haryana,75,SONIPAT,SONIPAT,RAI,Jhakauli,-,-,-,-,-,-,28.93194444,77.16388889,,20-05-2022 06:00,20.7
1671,1671,Jhakauli- Pz,CGWB,6,Haryana,75,SONIPAT,SONIPAT,RAI,Jhakauli,-,-,-,-,-,-,28.93194444,77.16388889,,01-08-2022 06:00,21.31
1672,1672,Jhakauli- Pz,CGWB,6,Haryana,75,SONIPAT,SONIPAT,RAI,Jhakauli,-,-,-,-,-,-,28.93194444,77.16388889,,01-11-2022 06:00,19.07
1673,1673,Jhakauli- Pz,CGWB,6,Haryana,75,SONIPAT,SONIPAT,RAI,Jhakauli,-,-,-,-,-,-,28.93194444,77.16388889,,01-11-2023 00:00,23.58
1674,1674,Jhamula,CGWB,6,Haryana,65,JIND,JULANA,JULANA,Jhamula,-,-,-,-,-,-,29.13888889,76.33888889,,10-01-2021 00:00,2.96
1675,1675,Jhamula,CGWB,6,Haryana,65,JIND,JULANA,JULANA,Jhamula,-,-,-,-,-,-,29.13888889,76.33888889,,31-08-2021 06:00,4.01
1676,1676,Jhamula,CGWB,6,Haryana,65,JIND,JULANA,JULANA,Jhamula,-,-,-,-,-,-,29.13888889,76.33888889,,30-01-2022 07:00,1.83
1677,1677,Jhamula,CGWB,6,Haryana,65,JIND,JULANA,JULANA,Jhamula,-,-,-,-,-,-,29.13888889,76.33888889,,20-05-2022 06:00,3.32
1678,1678,Jhamula,CGWB,6,Haryana,65,JIND,JULANA,JULANA,Jhamula,-,-,-,-,-,-,29.13888889,76.33888889,,01-08-2022 06:00,3.17
1679,1679,Jhamula,CGWB,6,Haryana,65,JIND,JULANA,JULANA,Jhamula,-,-,-,-,-,-,29.13888889,76.33888889,,01-10-2022 00:00,2.17
1680,1680,Jhamula,CGWB,6,Haryana,65,JIND,JULANA,JULANA,Jhamula,-,-,-,-,-,-,29.13888889,76.33888889,,01-11-2022 06:00,2.23
1681,1681,Jhandu Sarai-Pz,CGWB,6,Haryana,62,GURUGRAM,GURGAON,FARUKHNAGAR,Jhandu Sarai,-,-,-,-,-,-,28.39916667,76.87638889,,20-05-2022 06:00,27.2
1682,1682,Jhanjari-Pz,CGWB,6,Haryana,67,KARNAL,NILOKHERI,NILOKHERI,Jhanjari,-,-,-,-,-,-,29.75694444,76.96944444,,20-05-2022 06:00,20.8
1683,1683,Jhanj Kalan,CGWB,6,Haryana,65,JIND,JIND,JIND,Jhanj Kalan,-,-,-,-,-,-,29.375,76.275,,20-05-2022 06:00,19.67
1684,1684,Jhansa-PZ,CGWB,6,Haryana,68,KURUKSHETRA,SHAHBAD,SHAHBAD,Jhansa,-,-,-,-,-,-,30.11444444,76.74083333,,20-05-2022 06:00,44.61
1685,1685,Jharli,CGWB,6,Haryana,64,JHAJJAR,JHAJJAR,MATANHAIL,Jharli,-,-,-,-,-,-,28.50277778,76.38055556,,20-05-2022 06:00,9.35
1686,1686,Jhiwarheri M,CGWB,6,Haryana,76,YAMUNANAGAR,JAGADHRI,RADAUR,Jhiwarheri M,-,-,-,-,-,-,30.125,77.08611111,,30-01-2022 07:00,33.96
1687,1687,Jhiwarheri M,CGWB,6,Haryana,76,YAMUNANAGAR,JAGADHRI,RADAUR,Jhiwarheri M,-,-,-,-,-,-,30.125,77.08611111,,20-05-2022 06:00,34.67
1688,1688,Jhiwarheri M,CGWB,6,Haryana,76,YAMUNANAGAR,JAGADHRI,RADAUR,Jhiwarheri M,-,-,-,-,-,-,30.125,77.08611111,,01-08-2022 06:00,41.26
1689,1689,Jhiwarheri M,CGWB,6,Haryana,76,YAMUNANAGAR,JAGADHRI,RADAUR,Jhiwarheri M,-,-,-,-,-,-,30.125,77.08611111,,01-11-2022 06:00,35.9
1690,1690,Jhiwarheri M,CGWB,6,Haryana,76,YAMUNANAGAR,JAGADHRI,RADAUR,Jhiwarheri M,-,-,-,-,-,-,30.125,77.08611111,,01-01-2023 00:00,34.6
1691,1691,Jhiwarheri M,CGWB,6,Haryana,76,YAMUNANAGAR,JAGADHRI,RADAUR,Jhiwarheri M,-,-,-,-,-,-,30.125,77.08611111,,01-06-2023 00:00,37
1692,1692,Jhiwarheri M,CGWB,6,Haryana,76,YAMUNANAGAR,JAGADHRI,RADAUR,Jhiwarheri M,-,-,-,-,-,-,30.125,77.08611111,,01-11-2023 00:00,5.84
1693,1693,Jhiwarheri S,CGWB,6,Haryana,76,YAMUNANAGAR,JAGADHRI,RADAUR,Jhiwarheri S,-,-,-,-,-,-,30.125,77.08611111,,10-01-2021 00:00,33.18
1694,1694,Jhiwarheri S,CGWB,6,Haryana,76,YAMUNANAGAR,JAGADHRI,RADAUR,Jhiwarheri S,-,-,-,-,-,-,30.125,77.08611111,,30-01-2022 07:00,33.63
1695,1695,Jhiwarheri S,CGWB,6,Haryana,76,YAMUNANAGAR,JAGADHRI,RADAUR,Jhiwarheri S,-,-,-,-,-,-,30.125,77.08611111,,20-05-2022 06:00,33.08
1696,1696,Jhiwarheri S,CGWB,6,Haryana,76,YAMUNANAGAR,JAGADHRI,RADAUR,Jhiwarheri S,-,-,-,-,-,-,30.125,77.08611111,,01-08-2022 06:00,34.74
1697,1697,Jhiwarheri S,CGWB,6,Haryana,76,YAMUNANAGAR,JAGADHRI,RADAUR,Jhiwarheri S,-,-,-,-,-,-,30.125,77.08611111,,01-11-2022 06:00,34.47
1698,1698,Jhiwarheri S,CGWB,6,Haryana,76,YAMUNANAGAR,JAGADHRI,RADAUR,Jhiwarheri S,-,-,-,-,-,-,30.125,77.08611111,,01-01-2023 00:00,33.85
1699,1699,Jhiwarheri S,CGWB,6,Haryana,76,YAMUNANAGAR,JAGADHRI,RADAUR,Jhiwarheri S,-,-,-,-,-,-,30.125,77.08611111,,01-06-2023 00:00,33.3
1700,1700,Jhiwarheri S,CGWB,6,Haryana,76,YAMUNANAGAR,JAGADHRI,RADAUR,Jhiwarheri S,-,-,-,-,-,-,30.125,77.08611111,,01-11-2023 00:00,5.92
1701,1701,Jhumpa,CGWB,6,Haryana,59,BHIWANI,SIWANI,SIWANI,Jhumpa,-,-,-,-,-,-,28.76666667,75.53333333,,10-01-2021 00:00,28.08
1702,1702,Jhumpa,CGWB,6,Haryana,59,BHIWANI,SIWANI,SIWANI,Jhumpa,-,-,-,-,-,-,28.76666667,75.53333333,,31-08-2021 06:00,30.31
1703,1703,Jhumpa,CGWB,6,Haryana,59,BHIWANI,SIWANI,SIWANI,Jhumpa,-,-,-,-,-,-,28.76666667,75.53333333,,30-11-2021 06:00,27.15
1704,1704,Jhumpa,CGWB,6,Haryana,59,BHIWANI,SIWANI,SIWANI,Jhumpa,-,-,-,-,-,-,28.76666667,75.53333333,,30-01-2022 07:00,27.73
1705,1705,Jhumpa,CGWB,6,Haryana,59,BHIWANI,SIWANI,SIWANI,Jhumpa,-,-,-,-,-,-,28.76666667,75.53333333,,20-05-2022 06:00,30.51
1706,1706,Jhumpa,CGWB,6,Haryana,59,BHIWANI,SIWANI,SIWANI,Jhumpa,-,-,-,-,-,-,28.76666667,75.53333333,,01-08-2022 06:00,26.04
1707,1707,Jhumpa,CGWB,6,Haryana,59,BHIWANI,SIWANI,SIWANI,Jhumpa,-,-,-,-,-,-,28.76666667,75.53333333,,01-11-2022 06:00,28.05
1708,1708,Jhumpa,CGWB,6,Haryana,59,BHIWANI,SIWANI,SIWANI,Jhumpa,-,-,-,-,-,-,28.76666667,75.53333333,,01-01-2023 00:00,28.3
1709,1709,Jhumpa,CGWB,6,Haryana,59,BHIWANI,SIWANI,SIWANI,Jhumpa,-,-,-,-,-,-,28.76666667,75.53333333,,01-06-2023 00:00,27.07
1710,1710,Jhumpa,CGWB,6,Haryana,59,BHIWANI,SIWANI,SIWANI,Jhumpa,-,-,-,-,-,-,28.76666667,75.53333333,,20-08-2023 00:00,26.43
1711,1711,Jhumpa,CGWB,6,Haryana,59,BHIWANI,SIWANI,SIWANI,Jhumpa,-,-,-,-,-,-,28.76666667,75.53333333,,01-11-2023 00:00,27.05
1712,1712,Jhumpa,CGWB,6,Haryana,59,BHIWANI,SIWANI,SIWANI,Jhumpa,-,-,-,-,-,-,28.76666667,75.53333333,,01-01-2024 00:00,27.14
1713,1713,Jhumpa Kalan,CGWB,6,Haryana,59,BHIWANI,SIWANI,SIWANI,Jhumpa Kalan,-,-,-,-,-,-,28.76666667,75.52916667,,10-01-2021 00:00,26.54
1714,1714,Jhumpa Kalan,CGWB,6,Haryana,59,BHIWANI,SIWANI,SIWANI,Jhumpa Kalan,-,-,-,-,-,-,28.76666667,75.52916667,,31-08-2021 06:00,27.4
1715,1715,Jhumpa Kalan,CGWB,6,Haryana,59,BHIWANI,SIWANI,SIWANI,Jhumpa Kalan,-,-,-,-,-,-,28.76666667,75.52916667,,30-11-2021 06:00,27.46
1716,1716,Jhumpa Kalan,CGWB,6,Haryana,59,BHIWANI,SIWANI,SIWANI,Jhumpa Kalan,-,-,-,-,-,-,28.76666667,75.52916667,,30-01-2022 07:00,26.25
1717,1717,Jhumpa Kalan,CGWB,6,Haryana,59,BHIWANI,SIWANI,SIWANI,Jhumpa Kalan,-,-,-,-,-,-,28.76666667,75.52916667,,20-05-2022 06:00,30.6
1718,1718,Jhumpa Kalan,CGWB,6,Haryana,59,BHIWANI,SIWANI,SIWANI,Jhumpa Kalan,-,-,-,-,-,-,28.76666667,75.52916667,,01-08-2022 06:00,25.01
1719,1719,Jhumpa Kalan,CGWB,6,Haryana,59,BHIWANI,SIWANI,SIWANI,Jhumpa Kalan,-,-,-,-,-,-,28.76666667,75.52916667,,01-11-2022 06:00,26.92
1720,1720,Jhumpa Kalan,CGWB,6,Haryana,59,BHIWANI,SIWANI,SIWANI,Jhumpa Kalan,-,-,-,-,-,-,28.76666667,75.52916667,,01-01-2023 00:00,26.85
1721,1721,Jhumpa Kalan,CGWB,6,Haryana,59,BHIWANI,SIWANI,SIWANI,Jhumpa Kalan,-,-,-,-,-,-,28.76666667,75.52916667,,20-08-2023 00:00,26.67
1722,1722,Jhumpa Kalan,CGWB,6,Haryana,59,BHIWANI,SIWANI,SIWANI,Jhumpa Kalan,-,-,-,-,-,-,28.76666667,75.52916667,,01-11-2023 00:00,27.22
1723,1723,Jind-Pz,CGWB,6,Haryana,65,JIND,JIND,JIND,Jind,-,-,-,-,-,-,29.32138889,76.30694444,,20-05-2022 06:00,26.8
1724,1724,Jitwanwas-DW,CGWB,6,Haryana,59,BHIWANI,BHIWANI,KAIRU,Jitwanwas,-,-,-,-,-,-,28.72222222,75.90555556,,20-05-2022 06:00,11.9
1725,1725,Jogna Khera,CGWB,6,Haryana,68,KURUKSHETRA,SHAHBAD,THANESAR,Jogna Khera,-,-,-,-,-,-,29.97361111,76.82777778,,01-11-2022 06:00,38.67
1726,1726,Jogna Khera-Pz,CGWB,6,Haryana,68,KURUKSHETRA,SHAHBAD,THANESAR,Jogna Khera,-,-,-,-,-,-,29.98611111,76.79416667,,10-01-2021 00:00,36.07
1727,1727,Jogna Khera-Pz,CGWB,6,Haryana,68,KURUKSHETRA,SHAHBAD,THANESAR,Jogna Khera,-,-,-,-,-,-,29.98611111,76.79416667,,31-08-2021 06:00,38.75
1728,1728,Jogna Khera-Pz,CGWB,6,Haryana,68,KURUKSHETRA,SHAHBAD,THANESAR,Jogna Khera,-,-,-,-,-,-,29.98611111,76.79416667,,30-11-2021 06:00,37.57
1729,1729,Jogna Khera-Pz,CGWB,6,Haryana,68,KURUKSHETRA,SHAHBAD,THANESAR,Jogna Khera,-,-,-,-,-,-,29.98611111,76.79416667,,30-01-2022 07:00,36.75
1730,1730,Jogna Khera-Pz,CGWB,6,Haryana,68,KURUKSHETRA,SHAHBAD,THANESAR,Jogna Khera,-,-,-,-,-,-,29.98611111,76.79416667,,20-05-2022 06:00,37.44
1731,1731,Jogna Khera-Pz,CGWB,6,Haryana,68,KURUKSHETRA,SHAHBAD,THANESAR,Jogna Khera,-,-,-,-,-,-,29.98611111,76.79416667,,01-01-2023 00:00,37.3
1732,1732,Jogna Khera-Pz,CGWB,6,Haryana,68,KURUKSHETRA,SHAHBAD,THANESAR,Jogna Khera,-,-,-,-,-,-,29.98611111,76.79416667,,20-08-2023 00:00,37.89
1733,1733,Jogna Khera-Pz,CGWB,6,Haryana,68,KURUKSHETRA,SHAHBAD,THANESAR,Jogna Khera,-,-,-,-,-,-,29.98611111,76.79416667,,01-11-2023 00:00,37.19
1734,1734,Juan-DW,CGWB,6,Haryana,75,SONIPAT,SONIPAT,SONEPAT,Juan,-,-,-,-,-,-,29.0625,76.90055556,,20-05-2022 06:00,10
1735,1735,Juglan,CGWB,6,Haryana,63,HISAR,HISSAR,BARWALA,Juglan,-,-,-,-,-,-,29.25694444,75.79444444,,20-05-2022 06:00,1.7
1736,1736,Juikalan,CGWB,6,Haryana,59,BHIWANI,LOHARU,LOHARU,Juikalan,-,-,-,-,-,-,28.63333333,75.60833333,,01-06-2023 00:00,26.76
1737,1737,Juikalan PZM,CGWB,6,Haryana,59,BHIWANI,LOHARU,LOHARU,Juikalan,-,-,-,-,-,-,28.63333333,75.60833333,,10-01-2021 00:00,34.43
1738,1738,Juikalan PZM,CGWB,6,Haryana,59,BHIWANI,LOHARU,LOHARU,Juikalan,-,-,-,-,-,-,28.63333333,75.60833333,,31-08-2021 06:00,36.42
1739,1739,Juikalan PZM,CGWB,6,Haryana,59,BHIWANI,LOHARU,LOHARU,Juikalan,-,-,-,-,-,-,28.63333333,75.60833333,,30-11-2021 06:00,35.09
1740,1740,Juikalan PZM,CGWB,6,Haryana,59,BHIWANI,LOHARU,LOHARU,Juikalan,-,-,-,-,-,-,28.63333333,75.60833333,,30-01-2022 07:00,35.35
1741,1741,Juikalan PZM,CGWB,6,Haryana,59,BHIWANI,LOHARU,LOHARU,Juikalan,-,-,-,-,-,-,28.63333333,75.60833333,,20-05-2022 06:00,35.5
1742,1742,Juikalan PZM,CGWB,6,Haryana,59,BHIWANI,LOHARU,LOHARU,Juikalan,-,-,-,-,-,-,28.63333333,75.60833333,,01-08-2022 06:00,35.63
1743,1743,Juikalan PZM,CGWB,6,Haryana,59,BHIWANI,LOHARU,LOHARU,Juikalan,-,-,-,-,-,-,28.63333333,75.60833333,,01-06-2023 00:00,36.65
1744,1744,Jui-PZ,CGWB,6,Haryana,59,BHIWANI,BHIWANI,-,-,-,-,-,-,-,-,28.635833,75.943333,,01-01-2023 00:00,36.35
1745,1745,JULANA_1,CGWB,6,Haryana,65,JIND,JIND,-,-,-,-,-,-,-,-,29.123,76.4013,,01-10-2022 00:00,3
1746,1746,JULANA_1,CGWB,6,Haryana,65,JIND,JIND,-,-,-,-,-,-,-,-,29.123,76.4013,,20-08-2023 00:00,2.3
1747,1747,JULANA_1,CGWB,6,Haryana,65,JIND,JIND,-,-,-,-,-,-,-,-,29.123,76.4013,,01-01-2024 00:00,2.84
1748,1748,Julana-DW,CGWB,6,Haryana,65,JIND,JIND,JIND,Julani,-,-,-,-,-,-,29.47694444,76.27194444,,20-05-2022 06:00,3.09
1749,1749,Julana-DW,CGWB,6,Haryana,65,JIND,JIND,JIND,Julani,-,-,-,-,-,-,29.47694444,76.27194444,,01-11-2022 06:00,3.27
1750,1750,Julana Pz,CGWB,6,Haryana,65,JIND,JULANA,JULANA,Julana Pz,-,-,-,-,-,-,29.125,76.40833333,,10-01-2021 00:00,5.96
1751,1751,Julana Pz,CGWB,6,Haryana,65,JIND,JULANA,JULANA,Julana Pz,-,-,-,-,-,-,29.125,76.40833333,,31-08-2021 06:00,6.57
1752,1752,Julana Pz,CGWB,6,Haryana,65,JIND,JULANA,JULANA,Julana Pz,-,-,-,-,-,-,29.125,76.40833333,,30-01-2022 07:00,4.45
1753,1753,Julana Pz,CGWB,6,Haryana,65,JIND,JULANA,JULANA,Julana Pz,-,-,-,-,-,-,29.125,76.40833333,,20-05-2022 06:00,2.8
1754,1754,Julana Pz,CGWB,6,Haryana,65,JIND,JULANA,JULANA,Julana Pz,-,-,-,-,-,-,29.125,76.40833333,,01-08-2022 06:00,3.6
1755,1755,Julana Pz,CGWB,6,Haryana,65,JIND,JULANA,JULANA,Julana Pz,-,-,-,-,-,-,29.125,76.40833333,,01-11-2023 00:00,2.77
1756,1756,Jundla1,CGWB,6,Haryana,67,KARNAL,KARNAL,NISSANG,Jundla,-,-,-,-,-,-,29.64305556,76.86666667,,20-05-2022 06:00,21.65
1757,1757,Jundla1,CGWB,6,Haryana,67,KARNAL,KARNAL,NISSANG,Jundla,-,-,-,-,-,-,29.64305556,76.86666667,,01-01-2023 00:00,22.48
1758,1758,Jundla1,CGWB,6,Haryana,67,KARNAL,KARNAL,NISSANG,Jundla,-,-,-,-,-,-,29.64305556,76.86666667,,20-08-2023 00:00,26.05
1759,1759,Jundla1,CGWB,6,Haryana,67,KARNAL,KARNAL,NISSANG,Jundla,-,-,-,-,-,-,29.64305556,76.86666667,,01-11-2023 00:00,25.16
1760,1760,Kabulpur,CGWB,6,Haryana,60,FARIDABAD,BALLABGARH,BALLABGARH,Kabulpur,-,-,-,-,-,-,28.39444444,77.43888889,,10-01-2021 00:00,20.69
1761,1761,Kabulpur,CGWB,6,Haryana,60,FARIDABAD,BALLABGARH,BALLABGARH,Kabulpur,-,-,-,-,-,-,28.39444444,77.43888889,,31-08-2021 06:00,23.1
1762,1762,Kabulpur,CGWB,6,Haryana,60,FARIDABAD,BALLABGARH,BALLABGARH,Kabulpur,-,-,-,-,-,-,28.39444444,77.43888889,,30-11-2021 06:00,19.23
1763,1763,Kabulpur,CGWB,6,Haryana,60,FARIDABAD,BALLABGARH,BALLABGARH,Kabulpur,-,-,-,-,-,-,28.39444444,77.43888889,,30-01-2022 07:00,20.6
1764,1764,Kabulpur,CGWB,6,Haryana,60,FARIDABAD,BALLABGARH,BALLABGARH,Kabulpur,-,-,-,-,-,-,28.39444444,77.43888889,,20-05-2022 06:00,20.56
1765,1765,Kabulpur,CGWB,6,Haryana,60,FARIDABAD,BALLABGARH,BALLABGARH,Kabulpur,-,-,-,-,-,-,28.39444444,77.43888889,,01-08-2022 06:00,21.7
1766,1766,Kabulpur,CGWB,6,Haryana,60,FARIDABAD,BALLABGARH,BALLABGARH,Kabulpur,-,-,-,-,-,-,28.39444444,77.43888889,,01-11-2022 06:00,19.05
1767,1767,Kabulpur,CGWB,6,Haryana,60,FARIDABAD,BALLABGARH,BALLABGARH,Kabulpur,-,-,-,-,-,-,28.39444444,77.43888889,,01-06-2023 00:00,19.7
1768,1768,Kabulpur,CGWB,6,Haryana,60,FARIDABAD,BALLABGARH,BALLABGARH,Kabulpur,-,-,-,-,-,-,28.39444444,77.43888889,,01-11-2023 00:00,18.4
1769,1769,Kabulpur,CGWB,6,Haryana,60,FARIDABAD,BALLABGARH,BALLABGARH,Kabulpur,-,-,-,-,-,-,28.39444444,77.43888889,,01-01-2024 00:00,17.74
1770,1770,Kachhwa Pz,CGWB,6,Haryana,67,KARNAL,KARNAL,KARNAL,Kachhwa,-,-,-,-,-,-,29.725,76.89444444,,20-05-2022 06:00,21.8
1771,1771,Kadipur,CGWB,6,Haryana,62,GURUGRAM,GURGAON,FARUKHNAGAR,Kharkhri,-,-,-,-,-,-,28.45277778,77.02,,20-05-2022 06:00,29.85
1772,1772,Kadma-PZ,CGWB,6,Haryana,701,Charkhi Dadri,BADHRA,BADHRA,Kadma,-,-,-,-,-,-,28.45555556,76.02472222,,20-05-2022 06:00,81.72
1773,1773,Kairanwali-DW,CGWB,6,Haryana,74,SIRSA,SIRSA,NATHUSARI CHOPRA,Kairanwali,-,-,-,-,-,-,29.39944444,75.20833333,,20-05-2022 06:00,3.04
1774,1774,Kairu-Pz,CGWB,6,Haryana,59,BHIWANI,BHIWANI,KAIRU,Kairu,-,-,-,-,-,-,28.69777778,75.82222222,,20-05-2022 06:00,17.9
1775,1775,Kaithal S,CGWB,6,Haryana,66,KAITHAL,KAITHAL,KAITHAL,Kaithal S,-,-,-,-,-,-,29.8,76.4,,20-05-2022 06:00,31.71
1776,1776,Kaith-Dw,CGWB,6,Haryana,71,PANIPAT,ISRANA,ISRANA,Kaith,-,-,-,-,-,-,29.24916667,76.81333333,,20-05-2022 06:00,4.15
1777,1777,Kajal Heri-DW,CGWB,6,Haryana,61,FATEHABAD,FATEHABAD,FATEHABAD,Kajal Heri,-,-,-,-,-,-,29.45138889,75.59166667,,20-05-2022 06:00,3.4
1778,1778,Kakar Majra,CGWB,6,Haryana,70,PANCHKULA,PANCHKULA,RAIPUR RANI,Kakar Majra,-,-,-,-,-,-,30.49166667,77.025,,10-01-2021 00:00,11.94
1779,1779,Kakar Majra,CGWB,6,Haryana,70,PANCHKULA,PANCHKULA,RAIPUR RANI,Kakar Majra,-,-,-,-,-,-,30.49166667,77.025,,31-08-2021 06:00,12.64
1780,1780,Kakar Majra,CGWB,6,Haryana,70,PANCHKULA,PANCHKULA,RAIPUR RANI,Kakar Majra,-,-,-,-,-,-,30.49166667,77.025,,30-11-2021 06:00,12.09
1781,1781,Kakar Majra,CGWB,6,Haryana,70,PANCHKULA,PANCHKULA,RAIPUR RANI,Kakar Majra,-,-,-,-,-,-,30.49166667,77.025,,30-01-2022 07:00,12.33
1782,1782,Kakar Majra,CGWB,6,Haryana,70,PANCHKULA,PANCHKULA,RAIPUR RANI,Kakar Majra,-,-,-,-,-,-,30.49166667,77.025,,20-05-2022 06:00,12.1
1783,1783,Kakar Majra,CGWB,6,Haryana,70,PANCHKULA,PANCHKULA,RAIPUR RANI,Kakar Majra,-,-,-,-,-,-,30.49166667,77.025,,01-08-2022 06:00,12.26
1784,1784,Kakar Majra,CGWB,6,Haryana,70,PANCHKULA,PANCHKULA,RAIPUR RANI,Kakar Majra,-,-,-,-,-,-,30.49166667,77.025,,01-11-2022 06:00,11.78
1785,1785,Kakar Majra,CGWB,6,Haryana,70,PANCHKULA,PANCHKULA,RAIPUR RANI,Kakar Majra,-,-,-,-,-,-,30.49166667,77.025,,01-01-2023 00:00,10.12
1786,1786,Kakar Majra,CGWB,6,Haryana,70,PANCHKULA,PANCHKULA,RAIPUR RANI,Kakar Majra,-,-,-,-,-,-,30.49166667,77.025,,01-06-2023 00:00,11.99
1787,1787,Kakar Majra,CGWB,6,Haryana,70,PANCHKULA,PANCHKULA,RAIPUR RANI,Kakar Majra,-,-,-,-,-,-,30.49166667,77.025,,01-11-2023 00:00,11.22
1788,1788,Kakar Majra,CGWB,6,Haryana,70,PANCHKULA,PANCHKULA,RAIPUR RANI,Kakar Majra,-,-,-,-,-,-,30.49166667,77.025,,01-01-2024 00:00,11.23
1789,1789,Kakkar Majra-DW,CGWB,6,Haryana,58,AMBALA,NARAINGARH,SHAHZADPUR,Kakkar Majra,-,-,-,-,-,-,30.45444444,77.02222222,,20-05-2022 06:00,12
1790,1790,Kakrod-DW,CGWB,6,Haryana,65,JIND,NARWANA,UCHANA,Kakrod,-,-,-,-,-,-,29.45583333,76.08722222,,20-05-2022 06:00,13.8
1791,1791,Kakroli Hatti-PZ,CGWB,6,Haryana,701,Charkhi Dadri,BADHRA,BADHRA,Kakroli Hatti,-,-,-,-,-,-,28.57444444,75.97888889,,20-05-2022 06:00,72.62
1792,1792,Kakroli Hukmi1,CGWB,6,Haryana,701,Charkhi Dadri,BADHRA,BADHRA,Kakroli Hukmi,-,-,-,-,-,-,28.57083333,75.95972222,,20-05-2022 06:00,70.02
1793,1793,Kakroli Sardh-PZ,CGWB,6,Haryana,701,Charkhi Dadri,BADHRA,BADHRA,Kakroli Sardh,-,-,-,-,-,-,28.57972222,75.97472222,,20-05-2022 06:00,64.9
1794,1794,Kakru,CGWB,6,Haryana,58,AMBALA,AMBALA,AMBALA-I,Kakru,-,-,-,-,-,-,30.40833333,76.7875,,10-01-2021 00:00,1.35
1795,1795,Kakru,CGWB,6,Haryana,58,AMBALA,AMBALA,AMBALA-I,Kakru,-,-,-,-,-,-,30.40833333,76.7875,,31-08-2021 06:00,2.67
1796,1796,Kakru,CGWB,6,Haryana,58,AMBALA,AMBALA,AMBALA-I,Kakru,-,-,-,-,-,-,30.40833333,76.7875,,30-11-2021 06:00,0.93
1797,1797,Kakru,CGWB,6,Haryana,58,AMBALA,AMBALA,AMBALA-I,Kakru,-,-,-,-,-,-,30.40833333,76.7875,,30-01-2022 07:00,1.18
1798,1798,Kakru,CGWB,6,Haryana,58,AMBALA,AMBALA,AMBALA-I,Kakru,-,-,-,-,-,-,30.40833333,76.7875,,20-05-2022 06:00,1.62
1799,1799,Kakru,CGWB,6,Haryana,58,AMBALA,AMBALA,AMBALA-I,Kakru,-,-,-,-,-,-,30.40833333,76.7875,,01-08-2022 06:00,1.13
1800,1800,Kakru,CGWB,6,Haryana,58,AMBALA,AMBALA,AMBALA-I,Kakru,-,-,-,-,-,-,30.40833333,76.7875,,01-01-2023 00:00,1.05
1801,1801,Kakru,CGWB,6,Haryana,58,AMBALA,AMBALA,AMBALA-I,Kakru,-,-,-,-,-,-,30.40833333,76.7875,,01-06-2023 00:00,1.05
1802,1802,Kakru,CGWB,6,Haryana,58,AMBALA,AMBALA,AMBALA-I,Kakru,-,-,-,-,-,-,30.40833333,76.7875,,01-11-2023 00:00,0.75
1803,1803,Kakru,CGWB,6,Haryana,58,AMBALA,AMBALA,AMBALA-I,Kakru,-,-,-,-,-,-,30.40833333,76.7875,,01-01-2024 00:00,0.76
1804,1804,Kalanaur,CGWB,6,Haryana,73,ROHTAK,ROHTAK,KALANAUR,Kalanaur,-,-,-,-,-,-,28.82916667,76.39583333,,20-05-2022 06:00,2.77
1805,1805,Kalanwali Mandi-Pz,CGWB,6,Haryana,74,SIRSA,DABWALI,ODHAN,Kalanwali Mandi,-,-,-,-,-,-,29.83888889,74.98888889,,10-01-2021 00:00,9.9
1806,1806,Kalanwali Mandi-Pz,CGWB,6,Haryana,74,SIRSA,DABWALI,ODHAN,Kalanwali Mandi,-,-,-,-,-,-,29.83888889,74.98888889,,31-08-2021 06:00,12.23
1807,1807,Kalanwali Mandi-Pz,CGWB,6,Haryana,74,SIRSA,DABWALI,ODHAN,Kalanwali Mandi,-,-,-,-,-,-,29.83888889,74.98888889,,30-11-2021 06:00,11.57
1808,1808,Kalanwali Mandi-Pz,CGWB,6,Haryana,74,SIRSA,DABWALI,ODHAN,Kalanwali Mandi,-,-,-,-,-,-,29.83888889,74.98888889,,30-01-2022 07:00,10.08
1809,1809,Kalanwali Mandi-Pz,CGWB,6,Haryana,74,SIRSA,DABWALI,ODHAN,Kalanwali Mandi,-,-,-,-,-,-,29.83888889,74.98888889,,20-05-2022 06:00,11.9
1810,1810,Kalanwali Mandi-Pz,CGWB,6,Haryana,74,SIRSA,DABWALI,ODHAN,Kalanwali Mandi,-,-,-,-,-,-,29.83888889,74.98888889,,01-01-2023 00:00,9.95
1811,1811,Kalanwali Mandi-Pz,CGWB,6,Haryana,74,SIRSA,DABWALI,ODHAN,Kalanwali Mandi,-,-,-,-,-,-,29.83888889,74.98888889,,01-06-2023 00:00,10.27
1812,1812,Kalanwali Mandi-Pz,CGWB,6,Haryana,74,SIRSA,DABWALI,ODHAN,Kalanwali Mandi,-,-,-,-,-,-,29.83888889,74.98888889,,20-08-2023 00:00,10.69
1813,1813,Kalanwali Mandi-Pz,CGWB,6,Haryana,74,SIRSA,DABWALI,ODHAN,Kalanwali Mandi,-,-,-,-,-,-,29.83888889,74.98888889,,01-11-2023 00:00,10.67
1814,1814,Kalayat,CGWB,6,Haryana,66,KAITHAL,KAITHAL,KALAYAT,Kalayat,-,-,-,-,-,-,29.67916667,76.25277778,,10-01-2021 00:00,2.9
1815,1815,Kalayat,CGWB,6,Haryana,66,KAITHAL,KAITHAL,KALAYAT,Kalayat,-,-,-,-,-,-,29.67916667,76.25277778,,31-08-2021 06:00,1.95
1816,1816,Kalayat,CGWB,6,Haryana,66,KAITHAL,KAITHAL,KALAYAT,Kalayat,-,-,-,-,-,-,29.67916667,76.25277778,,30-11-2021 06:00,0.97
1817,1817,Kalayat,CGWB,6,Haryana,66,KAITHAL,KAITHAL,KALAYAT,Kalayat,-,-,-,-,-,-,29.67916667,76.25277778,,30-01-2022 07:00,1.85
1818,1818,Kalayat,CGWB,6,Haryana,66,KAITHAL,KAITHAL,KALAYAT,Kalayat,-,-,-,-,-,-,29.67916667,76.25277778,,20-05-2022 06:00,3.08
1819,1819,Kalayat,CGWB,6,Haryana,66,KAITHAL,KAITHAL,KALAYAT,Kalayat,-,-,-,-,-,-,29.67916667,76.25277778,,01-01-2023 00:00,1.45
1820,1820,Kalayat,CGWB,6,Haryana,66,KAITHAL,KAITHAL,KALAYAT,Kalayat,-,-,-,-,-,-,29.67916667,76.25277778,,01-06-2023 00:00,3.95
1821,1821,Kalayat,CGWB,6,Haryana,66,KAITHAL,KAITHAL,KALAYAT,Kalayat,-,-,-,-,-,-,29.67916667,76.25277778,,20-08-2023 00:00,4.55
1822,1822,Kalayat,CGWB,6,Haryana,66,KAITHAL,KAITHAL,KALAYAT,Kalayat,-,-,-,-,-,-,29.67916667,76.25277778,,01-11-2023 00:00,1.9
1823,1823,Kalayat,CGWB,6,Haryana,66,KAITHAL,KAITHAL,KALAYAT,Kalayat,-,-,-,-,-,-,29.67916667,76.25277778,,01-01-2024 00:00,2.02
1824,1824,Kalayat S,CGWB,6,Haryana,66,KAITHAL,KAITHAL,KALAYAT,Kalayat S,-,-,-,-,-,-,29.67916667,76.25277778,,10-01-2021 00:00,2.45
1825,1825,Kalayat S,CGWB,6,Haryana,66,KAITHAL,KAITHAL,KALAYAT,Kalayat S,-,-,-,-,-,-,29.67916667,76.25277778,,20-05-2022 06:00,6
1826,1826,Kalesar-DW,CGWB,6,Haryana,66,KAITHAL,KAITHAL,KALAYAT,Kalesar,-,-,-,-,-,-,29.59111111,76.28805556,,20-05-2022 06:00,16.55
1827,1827,Kaliawas- DW,CGWB,6,Haryana,64,JHAJJAR,JHAJJAR,MATANHAIL,Kaliawas,-,-,-,-,-,-,28.60388889,76.37222222,,20-05-2022 06:00,1.9
1828,1828,Kaliravan,CGWB,6,Haryana,63,HISAR,HISSAR,AGROHA,Kaliravan,-,-,-,-,-,-,29.29722222,75.57083333,,20-05-2022 06:00,6.46
1829,1829,Kaloud,CGWB,6,Haryana,59,BHIWANI,SIWANI,SIWANI,Kaloud,-,-,-,-,-,-,28.79583333,75.64027778,,20-05-2022 06:00,28.4
1830,1830,Kalri Jagir S,CGWB,6,Haryana,67,KARNAL,INDRI,INDRI,Kalri Jagir S,-,-,-,-,-,-,29.94722222,77.13333333,,10-01-2021 00:00,4.3
1831,1831,Kalri Jagir S,CGWB,6,Haryana,67,KARNAL,INDRI,INDRI,Kalri Jagir S,-,-,-,-,-,-,29.94722222,77.13333333,,20-05-2022 06:00,5.73
1832,1832,Kalri Jagir S,CGWB,6,Haryana,67,KARNAL,INDRI,INDRI,Kalri Jagir S,-,-,-,-,-,-,29.94722222,77.13333333,,01-08-2022 06:00,6.47
1833,1833,Kalri Jagir S,CGWB,6,Haryana,67,KARNAL,INDRI,INDRI,Kalri Jagir S,-,-,-,-,-,-,29.94722222,77.13333333,,01-11-2022 06:00,4.82
1834,1834,Kalri Jagir S,CGWB,6,Haryana,67,KARNAL,INDRI,INDRI,Kalri Jagir S,-,-,-,-,-,-,29.94722222,77.13333333,,01-01-2023 00:00,4.9
1835,1835,Kalri Jagir S,CGWB,6,Haryana,67,KARNAL,INDRI,INDRI,Kalri Jagir S,-,-,-,-,-,-,29.94722222,77.13333333,,01-11-2023 00:00,19.59
1836,1836,Kalri Jagir S,CGWB,6,Haryana,67,KARNAL,INDRI,INDRI,Kalri Jagir S,-,-,-,-,-,-,29.94722222,77.13333333,,01-01-2024 00:00,3.73
1837,1837,Kalsani-PZ,CGWB,6,Haryana,68,KURUKSHETRA,SHAHBAD,SHAHBAD,Kalsani,-,-,-,-,-,-,30.155,76.81833333,,20-05-2022 06:00,52.16
1838,1838,Kalsi,CGWB,6,Haryana,67,KARNAL,NILOKHERI,NILOKHERI,Kalsi,-,-,-,-,-,-,29.86666667,76.95833333,,20-05-2022 06:00,29.85
1839,1839,Kalumazra-DW,CGWB,6,Haryana,58,AMBALA,AMBALA,AMBALA-I,Kalumazra,-,-,-,-,-,-,30.24861111,76.7625,,20-05-2022 06:00,2.9
1840,1840,Kaluwana,CGWB,6,Haryana,74,SIRSA,DABWALI,DABWALI,Kaluwana,-,-,-,-,-,-,29.7125,74.63472222,,10-01-2021 00:00,11.92
1841,1841,Kaluwana,CGWB,6,Haryana,74,SIRSA,DABWALI,DABWALI,Kaluwana,-,-,-,-,-,-,29.7125,74.63472222,,31-08-2021 06:00,12.83
1842,1842,Kaluwana,CGWB,6,Haryana,74,SIRSA,DABWALI,DABWALI,Kaluwana,-,-,-,-,-,-,29.7125,74.63472222,,30-11-2021 06:00,12.62
1843,1843,Kaluwana,CGWB,6,Haryana,74,SIRSA,DABWALI,DABWALI,Kaluwana,-,-,-,-,-,-,29.7125,74.63472222,,30-01-2022 07:00,10.5
1844,1844,Kaluwana,CGWB,6,Haryana,74,SIRSA,DABWALI,DABWALI,Kaluwana,-,-,-,-,-,-,29.7125,74.63472222,,20-05-2022 06:00,12.42
1845,1845,Kaluwana,CGWB,6,Haryana,74,SIRSA,DABWALI,DABWALI,Kaluwana,-,-,-,-,-,-,29.7125,74.63472222,,01-08-2022 06:00,12.12
1846,1846,Kaluwana,CGWB,6,Haryana,74,SIRSA,DABWALI,DABWALI,Kaluwana,-,-,-,-,-,-,29.7125,74.63472222,,01-01-2023 00:00,12.72
1847,1847,Kaluwana,CGWB,6,Haryana,74,SIRSA,DABWALI,DABWALI,Kaluwana,-,-,-,-,-,-,29.7125,74.63472222,,01-06-2023 00:00,12.76
1848,1848,Kaluwana,CGWB,6,Haryana,74,SIRSA,DABWALI,DABWALI,Kaluwana,-,-,-,-,-,-,29.7125,74.63472222,,01-01-2024 00:00,12.92
1849,1849,Kalwan,CGWB,6,Haryana,65,JIND,NARWANA,NARWANA,Kalwan,-,-,-,-,-,-,29.70555556,75.97222222,,20-05-2022 06:00,3.8
1850,1850,Kalwan-Pz,CGWB,6,Haryana,65,JIND,NARWANA,NARWANA,Kalwan,-,-,-,-,-,-,29.70611111,75.96416667,,20-05-2022 06:00,27.28
1851,1851,Kamalgarh-DW,CGWB,6,Haryana,64,JHAJJAR,JHAJJAR,JHAJJAR,Kamalgarh,-,-,-,-,-,-,28.62,76.69305556,,20-05-2022 06:00,4.8
1852,1852,Kamalpur-DW,CGWB,6,Haryana,66,KAITHAL,KAITHAL,KALAYAT,Kamlpur,-,-,-,-,-,-,29.60055556,76.32777778,,20-05-2022 06:00,14
1853,1853,Kami- PZ,CGWB,6,Haryana,75,SONIPAT,SONIPAT,SONEPAT,Kami,-,-,-,-,-,-,29.02916667,77.01666667,,31-08-2021 06:00,40.5
1854,1854,Kandela-Pz,CGWB,6,Haryana,65,JIND,JIND,JIND,Kandela,-,-,-,-,-,-,29.38138889,76.33416667,,20-05-2022 06:00,35.9
1855,1855,Kanhari-Pz,CGWB,6,Haryana,61,FATEHABAD,TOHANA,TOHANA,Kanhari,-,-,-,-,-,-,29.68611111,75.91666667,,20-05-2022 06:00,22.86
1856,1856,Kanheli-DW,CGWB,6,Haryana,73,ROHTAK,ROHTAK,ROHTAK,Kanheli,-,-,-,-,-,-,28.87416667,76.60555556,,20-05-2022 06:00,2.97
1857,1857,Kanoh-Pz,CGWB,6,Haryana,63,HISAR,HISSAR,AGROHA,Kanoh,-,-,-,-,-,-,29.37277778,75.75694444,,20-05-2022 06:00,10.2
1858,1858,Kansala,CGWB,6,Haryana,73,ROHTAK,ROHTAK,ROHTAK,Kansala,-,-,-,-,-,-,28.89166667,76.775,,30-01-2022 07:00,2.53
1859,1859,Kansala,CGWB,6,Haryana,73,ROHTAK,ROHTAK,ROHTAK,Kansala,-,-,-,-,-,-,28.89166667,76.775,,20-05-2022 06:00,4
1860,1860,Kansala,CGWB,6,Haryana,73,ROHTAK,ROHTAK,ROHTAK,Kansala,-,-,-,-,-,-,28.89166667,76.775,,01-08-2022 06:00,3.88
1861,1861,Kansala,CGWB,6,Haryana,73,ROHTAK,ROHTAK,ROHTAK,Kansala,-,-,-,-,-,-,28.89166667,76.775,,01-10-2022 00:00,4.27
1862,1862,Kansala,CGWB,6,Haryana,73,ROHTAK,ROHTAK,ROHTAK,Kansala,-,-,-,-,-,-,28.89166667,76.775,,01-11-2022 06:00,2.78
1863,1863,Kapoori At Saphera-PZ,CGWB,6,Haryana,58,AMBALA,AMBALA,AMBALA-I,Kapoori At Saphera,-,-,-,-,-,-,30.34055556,76.92833333,,20-05-2022 06:00,18.6
1864,1864,Karaha Sahib-PZ,CGWB,6,Haryana,68,KURUKSHETRA,PEHOWA,PEHOWA,Karaha Sahib,-,-,-,-,-,-,30.04388889,76.49416667,,20-05-2022 06:00,39.22
1865,1865,Karamsana,CGWB,6,Haryana,74,SIRSA,ELLLENABAD,ELLLENABAD,Karamsana,-,-,-,-,-,-,29.34027778,74.63,,10-01-2021 00:00,6.95
1866,1866,Karamsana,CGWB,6,Haryana,74,SIRSA,ELLLENABAD,ELLLENABAD,Karamsana,-,-,-,-,-,-,29.34027778,74.63,,31-08-2021 06:00,6.87
1867,1867,Karamsana,CGWB,6,Haryana,74,SIRSA,ELLLENABAD,ELLLENABAD,Karamsana,-,-,-,-,-,-,29.34027778,74.63,,30-11-2021 06:00,4.56
1868,1868,Karamsana,CGWB,6,Haryana,74,SIRSA,ELLLENABAD,ELLLENABAD,Karamsana,-,-,-,-,-,-,29.34027778,74.63,,30-01-2022 07:00,7.65
1869,1869,Karamsana,CGWB,6,Haryana,74,SIRSA,ELLLENABAD,ELLLENABAD,Karamsana,-,-,-,-,-,-,29.34027778,74.63,,20-05-2022 06:00,10
1870,1870,Karamsana,CGWB,6,Haryana,74,SIRSA,ELLLENABAD,ELLLENABAD,Karamsana,-,-,-,-,-,-,29.34027778,74.63,,01-08-2022 06:00,5.15
1871,1871,Karamsana,CGWB,6,Haryana,74,SIRSA,ELLLENABAD,ELLLENABAD,Karamsana,-,-,-,-,-,-,29.34027778,74.63,,01-11-2022 06:00,7.67
1872,1872,Karamsana,CGWB,6,Haryana,74,SIRSA,ELLLENABAD,ELLLENABAD,Karamsana,-,-,-,-,-,-,29.34027778,74.63,,01-01-2023 00:00,7.65
1873,1873,Karamsana,CGWB,6,Haryana,74,SIRSA,ELLLENABAD,ELLLENABAD,Karamsana,-,-,-,-,-,-,29.34027778,74.63,,01-06-2023 00:00,7.4
1874,1874,Karamsana,CGWB,6,Haryana,74,SIRSA,ELLLENABAD,ELLLENABAD,Karamsana,-,-,-,-,-,-,29.34027778,74.63,,20-08-2023 00:00,8.36
1875,1875,Karamsana,CGWB,6,Haryana,74,SIRSA,ELLLENABAD,ELLLENABAD,Karamsana,-,-,-,-,-,-,29.34027778,74.63,,01-11-2023 00:00,8.35
1876,1876,Karamsana,CGWB,6,Haryana,74,SIRSA,ELLLENABAD,ELLLENABAD,Karamsana,-,-,-,-,-,-,29.34027778,74.63,,01-01-2024 00:00,8.06
1877,1877,Karela-DW,CGWB,6,Haryana,65,JIND,JULANA,JULANA,Karela,-,-,-,-,-,-,29.13611111,76.325,,20-05-2022 06:00,2.5
1878,1878,Karhansh Pz,CGWB,6,Haryana,71,PANIPAT,SAMALKHA,SAMALKHA,Karhansh Pzm,-,-,-,-,-,-,29.25583333,77.01,,20-05-2022 06:00,41.08
1879,1879,Kari Adu-DW,CGWB,6,Haryana,701,Charkhi Dadri,BADHRA,BADHRA,Kari Adu,-,-,-,-,-,-,28.54388889,75.79722222,,20-05-2022 06:00,67.92
1880,1880,Kari Mod-PZ,CGWB,6,Haryana,701,Charkhi Dadri,BADHRA,BADHRA,Kari Mod,-,-,-,-,-,-,28.52388889,75.94055556,,20-05-2022 06:00,72
1881,1881,Kari Pura-PZ,CGWB,6,Haryana,701,Charkhi Dadri,BADHRA,BADHRA,Kari Pura,-,-,-,-,-,-,28.52361111,75.90861111,,20-05-2022 06:00,68.95
1882,1882,Karnal D,CGWB,6,Haryana,67,KARNAL,KARNAL,NISSANG,Karnal D,-,-,-,-,-,-,29.68333333,76.95,,10-01-2021 00:00,17.01
1883,1883,Karnal D,CGWB,6,Haryana,67,KARNAL,KARNAL,NISSANG,Karnal D,-,-,-,-,-,-,29.68333333,76.95,,20-05-2022 06:00,23.2
1884,1884,Karnal D,CGWB,6,Haryana,67,KARNAL,KARNAL,NISSANG,Karnal D,-,-,-,-,-,-,29.68333333,76.95,,01-08-2022 06:00,17.78
1885,1885,Karnal D,CGWB,6,Haryana,67,KARNAL,KARNAL,NISSANG,Karnal D,-,-,-,-,-,-,29.68333333,76.95,,01-11-2022 06:00,14.56
1886,1886,Karnal D,CGWB,6,Haryana,67,KARNAL,KARNAL,NISSANG,Karnal D,-,-,-,-,-,-,29.68333333,76.95,,01-01-2023 00:00,13.25
1887,1887,Karnal D,CGWB,6,Haryana,67,KARNAL,KARNAL,NISSANG,Karnal D,-,-,-,-,-,-,29.68333333,76.95,,01-11-2023 00:00,13.77
1888,1888,Karnawas,CGWB,6,Haryana,72,REWARI,BAWAL,BAWAL,Karnawas,-,-,-,-,-,-,28.12916667,76.60416667,,10-01-2021 00:00,14.68
1889,1889,Karnawas,CGWB,6,Haryana,72,REWARI,BAWAL,BAWAL,Karnawas,-,-,-,-,-,-,28.12916667,76.60416667,,31-08-2021 06:00,13.9
1890,1890,Karnawas,CGWB,6,Haryana,72,REWARI,BAWAL,BAWAL,Karnawas,-,-,-,-,-,-,28.12916667,76.60416667,,30-11-2021 06:00,11.47
1891,1891,Karnawas,CGWB,6,Haryana,72,REWARI,BAWAL,BAWAL,Karnawas,-,-,-,-,-,-,28.12916667,76.60416667,,30-01-2022 07:00,13.51
1892,1892,Karnawas,CGWB,6,Haryana,72,REWARI,BAWAL,BAWAL,Karnawas,-,-,-,-,-,-,28.12916667,76.60416667,,20-05-2022 06:00,11.7
1893,1893,Karsindhu-Dw,CGWB,6,Haryana,65,JIND,NARWANA,UCHANA,Karsindhu,-,-,-,-,-,-,29.5025,76.22666667,,20-05-2022 06:00,24.3
1894,1894,Karsola-D_1,CGWB,6,Haryana,65,JIND,JULANA,-,-,-,-,-,-,-,-,29.148333,76.413611,,01-10-2022 00:00,3.28
1895,1895,Karsola-D_1,CGWB,6,Haryana,65,JIND,JULANA,-,-,-,-,-,-,-,-,29.148333,76.413611,,01-11-2023 00:00,55.44
1896,1896,Karsola-DW,CGWB,6,Haryana,65,JIND,JULANA,JULANA,Karsola,-,-,-,-,-,-,29.13916667,76.41416667,,20-05-2022 06:00,2.7
1897,1897,Karsola-M,CGWB,6,Haryana,65,JIND,JULANA,-,-,-,-,-,-,-,-,29.148333,76.413611,,01-10-2022 00:00,1.8
1898,1898,Karsola-M,CGWB,6,Haryana,65,JIND,JULANA,-,-,-,-,-,-,-,-,29.148333,76.413611,,01-11-2023 00:00,2.67
1899,1899,Karsola-M,CGWB,6,Haryana,65,JIND,JULANA,-,-,-,-,-,-,-,-,29.148333,76.413611,,01-01-2024 00:00,2.19
1900,1900,Karsola-S,CGWB,6,Haryana,65,JIND,JULANA,-,-,-,-,-,-,-,-,29.148333,76.413611,,01-10-2022 00:00,1.78
1901,1901,Karsola-S,CGWB,6,Haryana,65,JIND,JULANA,-,-,-,-,-,-,-,-,29.148333,76.413611,,01-11-2023 00:00,48.89
1902,1902,Kasan,CGWB,6,Haryana,62,GURUGRAM,SOHANA,GURGAON,Kasan,-,-,-,-,-,-,28.35694444,76.90833333,,31-08-2021 06:00,34.82
1903,1903,Kasan,CGWB,6,Haryana,62,GURUGRAM,SOHANA,GURGAON,Kasan,-,-,-,-,-,-,28.35694444,76.90833333,,30-11-2021 06:00,32.98
1904,1904,Kasan,CGWB,6,Haryana,62,GURUGRAM,SOHANA,GURGAON,Kasan,-,-,-,-,-,-,28.35694444,76.90833333,,20-05-2022 06:00,44.6
1905,1905,Kasan,CGWB,6,Haryana,62,GURUGRAM,SOHANA,GURGAON,Kasan,-,-,-,-,-,-,28.35694444,76.90833333,,01-11-2022 06:00,30.2
1906,1906,Kash Ram Dhab,CGWB,6,Haryana,74,SIRSA,ELLLENABAD,ELLLENABAD,Kash Ram Dhab,-,-,-,-,-,-,29.42222222,74.6125,,10-01-2021 00:00,8.18
1907,1907,Kash Ram Dhab,CGWB,6,Haryana,74,SIRSA,ELLLENABAD,ELLLENABAD,Kash Ram Dhab,-,-,-,-,-,-,29.42222222,74.6125,,30-01-2022 07:00,9.46
1908,1908,Kash Ram Dhab,CGWB,6,Haryana,74,SIRSA,ELLLENABAD,ELLLENABAD,Kash Ram Dhab,-,-,-,-,-,-,29.42222222,74.6125,,01-08-2022 06:00,9.97
1909,1909,Kash Ram Dhab,CGWB,6,Haryana,74,SIRSA,ELLLENABAD,ELLLENABAD,Kash Ram Dhab,-,-,-,-,-,-,29.42222222,74.6125,,01-11-2022 06:00,10.82
1910,1910,Kash Ram Dhab,CGWB,6,Haryana,74,SIRSA,ELLLENABAD,ELLLENABAD,Kash Ram Dhab,-,-,-,-,-,-,29.42222222,74.6125,,01-01-2023 00:00,9.82
1911,1911,Kash Ram Dhab,CGWB,6,Haryana,74,SIRSA,ELLLENABAD,ELLLENABAD,Kash Ram Dhab,-,-,-,-,-,-,29.42222222,74.6125,,01-06-2023 00:00,10.12
1912,1912,Kash Ram Dhab,CGWB,6,Haryana,74,SIRSA,ELLLENABAD,ELLLENABAD,Kash Ram Dhab,-,-,-,-,-,-,29.42222222,74.6125,,01-11-2023 00:00,8.92
1913,1913,Kasi Ram Ka Bas,CGWB,6,Haryana,74,SIRSA,ELLLENABAD,ELLLENABAD,Ellenabad,-,-,-,-,-,-,29.42208889,74.6125,191.6,20-08-2023 00:00,10.41
1914,1914,Kasi Ram Ka Bas,CGWB,6,Haryana,74,SIRSA,ELLLENABAD,ELLLENABAD,Ellenabad,-,-,-,-,-,-,29.42208889,74.6125,191.6,01-01-2024 00:00,9.78
1915,1915,Kasni kalan,CGWB,6,Haryana,59,BHIWANI,LOHARU,LOHARU,Kasni Kalan-Pz,-,-,-,-,-,-,28.67916667,75.6875,,20-05-2022 06:00,51.5
1916,1916,Kathana-Pz,CGWB,6,Haryana,66,KAITHAL,KAITHAL,RAJOUND,Kathana,-,-,-,-,-,-,29.54583333,76.39305556,,10-01-2021 00:00,16.97
1917,1917,Kathana-Pz,CGWB,6,Haryana,66,KAITHAL,KAITHAL,RAJOUND,Kathana,-,-,-,-,-,-,29.54583333,76.39305556,,31-08-2021 06:00,17.4
1918,1918,Kathana-Pz,CGWB,6,Haryana,66,KAITHAL,KAITHAL,RAJOUND,Kathana,-,-,-,-,-,-,29.54583333,76.39305556,,30-11-2021 06:00,16.52
1919,1919,Kathana-Pz,CGWB,6,Haryana,66,KAITHAL,KAITHAL,RAJOUND,Kathana,-,-,-,-,-,-,29.54583333,76.39305556,,30-01-2022 07:00,16.4
1920,1920,Kathana-Pz,CGWB,6,Haryana,66,KAITHAL,KAITHAL,RAJOUND,Kathana,-,-,-,-,-,-,29.54583333,76.39305556,,20-05-2022 06:00,18.25
1921,1921,Kathana-Pz,CGWB,6,Haryana,66,KAITHAL,KAITHAL,RAJOUND,Kathana,-,-,-,-,-,-,29.54583333,76.39305556,,01-08-2022 06:00,15.57
1922,1922,Kathana-Pz,CGWB,6,Haryana,66,KAITHAL,KAITHAL,RAJOUND,Kathana,-,-,-,-,-,-,29.54583333,76.39305556,,01-11-2022 06:00,15.47
1923,1923,Kathana-Pz,CGWB,6,Haryana,66,KAITHAL,KAITHAL,RAJOUND,Kathana,-,-,-,-,-,-,29.54583333,76.39305556,,01-01-2023 00:00,15.34
1924,1924,Kathana-Pz,CGWB,6,Haryana,66,KAITHAL,KAITHAL,RAJOUND,Kathana,-,-,-,-,-,-,29.54583333,76.39305556,,01-06-2023 00:00,15.6
1925,1925,Kathana-Pz,CGWB,6,Haryana,66,KAITHAL,KAITHAL,RAJOUND,Kathana,-,-,-,-,-,-,29.54583333,76.39305556,,20-08-2023 00:00,16.3
1926,1926,Kathana-Pz,CGWB,6,Haryana,66,KAITHAL,KAITHAL,RAJOUND,Kathana,-,-,-,-,-,-,29.54583333,76.39305556,,01-11-2023 00:00,16.7
1927,1927,Kathura,CGWB,6,Haryana,75,SONIPAT,GOHANA,KATHURA,Kathura,-,-,-,-,-,-,29.10833333,76.58333333,,20-05-2022 06:00,2.57
1928,1928,Kathura,CGWB,6,Haryana,75,SONIPAT,GOHANA,KATHURA,Kathura,-,-,-,-,-,-,29.10833333,76.58333333,,01-08-2022 06:00,0.21
1929,1929,Kathura1,CGWB,6,Haryana,75,SONIPAT,GOHANA,KATHURA,Kathura,-,-,-,-,-,-,29.075,76.55833333,,10-01-2021 00:00,1.59
1930,1930,Kathura1,CGWB,6,Haryana,75,SONIPAT,GOHANA,KATHURA,Kathura,-,-,-,-,-,-,29.075,76.55833333,,31-08-2021 06:00,1.5
1931,1931,Kathura1,CGWB,6,Haryana,75,SONIPAT,GOHANA,KATHURA,Kathura,-,-,-,-,-,-,29.075,76.55833333,,30-01-2022 07:00,1.29
1932,1932,Kathura1,CGWB,6,Haryana,75,SONIPAT,GOHANA,KATHURA,Kathura,-,-,-,-,-,-,29.075,76.55833333,,20-05-2022 06:00,3.02
1933,1933,Kathura1,CGWB,6,Haryana,75,SONIPAT,GOHANA,KATHURA,Kathura,-,-,-,-,-,-,29.075,76.55833333,,01-10-2022 00:00,1.11
1934,1934,Kathura1,CGWB,6,Haryana,75,SONIPAT,GOHANA,KATHURA,Kathura,-,-,-,-,-,-,29.075,76.55833333,,01-11-2022 06:00,1.44
1935,1935,Kaulapur D,CGWB,6,Haryana,68,KURUKSHETRA,SHAHBAD,THANESAR,Kaulapur D,-,-,-,-,-,-,30.025,76.89583333,,31-08-2021 06:00,43.69
1936,1936,Kaulapur D,CGWB,6,Haryana,68,KURUKSHETRA,SHAHBAD,THANESAR,Kaulapur D,-,-,-,-,-,-,30.025,76.89583333,,01-11-2022 06:00,45.76
1937,1937,Kaulapur D,CGWB,6,Haryana,68,KURUKSHETRA,SHAHBAD,THANESAR,Kaulapur D,-,-,-,-,-,-,30.025,76.89583333,,01-01-2023 00:00,42.15
1938,1938,Kaulapur S,CGWB,6,Haryana,68,KURUKSHETRA,SHAHBAD,THANESAR,Kaulapur S,-,-,-,-,-,-,30.025,76.89583333,,31-08-2021 06:00,43.2
1939,1939,Kaulapur S,CGWB,6,Haryana,68,KURUKSHETRA,SHAHBAD,THANESAR,Kaulapur S,-,-,-,-,-,-,30.025,76.89583333,,01-08-2022 06:00,46.45
1940,1940,Kaulapur S,CGWB,6,Haryana,68,KURUKSHETRA,SHAHBAD,THANESAR,Kaulapur S,-,-,-,-,-,-,30.025,76.89583333,,20-08-2023 00:00,43.7
1941,1941,Kaulapur S,CGWB,6,Haryana,68,KURUKSHETRA,SHAHBAD,THANESAR,Kaulapur S,-,-,-,-,-,-,30.025,76.89583333,,01-11-2023 00:00,41.73
1942,1942,Kaulapur S,CGWB,6,Haryana,68,KURUKSHETRA,SHAHBAD,THANESAR,Kaulapur S,-,-,-,-,-,-,30.025,76.89583333,,01-01-2024 00:00,40.23
1943,1943,Kaul-Pz,CGWB,6,Haryana,66,KAITHAL,PUNDRI,PUNDRI,Kaul,-,-,-,-,-,-,29.84722222,76.66138889,,10-01-2021 00:00,32.44
1944,1944,Kaul-Pz,CGWB,6,Haryana,66,KAITHAL,PUNDRI,PUNDRI,Kaul,-,-,-,-,-,-,29.84722222,76.66138889,,31-08-2021 06:00,34.18
1945,1945,Kaul-Pz,CGWB,6,Haryana,66,KAITHAL,PUNDRI,PUNDRI,Kaul,-,-,-,-,-,-,29.84722222,76.66138889,,30-11-2021 06:00,33.5
1946,1946,Kaul-Pz,CGWB,6,Haryana,66,KAITHAL,PUNDRI,PUNDRI,Kaul,-,-,-,-,-,-,29.84722222,76.66138889,,30-01-2022 07:00,33.32
1947,1947,Kaul-Pz,CGWB,6,Haryana,66,KAITHAL,PUNDRI,PUNDRI,Kaul,-,-,-,-,-,-,29.84722222,76.66138889,,20-05-2022 06:00,32.4
1948,1948,Kaul-Pz,CGWB,6,Haryana,66,KAITHAL,PUNDRI,PUNDRI,Kaul,-,-,-,-,-,-,29.84722222,76.66138889,,01-08-2022 06:00,33.86
1949,1949,Kaul-Pz,CGWB,6,Haryana,66,KAITHAL,PUNDRI,PUNDRI,Kaul,-,-,-,-,-,-,29.84722222,76.66138889,,01-11-2022 06:00,34.12
1950,1950,Kaul-Pz,CGWB,6,Haryana,66,KAITHAL,PUNDRI,PUNDRI,Kaul,-,-,-,-,-,-,29.84722222,76.66138889,,01-06-2023 00:00,32.87
1951,1951,Kaul-Pz,CGWB,6,Haryana,66,KAITHAL,PUNDRI,PUNDRI,Kaul,-,-,-,-,-,-,29.84722222,76.66138889,,01-11-2023 00:00,34
1952,1952,Kaul-Pz,CGWB,6,Haryana,66,KAITHAL,PUNDRI,PUNDRI,Kaul,-,-,-,-,-,-,29.84722222,76.66138889,,01-01-2024 00:00,33.98
1953,1953,Kelaram,CGWB,6,Haryana,66,KAITHAL,KAITHAL,KALAYAT,Kelaram,-,-,-,-,-,-,29.7,76.36666667,,10-01-2021 00:00,8.8
1954,1954,Kelaram,CGWB,6,Haryana,66,KAITHAL,KAITHAL,KALAYAT,Kelaram,-,-,-,-,-,-,29.7,76.36666667,,31-08-2021 06:00,10.2
1955,1955,Kelaram,CGWB,6,Haryana,66,KAITHAL,KAITHAL,KALAYAT,Kelaram,-,-,-,-,-,-,29.7,76.36666667,,30-11-2021 06:00,8.19
1956,1956,Kelaram,CGWB,6,Haryana,66,KAITHAL,KAITHAL,KALAYAT,Kelaram,-,-,-,-,-,-,29.7,76.36666667,,30-01-2022 07:00,8.36
1957,1957,Kelaram,CGWB,6,Haryana,66,KAITHAL,KAITHAL,KALAYAT,Kelaram,-,-,-,-,-,-,29.7,76.36666667,,20-05-2022 06:00,8.48
1958,1958,Kelaram,CGWB,6,Haryana,66,KAITHAL,KAITHAL,KALAYAT,Kelaram,-,-,-,-,-,-,29.7,76.36666667,,01-08-2022 06:00,8.28
1959,1959,Kelaram,CGWB,6,Haryana,66,KAITHAL,KAITHAL,KALAYAT,Kelaram,-,-,-,-,-,-,29.7,76.36666667,,01-11-2022 06:00,6.74
1960,1960,Kelaram,CGWB,6,Haryana,66,KAITHAL,KAITHAL,KALAYAT,Kelaram,-,-,-,-,-,-,29.7,76.36666667,,01-01-2023 00:00,7.75
1961,1961,Kelaram,CGWB,6,Haryana,66,KAITHAL,KAITHAL,KALAYAT,Kelaram,-,-,-,-,-,-,29.7,76.36666667,,20-08-2023 00:00,9.13
1962,1962,Kelaram,CGWB,6,Haryana,66,KAITHAL,KAITHAL,KALAYAT,Kelaram,-,-,-,-,-,-,29.7,76.36666667,,01-11-2023 00:00,8.5
1963,1963,Kelaram,CGWB,6,Haryana,66,KAITHAL,KAITHAL,KALAYAT,Kelaram,-,-,-,-,-,-,29.7,76.36666667,,01-01-2024 00:00,8.34
1964,1964,Keshopur M,CGWB,6,Haryana,58,AMBALA,AMBALA,AMBALA-I,Saha,-,-,-,-,-,-,30.30583333,76.90111111,275,20-08-2023 00:00,16.3
1965,1965,Keshopur M,CGWB,6,Haryana,58,AMBALA,AMBALA,AMBALA-I,Saha,-,-,-,-,-,-,30.30583333,76.90111111,275,01-11-2023 00:00,14.46
1966,1966,Keshopur S,CGWB,6,Haryana,58,AMBALA,AMBALA,AMBALA-I,Saha,-,-,-,-,-,-,30.3059,76.9017,274,20-08-2023 00:00,1.52
1967,1967,Keshopur S,CGWB,6,Haryana,58,AMBALA,AMBALA,AMBALA-I,Saha,-,-,-,-,-,-,30.3059,76.9017,274,01-11-2023 00:00,1.66
1968,1968,Keshopur S,CGWB,6,Haryana,58,AMBALA,AMBALA,AMBALA-I,Saha,-,-,-,-,-,-,30.3059,76.9017,274,01-01-2024 00:00,2.38
1969,1969,Khajuri Jatti-Pz,CGWB,6,Haryana,61,FATEHABAD,FATEHABAD,BHUNA,Khajuri Jatti-Pz,-,-,-,-,-,-,29.47555556,75.61111111,,10-01-2021 00:00,3.16
1970,1970,Khajuri Jatti-Pz,CGWB,6,Haryana,61,FATEHABAD,FATEHABAD,BHUNA,Khajuri Jatti-Pz,-,-,-,-,-,-,29.47555556,75.61111111,,31-08-2021 06:00,4.11
1971,1971,Khajuri Jatti-Pz,CGWB,6,Haryana,61,FATEHABAD,FATEHABAD,BHUNA,Khajuri Jatti-Pz,-,-,-,-,-,-,29.47555556,75.61111111,,30-11-2021 06:00,2.98
1972,1972,Khajuri Jatti-Pz,CGWB,6,Haryana,61,FATEHABAD,FATEHABAD,BHUNA,Khajuri Jatti-Pz,-,-,-,-,-,-,29.47555556,75.61111111,,30-01-2022 07:00,1.68
1973,1973,Khajuri Jatti-Pz,CGWB,6,Haryana,61,FATEHABAD,FATEHABAD,BHUNA,Khajuri Jatti-Pz,-,-,-,-,-,-,29.47555556,75.61111111,,20-05-2022 06:00,6.92
1974,1974,Khajuri Jatti-Pz,CGWB,6,Haryana,61,FATEHABAD,FATEHABAD,BHUNA,Khajuri Jatti-Pz,-,-,-,-,-,-,29.47555556,75.61111111,,01-08-2022 06:00,1.61
1975,1975,Khajuri Jatti-Pz,CGWB,6,Haryana,61,FATEHABAD,FATEHABAD,BHUNA,Khajuri Jatti-Pz,-,-,-,-,-,-,29.47555556,75.61111111,,01-11-2022 06:00,3.65
1976,1976,Khajuri Jatti-Pz,CGWB,6,Haryana,61,FATEHABAD,FATEHABAD,BHUNA,Khajuri Jatti-Pz,-,-,-,-,-,-,29.47555556,75.61111111,,01-01-2023 00:00,1.3
1977,1977,Khajuri Jatti-Pz,CGWB,6,Haryana,61,FATEHABAD,FATEHABAD,BHUNA,Khajuri Jatti-Pz,-,-,-,-,-,-,29.47555556,75.61111111,,01-06-2023 00:00,1.69
1978,1978,Khajuri Jatti-Pz,CGWB,6,Haryana,61,FATEHABAD,FATEHABAD,BHUNA,Khajuri Jatti-Pz,-,-,-,-,-,-,29.47555556,75.61111111,,20-08-2023 00:00,2.44
1979,1979,Khajuri Jatti-Pz,CGWB,6,Haryana,61,FATEHABAD,FATEHABAD,BHUNA,Khajuri Jatti-Pz,-,-,-,-,-,-,29.47555556,75.61111111,,01-11-2023 00:00,2.4
1980,1980,Khajuri Jatti-Pz,CGWB,6,Haryana,61,FATEHABAD,FATEHABAD,BHUNA,Khajuri Jatti-Pz,-,-,-,-,-,-,29.47555556,75.61111111,,01-01-2024 00:00,1.95
1981,1981,Khalila Manjran,CGWB,6,Haryana,71,PANIPAT,ISRANA,ISRANA,Khalila Manjran,-,-,-,-,-,-,29.29444444,76.77444444,,10-01-2021 00:00,6.33
1982,1982,Khalila Manjran,CGWB,6,Haryana,71,PANIPAT,ISRANA,ISRANA,Khalila Manjran,-,-,-,-,-,-,29.29444444,76.77444444,,31-08-2021 06:00,8.54
1983,1983,Khalila Manjran,CGWB,6,Haryana,71,PANIPAT,ISRANA,ISRANA,Khalila Manjran,-,-,-,-,-,-,29.29444444,76.77444444,,30-01-2022 07:00,4.65
1984,1984,Khalila Manjran,CGWB,6,Haryana,71,PANIPAT,ISRANA,ISRANA,Khalila Manjran,-,-,-,-,-,-,29.29444444,76.77444444,,01-11-2022 06:00,4.05
1985,1985,Khambi,CGWB,6,Haryana,619,Palwal,HODAL,HODAL,Khambi,-,-,-,-,-,-,27.97083333,77.41666667,,10-01-2021 00:00,2.69
1986,1986,Khambi,CGWB,6,Haryana,619,Palwal,HODAL,HODAL,Khambi,-,-,-,-,-,-,27.97083333,77.41666667,,30-11-2021 06:00,13.05
1987,1987,Khanahmadpur,CGWB,6,Haryana,58,AMBALA,BARARA,BARARA,Khanahmadpur,-,-,-,-,-,-,30.24166667,77.125,,10-01-2021 00:00,3.36
1988,1988,Khanahmadpur,CGWB,6,Haryana,58,AMBALA,BARARA,BARARA,Khanahmadpur,-,-,-,-,-,-,30.24166667,77.125,,31-08-2021 06:00,4.16
1989,1989,Khanahmadpur,CGWB,6,Haryana,58,AMBALA,BARARA,BARARA,Khanahmadpur,-,-,-,-,-,-,30.24166667,77.125,,30-11-2021 06:00,2.73
1990,1990,Khanahmadpur,CGWB,6,Haryana,58,AMBALA,BARARA,BARARA,Khanahmadpur,-,-,-,-,-,-,30.24166667,77.125,,30-01-2022 07:00,3.59
1991,1991,Khanahmadpur,CGWB,6,Haryana,58,AMBALA,BARARA,BARARA,Khanahmadpur,-,-,-,-,-,-,30.24166667,77.125,,20-05-2022 06:00,6.93
1992,1992,Khanahmadpur,CGWB,6,Haryana,58,AMBALA,BARARA,BARARA,Khanahmadpur,-,-,-,-,-,-,30.24166667,77.125,,01-08-2022 06:00,2.43
1993,1993,Khanahmadpur,CGWB,6,Haryana,58,AMBALA,BARARA,BARARA,Khanahmadpur,-,-,-,-,-,-,30.24166667,77.125,,01-11-2022 06:00,2.23
1994,1994,Khanahmadpur,CGWB,6,Haryana,58,AMBALA,BARARA,BARARA,Khanahmadpur,-,-,-,-,-,-,30.24166667,77.125,,01-01-2023 00:00,3.12
1995,1995,Khanahmadpur,CGWB,6,Haryana,58,AMBALA,BARARA,BARARA,Khanahmadpur,-,-,-,-,-,-,30.24166667,77.125,,01-06-2023 00:00,6.26
1996,1996,Khanahmadpur,CGWB,6,Haryana,58,AMBALA,BARARA,BARARA,Khanahmadpur,-,-,-,-,-,-,30.24166667,77.125,,20-08-2023 00:00,1.82
1997,1997,Khanahmadpur,CGWB,6,Haryana,58,AMBALA,BARARA,BARARA,Khanahmadpur,-,-,-,-,-,-,30.24166667,77.125,,01-11-2023 00:00,2.54
1998,1998,Khanahmadpur,CGWB,6,Haryana,58,AMBALA,BARARA,BARARA,Khanahmadpur,-,-,-,-,-,-,30.24166667,77.125,,01-01-2024 00:00,3.8
1999,1999,Khanda-DW,CGWB,6,Haryana,75,SONIPAT,KHARKHODA,KHARHAUDA,Khanda,-,-,-,-,-,-,28.92,76.9,,20-05-2022 06:00,1.33
2000,2000,Khanda Kheri-Pz,CGWB,6,Haryana,63,HISAR,HANSI,HANSI,Khanda Kheri,-,-,-,-,-,-,29.20888889,76.23333333,,20-05-2022 06:00,7.62
2001,2001,Khandra,CGWB,6,Haryana,71,PANIPAT,PANIPAT,MADLAUDA,Khandra,-,-,-,-,-,-,29.42777778,76.84722222,,20-05-2022 06:00,13.4
2002,2002,Khanna Majra,CGWB,6,Haryana,58,AMBALA,AMBALA,AMBALA-I,Khanna Majra,-,-,-,-,-,-,30.24777778,76.65722222,,20-05-2022 06:00,3.95
2003,2003,Khanpur,CGWB,6,Haryana,66,KAITHAL,GULHA,GULHA,Khanpur,-,-,-,-,-,-,29.85388889,76.37055556,,30-11-2021 06:00,44.37
2004,2004,Khanpur,CGWB,6,Haryana,66,KAITHAL,GULHA,GULHA,Khanpur,-,-,-,-,-,-,29.85388889,76.37055556,,01-08-2022 06:00,45.03
2005,2005,Khanpur Ew S,CGWB,6,Haryana,66,KAITHAL,KAITHAL,KAITHAL,Khanpur Ew D,-,-,-,-,-,-,29.89277778,76.35722222,,10-01-2021 00:00,40.77
2006,2006,Khanpur Ew S,CGWB,6,Haryana,66,KAITHAL,KAITHAL,KAITHAL,Khanpur Ew D,-,-,-,-,-,-,29.89277778,76.35722222,,01-01-2023 00:00,42.6
2007,2007,Khanpur Jattan D-Pz.,CGWB,6,Haryana,68,KURUKSHETRA,SHAHBAD,SHAHBAD,Khanpur Jattan-Pz.,-,-,-,-,-,-,30.12694444,76.84083333,,10-01-2021 00:00,43.18
2008,2008,Khanpur Jattan D-Pz.,CGWB,6,Haryana,68,KURUKSHETRA,SHAHBAD,SHAHBAD,Khanpur Jattan-Pz.,-,-,-,-,-,-,30.12694444,76.84083333,,20-05-2022 06:00,46.94
2009,2009,Khanpur Jattan M -Pz,CGWB,6,Haryana,68,KURUKSHETRA,SHAHBAD,SHAHBAD,Khanpur Jattan-Pz,-,-,-,-,-,-,30.125,76.86083333,,10-01-2021 00:00,44.23
2010,2010,Khanpur Jattan M -Pz,CGWB,6,Haryana,68,KURUKSHETRA,SHAHBAD,SHAHBAD,Khanpur Jattan-Pz,-,-,-,-,-,-,30.125,76.86083333,,30-11-2021 06:00,46
2011,2011,Khanpur Jattan M -Pz,CGWB,6,Haryana,68,KURUKSHETRA,SHAHBAD,SHAHBAD,Khanpur Jattan-Pz,-,-,-,-,-,-,30.125,76.86083333,,30-01-2022 07:00,44.77
2012,2012,Khan Pur Jattan  S Pz.,CGWB,6,Haryana,68,KURUKSHETRA,SHAHBAD,SHAHBAD,Khan Pur Jattan Pz.,-,-,-,-,-,-,30.125,76.86277778,,31-08-2021 06:00,18.12
2013,2013,Khan Pur Jattan  S Pz.,CGWB,6,Haryana,68,KURUKSHETRA,SHAHBAD,SHAHBAD,Khan Pur Jattan Pz.,-,-,-,-,-,-,30.125,76.86277778,,20-05-2022 06:00,42.6
2014,2014,Khan Pur Jattan  S Pz.,CGWB,6,Haryana,68,KURUKSHETRA,SHAHBAD,SHAHBAD,Khan Pur Jattan Pz.,-,-,-,-,-,-,30.125,76.86277778,,01-01-2023 00:00,45.8
2015,2015,Khan Pur Jattan  S Pz.,CGWB,6,Haryana,68,KURUKSHETRA,SHAHBAD,SHAHBAD,Khan Pur Jattan Pz.,-,-,-,-,-,-,30.125,76.86277778,,01-11-2023 00:00,46.42
2016,2016,Khanpur Jatta - S,CGWB,6,Haryana,68,KURUKSHETRA,SHAHBAD,-,-,-,-,-,-,-,-,30.04,76.957222,,01-01-2023 00:00,45.31
2017,2017,Khanpur Jatta - S,CGWB,6,Haryana,68,KURUKSHETRA,SHAHBAD,-,-,-,-,-,-,-,-,30.04,76.957222,,20-08-2023 00:00,48.75
2018,2018,Khanpur Kalan-Pz,CGWB,6,Haryana,75,SONIPAT,GOHANA,GOHANA,Khanpur Kalan,-,-,-,-,-,-,29.15972222,76.82777778,,10-01-2021 00:00,2.99
2019,2019,Khanpur Kalan-Pz,CGWB,6,Haryana,75,SONIPAT,GOHANA,GOHANA,Khanpur Kalan,-,-,-,-,-,-,29.15972222,76.82777778,,31-08-2021 06:00,3.44
2020,2020,Khanpur Kalan-Pz,CGWB,6,Haryana,75,SONIPAT,GOHANA,GOHANA,Khanpur Kalan,-,-,-,-,-,-,29.15972222,76.82777778,,30-01-2022 07:00,1.6
2021,2021,Khanpur Kalan-Pz,CGWB,6,Haryana,75,SONIPAT,GOHANA,GOHANA,Khanpur Kalan,-,-,-,-,-,-,29.15972222,76.82777778,,20-05-2022 06:00,5.9
2022,2022,Khanpur Kalan-Pz,CGWB,6,Haryana,75,SONIPAT,GOHANA,GOHANA,Khanpur Kalan,-,-,-,-,-,-,29.15972222,76.82777778,,01-08-2022 06:00,1.16
2023,2023,Khanpur Kalan-Pz,CGWB,6,Haryana,75,SONIPAT,GOHANA,GOHANA,Khanpur Kalan,-,-,-,-,-,-,29.15972222,76.82777778,,01-10-2022 00:00,1.45
2024,2024,Khanpur Kalan-Pz,CGWB,6,Haryana,75,SONIPAT,GOHANA,GOHANA,Khanpur Kalan,-,-,-,-,-,-,29.15972222,76.82777778,,01-11-2022 06:00,0.9
2025,2025,Khanpur Kalan-Pz,CGWB,6,Haryana,75,SONIPAT,GOHANA,GOHANA,Khanpur Kalan,-,-,-,-,-,-,29.15972222,76.82777778,,20-08-2023 00:00,0.4
2026,2026,Khanpur Kalan-Pz,CGWB,6,Haryana,75,SONIPAT,GOHANA,GOHANA,Khanpur Kalan,-,-,-,-,-,-,29.15972222,76.82777778,,01-11-2023 00:00,1.7
2027,2027,Khanpur Kalan-Pz,CGWB,6,Haryana,75,SONIPAT,GOHANA,GOHANA,Khanpur Kalan,-,-,-,-,-,-,29.15972222,76.82777778,,01-01-2024 00:00,1.58
2028,2028,Khanpur M,CGWB,6,Haryana,66,KAITHAL,KAITHAL,KAITHAL,Siwan-Pz,-,-,-,-,-,-,29.8597,76.37,240,20-08-2023 00:00,48.05
2029,2029,Khanpur-Pz,CGWB,6,Haryana,66,KAITHAL,GULHA,GULHA,Khanpur,-,-,-,-,-,-,29.85138889,76.37222222,,10-01-2021 00:00,42.4
2030,2030,Khanpur-Pz,CGWB,6,Haryana,66,KAITHAL,GULHA,GULHA,Khanpur,-,-,-,-,-,-,29.85138889,76.37222222,,31-08-2021 06:00,41.7
2031,2031,Khanpur-Pz,CGWB,6,Haryana,66,KAITHAL,GULHA,GULHA,Khanpur,-,-,-,-,-,-,29.85138889,76.37222222,,30-11-2021 06:00,42.6
2032,2032,Khanpur-Pz,CGWB,6,Haryana,66,KAITHAL,GULHA,GULHA,Khanpur,-,-,-,-,-,-,29.85138889,76.37222222,,30-01-2022 07:00,41.65
2033,2033,Khanpur-Pz,CGWB,6,Haryana,66,KAITHAL,GULHA,GULHA,Khanpur,-,-,-,-,-,-,29.85138889,76.37222222,,20-05-2022 06:00,40.9
2034,2034,Khanpur-Pz,CGWB,6,Haryana,66,KAITHAL,GULHA,GULHA,Khanpur,-,-,-,-,-,-,29.85138889,76.37222222,,01-01-2023 00:00,43.02
2035,2035,Khanpur-Pz,CGWB,6,Haryana,66,KAITHAL,GULHA,GULHA,Khanpur,-,-,-,-,-,-,29.85138889,76.37222222,,01-06-2023 00:00,44.56
2036,2036,Khanpur-Pz,CGWB,6,Haryana,66,KAITHAL,GULHA,GULHA,Khanpur,-,-,-,-,-,-,29.85138889,76.37222222,,20-08-2023 00:00,47.72
2037,2037,Khanpur-Pz,CGWB,6,Haryana,66,KAITHAL,GULHA,GULHA,Khanpur,-,-,-,-,-,-,29.85138889,76.37222222,,01-11-2023 00:00,45.45
2038,2038,Khanpur-Pz,CGWB,6,Haryana,66,KAITHAL,GULHA,GULHA,Khanpur,-,-,-,-,-,-,29.85138889,76.37222222,,01-01-2024 00:00,43.65
2039,2039,Khara Kheri-DW,CGWB,6,Haryana,61,FATEHABAD,FATEHABAD,FATEHABAD,Khara Kheri,-,-,-,-,-,-,29.45416667,75.58611111,,20-05-2022 06:00,1
2040,2040,Kharakpunia,CGWB,6,Haryana,63,HISAR,HISSAR,BARWALA,Kharakpunia,-,-,-,-,-,-,29.34444444,76.00833333,,20-05-2022 06:00,2.4
2041,2041,Kharawar,CGWB,6,Haryana,73,ROHTAK,ROHTAK,ROHTAK,Kharawar,-,-,-,-,-,-,28.97222222,76.68333333,,31-08-2021 06:00,3.5
2042,2042,Kharawar,CGWB,6,Haryana,73,ROHTAK,ROHTAK,ROHTAK,Kharawar,-,-,-,-,-,-,28.97222222,76.68333333,,20-05-2022 06:00,5
2043,2043,Kharkhauda,CGWB,6,Haryana,75,SONIPAT,KHARKHODA,KHARHAUDA,Kharkhauda,-,-,-,-,-,-,28.87916667,76.9125,,20-05-2022 06:00,9
2044,2044,Kharwal,CGWB,6,Haryana,65,JIND,NARWANA,NARWANA,Kharwal,-,-,-,-,-,-,29.61388889,75.96527778,,20-05-2022 06:00,15.2
2045,2045,Khatkaran,CGWB,6,Haryana,65,JIND,NARWANA,UCHANA,Khatkaran,-,-,-,-,-,-,29.40555556,76.24583333,,30-01-2022 07:00,16.2
2046,2046,Khatkaran,CGWB,6,Haryana,65,JIND,NARWANA,UCHANA,Khatkaran,-,-,-,-,-,-,29.40555556,76.24583333,,20-05-2022 06:00,16.55
2047,2047,Khatkaran,CGWB,6,Haryana,65,JIND,NARWANA,UCHANA,Khatkaran,-,-,-,-,-,-,29.40555556,76.24583333,,01-08-2022 06:00,15.2
2048,2048,Khatkaran,CGWB,6,Haryana,65,JIND,NARWANA,UCHANA,Khatkaran,-,-,-,-,-,-,29.40555556,76.24583333,,01-10-2022 00:00,15.22
2049,2049,Khatkaran,CGWB,6,Haryana,65,JIND,NARWANA,UCHANA,Khatkaran,-,-,-,-,-,-,29.40555556,76.24583333,,01-11-2022 06:00,12.55
2050,2050,Khatkaran,CGWB,6,Haryana,65,JIND,NARWANA,UCHANA,Khatkaran,-,-,-,-,-,-,29.40555556,76.24583333,,20-08-2023 00:00,16.8
2051,2051,Khatkaran,CGWB,6,Haryana,65,JIND,NARWANA,UCHANA,Khatkaran,-,-,-,-,-,-,29.40555556,76.24583333,,01-11-2023 00:00,17.22
2052,2052,Khatkaran,CGWB,6,Haryana,65,JIND,NARWANA,UCHANA,Khatkaran,-,-,-,-,-,-,29.40555556,76.24583333,,01-01-2024 00:00,17.43
2053,2053,Kheaora,CGWB,6,Haryana,75,SONIPAT,SONIPAT,RAI,Kheaora,-,-,-,-,-,-,28.96666667,77.12083333,,01-08-2022 06:00,29.15
2054,2054,Kheaora,CGWB,6,Haryana,75,SONIPAT,SONIPAT,RAI,Kheaora,-,-,-,-,-,-,28.96666667,77.12083333,,01-10-2022 00:00,28.88
2055,2055,Kheaora,CGWB,6,Haryana,75,SONIPAT,SONIPAT,RAI,Kheaora,-,-,-,-,-,-,28.96666667,77.12083333,,01-11-2022 06:00,29.44
2056,2056,Khelalla Pehl S,CGWB,6,Haryana,71,PANIPAT,SAMALKHA,SAMALKHA,Khelalla Pehl S,-,-,-,-,-,-,29.29305556,76.97916667,,10-01-2021 00:00,34.25
2057,2057,Khelalla Pehl S,CGWB,6,Haryana,71,PANIPAT,SAMALKHA,SAMALKHA,Khelalla Pehl S,-,-,-,-,-,-,29.29305556,76.97916667,,01-08-2022 06:00,13.42
2058,2058,Khelalla Pehl S,CGWB,6,Haryana,71,PANIPAT,SAMALKHA,SAMALKHA,Khelalla Pehl S,-,-,-,-,-,-,29.29305556,76.97916667,,01-11-2022 06:00,38.49
2059,2059,Kheora1,CGWB,6,Haryana,75,SONIPAT,SONIPAT,RAI,Kheora,-,-,-,-,-,-,28.96666667,77.12083333,,10-01-2021 00:00,30.54
2060,2060,Kheora1,CGWB,6,Haryana,75,SONIPAT,SONIPAT,RAI,Kheora,-,-,-,-,-,-,28.96666667,77.12083333,,31-08-2021 06:00,31.89
2061,2061,Kheora1,CGWB,6,Haryana,75,SONIPAT,SONIPAT,RAI,Kheora,-,-,-,-,-,-,28.96666667,77.12083333,,30-01-2022 07:00,28.95
2062,2062,Kheora1,CGWB,6,Haryana,75,SONIPAT,SONIPAT,RAI,Kheora,-,-,-,-,-,-,28.96666667,77.12083333,,20-05-2022 06:00,27.3
2063,2063,Kheora1,CGWB,6,Haryana,75,SONIPAT,SONIPAT,RAI,Kheora,-,-,-,-,-,-,28.96666667,77.12083333,,01-11-2023 00:00,29.2
2064,2064,Kheora1,CGWB,6,Haryana,75,SONIPAT,SONIPAT,RAI,Kheora,-,-,-,-,-,-,28.96666667,77.12083333,,01-01-2024 00:00,29.08
2065,2065,Khera,CGWB,6,Haryana,70,PANCHKULA,KALKA,PINJORE,Khera,-,-,-,-,-,-,30.825,76.87777778,,10-01-2021 00:00,28.69
2066,2066,Khera,CGWB,6,Haryana,70,PANCHKULA,KALKA,PINJORE,Khera,-,-,-,-,-,-,30.825,76.87777778,,31-08-2021 06:00,30.56
2067,2067,Khera,CGWB,6,Haryana,70,PANCHKULA,KALKA,PINJORE,Khera,-,-,-,-,-,-,30.825,76.87777778,,30-11-2021 06:00,28.48
2068,2068,Khera,CGWB,6,Haryana,70,PANCHKULA,KALKA,PINJORE,Khera,-,-,-,-,-,-,30.825,76.87777778,,30-01-2022 07:00,28.66
2069,2069,Khera,CGWB,6,Haryana,70,PANCHKULA,KALKA,PINJORE,Khera,-,-,-,-,-,-,30.825,76.87777778,,20-05-2022 06:00,29.17
2070,2070,Khera,CGWB,6,Haryana,70,PANCHKULA,KALKA,PINJORE,Khera,-,-,-,-,-,-,30.825,76.87777778,,01-08-2022 06:00,28.26
2071,2071,Khera,CGWB,6,Haryana,70,PANCHKULA,KALKA,PINJORE,Khera,-,-,-,-,-,-,30.825,76.87777778,,01-11-2022 06:00,27.82
2072,2072,Khera,CGWB,6,Haryana,70,PANCHKULA,KALKA,PINJORE,Khera,-,-,-,-,-,-,30.825,76.87777778,,01-01-2023 00:00,27.56
2073,2073,Khera,CGWB,6,Haryana,70,PANCHKULA,KALKA,PINJORE,Khera,-,-,-,-,-,-,30.825,76.87777778,,01-06-2023 00:00,29.35
2074,2074,Khera,CGWB,6,Haryana,70,PANCHKULA,KALKA,PINJORE,Khera,-,-,-,-,-,-,30.825,76.87777778,,01-11-2023 00:00,26.86
2075,2075,Khera,CGWB,6,Haryana,70,PANCHKULA,KALKA,PINJORE,Khera,-,-,-,-,-,-,30.825,76.87777778,,01-01-2024 00:00,27.75
2076,2076,Khera Jattan-DW,CGWB,6,Haryana,58,AMBALA,NARAINGARH,SHAHZADPUR,Khera Jattan,-,-,-,-,-,-,30.45,76.91666667,,20-05-2022 06:00,10.75
2077,2077,Khera Khurrampur-Pz,CGWB,6,Haryana,62,GURUGRAM,GURGAON,FARUKHNAGAR,Khera Khurrampur,-,-,-,-,-,-,28.44166667,76.77222222,,10-01-2021 00:00,20.01
2078,2078,Khera Khurrampur-Pz,CGWB,6,Haryana,62,GURUGRAM,GURGAON,FARUKHNAGAR,Khera Khurrampur,-,-,-,-,-,-,28.44166667,76.77222222,,31-08-2021 06:00,20.34
2079,2079,Khera Khurrampur-Pz,CGWB,6,Haryana,62,GURUGRAM,GURGAON,FARUKHNAGAR,Khera Khurrampur,-,-,-,-,-,-,28.44166667,76.77222222,,30-11-2021 06:00,18.34
2080,2080,Khera Khurrampur-Pz,CGWB,6,Haryana,62,GURUGRAM,GURGAON,FARUKHNAGAR,Khera Khurrampur,-,-,-,-,-,-,28.44166667,76.77222222,,30-01-2022 07:00,18.35
2081,2081,Khera Khurrampur-Pz,CGWB,6,Haryana,62,GURUGRAM,GURGAON,FARUKHNAGAR,Khera Khurrampur,-,-,-,-,-,-,28.44166667,76.77222222,,20-05-2022 06:00,19.36
2082,2082,Khera Khurrampur-Pz,CGWB,6,Haryana,62,GURUGRAM,GURGAON,FARUKHNAGAR,Khera Khurrampur,-,-,-,-,-,-,28.44166667,76.77222222,,01-08-2022 06:00,17.4
2083,2083,Khera Khurrampur-Pz,CGWB,6,Haryana,62,GURUGRAM,GURGAON,FARUKHNAGAR,Khera Khurrampur,-,-,-,-,-,-,28.44166667,76.77222222,,01-11-2022 06:00,17.17
2084,2084,Khera Khurrampur-Pz,CGWB,6,Haryana,62,GURUGRAM,GURGAON,FARUKHNAGAR,Khera Khurrampur,-,-,-,-,-,-,28.44166667,76.77222222,,01-01-2023 00:00,17.65
2085,2085,Khera Khurrampur-Pz,CGWB,6,Haryana,62,GURUGRAM,GURGAON,FARUKHNAGAR,Khera Khurrampur,-,-,-,-,-,-,28.44166667,76.77222222,,20-08-2023 00:00,17
2086,2086,Khera Khurrampur-Pz,CGWB,6,Haryana,62,GURUGRAM,GURGAON,FARUKHNAGAR,Khera Khurrampur,-,-,-,-,-,-,28.44166667,76.77222222,,01-11-2023 00:00,17.18
2087,2087,Khera Khurrampur-Pz,CGWB,6,Haryana,62,GURUGRAM,GURGAON,FARUKHNAGAR,Khera Khurrampur,-,-,-,-,-,-,28.44166667,76.77222222,,01-01-2024 00:00,17.61
2088,2088,Kherari-DW,CGWB,6,Haryana,73,ROHTAK,ROHTAK,KALANAUR,Kherari,-,-,-,-,-,-,28.80972222,76.35833333,,20-05-2022 06:00,2.09
2089,2089,Kheri,CGWB,6,Haryana,69,MAHENDRAGARH,MAHENDRAGARH,MAHENDARGARH,Kheri,-,-,-,-,-,-,28.3875,76.23055556,,30-01-2022 07:00,25.6
2090,2090,Kheri1,CGWB,6,Haryana,604,Nuh,FEROZPUR JHIRKA,NAGINA,Ganduri,-,-,-,-,-,-,27.97777778,77.0125,,10-01-2021 00:00,5.1
2091,2091,Kheri1,CGWB,6,Haryana,604,Nuh,FEROZPUR JHIRKA,NAGINA,Ganduri,-,-,-,-,-,-,27.97777778,77.0125,,30-01-2022 07:00,4.38
2092,2092,Kheri Asra DW,CGWB,6,Haryana,64,JHAJJAR,JHAJJAR,JHAJJAR,Kheri Asra,-,-,-,-,-,-,28.66083333,76.7275,,20-05-2022 06:00,4
2093,2093,Kheri-DW,CGWB,6,Haryana,70,PANCHKULA,PANCHKULA,BARWALA,Kheri,-,-,-,-,-,-,30.56555556,76.9975,,10-01-2021 00:00,9.23
2094,2094,Kheri-DW,CGWB,6,Haryana,70,PANCHKULA,PANCHKULA,BARWALA,Kheri,-,-,-,-,-,-,30.56555556,76.9975,,20-05-2022 06:00,9.72
2095,2095,Kheri Gujjar-Pz,CGWB,6,Haryana,75,SONIPAT,GANAUR,GANAUR,Kheri Gujjar,-,-,-,-,-,-,29.16277778,76.97138889,,20-05-2022 06:00,31
2096,2096,Kherijalab,CGWB,6,Haryana,63,HISAR,NARNAUD,NARNAUD,Kherijalab,-,-,-,-,-,-,29.325,76.0875,,31-08-2021 06:00,8.7
2097,2097,Kherijalab,CGWB,6,Haryana,63,HISAR,NARNAUD,NARNAUD,Kherijalab,-,-,-,-,-,-,29.325,76.0875,,30-11-2021 06:00,7.36
2098,2098,Kherijalab,CGWB,6,Haryana,63,HISAR,NARNAUD,NARNAUD,Kherijalab,-,-,-,-,-,-,29.325,76.0875,,20-05-2022 06:00,8.6
2099,2099,Kherijalab,CGWB,6,Haryana,63,HISAR,NARNAUD,NARNAUD,Kherijalab,-,-,-,-,-,-,29.325,76.0875,,01-08-2022 06:00,5.58
2100,2100,Kherijalab,CGWB,6,Haryana,63,HISAR,NARNAUD,NARNAUD,Kherijalab,-,-,-,-,-,-,29.325,76.0875,,01-11-2022 06:00,6.05
2101,2101,Kherijalab-Pz,CGWB,6,Haryana,63,HISAR,NARNAUD,NARNAUD,Kherijalab,-,-,-,-,-,-,29.34166667,76.08333333,,10-01-2021 00:00,8
2102,2102,Kherijalab-Pz,CGWB,6,Haryana,63,HISAR,NARNAUD,NARNAUD,Kherijalab,-,-,-,-,-,-,29.34166667,76.08333333,,30-01-2022 07:00,7.25
2103,2103,Kherijalab-Pz,CGWB,6,Haryana,63,HISAR,NARNAUD,NARNAUD,Kherijalab,-,-,-,-,-,-,29.34166667,76.08333333,,20-05-2022 06:00,8.4
2104,2104,Kherijalab-Pz,CGWB,6,Haryana,63,HISAR,NARNAUD,NARNAUD,Kherijalab,-,-,-,-,-,-,29.34166667,76.08333333,,01-01-2023 00:00,5.9
2105,2105,Kherijalab-Pz,CGWB,6,Haryana,63,HISAR,NARNAUD,NARNAUD,Kherijalab,-,-,-,-,-,-,29.34166667,76.08333333,,01-06-2023 00:00,5.92
2106,2106,Kherijalab-Pz,CGWB,6,Haryana,63,HISAR,NARNAUD,NARNAUD,Kherijalab,-,-,-,-,-,-,29.34166667,76.08333333,,20-08-2023 00:00,4.88
2107,2107,Kherijalab-Pz,CGWB,6,Haryana,63,HISAR,NARNAUD,NARNAUD,Kherijalab,-,-,-,-,-,-,29.34166667,76.08333333,,01-11-2023 00:00,5.97
2108,2108,Kherijalab-Pz,CGWB,6,Haryana,63,HISAR,NARNAUD,NARNAUD,Kherijalab,-,-,-,-,-,-,29.34166667,76.08333333,,01-01-2024 00:00,6.12
2109,2109,Kheri Lamba-DW,CGWB,6,Haryana,66,KAITHAL,KAITHAL,KALAYAT,Kheri Lamba,-,-,-,-,-,-,29.70694444,76.22916667,,20-05-2022 06:00,5.55
2110,2110,KheriNaru-Pz-D,CGWB,6,Haryana,67,KARNAL,KARNAL,NISSANG,Kheri Naru Outsourcing,-,-,-,-,-,-,29.64861111,76.91361111,,10-01-2021 00:00,15.99
2111,2111,KheriNaru-Pz-D,CGWB,6,Haryana,67,KARNAL,KARNAL,NISSANG,Kheri Naru Outsourcing,-,-,-,-,-,-,29.64861111,76.91361111,,31-08-2021 06:00,17.83
2112,2112,KheriNaru-Pz-D,CGWB,6,Haryana,67,KARNAL,KARNAL,NISSANG,Kheri Naru Outsourcing,-,-,-,-,-,-,29.64861111,76.91361111,,30-11-2021 06:00,16.1
2113,2113,KheriNaru-Pz-D,CGWB,6,Haryana,67,KARNAL,KARNAL,NISSANG,Kheri Naru Outsourcing,-,-,-,-,-,-,29.64861111,76.91361111,,30-01-2022 07:00,15.2
2114,2114,KheriNaru-Pz-D,CGWB,6,Haryana,67,KARNAL,KARNAL,NISSANG,Kheri Naru Outsourcing,-,-,-,-,-,-,29.64861111,76.91361111,,20-05-2022 06:00,14.75
2115,2115,KheriNaru-Pz-D,CGWB,6,Haryana,67,KARNAL,KARNAL,NISSANG,Kheri Naru Outsourcing,-,-,-,-,-,-,29.64861111,76.91361111,,01-08-2022 06:00,16.9
2116,2116,KheriNaru-Pz-D,CGWB,6,Haryana,67,KARNAL,KARNAL,NISSANG,Kheri Naru Outsourcing,-,-,-,-,-,-,29.64861111,76.91361111,,01-11-2022 06:00,15.77
2117,2117,KheriNaru-Pz-D,CGWB,6,Haryana,67,KARNAL,KARNAL,NISSANG,Kheri Naru Outsourcing,-,-,-,-,-,-,29.64861111,76.91361111,,01-01-2023 00:00,15.1
2118,2118,KheriNaru-Pz-D,CGWB,6,Haryana,67,KARNAL,KARNAL,NISSANG,Kheri Naru Outsourcing,-,-,-,-,-,-,29.64861111,76.91361111,,01-11-2023 00:00,15.29
2119,2119,KheriNaru-Pz-M,CGWB,6,Haryana,67,KARNAL,KARNAL,NISSANG,Kheri Naru Outsourcing,-,-,-,-,-,-,29.64861111,76.91361111,,10-01-2021 00:00,14.45
2120,2120,KheriNaru-Pz-M,CGWB,6,Haryana,67,KARNAL,KARNAL,NISSANG,Kheri Naru Outsourcing,-,-,-,-,-,-,29.64861111,76.91361111,,31-08-2021 06:00,17.65
2121,2121,KheriNaru-Pz-M,CGWB,6,Haryana,67,KARNAL,KARNAL,NISSANG,Kheri Naru Outsourcing,-,-,-,-,-,-,29.64861111,76.91361111,,30-11-2021 06:00,14.6
2122,2122,KheriNaru-Pz-M,CGWB,6,Haryana,67,KARNAL,KARNAL,NISSANG,Kheri Naru Outsourcing,-,-,-,-,-,-,29.64861111,76.91361111,,30-01-2022 07:00,13.12
2123,2123,KheriNaru-Pz-M,CGWB,6,Haryana,67,KARNAL,KARNAL,NISSANG,Kheri Naru Outsourcing,-,-,-,-,-,-,29.64861111,76.91361111,,20-05-2022 06:00,14.13
2124,2124,KheriNaru-Pz-M,CGWB,6,Haryana,67,KARNAL,KARNAL,NISSANG,Kheri Naru Outsourcing,-,-,-,-,-,-,29.64861111,76.91361111,,01-08-2022 06:00,16.95
2125,2125,KheriNaru-Pz-M,CGWB,6,Haryana,67,KARNAL,KARNAL,NISSANG,Kheri Naru Outsourcing,-,-,-,-,-,-,29.64861111,76.91361111,,01-11-2022 06:00,13.62
2126,2126,KheriNaru-Pz-M,CGWB,6,Haryana,67,KARNAL,KARNAL,NISSANG,Kheri Naru Outsourcing,-,-,-,-,-,-,29.64861111,76.91361111,,01-01-2023 00:00,12.54
2127,2127,KheriNaru-Pz-M,CGWB,6,Haryana,67,KARNAL,KARNAL,NISSANG,Kheri Naru Outsourcing,-,-,-,-,-,-,29.64861111,76.91361111,,01-11-2023 00:00,13
2128,2128,KheriNaru-Pz-S,CGWB,6,Haryana,67,KARNAL,KARNAL,NISSANG,Kheri Naru Outsourcing,-,-,-,-,-,-,29.64861111,76.91361111,,10-01-2021 00:00,14.3
2129,2129,KheriNaru-Pz-S,CGWB,6,Haryana,67,KARNAL,KARNAL,NISSANG,Kheri Naru Outsourcing,-,-,-,-,-,-,29.64861111,76.91361111,,31-08-2021 06:00,16.53
2130,2130,KheriNaru-Pz-S,CGWB,6,Haryana,67,KARNAL,KARNAL,NISSANG,Kheri Naru Outsourcing,-,-,-,-,-,-,29.64861111,76.91361111,,30-11-2021 06:00,14.6
2131,2131,KheriNaru-Pz-S,CGWB,6,Haryana,67,KARNAL,KARNAL,NISSANG,Kheri Naru Outsourcing,-,-,-,-,-,-,29.64861111,76.91361111,,30-01-2022 07:00,13.08
2132,2132,KheriNaru-Pz-S,CGWB,6,Haryana,67,KARNAL,KARNAL,NISSANG,Kheri Naru Outsourcing,-,-,-,-,-,-,29.64861111,76.91361111,,20-05-2022 06:00,14.05
2133,2133,KheriNaru-Pz-S,CGWB,6,Haryana,67,KARNAL,KARNAL,NISSANG,Kheri Naru Outsourcing,-,-,-,-,-,-,29.64861111,76.91361111,,01-08-2022 06:00,17
2134,2134,KheriNaru-Pz-S,CGWB,6,Haryana,67,KARNAL,KARNAL,NISSANG,Kheri Naru Outsourcing,-,-,-,-,-,-,29.64861111,76.91361111,,01-01-2023 00:00,12.3
2135,2135,KheriNaru-Pz-S,CGWB,6,Haryana,67,KARNAL,KARNAL,NISSANG,Kheri Naru Outsourcing,-,-,-,-,-,-,29.64861111,76.91361111,,20-08-2023 00:00,16.5
2136,2136,KheriNaru-Pz-S,CGWB,6,Haryana,67,KARNAL,KARNAL,NISSANG,Kheri Naru Outsourcing,-,-,-,-,-,-,29.64861111,76.91361111,,01-11-2023 00:00,12.76
2137,2137,Kheri Ran Nagar-PZ,CGWB,6,Haryana,68,KURUKSHETRA,SHAHBAD,THANESAR,Kheri Ran Nagar,-,-,-,-,-,-,29.93777778,76.85777778,,20-05-2022 06:00,35.9
2138,2138,Kheri Raowali-DW,CGWB,6,Haryana,66,KAITHAL,KAITHAL,RAJOUND,Kheri Raowali,-,-,-,-,-,-,29.5875,76.43277778,,20-05-2022 06:00,16
2139,2139,Kherla,CGWB,6,Haryana,62,GURUGRAM,SOHANA,SOHANA,Kherla,-,-,-,-,-,-,28.31388889,77.11527778,,31-08-2021 06:00,47.53
2140,2140,Kherla,CGWB,6,Haryana,62,GURUGRAM,SOHANA,SOHANA,Kherla,-,-,-,-,-,-,28.31388889,77.11527778,,20-05-2022 06:00,35.6
2141,2141,Khizrabad,CGWB,6,Haryana,76,YAMUNANAGAR,CHACHHRAULI,CHACHHRAULI,Khizrabad,-,-,-,-,-,-,30.3,77.4875,,10-01-2021 00:00,16.61
2142,2142,Khizrabad,CGWB,6,Haryana,76,YAMUNANAGAR,CHACHHRAULI,CHACHHRAULI,Khizrabad,-,-,-,-,-,-,30.3,77.4875,,31-08-2021 06:00,18.2
2143,2143,Khizrabad,CGWB,6,Haryana,76,YAMUNANAGAR,CHACHHRAULI,CHACHHRAULI,Khizrabad,-,-,-,-,-,-,30.3,77.4875,,30-11-2021 06:00,15.3
2144,2144,Khizrabad,CGWB,6,Haryana,76,YAMUNANAGAR,CHACHHRAULI,CHACHHRAULI,Khizrabad,-,-,-,-,-,-,30.3,77.4875,,30-01-2022 07:00,15.34
2145,2145,Khizrabad,CGWB,6,Haryana,76,YAMUNANAGAR,CHACHHRAULI,CHACHHRAULI,Khizrabad,-,-,-,-,-,-,30.3,77.4875,,20-05-2022 06:00,18.38
2146,2146,Khizrabad,CGWB,6,Haryana,76,YAMUNANAGAR,CHACHHRAULI,CHACHHRAULI,Khizrabad,-,-,-,-,-,-,30.3,77.4875,,01-08-2022 06:00,20.22
2147,2147,Khizrabad,CGWB,6,Haryana,76,YAMUNANAGAR,CHACHHRAULI,CHACHHRAULI,Khizrabad,-,-,-,-,-,-,30.3,77.4875,,01-11-2022 06:00,15.84
2148,2148,Khizrabad,CGWB,6,Haryana,76,YAMUNANAGAR,CHACHHRAULI,CHACHHRAULI,Khizrabad,-,-,-,-,-,-,30.3,77.4875,,01-01-2023 00:00,15.67
2149,2149,Khizrabad,CGWB,6,Haryana,76,YAMUNANAGAR,CHACHHRAULI,CHACHHRAULI,Khizrabad,-,-,-,-,-,-,30.3,77.4875,,01-06-2023 00:00,
2150,2150,Khizrabad,CGWB,6,Haryana,76,YAMUNANAGAR,CHACHHRAULI,CHACHHRAULI,Khizrabad,-,-,-,-,-,-,30.3,77.4875,,20-08-2023 00:00,13.5
2151,2151,Khol,CGWB,6,Haryana,72,REWARI,REWARI,KHOL,Khol,-,-,-,-,-,-,28.19583333,76.4,,20-05-2022 06:00,64.7
2152,2152,Khotkalan,CGWB,6,Haryana,63,HISAR,NARNAUD,NARNAUD,Khotkalan,-,-,-,-,-,-,29.3875,76.175,,10-01-2021 00:00,13.43
2153,2153,Khotkalan,CGWB,6,Haryana,63,HISAR,NARNAUD,NARNAUD,Khotkalan,-,-,-,-,-,-,29.3875,76.175,,31-08-2021 06:00,15.7
2154,2154,Khotkalan,CGWB,6,Haryana,63,HISAR,NARNAUD,NARNAUD,Khotkalan,-,-,-,-,-,-,29.3875,76.175,,30-11-2021 06:00,16.89
2155,2155,Khotkalan,CGWB,6,Haryana,63,HISAR,NARNAUD,NARNAUD,Khotkalan,-,-,-,-,-,-,29.3875,76.175,,30-01-2022 07:00,12.44
2156,2156,Khotkalan,CGWB,6,Haryana,63,HISAR,NARNAUD,NARNAUD,Khotkalan,-,-,-,-,-,-,29.3875,76.175,,20-05-2022 06:00,13.6
2157,2157,Khotkalan,CGWB,6,Haryana,63,HISAR,NARNAUD,NARNAUD,Khotkalan,-,-,-,-,-,-,29.3875,76.175,,01-08-2022 06:00,9.23
2158,2158,Khotkalan,CGWB,6,Haryana,63,HISAR,NARNAUD,NARNAUD,Khotkalan,-,-,-,-,-,-,29.3875,76.175,,01-11-2022 06:00,11.63
2159,2159,Khotkalan,CGWB,6,Haryana,63,HISAR,NARNAUD,NARNAUD,Khotkalan,-,-,-,-,-,-,29.3875,76.175,,01-01-2023 00:00,12.48
2160,2160,Khotkalan,CGWB,6,Haryana,63,HISAR,NARNAUD,NARNAUD,Khotkalan,-,-,-,-,-,-,29.3875,76.175,,20-08-2023 00:00,12.89
2161,2161,Khotkalan,CGWB,6,Haryana,63,HISAR,NARNAUD,NARNAUD,Khotkalan,-,-,-,-,-,-,29.3875,76.175,,01-11-2023 00:00,12.41
2162,2162,Khotkalan,CGWB,6,Haryana,63,HISAR,NARNAUD,NARNAUD,Khotkalan,-,-,-,-,-,-,29.3875,76.175,,01-01-2024 00:00,12.81
2163,2163,Khuiyan,CGWB,6,Haryana,74,SIRSA,DABWALI,DABWALI,Khuiyan,-,-,-,-,-,-,29.85833333,74.76944444,,10-01-2021 00:00,17.35
2164,2164,Khuiyan,CGWB,6,Haryana,74,SIRSA,DABWALI,DABWALI,Khuiyan,-,-,-,-,-,-,29.85833333,74.76944444,,31-08-2021 06:00,18.41
2165,2165,Khuiyan,CGWB,6,Haryana,74,SIRSA,DABWALI,DABWALI,Khuiyan,-,-,-,-,-,-,29.85833333,74.76944444,,30-11-2021 06:00,17.76
2166,2166,Khuiyan,CGWB,6,Haryana,74,SIRSA,DABWALI,DABWALI,Khuiyan,-,-,-,-,-,-,29.85833333,74.76944444,,30-01-2022 07:00,17.6
2167,2167,Khuiyan,CGWB,6,Haryana,74,SIRSA,DABWALI,DABWALI,Khuiyan,-,-,-,-,-,-,29.85833333,74.76944444,,20-05-2022 06:00,17.5
2168,2168,Khuiyan,CGWB,6,Haryana,74,SIRSA,DABWALI,DABWALI,Khuiyan,-,-,-,-,-,-,29.85833333,74.76944444,,01-08-2022 06:00,18.14
2169,2169,Khuiyan,CGWB,6,Haryana,74,SIRSA,DABWALI,DABWALI,Khuiyan,-,-,-,-,-,-,29.85833333,74.76944444,,01-11-2022 06:00,18.02
2170,2170,Khuiyan,CGWB,6,Haryana,74,SIRSA,DABWALI,DABWALI,Khuiyan,-,-,-,-,-,-,29.85833333,74.76944444,,01-01-2023 00:00,18
2171,2171,Khuiyan,CGWB,6,Haryana,74,SIRSA,DABWALI,DABWALI,Khuiyan,-,-,-,-,-,-,29.85833333,74.76944444,,01-06-2023 00:00,17.82
2172,2172,Khuiyan,CGWB,6,Haryana,74,SIRSA,DABWALI,DABWALI,Khuiyan,-,-,-,-,-,-,29.85833333,74.76944444,,01-11-2023 00:00,18.69
2173,2173,Khuiyan Malkana,CGWB,6,Haryana,74,SIRSA,DABWALI,DABWALI,Khuiyan,-,-,-,-,-,-,29.8583,74.7694,197,20-08-2023 00:00,18.09
2174,2174,Khuiyan Malkana,CGWB,6,Haryana,74,SIRSA,DABWALI,DABWALI,Khuiyan,-,-,-,-,-,-,29.8583,74.7694,197,01-01-2024 00:00,18
2175,2175,Kiloi-DW,CGWB,6,Haryana,73,ROHTAK,ROHTAK,ROHTAK,Kiloi,-,-,-,-,-,-,28.94416667,76.71527778,,20-05-2022 06:00,2.1
2176,2176,Kirmach-St-Pz,CGWB,6,Haryana,68,KURUKSHETRA,SHAHBAD,THANESAR,Kirmach-St,-,-,-,-,-,-,29.90333333,76.7875,,20-05-2022 06:00,31.18
2177,2177,Kirori,CGWB,6,Haryana,63,HISAR,HISSAR,BARWALA,Kirori,-,-,-,-,-,-,29.3,75.8,,10-01-2021 00:00,15.2
2178,2178,Kirori,CGWB,6,Haryana,63,HISAR,HISSAR,BARWALA,Kirori,-,-,-,-,-,-,29.3,75.8,,31-08-2021 06:00,17.4
2179,2179,Kirori,CGWB,6,Haryana,63,HISAR,HISSAR,BARWALA,Kirori,-,-,-,-,-,-,29.3,75.8,,30-11-2021 06:00,16.01
2180,2180,Kirori,CGWB,6,Haryana,63,HISAR,HISSAR,BARWALA,Kirori,-,-,-,-,-,-,29.3,75.8,,30-01-2022 07:00,13.84
2181,2181,Kirori,CGWB,6,Haryana,63,HISAR,HISSAR,BARWALA,Kirori,-,-,-,-,-,-,29.3,75.8,,20-05-2022 06:00,13.55
2182,2182,Kirori,CGWB,6,Haryana,63,HISAR,HISSAR,BARWALA,Kirori,-,-,-,-,-,-,29.3,75.8,,01-08-2022 06:00,13.35
2183,2183,Kirori,CGWB,6,Haryana,63,HISAR,HISSAR,BARWALA,Kirori,-,-,-,-,-,-,29.3,75.8,,01-11-2022 06:00,14.05
2184,2184,Kirori,CGWB,6,Haryana,63,HISAR,HISSAR,BARWALA,Kirori,-,-,-,-,-,-,29.3,75.8,,01-01-2023 00:00,14.15
2185,2185,Kirori,CGWB,6,Haryana,63,HISAR,HISSAR,BARWALA,Kirori,-,-,-,-,-,-,29.3,75.8,,01-06-2023 00:00,13.17
2186,2186,Kirori,CGWB,6,Haryana,63,HISAR,HISSAR,BARWALA,Kirori,-,-,-,-,-,-,29.3,75.8,,20-08-2023 00:00,14.35
2187,2187,Kirori,CGWB,6,Haryana,63,HISAR,HISSAR,BARWALA,Kirori,-,-,-,-,-,-,29.3,75.8,,01-11-2023 00:00,13.83
2188,2188,Kirori,CGWB,6,Haryana,63,HISAR,HISSAR,BARWALA,Kirori,-,-,-,-,-,-,29.3,75.8,,01-01-2024 00:00,14.7
2189,2189,Kirtan,CGWB,6,Haryana,63,HISAR,ADAMPUR,ADAMPUR,Kirtan,-,-,-,-,-,-,29.22083333,75.54722222,,10-01-2021 00:00,13.35
2190,2190,Kirtan,CGWB,6,Haryana,63,HISAR,ADAMPUR,ADAMPUR,Kirtan,-,-,-,-,-,-,29.22083333,75.54722222,,31-08-2021 06:00,13.69
2191,2191,Kirtan,CGWB,6,Haryana,63,HISAR,ADAMPUR,ADAMPUR,Kirtan,-,-,-,-,-,-,29.22083333,75.54722222,,30-11-2021 06:00,12.18
2192,2192,Kirtan,CGWB,6,Haryana,63,HISAR,ADAMPUR,ADAMPUR,Kirtan,-,-,-,-,-,-,29.22083333,75.54722222,,30-01-2022 07:00,11.58
2193,2193,Kirtan,CGWB,6,Haryana,63,HISAR,ADAMPUR,ADAMPUR,Kirtan,-,-,-,-,-,-,29.22083333,75.54722222,,20-05-2022 06:00,11.5
2194,2194,Kirtan,CGWB,6,Haryana,63,HISAR,ADAMPUR,ADAMPUR,Kirtan,-,-,-,-,-,-,29.22083333,75.54722222,,01-08-2022 06:00,10.73
2195,2195,Kirtan,CGWB,6,Haryana,63,HISAR,ADAMPUR,ADAMPUR,Kirtan,-,-,-,-,-,-,29.22083333,75.54722222,,01-11-2022 06:00,9.64
2196,2196,Kirtan,CGWB,6,Haryana,63,HISAR,ADAMPUR,ADAMPUR,Kirtan,-,-,-,-,-,-,29.22083333,75.54722222,,01-01-2023 00:00,10.55
2197,2197,Kirtan,CGWB,6,Haryana,63,HISAR,ADAMPUR,ADAMPUR,Kirtan,-,-,-,-,-,-,29.22083333,75.54722222,,01-06-2023 00:00,9.8
2198,2198,Kirtan,CGWB,6,Haryana,63,HISAR,ADAMPUR,ADAMPUR,Kirtan,-,-,-,-,-,-,29.22083333,75.54722222,,20-08-2023 00:00,9.9
2199,2199,Kirtan,CGWB,6,Haryana,63,HISAR,ADAMPUR,ADAMPUR,Kirtan,-,-,-,-,-,-,29.22083333,75.54722222,,01-11-2023 00:00,10.78
2200,2200,Kirtan,CGWB,6,Haryana,63,HISAR,ADAMPUR,ADAMPUR,Kirtan,-,-,-,-,-,-,29.22083333,75.54722222,,01-01-2024 00:00,9.9
2201,2201,Kiwana,CGWB,6,Haryana,71,PANIPAT,SAMALKHA,SAMALKHA,Kiwana,-,-,-,-,-,-,29.225,76.9875,,20-05-2022 06:00,37
2202,2202,Kohnd S,CGWB,6,Haryana,67,KARNAL,GHARAUNDA,GHARAUNDA,Kohnd S,-,-,-,-,-,-,29.50833333,76.98333333,,20-05-2022 06:00,33.75
2203,2203,Kona,CGWB,6,Haryana,70,PANCHKULA,KALKA,PINJORE,Kona,-,-,-,-,-,-,30.89083333,76.83222222,,01-08-2022 06:00,9.2
2204,2204,Korar,CGWB,6,Haryana,65,JIND,NARWANA,NARWANA,Korar,-,-,-,-,-,-,29.72916667,76.04166667,,10-01-2021 00:00,16.42
2205,2205,Korar,CGWB,6,Haryana,65,JIND,NARWANA,NARWANA,Korar,-,-,-,-,-,-,29.72916667,76.04166667,,20-05-2022 06:00,13.61
2206,2206,KORAR_1,CGWB,6,Haryana,66,KAITHAL,KAITHAL,-,-,-,-,-,-,-,-,29.729167,76.041667,,01-01-2023 00:00,15.45
2207,2207,Kosli,CGWB,6,Haryana,72,REWARI,KOSLI,NAHAR,Kosli,-,-,-,-,-,-,28.41388889,76.48333333,,10-01-2021 00:00,17.03
2208,2208,Kosli,CGWB,6,Haryana,72,REWARI,KOSLI,NAHAR,Kosli,-,-,-,-,-,-,28.41388889,76.48333333,,31-08-2021 06:00,18.15
2209,2209,Kosli,CGWB,6,Haryana,72,REWARI,KOSLI,NAHAR,Kosli,-,-,-,-,-,-,28.41388889,76.48333333,,30-11-2021 06:00,16.1
2210,2210,Kosli,CGWB,6,Haryana,72,REWARI,KOSLI,NAHAR,Kosli,-,-,-,-,-,-,28.41388889,76.48333333,,30-01-2022 07:00,23
2211,2211,Kosli,CGWB,6,Haryana,72,REWARI,KOSLI,NAHAR,Kosli,-,-,-,-,-,-,28.41388889,76.48333333,,20-05-2022 06:00,18.2
2212,2212,Kot,CGWB,6,Haryana,619,Palwal,HATHIN,HATHIN,Kot,-,-,-,-,-,-,27.95833333,77.22916667,,30-01-2022 07:00,12
2213,2213,Kotla D,CGWB,6,Haryana,76,YAMUNANAGAR,BILASPUR,SADHAURA,Kotla D,-,-,-,-,-,-,30.45,77.28333333,,20-05-2022 06:00,16.45
2214,2214,K.prahladpur(s),CGWB,6,Haryana,71,PANIPAT,SAMALKHA,SAMALKHA,K.prahladpur(s),-,-,-,-,-,-,29.29305556,76.97916667,,31-08-2021 06:00,41.25
2215,2215,Kulasi,CGWB,6,Haryana,64,JHAJJAR,JHAJJAR,JHAJJAR,Jhajjar,-,-,-,-,-,-,28.77208889,76.9125,215.11,20-08-2023 00:00,0.1
2216,2216,Kulasi,CGWB,6,Haryana,64,JHAJJAR,JHAJJAR,JHAJJAR,Jhajjar,-,-,-,-,-,-,28.77208889,76.9125,215.11,01-11-2023 00:00,0.35
2217,2217,Kulasi,CGWB,6,Haryana,64,JHAJJAR,JHAJJAR,JHAJJAR,Jhajjar,-,-,-,-,-,-,28.77208889,76.9125,215.11,01-01-2024 00:00,0.47
2218,2218,KULERI-D,CGWB,6,Haryana,63,HISAR,-,-,-,-,-,-,-,-,-,29.360556,75.643611,,01-01-2023 00:00,3.65
2219,2219,KULERI-D,CGWB,6,Haryana,63,HISAR,-,-,-,-,-,-,-,-,-,29.360556,75.643611,,01-11-2023 00:00,3.27
2220,2220,KULERI-D,CGWB,6,Haryana,63,HISAR,-,-,-,-,-,-,-,-,-,29.360556,75.643611,,01-01-2024 00:00,3.29
2221,2221,KULERI-M,CGWB,6,Haryana,63,HISAR,-,-,-,-,-,-,-,-,-,29.360556,75.643611,,01-01-2023 00:00,5.5
2222,2222,KULERI-M,CGWB,6,Haryana,63,HISAR,-,-,-,-,-,-,-,-,-,29.360556,75.643611,,01-06-2023 00:00,5.5
2223,2223,KULERI-M,CGWB,6,Haryana,63,HISAR,-,-,-,-,-,-,-,-,-,29.360556,75.643611,,01-11-2023 00:00,5.66
2224,2224,KULERI-S,CGWB,6,Haryana,63,HISAR,-,-,-,-,-,-,-,-,-,29.360556,75.643611,,01-01-2023 00:00,5.65
2225,2225,KULERI-S,CGWB,6,Haryana,63,HISAR,-,-,-,-,-,-,-,-,-,29.360556,75.643611,,01-06-2023 00:00,5.49
2226,2226,KULERI-S,CGWB,6,Haryana,63,HISAR,-,-,-,-,-,-,-,-,-,29.360556,75.643611,,01-11-2023 00:00,5.8
2227,2227,KULERI-S,CGWB,6,Haryana,63,HISAR,-,-,-,-,-,-,-,-,-,29.360556,75.643611,,01-01-2024 00:00,5.9
2228,2228,Kumahria-M,CGWB,6,Haryana,74,SIRSA,SIRSA,-,-,-,-,-,-,-,-,29.257222,75.144444,,01-01-2023 00:00,10.5
2229,2229,Kumahria-M,CGWB,6,Haryana,74,SIRSA,SIRSA,-,-,-,-,-,-,-,-,29.257222,75.144444,,01-06-2023 00:00,10.5
2230,2230,Kumahria-M,CGWB,6,Haryana,74,SIRSA,SIRSA,-,-,-,-,-,-,-,-,29.257222,75.144444,,20-08-2023 00:00,10.72
2231,2231,Kumahria-M,CGWB,6,Haryana,74,SIRSA,SIRSA,-,-,-,-,-,-,-,-,29.257222,75.144444,,01-11-2023 00:00,10.42
2232,2232,Kumahria-S,CGWB,6,Haryana,74,SIRSA,SIRSA,-,-,-,-,-,-,-,-,29.257222,75.144444,,01-01-2023 00:00,10.7
2233,2233,Kumahria-S,CGWB,6,Haryana,74,SIRSA,SIRSA,-,-,-,-,-,-,-,-,29.257222,75.144444,,01-06-2023 00:00,10.35
2234,2234,Kumahria-S,CGWB,6,Haryana,74,SIRSA,SIRSA,-,-,-,-,-,-,-,-,29.257222,75.144444,,20-08-2023 00:00,10.57
2235,2235,Kumahria-S,CGWB,6,Haryana,74,SIRSA,SIRSA,-,-,-,-,-,-,-,-,29.257222,75.144444,,01-11-2023 00:00,10.4
2236,2236,Kumbhawas-DW,CGWB,6,Haryana,72,REWARI,REWARI,REWARI,Kumbhawas,-,-,-,-,-,-,28.24888889,76.66111111,,20-05-2022 06:00,18
2237,2237,Kundi-DW,CGWB,6,Haryana,70,PANCHKULA,KALKA,PINJORE,Kundi,-,-,-,-,-,-,30.66472222,76.85166667,,20-05-2022 06:00,20.65
2238,2238,Kurangwali,CGWB,6,Haryana,74,SIRSA,DABWALI,BARAGUDHA,Kurangwali,-,-,-,-,-,-,29.775,75.06944444,,20-05-2022 06:00,7.5
2239,2239,Kurlan-Pz,CGWB,6,Haryana,67,KARNAL,ASSANDH,ASSANDH,Kurlan,-,-,-,-,-,-,29.50111111,76.50416667,,20-05-2022 06:00,24.95
2240,2240,Kutail M,CGWB,6,Haryana,67,KARNAL,GHARAUNDA,GHARAUNDA,Kutail M,-,-,-,-,-,-,29.58611111,77.02222222,,10-01-2021 00:00,24.47
2241,2241,Kutail M,CGWB,6,Haryana,67,KARNAL,GHARAUNDA,GHARAUNDA,Kutail M,-,-,-,-,-,-,29.58611111,77.02222222,,31-08-2021 06:00,33.38
2242,2242,Kutail M,CGWB,6,Haryana,67,KARNAL,GHARAUNDA,GHARAUNDA,Kutail M,-,-,-,-,-,-,29.58611111,77.02222222,,30-11-2021 06:00,27.6
2243,2243,Kutail M,CGWB,6,Haryana,67,KARNAL,GHARAUNDA,GHARAUNDA,Kutail M,-,-,-,-,-,-,29.58611111,77.02222222,,30-01-2022 07:00,25.23
2244,2244,Kutail M,CGWB,6,Haryana,67,KARNAL,GHARAUNDA,GHARAUNDA,Kutail M,-,-,-,-,-,-,29.58611111,77.02222222,,20-05-2022 06:00,25.5
2245,2245,Kutail M,CGWB,6,Haryana,67,KARNAL,GHARAUNDA,GHARAUNDA,Kutail M,-,-,-,-,-,-,29.58611111,77.02222222,,01-08-2022 06:00,29.96
2246,2246,Kutail M,CGWB,6,Haryana,67,KARNAL,GHARAUNDA,GHARAUNDA,Kutail M,-,-,-,-,-,-,29.58611111,77.02222222,,01-11-2022 06:00,25.85
2247,2247,Kutail M,CGWB,6,Haryana,67,KARNAL,GHARAUNDA,GHARAUNDA,Kutail M,-,-,-,-,-,-,29.58611111,77.02222222,,01-01-2023 00:00,23.81
2248,2248,Kutail M,CGWB,6,Haryana,67,KARNAL,GHARAUNDA,GHARAUNDA,Kutail M,-,-,-,-,-,-,29.58611111,77.02222222,,20-08-2023 00:00,27.84
2249,2249,Kutail M,CGWB,6,Haryana,67,KARNAL,GHARAUNDA,GHARAUNDA,Kutail M,-,-,-,-,-,-,29.58611111,77.02222222,,01-11-2023 00:00,25.52
2250,2250,Kutail S,CGWB,6,Haryana,67,KARNAL,GHARAUNDA,GHARAUNDA,Kutail S,-,-,-,-,-,-,29.58611111,77.02222222,,10-01-2021 00:00,24.46
2251,2251,Kutail S,CGWB,6,Haryana,67,KARNAL,GHARAUNDA,GHARAUNDA,Kutail S,-,-,-,-,-,-,29.58611111,77.02222222,,31-08-2021 06:00,33.1
2252,2252,Kutail S,CGWB,6,Haryana,67,KARNAL,GHARAUNDA,GHARAUNDA,Kutail S,-,-,-,-,-,-,29.58611111,77.02222222,,30-11-2021 06:00,26.55
2253,2253,Kutail S,CGWB,6,Haryana,67,KARNAL,GHARAUNDA,GHARAUNDA,Kutail S,-,-,-,-,-,-,29.58611111,77.02222222,,30-01-2022 07:00,24.18
2254,2254,Kutail S,CGWB,6,Haryana,67,KARNAL,GHARAUNDA,GHARAUNDA,Kutail S,-,-,-,-,-,-,29.58611111,77.02222222,,20-05-2022 06:00,24.54
2255,2255,Kutail S,CGWB,6,Haryana,67,KARNAL,GHARAUNDA,GHARAUNDA,Kutail S,-,-,-,-,-,-,29.58611111,77.02222222,,01-08-2022 06:00,31.85
2256,2256,Kutail S,CGWB,6,Haryana,67,KARNAL,GHARAUNDA,GHARAUNDA,Kutail S,-,-,-,-,-,-,29.58611111,77.02222222,,01-11-2022 06:00,25.82
2257,2257,Kutail S,CGWB,6,Haryana,67,KARNAL,GHARAUNDA,GHARAUNDA,Kutail S,-,-,-,-,-,-,29.58611111,77.02222222,,01-01-2023 00:00,24.07
2258,2258,Kutail S,CGWB,6,Haryana,67,KARNAL,GHARAUNDA,GHARAUNDA,Kutail S,-,-,-,-,-,-,29.58611111,77.02222222,,01-11-2023 00:00,24.53
2259,2259,Lachhmanpur,CGWB,6,Haryana,59,BHIWANI,TOSHAM,TOSHAM,Lachhmanpur,-,-,-,-,-,-,28.82666667,75.87694444,,10-01-2021 00:00,10.35
2260,2260,Lachhmanpur,CGWB,6,Haryana,59,BHIWANI,TOSHAM,TOSHAM,Lachhmanpur,-,-,-,-,-,-,28.82666667,75.87694444,,31-08-2021 06:00,12.24
2261,2261,Lachhmanpur,CGWB,6,Haryana,59,BHIWANI,TOSHAM,TOSHAM,Lachhmanpur,-,-,-,-,-,-,28.82666667,75.87694444,,30-11-2021 06:00,10.93
2262,2262,Lachhmanpur,CGWB,6,Haryana,59,BHIWANI,TOSHAM,TOSHAM,Lachhmanpur,-,-,-,-,-,-,28.82666667,75.87694444,,30-01-2022 07:00,10.57
2263,2263,Lachhmanpur,CGWB,6,Haryana,59,BHIWANI,TOSHAM,TOSHAM,Lachhmanpur,-,-,-,-,-,-,28.82666667,75.87694444,,20-05-2022 06:00,12.5
2264,2264,Lachhmanpur,CGWB,6,Haryana,59,BHIWANI,TOSHAM,TOSHAM,Lachhmanpur,-,-,-,-,-,-,28.82666667,75.87694444,,01-08-2022 06:00,10.04
2265,2265,Lachhmanpur,CGWB,6,Haryana,59,BHIWANI,TOSHAM,TOSHAM,Lachhmanpur,-,-,-,-,-,-,28.82666667,75.87694444,,01-11-2022 06:00,9.78
2266,2266,Lachhmanpur,CGWB,6,Haryana,59,BHIWANI,TOSHAM,TOSHAM,Lachhmanpur,-,-,-,-,-,-,28.82666667,75.87694444,,01-01-2023 00:00,10.26
2267,2267,Lachhmanpur,CGWB,6,Haryana,59,BHIWANI,TOSHAM,TOSHAM,Lachhmanpur,-,-,-,-,-,-,28.82666667,75.87694444,,01-06-2023 00:00,10.01
2268,2268,Lachhmanpur,CGWB,6,Haryana,59,BHIWANI,TOSHAM,TOSHAM,Lachhmanpur,-,-,-,-,-,-,28.82666667,75.87694444,,20-08-2023 00:00,10.13
2269,2269,Lachhmanpur,CGWB,6,Haryana,59,BHIWANI,TOSHAM,TOSHAM,Lachhmanpur,-,-,-,-,-,-,28.82666667,75.87694444,,01-11-2023 00:00,10.32
2270,2270,Lachhmanpur,CGWB,6,Haryana,59,BHIWANI,TOSHAM,TOSHAM,Lachhmanpur,-,-,-,-,-,-,28.82666667,75.87694444,,01-01-2024 00:00,10.16
2271,2271,Ladpur-Pz,CGWB,6,Haryana,75,SONIPAT,SONIPAT,RAI,Ladpur,-,-,-,-,-,-,28.91444444,77.03944444,,20-05-2022 06:00,8.22
2272,2272,Ladwi-DW,CGWB,6,Haryana,63,HISAR,ADAMPUR,ADAMPUR,Ladwi,-,-,-,-,-,-,29.23194444,75.55277778,,20-05-2022 06:00,4.57
2273,2273,Lahrian,CGWB,6,Haryana,61,FATEHABAD,FATEHABAD,BHUNA,Lahrian,-,-,-,-,-,-,29.62222222,75.71805556,,20-05-2022 06:00,41.7
2274,2274,Lajwana Kalan,CGWB,6,Haryana,65,JIND,JULANA,JULANA,Lajwana Kalan,-,-,-,-,-,-,29.14722222,76.46666667,,20-05-2022 06:00,2.6
2275,2275,Lakeria- DW,CGWB,6,Haryana,64,JHAJJAR,BERI,BERI,Lakeria,-,-,-,-,-,-,28.73472222,76.94111111,,20-05-2022 06:00,3.3
2276,2276,Lakhan Majara,CGWB,6,Haryana,73,ROHTAK,MAHAM,LAKHAN MAJRA,Lakhan Majara,-,-,-,-,-,-,29.04305556,76.47638889,,10-01-2021 00:00,1.45
2277,2277,Lakhan Majara,CGWB,6,Haryana,73,ROHTAK,MAHAM,LAKHAN MAJRA,Lakhan Majara,-,-,-,-,-,-,29.04305556,76.47638889,,31-08-2021 06:00,1.39
2278,2278,Lakhan Majara,CGWB,6,Haryana,73,ROHTAK,MAHAM,LAKHAN MAJRA,Lakhan Majara,-,-,-,-,-,-,29.04305556,76.47638889,,30-01-2022 07:00,0.88
2279,2279,Lakhan Majara,CGWB,6,Haryana,73,ROHTAK,MAHAM,LAKHAN MAJRA,Lakhan Majara,-,-,-,-,-,-,29.04305556,76.47638889,,20-05-2022 06:00,3.2
2280,2280,Lakhan Majara,CGWB,6,Haryana,73,ROHTAK,MAHAM,LAKHAN MAJRA,Lakhan Majara,-,-,-,-,-,-,29.04305556,76.47638889,,01-08-2022 06:00,2
2281,2281,Lakhan Majara,CGWB,6,Haryana,73,ROHTAK,MAHAM,LAKHAN MAJRA,Lakhan Majara,-,-,-,-,-,-,29.04305556,76.47638889,,01-10-2022 00:00,2.16
2282,2282,Lakhan Majara,CGWB,6,Haryana,73,ROHTAK,MAHAM,LAKHAN MAJRA,Lakhan Majara,-,-,-,-,-,-,29.04305556,76.47638889,,01-11-2022 06:00,1.6
2283,2283,Lakhan Majara,CGWB,6,Haryana,73,ROHTAK,MAHAM,LAKHAN MAJRA,Lakhan Majara,-,-,-,-,-,-,29.04305556,76.47638889,,20-08-2023 00:00,1
2284,2284,Lakhan Majara,CGWB,6,Haryana,73,ROHTAK,MAHAM,LAKHAN MAJRA,Lakhan Majara,-,-,-,-,-,-,29.04305556,76.47638889,,01-11-2023 00:00,2.6
2285,2285,Lakhan Majara,CGWB,6,Haryana,73,ROHTAK,MAHAM,LAKHAN MAJRA,Lakhan Majara,-,-,-,-,-,-,29.04305556,76.47638889,,01-01-2024 00:00,2.67
2286,2286,Lakhan Majra,CGWB,6,Haryana,73,ROHTAK,MAHAM,LAKHAN MAJRA,Lakhan Majra,-,-,-,-,-,-,29.04722222,76.48333333,,20-05-2022 06:00,0.91
2287,2287,Lakhmari-PZ,CGWB,6,Haryana,68,KURUKSHETRA,SHAHBAD,BABAIN,Lakhmari,-,-,-,-,-,-,30.14444444,77.02055556,,20-05-2022 06:00,43.02
2288,2288,Lalwa,CGWB,6,Haryana,619,Palwal,PALWAL,PALWAL,Lalwa,-,-,-,-,-,-,28.1375,77.40416667,,30-11-2021 06:00,6.7
2289,2289,Lalwa,CGWB,6,Haryana,619,Palwal,PALWAL,PALWAL,Lalwa,-,-,-,-,-,-,28.1375,77.40416667,,30-01-2022 07:00,6.7
2290,2290,Landi-PZ,CGWB,6,Haryana,68,KURUKSHETRA,SHAHBAD,SHAHBAD,Landi,-,-,-,-,-,-,30.22055556,76.86194444,,20-05-2022 06:00,53.71
2291,2291,Larsauli,CGWB,6,Haryana,75,SONIPAT,GANAUR,GANAUR,Larsauli,-,-,-,-,-,-,29.10083333,77.07833333,,20-05-2022 06:00,-1.2
2292,2292,Larsauli-Pz,CGWB,6,Haryana,75,SONIPAT,GANAUR,GANAUR,Larsauli,-,-,-,-,-,-,29.0925,77.03472222,,20-05-2022 06:00,32
2293,2293,Lath,CGWB,6,Haryana,75,SONIPAT,GOHANA,GOHANA,Lath,-,-,-,-,-,-,29.075,76.77916667,,10-01-2021 00:00,0.6
2294,2294,Lath,CGWB,6,Haryana,75,SONIPAT,GOHANA,GOHANA,Lath,-,-,-,-,-,-,29.075,76.77916667,,31-08-2021 06:00,1.76
2295,2295,Lath,CGWB,6,Haryana,75,SONIPAT,GOHANA,GOHANA,Lath,-,-,-,-,-,-,29.075,76.77916667,,30-01-2022 07:00,0.82
2296,2296,Lath,CGWB,6,Haryana,75,SONIPAT,GOHANA,GOHANA,Lath,-,-,-,-,-,-,29.075,76.77916667,,20-05-2022 06:00,2.05
2297,2297,Lath,CGWB,6,Haryana,75,SONIPAT,GOHANA,GOHANA,Lath,-,-,-,-,-,-,29.075,76.77916667,,01-10-2022 00:00,0.85
2298,2298,Lath,CGWB,6,Haryana,75,SONIPAT,GOHANA,GOHANA,Lath,-,-,-,-,-,-,29.075,76.77916667,,01-11-2022 06:00,0.4
2299,2299,Lath,CGWB,6,Haryana,75,SONIPAT,GOHANA,GOHANA,Lath,-,-,-,-,-,-,29.075,76.77916667,,20-08-2023 00:00,1
2300,2300,Lath,CGWB,6,Haryana,75,SONIPAT,GOHANA,GOHANA,Lath,-,-,-,-,-,-,29.075,76.77916667,,01-11-2023 00:00,1.42
2301,2301,Lath,CGWB,6,Haryana,75,SONIPAT,GOHANA,GOHANA,Lath,-,-,-,-,-,-,29.075,76.77916667,,01-01-2024 00:00,1.25
2302,2302,Litani-DW,CGWB,6,Haryana,63,HISAR,HISSAR,BARWALA,Litani,-,-,-,-,-,-,29.45416667,75.9875,,20-05-2022 06:00,5
2303,2303,Lochap Pz,CGWB,6,Haryana,65,JIND,SAFIDON,SAFIDON,Lochap,-,-,-,-,-,-,29.35833333,76.42222222,,10-01-2021 00:00,18.5
2304,2304,Lochap Pz,CGWB,6,Haryana,65,JIND,SAFIDON,SAFIDON,Lochap,-,-,-,-,-,-,29.35833333,76.42222222,,31-08-2021 06:00,23.83
2305,2305,Lochap Pz,CGWB,6,Haryana,65,JIND,SAFIDON,SAFIDON,Lochap,-,-,-,-,-,-,29.35833333,76.42222222,,30-01-2022 07:00,17.5
2306,2306,Lochap Pz,CGWB,6,Haryana,65,JIND,SAFIDON,SAFIDON,Lochap,-,-,-,-,-,-,29.35833333,76.42222222,,20-05-2022 06:00,19.75
2307,2307,Lochap Pz,CGWB,6,Haryana,65,JIND,SAFIDON,SAFIDON,Lochap,-,-,-,-,-,-,29.35833333,76.42222222,,01-08-2022 06:00,22.36
2308,2308,Lochap Pz,CGWB,6,Haryana,65,JIND,SAFIDON,SAFIDON,Lochap,-,-,-,-,-,-,29.35833333,76.42222222,,01-10-2022 00:00,17.93
2309,2309,Lochap Pz,CGWB,6,Haryana,65,JIND,SAFIDON,SAFIDON,Lochap,-,-,-,-,-,-,29.35833333,76.42222222,,01-11-2022 06:00,21.14
2310,2310,Lochap Pz,CGWB,6,Haryana,65,JIND,SAFIDON,SAFIDON,Lochap,-,-,-,-,-,-,29.35833333,76.42222222,,20-08-2023 00:00,25.42
2311,2311,Lochap Pz,CGWB,6,Haryana,65,JIND,SAFIDON,SAFIDON,Lochap,-,-,-,-,-,-,29.35833333,76.42222222,,01-11-2023 00:00,20.95
2312,2312,Lohani,CGWB,6,Haryana,59,BHIWANI,BHIWANI,KAIRU,Lohani,-,-,-,-,-,-,28.7,76.04583333,,10-01-2021 00:00,18.35
2313,2313,Lohani,CGWB,6,Haryana,59,BHIWANI,BHIWANI,KAIRU,Lohani,-,-,-,-,-,-,28.7,76.04583333,,31-08-2021 06:00,12.57
2314,2314,Lohani,CGWB,6,Haryana,59,BHIWANI,BHIWANI,KAIRU,Lohani,-,-,-,-,-,-,28.7,76.04583333,,30-11-2021 06:00,10.04
2315,2315,Lohani,CGWB,6,Haryana,59,BHIWANI,BHIWANI,KAIRU,Lohani,-,-,-,-,-,-,28.7,76.04583333,,30-01-2022 07:00,10.01
2316,2316,Lohani,CGWB,6,Haryana,59,BHIWANI,BHIWANI,KAIRU,Lohani,-,-,-,-,-,-,28.7,76.04583333,,20-05-2022 06:00,14.8
2317,2317,Lohani,CGWB,6,Haryana,59,BHIWANI,BHIWANI,KAIRU,Lohani,-,-,-,-,-,-,28.7,76.04583333,,01-08-2022 06:00,8.68
2318,2318,Lohani,CGWB,6,Haryana,59,BHIWANI,BHIWANI,KAIRU,Lohani,-,-,-,-,-,-,28.7,76.04583333,,01-11-2022 06:00,10.18
2319,2319,Lohani,CGWB,6,Haryana,59,BHIWANI,BHIWANI,KAIRU,Lohani,-,-,-,-,-,-,28.7,76.04583333,,01-01-2023 00:00,14.5
2320,2320,Lohani,CGWB,6,Haryana,59,BHIWANI,BHIWANI,KAIRU,Lohani,-,-,-,-,-,-,28.7,76.04583333,,01-06-2023 00:00,14.73
2321,2321,Lohani,CGWB,6,Haryana,59,BHIWANI,BHIWANI,KAIRU,Lohani,-,-,-,-,-,-,28.7,76.04583333,,20-08-2023 00:00,14.6
2322,2322,Lohani,CGWB,6,Haryana,59,BHIWANI,BHIWANI,KAIRU,Lohani,-,-,-,-,-,-,28.7,76.04583333,,01-11-2023 00:00,14.64
2323,2323,Lohani,CGWB,6,Haryana,59,BHIWANI,BHIWANI,KAIRU,Lohani,-,-,-,-,-,-,28.7,76.04583333,,01-01-2024 00:00,14.85
2324,2324,Lohara-Pz,CGWB,6,Haryana,68,KURUKSHETRA,SHAHBAD,LADWA,Lohara,-,-,-,-,-,-,30.01888889,76.9875,,20-05-2022 06:00,39.6
2325,2325,Lohari (m),CGWB,6,Haryana,71,PANIPAT,PANIPAT,MADLAUDA,Lohari (m),-,-,-,-,-,-,29.35833333,76.83888889,,01-10-2022 00:00,2.37
2326,2326,Lohari- Pz,CGWB,6,Haryana,64,JHAJJAR,JHAJJAR,MARWAHI,Lohari,-,-,-,-,-,-,28.38111111,76.71527778,,20-05-2022 06:00,13
2327,2327,Lohari (s),CGWB,6,Haryana,71,PANIPAT,PANIPAT,MADLAUDA,Lohari (s),-,-,-,-,-,-,29.35833333,76.83888889,,10-01-2021 00:00,3.13
2328,2328,Lohari (s),CGWB,6,Haryana,71,PANIPAT,PANIPAT,MADLAUDA,Lohari (s),-,-,-,-,-,-,29.35833333,76.83888889,,30-01-2022 07:00,3.06
2329,2329,Lohari (s),CGWB,6,Haryana,71,PANIPAT,PANIPAT,MADLAUDA,Lohari (s),-,-,-,-,-,-,29.35833333,76.83888889,,20-05-2022 06:00,4.11
2330,2330,Lohari (s),CGWB,6,Haryana,71,PANIPAT,PANIPAT,MADLAUDA,Lohari (s),-,-,-,-,-,-,29.35833333,76.83888889,,01-11-2022 06:00,1.82
2331,2331,Lohari (s),CGWB,6,Haryana,71,PANIPAT,PANIPAT,MADLAUDA,Lohari (s),-,-,-,-,-,-,29.35833333,76.83888889,,01-11-2023 00:00,1.36
2332,2332,Lohari (s),CGWB,6,Haryana,71,PANIPAT,PANIPAT,MADLAUDA,Lohari (s),-,-,-,-,-,-,29.35833333,76.83888889,,01-01-2024 00:00,1.36
2333,2333,Lohar Majra-PZ,CGWB,6,Haryana,68,KURUKSHETRA,SHAHBAD,THANESAR,Lohar Majra,-,-,-,-,-,-,29.95277778,76.725,,20-05-2022 06:00,33.73
2334,2334,Loharu-pz,CGWB,6,Haryana,59,BHIWANI,LOHARU,LOHARU,Loharu,-,-,-,-,-,-,28.41666667,75.81666667,,20-05-2022 06:00,77
2335,2335,Loharwala D,CGWB,6,Haryana,701,Charkhi Dadri,DADRI,DADRI-I,Loharwala,-,-,-,-,-,-,28.6291,76.3596,213,20-08-2023 00:00,3
2336,2336,Loharwala D,CGWB,6,Haryana,701,Charkhi Dadri,DADRI,DADRI-I,Loharwala,-,-,-,-,-,-,28.6291,76.3596,213,01-11-2023 00:00,13.93
2337,2337,Loharwala-D,CGWB,6,Haryana,59,BHIWANI,-,-,-,-,-,-,-,-,-,28.629056,76.359556,,01-01-2023 00:00,4.4
2338,2338,Loharwala-M,CGWB,6,Haryana,59,BHIWANI,-,-,-,-,-,-,-,-,-,28.629056,76.359556,,01-01-2023 00:00,3.4
2339,2339,Loharwala-S,CGWB,6,Haryana,59,BHIWANI,-,-,-,-,-,-,-,-,-,28.629056,76.359556,,01-01-2023 00:00,3.5
2340,2340,Lohgarh,CGWB,6,Haryana,74,SIRSA,DABWALI,DABWALI,Lohgarh,-,-,-,-,-,-,29.83333333,74.51666667,,20-05-2022 06:00,8.5
2341,2341,Lokra-Pz,CGWB,6,Haryana,62,GURUGRAM,PATAUDI,PATAUDI,Lokra,-,-,-,-,-,-,28.27083333,76.75555556,,10-01-2021 00:00,39.67
2342,2342,Lokra-Pz,CGWB,6,Haryana,62,GURUGRAM,PATAUDI,PATAUDI,Lokra,-,-,-,-,-,-,28.27083333,76.75555556,,31-08-2021 06:00,42.05
2343,2343,Lokra-Pz,CGWB,6,Haryana,62,GURUGRAM,PATAUDI,PATAUDI,Lokra,-,-,-,-,-,-,28.27083333,76.75555556,,30-11-2021 06:00,38.05
2344,2344,Lokra-Pz,CGWB,6,Haryana,62,GURUGRAM,PATAUDI,PATAUDI,Lokra,-,-,-,-,-,-,28.27083333,76.75555556,,30-01-2022 07:00,36.75
2345,2345,Lokra-Pz,CGWB,6,Haryana,62,GURUGRAM,PATAUDI,PATAUDI,Lokra,-,-,-,-,-,-,28.27083333,76.75555556,,20-05-2022 06:00,36.3
2346,2346,Lokra-Pz,CGWB,6,Haryana,62,GURUGRAM,PATAUDI,PATAUDI,Lokra,-,-,-,-,-,-,28.27083333,76.75555556,,01-08-2022 06:00,39.1
2347,2347,Lokra-Pz,CGWB,6,Haryana,62,GURUGRAM,PATAUDI,PATAUDI,Lokra,-,-,-,-,-,-,28.27083333,76.75555556,,01-11-2022 06:00,37.65
2348,2348,Lokra-Pz,CGWB,6,Haryana,62,GURUGRAM,PATAUDI,PATAUDI,Lokra,-,-,-,-,-,-,28.27083333,76.75555556,,01-01-2023 00:00,37.4
2349,2349,Lokra-Pz,CGWB,6,Haryana,62,GURUGRAM,PATAUDI,PATAUDI,Lokra,-,-,-,-,-,-,28.27083333,76.75555556,,20-08-2023 00:00,39.4
2350,2350,Lokra-Pz,CGWB,6,Haryana,62,GURUGRAM,PATAUDI,PATAUDI,Lokra,-,-,-,-,-,-,28.27083333,76.75555556,,01-11-2023 00:00,39.4
2351,2351,Ludhana,CGWB,6,Haryana,65,JIND,SAFIDON,PILUKHERA,Ludhana,-,-,-,-,-,-,29.24027778,76.50972222,,20-05-2022 06:00,1.68
2352,2352,Lukhi-Pz,CGWB,6,Haryana,68,KURUKSHETRA,SHAHBAD,THANESAR,Lukhi,-,-,-,-,-,-,30.18222222,76.72916667,,20-05-2022 06:00,38.52
2353,2353,Machhri,CGWB,6,Haryana,75,SONIPAT,SONIPAT,SONEPAT,Machhri,-,-,-,-,-,-,29.05416667,76.85833333,,10-01-2021 00:00,4.56
2354,2354,Machhri,CGWB,6,Haryana,75,SONIPAT,SONIPAT,SONEPAT,Machhri,-,-,-,-,-,-,29.05416667,76.85833333,,31-08-2021 06:00,3.59
2355,2355,Machhri,CGWB,6,Haryana,75,SONIPAT,SONIPAT,SONEPAT,Machhri,-,-,-,-,-,-,29.05416667,76.85833333,,20-05-2022 06:00,5.95
2356,2356,Machiwali-DW,CGWB,6,Haryana,61,FATEHABAD,FATEHABAD,BHUNA,Machiwali,-,-,-,-,-,-,29.48194444,75.6675,,20-05-2022 06:00,5.38
2357,2357,Madina,CGWB,6,Haryana,73,ROHTAK,MAHAM,MEHAM,Madina,-,-,-,-,-,-,28.93833333,76.43333333,,20-05-2022 06:00,4.63
2358,2358,Mahara,CGWB,6,Haryana,75,SONIPAT,GOHANA,KATHURA,Mahara,-,-,-,-,-,-,29.09861111,76.68472222,,30-01-2022 07:00,9
2359,2359,Mahara,CGWB,6,Haryana,75,SONIPAT,GOHANA,KATHURA,Mahara,-,-,-,-,-,-,29.09861111,76.68472222,,20-05-2022 06:00,8
2360,2360,Mahara,CGWB,6,Haryana,75,SONIPAT,GOHANA,KATHURA,Mahara,-,-,-,-,-,-,29.09861111,76.68472222,,01-11-2022 06:00,9.76
2361,2361,Mahem,CGWB,6,Haryana,73,ROHTAK,MAHAM,MEHAM,Mahem,-,-,-,-,-,-,28.96333333,76.3,,10-01-2021 00:00,13.7
2362,2362,Mahem,CGWB,6,Haryana,73,ROHTAK,MAHAM,MEHAM,Mahem,-,-,-,-,-,-,28.96333333,76.3,,31-08-2021 06:00,13.88
2363,2363,Mahem,CGWB,6,Haryana,73,ROHTAK,MAHAM,MEHAM,Mahem,-,-,-,-,-,-,28.96333333,76.3,,30-01-2022 07:00,10.65
2364,2364,Mahem,CGWB,6,Haryana,73,ROHTAK,MAHAM,MEHAM,Mahem,-,-,-,-,-,-,28.96333333,76.3,,01-08-2022 06:00,9.75
2365,2365,Mahem,CGWB,6,Haryana,73,ROHTAK,MAHAM,MEHAM,Mahem,-,-,-,-,-,-,28.96333333,76.3,,01-10-2022 00:00,9.35
2366,2366,Mahem,CGWB,6,Haryana,73,ROHTAK,MAHAM,MEHAM,Mahem,-,-,-,-,-,-,28.96333333,76.3,,01-11-2022 06:00,8.69
2367,2367,Mahem,CGWB,6,Haryana,73,ROHTAK,MAHAM,MEHAM,Mahem,-,-,-,-,-,-,28.96333333,76.3,,01-11-2023 00:00,9.89
2368,2368,Mahem,CGWB,6,Haryana,73,ROHTAK,MAHAM,MEHAM,Mahem,-,-,-,-,-,-,28.96333333,76.3,,01-01-2024 00:00,9.68
2369,2369,Majra Deswal,CGWB,6,Haryana,64,JHAJJAR,BERI,BERI,Majra Deswal,-,-,-,-,-,-,28.66944444,76.47083333,,10-01-2021 00:00,0.96
2370,2370,Majra Deswal,CGWB,6,Haryana,64,JHAJJAR,BERI,BERI,Majra Deswal,-,-,-,-,-,-,28.66944444,76.47083333,,20-05-2022 06:00,2.7
2371,2371,Majra Dubaldhan,CGWB,6,Haryana,64,JHAJJAR,BERI,BERI,Beri,-,-,-,-,-,-,28.6725,76.4635,220,20-08-2023 00:00,0.23
2372,2372,Majra Dubaldhan,CGWB,6,Haryana,64,JHAJJAR,BERI,BERI,Beri,-,-,-,-,-,-,28.6725,76.4635,220,01-11-2023 00:00,1
2373,2373,Majra Dubaldhan,CGWB,6,Haryana,64,JHAJJAR,BERI,BERI,Beri,-,-,-,-,-,-,28.6725,76.4635,220,01-01-2024 00:00,0.78
2374,2374,Majraroran,CGWB,6,Haryana,67,KARNAL,KARNAL,NISSANG,Majraroran,-,-,-,-,-,-,29.7875,76.72916667,,30-01-2022 07:00,31.03
2375,2375,Majraroran,CGWB,6,Haryana,67,KARNAL,KARNAL,NISSANG,Majraroran,-,-,-,-,-,-,29.7875,76.72916667,,01-01-2023 00:00,31.18
2376,2376,Majra Roran,CGWB,6,Haryana,67,KARNAL,KARNAL,NISSANG,Majra Roran,-,-,-,-,-,-,29.7875,76.72916667,,10-01-2021 00:00,28.69
2377,2377,Majra Roran,CGWB,6,Haryana,67,KARNAL,KARNAL,NISSANG,Majra Roran,-,-,-,-,-,-,29.7875,76.72916667,,31-08-2021 06:00,31.82
2378,2378,Majra Roran,CGWB,6,Haryana,67,KARNAL,KARNAL,NISSANG,Majra Roran,-,-,-,-,-,-,29.7875,76.72916667,,30-11-2021 06:00,31.1
2379,2379,Majra Roran,CGWB,6,Haryana,67,KARNAL,KARNAL,NISSANG,Majra Roran,-,-,-,-,-,-,29.7875,76.72916667,,20-05-2022 06:00,30.18
2380,2380,Majra Roran,CGWB,6,Haryana,67,KARNAL,KARNAL,NISSANG,Majra Roran,-,-,-,-,-,-,29.7875,76.72916667,,01-08-2022 06:00,31.45
2381,2381,Majra Roran,CGWB,6,Haryana,67,KARNAL,KARNAL,NISSANG,Majra Roran,-,-,-,-,-,-,29.7875,76.72916667,,01-11-2022 06:00,32.17
2382,2382,Majra Roran,CGWB,6,Haryana,67,KARNAL,KARNAL,NISSANG,Majra Roran,-,-,-,-,-,-,29.7875,76.72916667,,20-08-2023 00:00,32.1
2383,2383,Majra Roran,CGWB,6,Haryana,67,KARNAL,KARNAL,NISSANG,Majra Roran,-,-,-,-,-,-,29.7875,76.72916667,,01-11-2023 00:00,32.02
2384,2384,Majri-Pz-D,CGWB,6,Haryana,66,KAITHAL,GULHA,GULHA,Majri,-,-,-,-,-,-,29.985,76.23833333,,10-01-2021 00:00,52.25
2385,2385,Majri-Pz-D,CGWB,6,Haryana,66,KAITHAL,GULHA,GULHA,Majri,-,-,-,-,-,-,29.985,76.23833333,,30-11-2021 06:00,53.52
2386,2386,Majri-Pz-D,CGWB,6,Haryana,66,KAITHAL,GULHA,GULHA,Majri,-,-,-,-,-,-,29.985,76.23833333,,30-01-2022 07:00,51.1
2387,2387,Majri-Pz-D,CGWB,6,Haryana,66,KAITHAL,GULHA,GULHA,Majri,-,-,-,-,-,-,29.985,76.23833333,,20-05-2022 06:00,52.3
2388,2388,Majri-Pz-D,CGWB,6,Haryana,66,KAITHAL,GULHA,GULHA,Majri,-,-,-,-,-,-,29.985,76.23833333,,01-08-2022 06:00,57.37
2389,2389,Majri-Pz-D,CGWB,6,Haryana,66,KAITHAL,GULHA,GULHA,Majri,-,-,-,-,-,-,29.985,76.23833333,,01-11-2022 06:00,52.64
2390,2390,Majri-Pz-D,CGWB,6,Haryana,66,KAITHAL,GULHA,GULHA,Majri,-,-,-,-,-,-,29.985,76.23833333,,01-01-2023 00:00,52.87
2391,2391,Majri-Pz-D,CGWB,6,Haryana,66,KAITHAL,GULHA,GULHA,Majri,-,-,-,-,-,-,29.985,76.23833333,,01-06-2023 00:00,56.15
2392,2392,Majri-Pz-D,CGWB,6,Haryana,66,KAITHAL,GULHA,GULHA,Majri,-,-,-,-,-,-,29.985,76.23833333,,20-08-2023 00:00,57.08
2393,2393,Majri-Pz-D,CGWB,6,Haryana,66,KAITHAL,GULHA,GULHA,Majri,-,-,-,-,-,-,29.985,76.23833333,,01-11-2023 00:00,0.34
2394,2394,Makhala,CGWB,6,Haryana,67,KARNAL,INDRI,INDRI,Makhala,-,-,-,-,-,-,29.93333333,77.15416667,,10-01-2021 00:00,6
2395,2395,Makhrauli Khurd,CGWB,6,Haryana,73,ROHTAK,ROHTAK,ROHTAK,Makhrauli Khurd,-,-,-,-,-,-,28.93333333,76.64166667,,20-05-2022 06:00,2.28
2396,2396,Makhu Shorani,CGWB,6,Haryana,74,SIRSA,SIRSA,NATHUSARI CHOPRA,Makhu Shorani,-,-,-,-,-,-,29.38,75.16861111,,20-05-2022 06:00,2.95
2397,2397,Malab,CGWB,6,Haryana,604,Nuh,NUH,NUH,Malab,-,-,-,-,-,-,28.04166667,77.01111111,,10-01-2021 00:00,4.32
2398,2398,Malab,CGWB,6,Haryana,604,Nuh,NUH,NUH,Malab,-,-,-,-,-,-,28.04166667,77.01111111,,31-08-2021 06:00,4.7
2399,2399,Malab,CGWB,6,Haryana,604,Nuh,NUH,NUH,Malab,-,-,-,-,-,-,28.04166667,77.01111111,,30-11-2021 06:00,3.73
2400,2400,Malab,CGWB,6,Haryana,604,Nuh,NUH,NUH,Malab,-,-,-,-,-,-,28.04166667,77.01111111,,30-01-2022 07:00,5.03
2401,2401,Malab,CGWB,6,Haryana,604,Nuh,NUH,NUH,Malab,-,-,-,-,-,-,28.04166667,77.01111111,,20-05-2022 06:00,3.63
2402,2402,Malab,CGWB,6,Haryana,604,Nuh,NUH,NUH,Malab,-,-,-,-,-,-,28.04166667,77.01111111,,01-08-2022 06:00,4.03
2403,2403,Malab,CGWB,6,Haryana,604,Nuh,NUH,NUH,Malab,-,-,-,-,-,-,28.04166667,77.01111111,,01-11-2022 06:00,2.87
2404,2404,Malab,CGWB,6,Haryana,604,Nuh,NUH,NUH,Malab,-,-,-,-,-,-,28.04166667,77.01111111,,01-01-2024 00:00,3.23
2405,2405,Malikpur(shallow),CGWB,6,Haryana,68,KURUKSHETRA,PEHOWA,PEHOWA,Malikpur(shallow),-,-,-,-,-,-,30.04583333,76.63333333,,20-05-2022 06:00,45.35
2406,2406,Mammer Khera-Pz,CGWB,6,Haryana,74,SIRSA,RANIA,RANIA,Mammer Khera,-,-,-,-,-,-,29.67222222,74.65694444,,10-01-2021 00:00,20.56
2407,2407,Mammer Khera-Pz,CGWB,6,Haryana,74,SIRSA,RANIA,RANIA,Mammer Khera,-,-,-,-,-,-,29.67222222,74.65694444,,31-08-2021 06:00,20.91
2408,2408,Mammer Khera-Pz,CGWB,6,Haryana,74,SIRSA,RANIA,RANIA,Mammer Khera,-,-,-,-,-,-,29.67222222,74.65694444,,30-11-2021 06:00,20.73
2409,2409,Mammer Khera-Pz,CGWB,6,Haryana,74,SIRSA,RANIA,RANIA,Mammer Khera,-,-,-,-,-,-,29.67222222,74.65694444,,30-01-2022 07:00,20.78
2410,2410,Mammer Khera-Pz,CGWB,6,Haryana,74,SIRSA,RANIA,RANIA,Mammer Khera,-,-,-,-,-,-,29.67222222,74.65694444,,20-05-2022 06:00,20.5
2411,2411,Mammer Khera-Pz,CGWB,6,Haryana,74,SIRSA,RANIA,RANIA,Mammer Khera,-,-,-,-,-,-,29.67222222,74.65694444,,01-08-2022 06:00,21.35
2412,2412,Mammer Khera-Pz,CGWB,6,Haryana,74,SIRSA,RANIA,RANIA,Mammer Khera,-,-,-,-,-,-,29.67222222,74.65694444,,01-11-2022 06:00,21.6
2413,2413,Mammer Khera-Pz,CGWB,6,Haryana,74,SIRSA,RANIA,RANIA,Mammer Khera,-,-,-,-,-,-,29.67222222,74.65694444,,01-01-2023 00:00,21.7
2414,2414,Mammer Khera-Pz,CGWB,6,Haryana,74,SIRSA,RANIA,RANIA,Mammer Khera,-,-,-,-,-,-,29.67222222,74.65694444,,01-06-2023 00:00,21.55
2415,2415,Mammer Khera-Pz,CGWB,6,Haryana,74,SIRSA,RANIA,RANIA,Mammer Khera,-,-,-,-,-,-,29.67222222,74.65694444,,20-08-2023 00:00,21.78
2416,2416,Mammer Khera-Pz,CGWB,6,Haryana,74,SIRSA,RANIA,RANIA,Mammer Khera,-,-,-,-,-,-,29.67222222,74.65694444,,01-11-2023 00:00,21.73
2417,2417,Mammer Khera-Pz,CGWB,6,Haryana,74,SIRSA,RANIA,RANIA,Mammer Khera,-,-,-,-,-,-,29.67222222,74.65694444,,01-01-2024 00:00,21.76
2418,2418,Manak Majra-Pz,CGWB,6,Haryana,67,KARNAL,NILOKHERI,NILOKHERI,Manak Majra,-,-,-,-,-,-,29.86583333,76.91111111,,20-05-2022 06:00,27.83
2419,2419,Manaspatti-Pz,CGWB,6,Haryana,66,KAITHAL,KAITHAL,KAITHAL,Manaspatti,-,-,-,-,-,-,29.82916667,76.32916667,,10-01-2021 00:00,41.89
2420,2420,Manauli-Pz,CGWB,6,Haryana,75,SONIPAT,SONIPAT,RAI,Manauli,-,-,-,-,-,-,28.90833333,77.18055556,,31-08-2021 06:00,9.85
2421,2421,Mandi Kalan-DW,CGWB,6,Haryana,65,JIND,NARWANA,UCHANA,Mandi Kalan,-,-,-,-,-,-,29.57333333,76.31388889,,20-05-2022 06:00,17.63
2422,2422,Mandkola,CGWB,6,Haryana,619,Palwal,HATHIN,HATHIN,Mandkola,-,-,-,-,-,-,28.14916667,77.18527778,,20-05-2022 06:00,2.4
2423,2423,Mandola,CGWB,6,Haryana,701,Charkhi Dadri,DADRI,DADRI-II,Mandola,-,-,-,-,-,-,28.525,76.22083333,,20-05-2022 06:00,10.69
2424,2424,Mandola-Pz,CGWB,6,Haryana,72,REWARI,REWARI,KHOL,Mandola,-,-,-,-,-,-,28.22777778,76.35555556,,10-01-2021 00:00,75.3
2425,2425,Mandola-Pz,CGWB,6,Haryana,72,REWARI,REWARI,KHOL,Mandola,-,-,-,-,-,-,28.22777778,76.35555556,,30-11-2021 06:00,76.5
2426,2426,Mandola-Pz,CGWB,6,Haryana,72,REWARI,REWARI,KHOL,Mandola,-,-,-,-,-,-,28.22777778,76.35555556,,30-01-2022 07:00,72.6
2427,2427,Mandola-Pz,CGWB,6,Haryana,72,REWARI,REWARI,KHOL,Mandola,-,-,-,-,-,-,28.22777778,76.35555556,,20-05-2022 06:00,72.6
2428,2428,Mandola-Pz,CGWB,6,Haryana,72,REWARI,REWARI,KHOL,Mandola,-,-,-,-,-,-,28.22777778,76.35555556,,01-11-2022 06:00,77.95
2429,2429,Mandola-Pz,CGWB,6,Haryana,72,REWARI,REWARI,KHOL,Mandola,-,-,-,-,-,-,28.22777778,76.35555556,,01-06-2023 00:00,78.9
2430,2430,Mandola-Pz,CGWB,6,Haryana,72,REWARI,REWARI,KHOL,Mandola,-,-,-,-,-,-,28.22777778,76.35555556,,01-01-2024 00:00,79.46
2431,2431,Mandoli Gaggar OW,CGWB,6,Haryana,76,YAMUNANAGAR,CHACHHRAULI,CHACHHRAULI,Chachrauli,-,-,-,-,-,-,30.1578,77.4138,276,20-08-2023 00:00,2.68
2432,2432,Mandoli Gaggar OW,CGWB,6,Haryana,76,YAMUNANAGAR,CHACHHRAULI,CHACHHRAULI,Chachrauli,-,-,-,-,-,-,30.1578,77.4138,276,01-11-2023 00:00,3.47
2433,2433,Mandoli Gaggar OW,CGWB,6,Haryana,76,YAMUNANAGAR,CHACHHRAULI,CHACHHRAULI,Chachrauli,-,-,-,-,-,-,30.1578,77.4138,276,01-01-2024 00:00,3.75
2434,2434,Manesar-Pz,CGWB,6,Haryana,62,GURUGRAM,SOHANA,GURGAON,Manesar,-,-,-,-,-,-,28.3525,76.95472222,,31-08-2021 06:00,38.93
2435,2435,Manesar-Pz,CGWB,6,Haryana,62,GURUGRAM,SOHANA,GURGAON,Manesar,-,-,-,-,-,-,28.3525,76.95472222,,30-11-2021 06:00,36.66
2436,2436,Manesar-Pz,CGWB,6,Haryana,62,GURUGRAM,SOHANA,GURGAON,Manesar,-,-,-,-,-,-,28.3525,76.95472222,,30-01-2022 07:00,37.25
2437,2437,Manesar-Pz,CGWB,6,Haryana,62,GURUGRAM,SOHANA,GURGAON,Manesar,-,-,-,-,-,-,28.3525,76.95472222,,20-05-2022 06:00,38.7
2438,2438,Manesar-Pz,CGWB,6,Haryana,62,GURUGRAM,SOHANA,GURGAON,Manesar,-,-,-,-,-,-,28.3525,76.95472222,,01-08-2022 06:00,33.7
2439,2439,Manesar-Pz,CGWB,6,Haryana,62,GURUGRAM,SOHANA,GURGAON,Manesar,-,-,-,-,-,-,28.3525,76.95472222,,01-11-2022 06:00,38.95
2440,2440,Manesar-Pz,CGWB,6,Haryana,62,GURUGRAM,SOHANA,GURGAON,Manesar,-,-,-,-,-,-,28.3525,76.95472222,,01-01-2023 00:00,40.37
2441,2441,Manesar-Pz,CGWB,6,Haryana,62,GURUGRAM,SOHANA,GURGAON,Manesar,-,-,-,-,-,-,28.3525,76.95472222,,20-08-2023 00:00,39.64
2442,2442,Manesar-Pz,CGWB,6,Haryana,62,GURUGRAM,SOHANA,GURGAON,Manesar,-,-,-,-,-,-,28.3525,76.95472222,,01-11-2023 00:00,5.44
2443,2443,Manesar-Pz,CGWB,6,Haryana,62,GURUGRAM,SOHANA,GURGAON,Manesar,-,-,-,-,-,-,28.3525,76.95472222,,01-01-2024 00:00,44.55
2444,2444,Mangali-Pz,CGWB,6,Haryana,63,HISAR,HISSAR,HISAR - I,Mangali,-,-,-,-,-,-,29.04166667,75.72222222,,10-01-2021 00:00,5.15
2445,2445,Mangali-Pz,CGWB,6,Haryana,63,HISAR,HISSAR,HISAR - I,Mangali,-,-,-,-,-,-,29.04166667,75.72222222,,31-08-2021 06:00,6.21
2446,2446,Mangali-Pz,CGWB,6,Haryana,63,HISAR,HISSAR,HISAR - I,Mangali,-,-,-,-,-,-,29.04166667,75.72222222,,30-11-2021 06:00,4.69
2447,2447,Mangali-Pz,CGWB,6,Haryana,63,HISAR,HISSAR,HISAR - I,Mangali,-,-,-,-,-,-,29.04166667,75.72222222,,30-01-2022 07:00,4.7
2448,2448,Mangali-Pz,CGWB,6,Haryana,63,HISAR,HISSAR,HISAR - I,Mangali,-,-,-,-,-,-,29.04166667,75.72222222,,20-05-2022 06:00,5.9
2449,2449,Mangali-Pz,CGWB,6,Haryana,63,HISAR,HISSAR,HISAR - I,Mangali,-,-,-,-,-,-,29.04166667,75.72222222,,01-11-2022 06:00,4.24
2450,2450,Mangali-Pz,CGWB,6,Haryana,63,HISAR,HISSAR,HISAR - I,Mangali,-,-,-,-,-,-,29.04166667,75.72222222,,01-06-2023 00:00,4.31
2451,2451,Mangali-Pz,CGWB,6,Haryana,63,HISAR,HISSAR,HISAR - I,Mangali,-,-,-,-,-,-,29.04166667,75.72222222,,20-08-2023 00:00,3.77
2452,2452,Mangali-Pz,CGWB,6,Haryana,63,HISAR,HISSAR,HISAR - I,Mangali,-,-,-,-,-,-,29.04166667,75.72222222,,01-11-2023 00:00,3.75
2453,2453,Mangana-PZ,CGWB,6,Haryana,68,KURUKSHETRA,PEHOWA,PEHOWA,Mangana,-,-,-,-,-,-,29.95583333,76.4925,,20-05-2022 06:00,39.72
2454,2454,Mangoli Jattan-PZ,CGWB,6,Haryana,68,KURUKSHETRA,SHAHBAD,BABAIN,Mangoli Jattan,-,-,-,-,-,-,30.12805556,77.03777778,,20-05-2022 06:00,39.75
2455,2455,Manhairu,CGWB,6,Haryana,59,BHIWANI,BHIWANI,BHIWANI,Manhairu,-,-,-,-,-,-,28.70277778,76.21666667,,10-01-2021 00:00,6.57
2456,2456,Manhairu,CGWB,6,Haryana,59,BHIWANI,BHIWANI,BHIWANI,Manhairu,-,-,-,-,-,-,28.70277778,76.21666667,,31-08-2021 06:00,7.18
2457,2457,Manhairu,CGWB,6,Haryana,59,BHIWANI,BHIWANI,BHIWANI,Manhairu,-,-,-,-,-,-,28.70277778,76.21666667,,30-11-2021 06:00,6.3
2458,2458,Manhairu,CGWB,6,Haryana,59,BHIWANI,BHIWANI,BHIWANI,Manhairu,-,-,-,-,-,-,28.70277778,76.21666667,,30-01-2022 07:00,5.55
2459,2459,Manhairu,CGWB,6,Haryana,59,BHIWANI,BHIWANI,BHIWANI,Manhairu,-,-,-,-,-,-,28.70277778,76.21666667,,20-05-2022 06:00,7.1
2460,2460,Manhairu,CGWB,6,Haryana,59,BHIWANI,BHIWANI,BHIWANI,Manhairu,-,-,-,-,-,-,28.70277778,76.21666667,,01-08-2022 06:00,5.2
2461,2461,Manhairu,CGWB,6,Haryana,59,BHIWANI,BHIWANI,BHIWANI,Manhairu,-,-,-,-,-,-,28.70277778,76.21666667,,01-11-2022 06:00,2.22
2462,2462,Manhairu,CGWB,6,Haryana,59,BHIWANI,BHIWANI,BHIWANI,Manhairu,-,-,-,-,-,-,28.70277778,76.21666667,,01-01-2023 00:00,5.37
2463,2463,Manhairu,CGWB,6,Haryana,59,BHIWANI,BHIWANI,BHIWANI,Manhairu,-,-,-,-,-,-,28.70277778,76.21666667,,01-06-2023 00:00,5.63
2464,2464,Manhairu,CGWB,6,Haryana,59,BHIWANI,BHIWANI,BHIWANI,Manhairu,-,-,-,-,-,-,28.70277778,76.21666667,,20-08-2023 00:00,4.96
2465,2465,Manhairu,CGWB,6,Haryana,59,BHIWANI,BHIWANI,BHIWANI,Manhairu,-,-,-,-,-,-,28.70277778,76.21666667,,01-11-2023 00:00,5.16
2466,2466,Manhairu,CGWB,6,Haryana,59,BHIWANI,BHIWANI,BHIWANI,Manhairu,-,-,-,-,-,-,28.70277778,76.21666667,,01-01-2024 00:00,5.72
2467,2467,Manjhawali-DW,CGWB,6,Haryana,60,FARIDABAD,BALLABGARH,BALLABGARH,Manjhawali,-,-,-,-,-,-,28.36944444,77.4775,,20-05-2022 06:00,16.15
2468,2468,Manjiyana,CGWB,6,Haryana,74,SIRSA,DABWALI,DABWALI,Manjiyana,-,-,-,-,-,-,29.92083333,74.80416667,,10-01-2021 00:00,16.84
2469,2469,Manjiyana,CGWB,6,Haryana,74,SIRSA,DABWALI,DABWALI,Manjiyana,-,-,-,-,-,-,29.92083333,74.80416667,,30-11-2021 06:00,17
2470,2470,Manjiyana,CGWB,6,Haryana,74,SIRSA,DABWALI,DABWALI,Manjiyana,-,-,-,-,-,-,29.92083333,74.80416667,,30-01-2022 07:00,17.18
2471,2471,Manjiyana,CGWB,6,Haryana,74,SIRSA,DABWALI,DABWALI,Manjiyana,-,-,-,-,-,-,29.92083333,74.80416667,,01-08-2022 06:00,17.69
2472,2472,Manjiyana,CGWB,6,Haryana,74,SIRSA,DABWALI,DABWALI,Manjiyana,-,-,-,-,-,-,29.92083333,74.80416667,,01-11-2022 06:00,18.09
2473,2473,Manjiyana,CGWB,6,Haryana,74,SIRSA,DABWALI,DABWALI,Manjiyana,-,-,-,-,-,-,29.92083333,74.80416667,,01-01-2023 00:00,17.78
2474,2474,Maranwala,CGWB,6,Haryana,70,PANCHKULA,KALKA,PINJORE,Maranwala,-,-,-,-,-,-,30.89138889,76.82888889,,20-05-2022 06:00,20.75
2475,2475,Masana Jattan-Pz,CGWB,6,Haryana,76,YAMUNANAGAR,JAGADHRI,RADAUR,Masana Jattan-Pz,-,-,-,-,-,-,30.13194444,77.12388889,,10-01-2021 00:00,28.9
2476,2476,Masana Jattan-Pz,CGWB,6,Haryana,76,YAMUNANAGAR,JAGADHRI,RADAUR,Masana Jattan-Pz,-,-,-,-,-,-,30.13194444,77.12388889,,31-08-2021 06:00,33.4
2477,2477,Masana Jattan-Pz,CGWB,6,Haryana,76,YAMUNANAGAR,JAGADHRI,RADAUR,Masana Jattan-Pz,-,-,-,-,-,-,30.13194444,77.12388889,,30-11-2021 06:00,30.1
2478,2478,Masana Jattan-Pz,CGWB,6,Haryana,76,YAMUNANAGAR,JAGADHRI,RADAUR,Masana Jattan-Pz,-,-,-,-,-,-,30.13194444,77.12388889,,30-01-2022 07:00,29.9
2479,2479,Masana Jattan-Pz,CGWB,6,Haryana,76,YAMUNANAGAR,JAGADHRI,RADAUR,Masana Jattan-Pz,-,-,-,-,-,-,30.13194444,77.12388889,,20-05-2022 06:00,29.48
2480,2480,Masana Jattan-Pz,CGWB,6,Haryana,76,YAMUNANAGAR,JAGADHRI,RADAUR,Masana Jattan-Pz,-,-,-,-,-,-,30.13194444,77.12388889,,01-08-2022 06:00,33.26
2481,2481,Masana Jattan-Pz,CGWB,6,Haryana,76,YAMUNANAGAR,JAGADHRI,RADAUR,Masana Jattan-Pz,-,-,-,-,-,-,30.13194444,77.12388889,,01-11-2022 06:00,31.4
2482,2482,Masana Jattan-Pz,CGWB,6,Haryana,76,YAMUNANAGAR,JAGADHRI,RADAUR,Masana Jattan-Pz,-,-,-,-,-,-,30.13194444,77.12388889,,01-01-2023 00:00,30.05
2483,2483,Masana Jattan-Pz,CGWB,6,Haryana,76,YAMUNANAGAR,JAGADHRI,RADAUR,Masana Jattan-Pz,-,-,-,-,-,-,30.13194444,77.12388889,,01-06-2023 00:00,29.72
2484,2484,Masana Jattan-Pz,CGWB,6,Haryana,76,YAMUNANAGAR,JAGADHRI,RADAUR,Masana Jattan-Pz,-,-,-,-,-,-,30.13194444,77.12388889,,20-08-2023 00:00,30.4
2485,2485,Masana Jattan-Pz,CGWB,6,Haryana,76,YAMUNANAGAR,JAGADHRI,RADAUR,Masana Jattan-Pz,-,-,-,-,-,-,30.13194444,77.12388889,,01-11-2023 00:00,29.75
2486,2486,Massani,CGWB,6,Haryana,72,REWARI,REWARI,REWARI,Massani,-,-,-,-,-,-,28.20555556,76.66666667,,10-01-2021 00:00,24.21
2487,2487,Massani,CGWB,6,Haryana,72,REWARI,REWARI,REWARI,Massani,-,-,-,-,-,-,28.20555556,76.66666667,,31-08-2021 06:00,23.3
2488,2488,Massani,CGWB,6,Haryana,72,REWARI,REWARI,REWARI,Massani,-,-,-,-,-,-,28.20555556,76.66666667,,30-11-2021 06:00,21.8
2489,2489,Massani,CGWB,6,Haryana,72,REWARI,REWARI,REWARI,Massani,-,-,-,-,-,-,28.20555556,76.66666667,,30-01-2022 07:00,22.45
2490,2490,Massani,CGWB,6,Haryana,72,REWARI,REWARI,REWARI,Massani,-,-,-,-,-,-,28.20555556,76.66666667,,01-08-2022 06:00,21.1
2491,2491,Massani,CGWB,6,Haryana,72,REWARI,REWARI,REWARI,Massani,-,-,-,-,-,-,28.20555556,76.66666667,,01-11-2022 06:00,21
2492,2492,Massani,CGWB,6,Haryana,72,REWARI,REWARI,REWARI,Massani,-,-,-,-,-,-,28.20555556,76.66666667,,01-01-2023 00:00,21.38
2493,2493,Massani,CGWB,6,Haryana,72,REWARI,REWARI,REWARI,Massani,-,-,-,-,-,-,28.20555556,76.66666667,,01-06-2023 00:00,20.21
2494,2494,Massani,CGWB,6,Haryana,72,REWARI,REWARI,REWARI,Massani,-,-,-,-,-,-,28.20555556,76.66666667,,20-08-2023 00:00,19.6
2495,2495,Massani,CGWB,6,Haryana,72,REWARI,REWARI,REWARI,Massani,-,-,-,-,-,-,28.20555556,76.66666667,,01-11-2023 00:00,19.16
2496,2496,Mastian,CGWB,6,Haryana,74,SIRSA,DABWALI,DABWALI,Mastian,-,-,-,-,-,-,29.88611111,74.72,,10-01-2021 00:00,17.01
2497,2497,Mastian,CGWB,6,Haryana,74,SIRSA,DABWALI,DABWALI,Mastian,-,-,-,-,-,-,29.88611111,74.72,,30-01-2022 07:00,15.25
2498,2498,Mastian,CGWB,6,Haryana,74,SIRSA,DABWALI,DABWALI,Mastian,-,-,-,-,-,-,29.88611111,74.72,,20-05-2022 06:00,18.5
2499,2499,Mastian,CGWB,6,Haryana,74,SIRSA,DABWALI,DABWALI,Mastian,-,-,-,-,-,-,29.88611111,74.72,,01-11-2022 06:00,15.51
2500,2500,Mastian,CGWB,6,Haryana,74,SIRSA,DABWALI,DABWALI,Mastian,-,-,-,-,-,-,29.88611111,74.72,,01-01-2023 00:00,15.4
2501,2501,Mastian,CGWB,6,Haryana,74,SIRSA,DABWALI,DABWALI,Mastian,-,-,-,-,-,-,29.88611111,74.72,,01-06-2023 00:00,15.7
2502,2502,Mastian,CGWB,6,Haryana,74,SIRSA,DABWALI,DABWALI,Mastian,-,-,-,-,-,-,29.88611111,74.72,,01-01-2024 00:00,15.59
2503,2503,Matanhail-Pz,CGWB,6,Haryana,64,JHAJJAR,JHAJJAR,MATANHAIL,Matanhail,-,-,-,-,-,-,28.57,76.84222222,,20-05-2022 06:00,1.6
2504,2504,Mataur,CGWB,6,Haryana,66,KAITHAL,KAITHAL,KALAYAT,Mataur,-,-,-,-,-,-,29.60833333,76.25833333,,10-01-2021 00:00,7.2
2505,2505,Mataur,CGWB,6,Haryana,66,KAITHAL,KAITHAL,KALAYAT,Mataur,-,-,-,-,-,-,29.60833333,76.25833333,,31-08-2021 06:00,9.31
2506,2506,Mataur,CGWB,6,Haryana,66,KAITHAL,KAITHAL,KALAYAT,Mataur,-,-,-,-,-,-,29.60833333,76.25833333,,30-11-2021 06:00,5.71
2507,2507,Mataur,CGWB,6,Haryana,66,KAITHAL,KAITHAL,KALAYAT,Mataur,-,-,-,-,-,-,29.60833333,76.25833333,,30-01-2022 07:00,5.88
2508,2508,Mataur,CGWB,6,Haryana,66,KAITHAL,KAITHAL,KALAYAT,Mataur,-,-,-,-,-,-,29.60833333,76.25833333,,20-05-2022 06:00,9.2
2509,2509,Mataur,CGWB,6,Haryana,66,KAITHAL,KAITHAL,KALAYAT,Mataur,-,-,-,-,-,-,29.60833333,76.25833333,,01-08-2022 06:00,5.19
2510,2510,Mataur,CGWB,6,Haryana,66,KAITHAL,KAITHAL,KALAYAT,Mataur,-,-,-,-,-,-,29.60833333,76.25833333,,01-11-2022 06:00,2.66
2511,2511,Mataur,CGWB,6,Haryana,66,KAITHAL,KAITHAL,KALAYAT,Mataur,-,-,-,-,-,-,29.60833333,76.25833333,,01-01-2023 00:00,6.65
2512,2512,Mataur,CGWB,6,Haryana,66,KAITHAL,KAITHAL,KALAYAT,Mataur,-,-,-,-,-,-,29.60833333,76.25833333,,01-06-2023 00:00,5.61
2513,2513,Mataur,CGWB,6,Haryana,66,KAITHAL,KAITHAL,KALAYAT,Mataur,-,-,-,-,-,-,29.60833333,76.25833333,,20-08-2023 00:00,6.16
2514,2514,Mataur,CGWB,6,Haryana,66,KAITHAL,KAITHAL,KALAYAT,Mataur,-,-,-,-,-,-,29.60833333,76.25833333,,01-11-2023 00:00,8.14
2515,2515,Mathana,CGWB,6,Haryana,68,KURUKSHETRA,SHAHBAD,THANESAR,Mathana,-,-,-,-,-,-,29.975,76.95833333,,01-01-2023 00:00,37.85
2516,2516,Mathana 1(m),CGWB,6,Haryana,68,KURUKSHETRA,SHAHBAD,THANESAR,Mathana 1(m),-,-,-,-,-,-,29.98333333,76.96666667,,20-08-2023 00:00,45.72
2517,2517,Mathana 1(m),CGWB,6,Haryana,68,KURUKSHETRA,SHAHBAD,THANESAR,Mathana 1(m),-,-,-,-,-,-,29.98333333,76.96666667,,01-11-2023 00:00,37.9
2518,2518,Mathana 1(m),CGWB,6,Haryana,68,KURUKSHETRA,SHAHBAD,THANESAR,Mathana 1(m),-,-,-,-,-,-,29.98333333,76.96666667,,01-01-2024 00:00,38.53
2519,2519,Mathana 2(d),CGWB,6,Haryana,68,KURUKSHETRA,SHAHBAD,THANESAR,Mathana 2(d),-,-,-,-,-,-,29.98333333,76.96666667,,10-01-2021 00:00,35.72
2520,2520,Mathana 2(d),CGWB,6,Haryana,68,KURUKSHETRA,SHAHBAD,THANESAR,Mathana 2(d),-,-,-,-,-,-,29.98333333,76.96666667,,30-11-2021 06:00,38.55
2521,2521,Mathana 2(d),CGWB,6,Haryana,68,KURUKSHETRA,SHAHBAD,THANESAR,Mathana 2(d),-,-,-,-,-,-,29.98333333,76.96666667,,30-01-2022 07:00,36.6
2522,2522,Mathana 2(d),CGWB,6,Haryana,68,KURUKSHETRA,SHAHBAD,THANESAR,Mathana 2(d),-,-,-,-,-,-,29.98333333,76.96666667,,20-05-2022 06:00,38.87
2523,2523,Mathana 2(d),CGWB,6,Haryana,68,KURUKSHETRA,SHAHBAD,THANESAR,Mathana 2(d),-,-,-,-,-,-,29.98333333,76.96666667,,01-08-2022 06:00,40.74
2524,2524,Mathana 2(d),CGWB,6,Haryana,68,KURUKSHETRA,SHAHBAD,THANESAR,Mathana 2(d),-,-,-,-,-,-,29.98333333,76.96666667,,01-11-2022 06:00,39.68
2525,2525,Mattand-DW,CGWB,6,Haryana,75,SONIPAT,GOHANA,MUNDLANA,Mattand,-,-,-,-,-,-,29.25444444,76.70083333,,20-05-2022 06:00,5.61
2526,2526,Mauhala,CGWB,6,Haryana,59,BHIWANI,SIWANI,SIWANI,Mauhala,-,-,-,-,-,-,28.84722222,75.62277778,,20-05-2022 06:00,12.1
2527,2527,Mauhala,CGWB,6,Haryana,59,BHIWANI,SIWANI,SIWANI,Mauhala,-,-,-,-,-,-,28.84722222,75.62277778,,01-08-2022 06:00,18.74
2528,2528,Mauli-DW,CGWB,6,Haryana,70,PANCHKULA,PANCHKULA,RAIPUR RANI,Mauli,-,-,-,-,-,-,30.52861111,76.97666667,,20-05-2022 06:00,27.1
2529,2529,Mauli-DW,CGWB,6,Haryana,70,PANCHKULA,PANCHKULA,RAIPUR RANI,Mauli,-,-,-,-,-,-,30.52861111,76.97666667,,01-11-2022 06:00,24.9
2530,2530,Meham,CGWB,6,Haryana,73,ROHTAK,MAHAM,MEHAM,Meham,-,-,-,-,-,-,28.96388889,76.29166667,,20-05-2022 06:00,16.5
2531,2531,Meham,CGWB,6,Haryana,73,ROHTAK,MAHAM,MEHAM,Meham,-,-,-,-,-,-,28.96388889,76.29166667,,20-08-2023 00:00,9.55
2532,2532,Mehanda-DW,CGWB,6,Haryana,63,HISAR,HANSI,HANSI,Mehanda,-,-,-,-,-,-,29.05416667,76.05611111,,20-05-2022 06:00,4.15
2533,2533,Mehmadpur,CGWB,6,Haryana,71,PANIPAT,PANIPAT,PANIPAT,Mehmadpur,-,-,-,-,-,-,29.45555556,76.94305556,,20-05-2022 06:00,31.05
2534,2534,Mehmadpur,CGWB,6,Haryana,71,PANIPAT,PANIPAT,PANIPAT,Mehmadpur,-,-,-,-,-,-,29.45555556,76.94305556,,01-08-2022 06:00,28.39
2535,2535,Mehmadpur,CGWB,6,Haryana,71,PANIPAT,PANIPAT,PANIPAT,Mehmadpur,-,-,-,-,-,-,29.45555556,76.94305556,,01-11-2022 06:00,29.5
2536,2536,Mehmadpur,CGWB,6,Haryana,71,PANIPAT,PANIPAT,PANIPAT,Mehmadpur,-,-,-,-,-,-,29.45555556,76.94305556,,20-08-2023 00:00,29.24
2537,2537,Mehmadpur,CGWB,6,Haryana,71,PANIPAT,PANIPAT,PANIPAT,Mehmadpur,-,-,-,-,-,-,29.45555556,76.94305556,,01-11-2023 00:00,29.29
2538,2538,Mehmadpur,CGWB,6,Haryana,71,PANIPAT,PANIPAT,PANIPAT,Mehmadpur,-,-,-,-,-,-,29.45555556,76.94305556,,01-01-2024 00:00,33.02
2539,2539,Mehmadpur-Pz,CGWB,6,Haryana,67,KARNAL,KARNAL,KARNAL,Mehmadpur,-,-,-,-,-,-,29.725,77.11111111,,20-05-2022 06:00,14.55
2540,2540,Mehrana,CGWB,6,Haryana,701,Charkhi Dadri,DADRI,DADRI-I,Mehrana,-,-,-,-,-,-,28.555,76.32611111,,01-08-2022 06:00,18.53
2541,2541,Mehrana,CGWB,6,Haryana,701,Charkhi Dadri,DADRI,DADRI-I,Mehrana,-,-,-,-,-,-,28.555,76.32611111,,01-11-2022 06:00,18.25
2542,2542,Mehrana,CGWB,6,Haryana,701,Charkhi Dadri,DADRI,DADRI-I,Mehrana,-,-,-,-,-,-,28.555,76.32611111,,01-01-2023 00:00,12.15
2543,2543,Mehrana,CGWB,6,Haryana,701,Charkhi Dadri,DADRI,DADRI-I,Mehrana,-,-,-,-,-,-,28.555,76.32611111,,01-06-2023 00:00,12.28
2544,2544,Mehrana,CGWB,6,Haryana,701,Charkhi Dadri,DADRI,DADRI-I,Mehrana,-,-,-,-,-,-,28.555,76.32611111,,20-08-2023 00:00,12
2545,2545,Mehrana,CGWB,6,Haryana,701,Charkhi Dadri,DADRI,DADRI-I,Mehrana,-,-,-,-,-,-,28.555,76.32611111,,01-11-2023 00:00,9.59
2546,2546,Mehrana,CGWB,6,Haryana,701,Charkhi Dadri,DADRI,DADRI-I,Mehrana,-,-,-,-,-,-,28.555,76.32611111,,01-01-2024 00:00,12.6
2547,2547,Mehranwali,CGWB,6,Haryana,70,PANCHKULA,KALKA,PINJORE,Mehranwali,-,-,-,-,-,-,30.9,76.79583333,,01-08-2022 06:00,16.73
2548,2548,Mehu Wala Pz,CGWB,6,Haryana,61,FATEHABAD,FATEHABAD,BHATTU KALAN,Mehu Wala Pz,-,-,-,-,-,-,29.41333333,75.32777778,,10-01-2021 00:00,3.97
2549,2549,Mehu Wala Pz,CGWB,6,Haryana,61,FATEHABAD,FATEHABAD,BHATTU KALAN,Mehu Wala Pz,-,-,-,-,-,-,29.41333333,75.32777778,,31-08-2021 06:00,5.17
2550,2550,Mehu Wala Pz,CGWB,6,Haryana,61,FATEHABAD,FATEHABAD,BHATTU KALAN,Mehu Wala Pz,-,-,-,-,-,-,29.41333333,75.32777778,,30-11-2021 06:00,3.62
2551,2551,Mehu Wala Pz,CGWB,6,Haryana,61,FATEHABAD,FATEHABAD,BHATTU KALAN,Mehu Wala Pz,-,-,-,-,-,-,29.41333333,75.32777778,,30-01-2022 07:00,3.45
2552,2552,Mehu Wala Pz,CGWB,6,Haryana,61,FATEHABAD,FATEHABAD,BHATTU KALAN,Mehu Wala Pz,-,-,-,-,-,-,29.41333333,75.32777778,,20-05-2022 06:00,5.53
2553,2553,Mehu Wala Pz,CGWB,6,Haryana,61,FATEHABAD,FATEHABAD,BHATTU KALAN,Mehu Wala Pz,-,-,-,-,-,-,29.41333333,75.32777778,,01-08-2022 06:00,3.15
2554,2554,Mehu Wala Pz,CGWB,6,Haryana,61,FATEHABAD,FATEHABAD,BHATTU KALAN,Mehu Wala Pz,-,-,-,-,-,-,29.41333333,75.32777778,,01-11-2022 06:00,3.38
2555,2555,Mehu Wala Pz,CGWB,6,Haryana,61,FATEHABAD,FATEHABAD,BHATTU KALAN,Mehu Wala Pz,-,-,-,-,-,-,29.41333333,75.32777778,,01-01-2023 00:00,3.1
2556,2556,Mehu Wala Pz,CGWB,6,Haryana,61,FATEHABAD,FATEHABAD,BHATTU KALAN,Mehu Wala Pz,-,-,-,-,-,-,29.41333333,75.32777778,,01-06-2023 00:00,2.95
2557,2557,Mehu Wala Pz,CGWB,6,Haryana,61,FATEHABAD,FATEHABAD,BHATTU KALAN,Mehu Wala Pz,-,-,-,-,-,-,29.41333333,75.32777778,,20-08-2023 00:00,3.1
2558,2558,Mehu Wala Pz,CGWB,6,Haryana,61,FATEHABAD,FATEHABAD,BHATTU KALAN,Mehu Wala Pz,-,-,-,-,-,-,29.41333333,75.32777778,,01-11-2023 00:00,3.22
2559,2559,Mehu Wala Pz,CGWB,6,Haryana,61,FATEHABAD,FATEHABAD,BHATTU KALAN,Mehu Wala Pz,-,-,-,-,-,-,29.41333333,75.32777778,,01-01-2024 00:00,2.97
2560,2560,Meoka-Pz,CGWB,6,Haryana,62,GURUGRAM,PATAUDI,PATAUDI,Meoka,-,-,-,-,-,-,28.40888889,76.91916667,,10-01-2021 00:00,22.4
2561,2561,Meoka-Pz,CGWB,6,Haryana,62,GURUGRAM,PATAUDI,PATAUDI,Meoka,-,-,-,-,-,-,28.40888889,76.91916667,,31-08-2021 06:00,23.45
2562,2562,Meoka-Pz,CGWB,6,Haryana,62,GURUGRAM,PATAUDI,PATAUDI,Meoka,-,-,-,-,-,-,28.40888889,76.91916667,,30-11-2021 06:00,21.27
2563,2563,Meoka-Pz,CGWB,6,Haryana,62,GURUGRAM,PATAUDI,PATAUDI,Meoka,-,-,-,-,-,-,28.40888889,76.91916667,,30-01-2022 07:00,23.1
2564,2564,Meoka-Pz,CGWB,6,Haryana,62,GURUGRAM,PATAUDI,PATAUDI,Meoka,-,-,-,-,-,-,28.40888889,76.91916667,,20-05-2022 06:00,21.96
2565,2565,Meoka-Pz,CGWB,6,Haryana,62,GURUGRAM,PATAUDI,PATAUDI,Meoka,-,-,-,-,-,-,28.40888889,76.91916667,,01-11-2022 06:00,21.7
2566,2566,Meoka-Pz,CGWB,6,Haryana,62,GURUGRAM,PATAUDI,PATAUDI,Meoka,-,-,-,-,-,-,28.40888889,76.91916667,,01-01-2023 00:00,21.6
2567,2567,Meoka-Pz,CGWB,6,Haryana,62,GURUGRAM,PATAUDI,PATAUDI,Meoka,-,-,-,-,-,-,28.40888889,76.91916667,,20-08-2023 00:00,21.1
2568,2568,Meoka-Pz,CGWB,6,Haryana,62,GURUGRAM,PATAUDI,PATAUDI,Meoka,-,-,-,-,-,-,28.40888889,76.91916667,,01-11-2023 00:00,21.39
2569,2569,Meoka-Pz,CGWB,6,Haryana,62,GURUGRAM,PATAUDI,PATAUDI,Meoka,-,-,-,-,-,-,28.40888889,76.91916667,,01-01-2024 00:00,21.54
2570,2570,Miran,CGWB,6,Haryana,59,BHIWANI,TOSHAM,TOSHAM,Miran,-,-,-,-,-,-,28.84861111,75.74166667,,10-01-2021 00:00,3.6
2571,2571,Miran,CGWB,6,Haryana,59,BHIWANI,TOSHAM,TOSHAM,Miran,-,-,-,-,-,-,28.84861111,75.74166667,,31-08-2021 06:00,5.14
2572,2572,Miran,CGWB,6,Haryana,59,BHIWANI,TOSHAM,TOSHAM,Miran,-,-,-,-,-,-,28.84861111,75.74166667,,30-11-2021 06:00,4.2
2573,2573,Miran,CGWB,6,Haryana,59,BHIWANI,TOSHAM,TOSHAM,Miran,-,-,-,-,-,-,28.84861111,75.74166667,,30-01-2022 07:00,4.22
2574,2574,Miran,CGWB,6,Haryana,59,BHIWANI,SIWANI,SIWANI,Miran,-,-,-,-,-,-,28.84166667,75.74166667,,20-05-2022 06:00,5.7
2575,2575,Miran,CGWB,6,Haryana,59,BHIWANI,TOSHAM,TOSHAM,Miran,-,-,-,-,-,-,28.84861111,75.74166667,,01-08-2022 06:00,3.32
2576,2576,Miran,CGWB,6,Haryana,59,BHIWANI,SIWANI,SIWANI,Miran,-,-,-,-,-,-,28.84166667,75.74166667,,01-08-2022 06:00,3.94
2577,2577,Miran,CGWB,6,Haryana,59,BHIWANI,TOSHAM,TOSHAM,Miran,-,-,-,-,-,-,28.84861111,75.74166667,,01-11-2022 06:00,3.6
2578,2578,Miran,CGWB,6,Haryana,59,BHIWANI,SIWANI,SIWANI,Miran,-,-,-,-,-,-,28.84166667,75.74166667,,01-01-2023 00:00,5.4
2579,2579,Miran,CGWB,6,Haryana,59,BHIWANI,SIWANI,SIWANI,Miran,-,-,-,-,-,-,28.84166667,75.74166667,,01-06-2023 00:00,4.34
2580,2580,Miran,CGWB,6,Haryana,59,BHIWANI,TOSHAM,TOSHAM,Miran,-,-,-,-,-,-,28.84861111,75.74166667,,01-06-2023 00:00,4.48
2581,2581,Miran,CGWB,6,Haryana,59,BHIWANI,SIWANI,SIWANI,Miran,-,-,-,-,-,-,28.84166667,75.74166667,,20-08-2023 00:00,4.61
2582,2582,Miran,CGWB,6,Haryana,59,BHIWANI,TOSHAM,TOSHAM,Miran,-,-,-,-,-,-,28.84861111,75.74166667,,01-11-2023 00:00,4.74
2583,2583,Miran,CGWB,6,Haryana,59,BHIWANI,TOSHAM,TOSHAM,Miran,-,-,-,-,-,-,28.84861111,75.74166667,,01-01-2024 00:00,5.74
2584,2584,Miran1,CGWB,6,Haryana,59,BHIWANI,TOSHAM,TOSHAM,Miran,-,-,-,-,-,-,28.84861111,75.74166667,,10-01-2021 00:00,3.85
2585,2585,Miran1,CGWB,6,Haryana,59,BHIWANI,TOSHAM,TOSHAM,Miran,-,-,-,-,-,-,28.84861111,75.74166667,,31-08-2021 06:00,5.4
2586,2586,Miran1,CGWB,6,Haryana,59,BHIWANI,TOSHAM,TOSHAM,Miran,-,-,-,-,-,-,28.84861111,75.74166667,,30-11-2021 06:00,4.09
2587,2587,Miran1,CGWB,6,Haryana,59,BHIWANI,TOSHAM,TOSHAM,Miran,-,-,-,-,-,-,28.84861111,75.74166667,,30-01-2022 07:00,3.76
2588,2588,Miran1,CGWB,6,Haryana,59,BHIWANI,TOSHAM,TOSHAM,Miran,-,-,-,-,-,-,28.84861111,75.74166667,,20-05-2022 06:00,5.3
2589,2589,Miran1,CGWB,6,Haryana,59,BHIWANI,TOSHAM,TOSHAM,Miran,-,-,-,-,-,-,28.84861111,75.74166667,,01-11-2022 06:00,5
2590,2590,Miran1,CGWB,6,Haryana,59,BHIWANI,TOSHAM,TOSHAM,Miran,-,-,-,-,-,-,28.84861111,75.74166667,,01-01-2023 00:00,2.3
2591,2591,Miran1,CGWB,6,Haryana,59,BHIWANI,TOSHAM,TOSHAM,Miran,-,-,-,-,-,-,28.84861111,75.74166667,,20-08-2023 00:00,4.24
2592,2592,Miran1,CGWB,6,Haryana,59,BHIWANI,TOSHAM,TOSHAM,Miran,-,-,-,-,-,-,28.84861111,75.74166667,,01-11-2023 00:00,4.67
2593,2593,Mirka,CGWB,6,Haryana,63,HISAR,HISSAR,HISAR - I,Mirka,-,-,-,-,-,-,29.075,75.75833333,,30-01-2022 07:00,2.95
2594,2594,Mirka,CGWB,6,Haryana,63,HISAR,HISSAR,HISAR - I,Mirka,-,-,-,-,-,-,29.075,75.75833333,,20-05-2022 06:00,3.5
2595,2595,Mirka,CGWB,6,Haryana,63,HISAR,HISSAR,HISAR - I,Mirka,-,-,-,-,-,-,29.075,75.75833333,,01-08-2022 06:00,2.83
2596,2596,Mirka,CGWB,6,Haryana,63,HISAR,HISSAR,HISAR - I,Mirka,-,-,-,-,-,-,29.075,75.75833333,,20-11-2022 06:00,3.06
2597,2597,Mirka,CGWB,6,Haryana,63,HISAR,HISSAR,HISAR - I,Mirka,-,-,-,-,-,-,29.075,75.75833333,,01-01-2023 00:00,0.41
2598,2598,Mirka,CGWB,6,Haryana,63,HISAR,HISSAR,HISAR - I,Mirka,-,-,-,-,-,-,29.075,75.75833333,,01-06-2023 00:00,1.21
2599,2599,Mirka,CGWB,6,Haryana,63,HISAR,HISSAR,HISAR - I,Mirka,-,-,-,-,-,-,29.075,75.75833333,,20-08-2023 00:00,0.61
2600,2600,Mirka,CGWB,6,Haryana,63,HISAR,HISSAR,HISAR - I,Mirka,-,-,-,-,-,-,29.075,75.75833333,,01-11-2023 00:00,0.82
2601,2601,Mirka,CGWB,6,Haryana,63,HISAR,HISSAR,HISAR - I,Mirka,-,-,-,-,-,-,29.075,75.75833333,,01-01-2024 00:00,0.74
2602,2602,Mirzapur-PZ,CGWB,6,Haryana,68,KURUKSHETRA,SHAHBAD,THANESAR,Mirzapur,-,-,-,-,-,-,29.95444444,76.79361111,,20-05-2022 06:00,34.67
2603,2603,Mithri,CGWB,6,Haryana,74,SIRSA,DABWALI,ODHAN,Mithri,-,-,-,-,-,-,29.85,74.98333333,,10-01-2021 00:00,20.1
2604,2604,Mithri,CGWB,6,Haryana,74,SIRSA,DABWALI,ODHAN,Mithri,-,-,-,-,-,-,29.85,74.98333333,,31-08-2021 06:00,20.91
2605,2605,Mithri,CGWB,6,Haryana,74,SIRSA,DABWALI,ODHAN,Mithri,-,-,-,-,-,-,29.85,74.98333333,,30-11-2021 06:00,20.4
2606,2606,Mithri,CGWB,6,Haryana,74,SIRSA,DABWALI,ODHAN,Mithri,-,-,-,-,-,-,29.85,74.98333333,,30-01-2022 07:00,20.15
2607,2607,Mithri,CGWB,6,Haryana,74,SIRSA,DABWALI,ODHAN,Mithri,-,-,-,-,-,-,29.85,74.98333333,,20-05-2022 06:00,17.9
2608,2608,Mithri,CGWB,6,Haryana,74,SIRSA,DABWALI,ODHAN,Mithri,-,-,-,-,-,-,29.85,74.98333333,,01-08-2022 06:00,20.29
2609,2609,Mithri,CGWB,6,Haryana,74,SIRSA,DABWALI,ODHAN,Mithri,-,-,-,-,-,-,29.85,74.98333333,,01-11-2022 06:00,20.62
2610,2610,Mithri,CGWB,6,Haryana,74,SIRSA,DABWALI,ODHAN,Mithri,-,-,-,-,-,-,29.85,74.98333333,,01-01-2023 00:00,20.55
2611,2611,Mithri,CGWB,6,Haryana,74,SIRSA,DABWALI,ODHAN,Mithri,-,-,-,-,-,-,29.85,74.98333333,,01-06-2023 00:00,20.4
2612,2612,Mithri,CGWB,6,Haryana,74,SIRSA,DABWALI,ODHAN,Mithri,-,-,-,-,-,-,29.85,74.98333333,,20-08-2023 00:00,20.76
2613,2613,Mithri,CGWB,6,Haryana,74,SIRSA,DABWALI,ODHAN,Mithri,-,-,-,-,-,-,29.85,74.98333333,,01-11-2023 00:00,20.71
2614,2614,Moda Khera-DW,CGWB,6,Haryana,63,HISAR,ADAMPUR,ADAMPUR,Moda Khera,-,-,-,-,-,-,29.21527778,75.425,,20-05-2022 06:00,3.69
2615,2615,Mohal Khera Pz,CGWB,6,Haryana,65,JIND,NARWANA,NARWANA,Mohal Khera,-,-,-,-,-,-,29.63611111,76.13055556,,10-01-2021 00:00,6.58
2616,2616,Mohal Khera Pz,CGWB,6,Haryana,65,JIND,NARWANA,NARWANA,Mohal Khera,-,-,-,-,-,-,29.63611111,76.13055556,,31-08-2021 06:00,6.7
2617,2617,Mohal Khera Pz,CGWB,6,Haryana,65,JIND,NARWANA,NARWANA,Mohal Khera,-,-,-,-,-,-,29.63611111,76.13055556,,30-01-2022 07:00,5.18
2618,2618,Mohal Khera Pz,CGWB,6,Haryana,65,JIND,NARWANA,NARWANA,Mohal Khera,-,-,-,-,-,-,29.63611111,76.13055556,,20-05-2022 06:00,7.58
2619,2619,Mohal Khera Pz,CGWB,6,Haryana,65,JIND,NARWANA,NARWANA,Mohal Khera,-,-,-,-,-,-,29.63611111,76.13055556,,01-08-2022 06:00,4.54
2620,2620,Mohal Khera Pz,CGWB,6,Haryana,65,JIND,NARWANA,NARWANA,Mohal Khera,-,-,-,-,-,-,29.63611111,76.13055556,,01-10-2022 00:00,5.42
2621,2621,Mohal Khera Pz,CGWB,6,Haryana,65,JIND,NARWANA,NARWANA,Mohal Khera,-,-,-,-,-,-,29.63611111,76.13055556,,01-11-2022 06:00,4.5
2622,2622,Mohana Pzm,CGWB,6,Haryana,75,SONIPAT,GANAUR,GANAUR,Bega Pzm,-,-,-,-,-,-,29.15416667,77.1125,,10-01-2021 00:00,4.05
2623,2623,Mohana Pzm,CGWB,6,Haryana,75,SONIPAT,GANAUR,GANAUR,Bega Pzm,-,-,-,-,-,-,29.15416667,77.1125,,20-05-2022 06:00,5
2624,2624,Mohra-DW,CGWB,6,Haryana,58,AMBALA,AMBALA,AMBALA-I,Mohra,-,-,-,-,-,-,30.26666667,76.85,,20-05-2022 06:00,3.45
2625,2625,Mohri-Pz,CGWB,6,Haryana,68,KURUKSHETRA,SHAHBAD,SHAHBAD,Mohri-Pz,-,-,-,-,-,-,30.24166667,76.85277778,,20-05-2022 06:00,31.51
2626,2626,Morthala-PZ,CGWB,6,Haryana,68,KURUKSHETRA,SHAHBAD,THANESAR,Morthala,-,-,-,-,-,-,30.0575,76.91472222,,20-05-2022 06:00,42.85
2627,2627,Mound M,CGWB,6,Haryana,67,KARNAL,ASSANDH,ASSANDH,Mound M,-,-,-,-,-,-,29.51805556,76.54722222,,10-01-2021 00:00,29.91
2628,2628,Mound M,CGWB,6,Haryana,67,KARNAL,ASSANDH,ASSANDH,Mound M,-,-,-,-,-,-,29.51805556,76.54722222,,20-05-2022 06:00,26.11
2629,2629,Mound M,CGWB,6,Haryana,67,KARNAL,ASSANDH,ASSANDH,Mound M,-,-,-,-,-,-,29.51805556,76.54722222,,01-08-2022 06:00,31.12
2630,2630,Mound M,CGWB,6,Haryana,67,KARNAL,ASSANDH,ASSANDH,Mound M,-,-,-,-,-,-,29.51805556,76.54722222,,01-01-2023 00:00,28.78
2631,2631,Mound M,CGWB,6,Haryana,67,KARNAL,ASSANDH,ASSANDH,Mound M,-,-,-,-,-,-,29.51805556,76.54722222,,20-08-2023 00:00,32.1
2632,2632,Mound M,CGWB,6,Haryana,67,KARNAL,ASSANDH,ASSANDH,Mound M,-,-,-,-,-,-,29.51805556,76.54722222,,01-11-2023 00:00,31.72
2633,2633,Mound S,CGWB,6,Haryana,67,KARNAL,ASSANDH,ASSANDH,Mound S,-,-,-,-,-,-,29.51805556,76.54722222,,10-01-2021 00:00,29.67
2634,2634,Mound S,CGWB,6,Haryana,67,KARNAL,ASSANDH,ASSANDH,Mound S,-,-,-,-,-,-,29.51805556,76.54722222,,30-01-2022 07:00,27.42
2635,2635,Mound S,CGWB,6,Haryana,67,KARNAL,ASSANDH,ASSANDH,Mound S,-,-,-,-,-,-,29.51805556,76.54722222,,20-05-2022 06:00,25.81
2636,2636,Mound S,CGWB,6,Haryana,67,KARNAL,ASSANDH,ASSANDH,Mound S,-,-,-,-,-,-,29.51805556,76.54722222,,01-08-2022 06:00,31.11
2637,2637,Mound S,CGWB,6,Haryana,67,KARNAL,ASSANDH,ASSANDH,Mound S,-,-,-,-,-,-,29.51805556,76.54722222,,01-11-2022 06:00,30.4
2638,2638,Mound S,CGWB,6,Haryana,67,KARNAL,ASSANDH,ASSANDH,Mound S,-,-,-,-,-,-,29.51805556,76.54722222,,01-01-2023 00:00,28.55
2639,2639,Mound S,CGWB,6,Haryana,67,KARNAL,ASSANDH,ASSANDH,Mound S,-,-,-,-,-,-,29.51805556,76.54722222,,01-11-2023 00:00,30.79
2640,2640,Mouzabad,CGWB,6,Haryana,62,GURUGRAM,PATAUDI,PATAUDI,Mouzabad,-,-,-,-,-,-,28.29666667,76.69027778,,10-01-2021 00:00,41.37
2641,2641,Mouzabad,CGWB,6,Haryana,62,GURUGRAM,PATAUDI,PATAUDI,Mouzabad,-,-,-,-,-,-,28.29666667,76.69027778,,31-08-2021 06:00,42.5
2642,2642,Mouzabad,CGWB,6,Haryana,62,GURUGRAM,PATAUDI,PATAUDI,Mouzabad,-,-,-,-,-,-,28.29666667,76.69027778,,30-11-2021 06:00,39.23
2643,2643,Mouzabad,CGWB,6,Haryana,62,GURUGRAM,PATAUDI,PATAUDI,Mouzabad,-,-,-,-,-,-,28.29666667,76.69027778,,30-01-2022 07:00,44.6
2644,2644,Mouzabad,CGWB,6,Haryana,62,GURUGRAM,PATAUDI,PATAUDI,Mouzabad,-,-,-,-,-,-,28.29666667,76.69027778,,20-05-2022 06:00,36.4
2645,2645,Mubarakpur,CGWB,6,Haryana,62,GURUGRAM,GURGAON,FARUKHNAGAR,Mubarakpur,-,-,-,-,-,-,28.47222222,76.84166667,,20-05-2022 06:00,14.54
2646,2646,Mubarakpur,CGWB,6,Haryana,62,GURUGRAM,GURGAON,FARUKHNAGAR,Mubarakpur,-,-,-,-,-,-,28.47222222,76.84166667,,01-08-2022 06:00,10.84
2647,2647,Mubarakpur,CGWB,6,Haryana,62,GURUGRAM,GURGAON,FARUKHNAGAR,Mubarakpur,-,-,-,-,-,-,28.47222222,76.84166667,,01-11-2022 06:00,10.17
2648,2648,Mubarakpur,CGWB,6,Haryana,62,GURUGRAM,GURGAON,FARUKHNAGAR,Mubarakpur,-,-,-,-,-,-,28.47222222,76.84166667,,01-01-2023 00:00,10.06
2649,2649,Mubarakpur,CGWB,6,Haryana,62,GURUGRAM,GURGAON,FARUKHNAGAR,Mubarakpur,-,-,-,-,-,-,28.47222222,76.84166667,,20-08-2023 00:00,10.2
2650,2650,Mubarakpur,CGWB,6,Haryana,62,GURUGRAM,GURGAON,FARUKHNAGAR,Mubarakpur,-,-,-,-,-,-,28.47222222,76.84166667,,01-11-2023 00:00,10.05
2651,2651,Mubarakpur,CGWB,6,Haryana,62,GURUGRAM,GURGAON,FARUKHNAGAR,Mubarakpur,-,-,-,-,-,-,28.47222222,76.84166667,,01-01-2024 00:00,29.79
2652,2652,Mudsa,CGWB,6,Haryana,64,JHAJJAR,JHAJJAR,MATANHAIL,Mudsa,-,-,-,-,-,-,28.54583333,76.47916667,,10-01-2021 00:00,1.24
2653,2653,Mudsa,CGWB,6,Haryana,64,JHAJJAR,JHAJJAR,MATANHAIL,Mudsa,-,-,-,-,-,-,28.54583333,76.47916667,,31-08-2021 06:00,1.23
2654,2654,Mudsa,CGWB,6,Haryana,64,JHAJJAR,JHAJJAR,MATANHAIL,Mudsa,-,-,-,-,-,-,28.54583333,76.47916667,,30-01-2022 07:00,1.1
2655,2655,Mudsa,CGWB,6,Haryana,64,JHAJJAR,JHAJJAR,MATANHAIL,Mudsa,-,-,-,-,-,-,28.54583333,76.47916667,,20-05-2022 06:00,1.64
2656,2656,Mudsa,CGWB,6,Haryana,64,JHAJJAR,JHAJJAR,MATANHAIL,Mudsa,-,-,-,-,-,-,28.54583333,76.47916667,,01-08-2022 06:00,0.35
2657,2657,Mudsa,CGWB,6,Haryana,64,JHAJJAR,JHAJJAR,MATANHAIL,Mudsa,-,-,-,-,-,-,28.54583333,76.47916667,,01-11-2022 06:00,1.75
2658,2658,Mudsa,CGWB,6,Haryana,64,JHAJJAR,JHAJJAR,MATANHAIL,Mudsa,-,-,-,-,-,-,28.54583333,76.47916667,,01-01-2023 00:00,3.75
2659,2659,Mudsa,CGWB,6,Haryana,64,JHAJJAR,JHAJJAR,MATANHAIL,Mudsa,-,-,-,-,-,-,28.54583333,76.47916667,,20-08-2023 00:00,1.14
2660,2660,Mudsa,CGWB,6,Haryana,64,JHAJJAR,JHAJJAR,MATANHAIL,Mudsa,-,-,-,-,-,-,28.54583333,76.47916667,,01-11-2023 00:00,1.5
2661,2661,Mudsa,CGWB,6,Haryana,64,JHAJJAR,JHAJJAR,MATANHAIL,Mudsa,-,-,-,-,-,-,28.54583333,76.47916667,,01-01-2024 00:00,1.55
2662,2662,Mulana,CGWB,6,Haryana,58,AMBALA,BARARA,BARARA,Mulana,-,-,-,-,-,-,30.28333333,77.04583333,,10-01-2021 00:00,1.97
2663,2663,Mulana,CGWB,6,Haryana,58,AMBALA,BARARA,BARARA,Mulana,-,-,-,-,-,-,30.28333333,77.04583333,,31-08-2021 06:00,2.83
2664,2664,Mulana,CGWB,6,Haryana,58,AMBALA,BARARA,BARARA,Mulana,-,-,-,-,-,-,30.28333333,77.04583333,,30-11-2021 06:00,1.16
2665,2665,Mulana,CGWB,6,Haryana,58,AMBALA,BARARA,BARARA,Mulana,-,-,-,-,-,-,30.28333333,77.04583333,,30-01-2022 07:00,1.72
2666,2666,Mulana,CGWB,6,Haryana,58,AMBALA,BARARA,BARARA,Mulana,-,-,-,-,-,-,30.28333333,77.04583333,,20-05-2022 06:00,2.65
2667,2667,Mulana,CGWB,6,Haryana,58,AMBALA,BARARA,BARARA,Mulana,-,-,-,-,-,-,30.28333333,77.04583333,,01-08-2022 06:00,1.53
2668,2668,Mulana,CGWB,6,Haryana,58,AMBALA,BARARA,BARARA,Mulana,-,-,-,-,-,-,30.28333333,77.04583333,,01-11-2022 06:00,2.09
2669,2669,Mulana,CGWB,6,Haryana,58,AMBALA,BARARA,BARARA,Mulana,-,-,-,-,-,-,30.28333333,77.04583333,,01-01-2023 00:00,0.89
2670,2670,Mulana,CGWB,6,Haryana,58,AMBALA,BARARA,BARARA,Mulana,-,-,-,-,-,-,30.28333333,77.04583333,,01-06-2023 00:00,1.59
2671,2671,Mulana,CGWB,6,Haryana,58,AMBALA,BARARA,BARARA,Mulana,-,-,-,-,-,-,30.28333333,77.04583333,,20-08-2023 00:00,0.68
2672,2672,Mulana,CGWB,6,Haryana,58,AMBALA,BARARA,BARARA,Mulana,-,-,-,-,-,-,30.28333333,77.04583333,,01-11-2023 00:00,0.09
2673,2673,Mulana,CGWB,6,Haryana,58,AMBALA,BARARA,BARARA,Mulana,-,-,-,-,-,-,30.28333333,77.04583333,,01-01-2024 00:00,1.91
2674,2674,Munak,CGWB,6,Haryana,67,KARNAL,GHARAUNDA,GHARAUNDA,Munak,-,-,-,-,-,-,29.51805556,76.85138889,,20-05-2022 06:00,9.53
2675,2675,Mundh-dw,CGWB,6,Haryana,67,KARNAL,ASSANDH,ASSANDH,Mundh,-,-,-,-,-,-,29.5175,76.54583333,,20-05-2022 06:00,27.59
2676,2676,Mundlana1,CGWB,6,Haryana,75,SONIPAT,GOHANA,MUNDLANA,Mundlana,-,-,-,-,-,-,29.2125,76.77083333,,20-05-2022 06:00,9
2677,2677,Mundlana- Pz,CGWB,6,Haryana,75,SONIPAT,GOHANA,MUNDLANA,Mundlana,-,-,-,-,-,-,29.2125,76.77083333,,10-01-2021 00:00,6.9
2678,2678,Mundlana- Pz,CGWB,6,Haryana,75,SONIPAT,GOHANA,MUNDLANA,Mundlana,-,-,-,-,-,-,29.2125,76.77083333,,31-08-2021 06:00,5.2
2679,2679,Mundlana- Pz,CGWB,6,Haryana,75,SONIPAT,GOHANA,MUNDLANA,Mundlana,-,-,-,-,-,-,29.2125,76.77083333,,30-01-2022 07:00,3.1
2680,2680,Mundlana- Pz,CGWB,6,Haryana,75,SONIPAT,GOHANA,MUNDLANA,Mundlana,-,-,-,-,-,-,29.2125,76.77083333,,20-05-2022 06:00,9
2681,2681,Mundlana- Pz,CGWB,6,Haryana,75,SONIPAT,GOHANA,MUNDLANA,Mundlana,-,-,-,-,-,-,29.2125,76.77083333,,01-11-2022 06:00,2.8
2682,2682,Mundri,CGWB,6,Haryana,66,KAITHAL,KAITHAL,KAITHAL,Mundri,-,-,-,-,-,-,29.775,76.50555556,,10-01-2021 00:00,22.67
2683,2683,Mundri,CGWB,6,Haryana,66,KAITHAL,KAITHAL,KAITHAL,Mundri,-,-,-,-,-,-,29.775,76.50555556,,20-05-2022 06:00,24.2
2684,2684,Munshiwali-Pz,CGWB,6,Haryana,61,FATEHABAD,RATIA,RATIA,Munshiwali,-,-,-,-,-,-,29.65833333,75.59722222,,20-05-2022 06:00,59.14
2685,2685,Muradpur Tekna-DW,CGWB,6,Haryana,73,ROHTAK,MAHAM,MEHAM,Muradpur Tekna,-,-,-,-,-,-,28.87333333,76.46166667,,20-05-2022 06:00,2.5
2686,2686,Murthal-Pz,CGWB,6,Haryana,75,SONIPAT,SONIPAT,SONEPAT,Murthal,-,-,-,-,-,-,29.04055556,77.09111111,,10-01-2021 00:00,35.47
2687,2687,Murthal-Pz,CGWB,6,Haryana,75,SONIPAT,SONIPAT,SONEPAT,Murthal,-,-,-,-,-,-,29.04055556,77.09111111,,31-08-2021 06:00,36.1
2688,2688,Murthal-Pz,CGWB,6,Haryana,75,SONIPAT,SONIPAT,SONEPAT,Murthal,-,-,-,-,-,-,29.04055556,77.09111111,,30-01-2022 07:00,32.25
2689,2689,Murthal-Pz,CGWB,6,Haryana,75,SONIPAT,SONIPAT,SONEPAT,Murthal,-,-,-,-,-,-,29.04055556,77.09111111,,20-05-2022 06:00,33.1
2690,2690,Murthal-Pz,CGWB,6,Haryana,75,SONIPAT,SONIPAT,SONEPAT,Murthal,-,-,-,-,-,-,29.04055556,77.09111111,,01-08-2022 06:00,34.6
2691,2691,Murthal-Pz,CGWB,6,Haryana,75,SONIPAT,SONIPAT,SONEPAT,Murthal,-,-,-,-,-,-,29.04055556,77.09111111,,01-10-2022 00:00,33.22
2692,2692,Murthal-Pz,CGWB,6,Haryana,75,SONIPAT,SONIPAT,SONEPAT,Murthal,-,-,-,-,-,-,29.04055556,77.09111111,,01-11-2022 06:00,33.82
2693,2693,Murthal-Pz,CGWB,6,Haryana,75,SONIPAT,SONIPAT,SONEPAT,Murthal,-,-,-,-,-,-,29.04055556,77.09111111,,20-08-2023 00:00,33.57
2694,2694,Murthal-Pz,CGWB,6,Haryana,75,SONIPAT,SONIPAT,SONEPAT,Murthal,-,-,-,-,-,-,29.04055556,77.09111111,,01-11-2023 00:00,34.27
2695,2695,Murthal-Pz,CGWB,6,Haryana,75,SONIPAT,SONIPAT,SONEPAT,Murthal,-,-,-,-,-,-,29.04055556,77.09111111,,01-01-2024 00:00,34.35
2696,2696,Murtzapur-Pz,CGWB,6,Haryana,68,KURUKSHETRA,PEHOWA,PEHOWA,Murtzapur,-,-,-,-,-,-,29.98888889,76.75138889,,20-05-2022 06:00,36.6
2697,2697,Murtzapur-Pz,CGWB,6,Haryana,68,KURUKSHETRA,PEHOWA,PEHOWA,Murtzapur,-,-,-,-,-,-,29.98888889,76.75138889,,01-11-2022 06:00,38.4
2698,2698,Murtzapur-Pz,CGWB,6,Haryana,68,KURUKSHETRA,PEHOWA,PEHOWA,Murtzapur,-,-,-,-,-,-,29.98888889,76.75138889,,01-01-2023 00:00,38.66
2699,2699,Murtzapur-Pz,CGWB,6,Haryana,68,KURUKSHETRA,PEHOWA,PEHOWA,Murtzapur,-,-,-,-,-,-,29.98888889,76.75138889,,20-08-2023 00:00,41.4
2700,2700,Murtzapur-Pz,CGWB,6,Haryana,68,KURUKSHETRA,PEHOWA,PEHOWA,Murtzapur,-,-,-,-,-,-,29.98888889,76.75138889,,01-01-2024 00:00,38.32
2701,2701,Mustafabad,CGWB,6,Haryana,76,YAMUNANAGAR,JAGADHRI,JAGADHRI,Mustafabad,-,-,-,-,-,-,30.19583333,77.14583333,,10-01-2021 00:00,6.07
2702,2702,Mustafabad,CGWB,6,Haryana,76,YAMUNANAGAR,JAGADHRI,JAGADHRI,Mustafabad,-,-,-,-,-,-,30.19583333,77.14583333,,30-11-2021 06:00,5.57
2703,2703,Mustafabad,CGWB,6,Haryana,76,YAMUNANAGAR,JAGADHRI,JAGADHRI,Mustafabad,-,-,-,-,-,-,30.19583333,77.14583333,,30-01-2022 07:00,5.78
2704,2704,Mustafabad,CGWB,6,Haryana,76,YAMUNANAGAR,JAGADHRI,JAGADHRI,Mustafabad,-,-,-,-,-,-,30.19583333,77.14583333,,20-05-2022 06:00,7.7
2705,2705,Mustafabad,CGWB,6,Haryana,76,YAMUNANAGAR,JAGADHRI,JAGADHRI,Mustafabad,-,-,-,-,-,-,30.19583333,77.14583333,,01-08-2022 06:00,5.27
2706,2706,Mustafabad,CGWB,6,Haryana,76,YAMUNANAGAR,JAGADHRI,JAGADHRI,Mustafabad,-,-,-,-,-,-,30.19583333,77.14583333,,01-11-2022 06:00,4.18
2707,2707,Mustafabad,CGWB,6,Haryana,76,YAMUNANAGAR,JAGADHRI,JAGADHRI,Mustafabad,-,-,-,-,-,-,30.19583333,77.14583333,,01-01-2023 00:00,5.93
2708,2708,Mustafabad1,CGWB,6,Haryana,76,YAMUNANAGAR,JAGADHRI,JAGADHRI,Mustafabad,-,-,-,-,-,-,30.20416667,77.15,,20-05-2022 06:00,9.85
2709,2709,Mustafabad1,CGWB,6,Haryana,76,YAMUNANAGAR,JAGADHRI,JAGADHRI,Mustafabad,-,-,-,-,-,-,30.20416667,77.15,,01-01-2023 00:00,11.19
2710,2710,Mustafabad1,CGWB,6,Haryana,76,YAMUNANAGAR,JAGADHRI,JAGADHRI,Mustafabad,-,-,-,-,-,-,30.20416667,77.15,,01-06-2023 00:00,13.25
2711,2711,Mustafabad1,CGWB,6,Haryana,76,YAMUNANAGAR,JAGADHRI,JAGADHRI,Mustafabad,-,-,-,-,-,-,30.20416667,77.15,,01-11-2023 00:00,9.99
2712,2712,Mustafabad1,CGWB,6,Haryana,76,YAMUNANAGAR,JAGADHRI,JAGADHRI,Mustafabad,-,-,-,-,-,-,30.20416667,77.15,,01-01-2024 00:00,11.94
2713,2713,Mustafabad DW,CGWB,6,Haryana,76,YAMUNANAGAR,JAGADHRI,JAGADHRI,Mustafabad,-,-,-,-,-,-,30.1969,77.1472,279,20-08-2023 00:00,6.35
2714,2714,Mustafabad DW,CGWB,6,Haryana,76,YAMUNANAGAR,JAGADHRI,JAGADHRI,Mustafabad,-,-,-,-,-,-,30.1969,77.1472,279,01-11-2023 00:00,4.38
2715,2715,Mustafabad DW,CGWB,6,Haryana,76,YAMUNANAGAR,JAGADHRI,JAGADHRI,Mustafabad,-,-,-,-,-,-,30.1969,77.1472,279,01-01-2024 00:00,5.35
2716,2716,Nadha-DW,CGWB,6,Haryana,70,PANCHKULA,KALKA,PINJORE,Nadha,-,-,-,-,-,-,30.68333333,76.9,,10-01-2021 00:00,4.03
2717,2717,Nadha-DW,CGWB,6,Haryana,70,PANCHKULA,KALKA,PINJORE,Nadha,-,-,-,-,-,-,30.68333333,76.9,,31-08-2021 06:00,2.73
2718,2718,Nadha-DW,CGWB,6,Haryana,70,PANCHKULA,KALKA,PINJORE,Nadha,-,-,-,-,-,-,30.68333333,76.9,,30-11-2021 06:00,2.82
2719,2719,Nadha-DW,CGWB,6,Haryana,70,PANCHKULA,KALKA,PINJORE,Nadha,-,-,-,-,-,-,30.68333333,76.9,,30-01-2022 07:00,3.08
2720,2720,Nadha-DW,CGWB,6,Haryana,70,PANCHKULA,KALKA,PINJORE,Nadha,-,-,-,-,-,-,30.68333333,76.9,,20-05-2022 06:00,2.35
2721,2721,Nadha-DW,CGWB,6,Haryana,70,PANCHKULA,KALKA,PINJORE,Nadha,-,-,-,-,-,-,30.68333333,76.9,,01-08-2022 06:00,1.41
2722,2722,Nadha-DW,CGWB,6,Haryana,70,PANCHKULA,KALKA,PINJORE,Nadha,-,-,-,-,-,-,30.68333333,76.9,,01-11-2022 06:00,2.77
2723,2723,Nadha-DW,CGWB,6,Haryana,70,PANCHKULA,KALKA,PINJORE,Nadha,-,-,-,-,-,-,30.68333333,76.9,,01-01-2023 00:00,3.07
2724,2724,Nadha-DW,CGWB,6,Haryana,70,PANCHKULA,KALKA,PINJORE,Nadha,-,-,-,-,-,-,30.68333333,76.9,,01-06-2023 00:00,3.16
2725,2725,Nadha-DW,CGWB,6,Haryana,70,PANCHKULA,KALKA,PINJORE,Nadha,-,-,-,-,-,-,30.68333333,76.9,,01-11-2023 00:00,3.05
2726,2726,Nadha-DW,CGWB,6,Haryana,70,PANCHKULA,KALKA,PINJORE,Nadha,-,-,-,-,-,-,30.68333333,76.9,,01-01-2024 00:00,2.98
2727,2727,Nagal (D),CGWB,6,Haryana,58,AMBALA,AMBALA,AMBALA-I,Nagal (m),-,-,-,-,-,-,30.24861111,76.71666667,,10-01-2021 00:00,2.97
2728,2728,Nagal (D),CGWB,6,Haryana,58,AMBALA,AMBALA,AMBALA-I,Nagal (m),-,-,-,-,-,-,30.24861111,76.71666667,,20-05-2022 06:00,41.6
2729,2729,Nagal (D),CGWB,6,Haryana,58,AMBALA,AMBALA,AMBALA-I,Nagal (m),-,-,-,-,-,-,30.24861111,76.71666667,,01-08-2022 06:00,57.44
2730,2730,Nagal (D),CGWB,6,Haryana,58,AMBALA,AMBALA,AMBALA-I,Nagal (m),-,-,-,-,-,-,30.24861111,76.71666667,,01-11-2022 06:00,45.68
2731,2731,Nagal (D),CGWB,6,Haryana,58,AMBALA,AMBALA,AMBALA-I,Nagal (m),-,-,-,-,-,-,30.24861111,76.71666667,,01-01-2023 00:00,44.89
2732,2732,Nagal (M),CGWB,6,Haryana,58,AMBALA,AMBALA,AMBALA-I,Nagal (s),-,-,-,-,-,-,30.24861111,76.71666667,,10-01-2021 00:00,4.71
2733,2733,Nagal (M),CGWB,6,Haryana,58,AMBALA,AMBALA,AMBALA-I,Nagal (s),-,-,-,-,-,-,30.24861111,76.71666667,,01-08-2022 06:00,53.99
2734,2734,Nagal (M),CGWB,6,Haryana,58,AMBALA,AMBALA,AMBALA-I,Nagal (s),-,-,-,-,-,-,30.24861111,76.71666667,,01-11-2022 06:00,45.72
2735,2735,Nagal (M),CGWB,6,Haryana,58,AMBALA,AMBALA,AMBALA-I,Nagal (s),-,-,-,-,-,-,30.24861111,76.71666667,,01-01-2023 00:00,44.13
2736,2736,Nagal (M),CGWB,6,Haryana,58,AMBALA,AMBALA,AMBALA-I,Nagal (s),-,-,-,-,-,-,30.24861111,76.71666667,,01-11-2023 00:00,42.69
2737,2737,Nagal Patti-DW,CGWB,6,Haryana,76,YAMUNANAGAR,CHACHHRAULI,CHACHHRAULI,Nagal Patti,-,-,-,-,-,-,30.31666667,77.51666667,,20-05-2022 06:00,26.73
2738,2738,Naggal1,CGWB,6,Haryana,76,YAMUNANAGAR,JAGADHRI,JAGADHRI,Naggal,-,-,-,-,-,-,30.06944444,77.28083333,,10-01-2021 00:00,3.07
2739,2739,Naggal1,CGWB,6,Haryana,76,YAMUNANAGAR,JAGADHRI,JAGADHRI,Naggal,-,-,-,-,-,-,30.06944444,77.28083333,,31-08-2021 06:00,5.4
2740,2740,Naggal1,CGWB,6,Haryana,76,YAMUNANAGAR,JAGADHRI,JAGADHRI,Naggal,-,-,-,-,-,-,30.06944444,77.28083333,,30-11-2021 06:00,4.42
2741,2741,Naggal1,CGWB,6,Haryana,76,YAMUNANAGAR,JAGADHRI,JAGADHRI,Naggal,-,-,-,-,-,-,30.06944444,77.28083333,,30-01-2022 07:00,4.44
2742,2742,Naggal1,CGWB,6,Haryana,76,YAMUNANAGAR,JAGADHRI,JAGADHRI,Naggal,-,-,-,-,-,-,30.06944444,77.28083333,,20-05-2022 06:00,5.22
2743,2743,Naggal1,CGWB,6,Haryana,76,YAMUNANAGAR,JAGADHRI,JAGADHRI,Naggal,-,-,-,-,-,-,30.06944444,77.28083333,,01-08-2022 06:00,5.85
2744,2744,Naggal1,CGWB,6,Haryana,76,YAMUNANAGAR,JAGADHRI,JAGADHRI,Naggal,-,-,-,-,-,-,30.06944444,77.28083333,,01-11-2022 06:00,4.7
2745,2745,Naggal1,CGWB,6,Haryana,76,YAMUNANAGAR,JAGADHRI,JAGADHRI,Naggal,-,-,-,-,-,-,30.06944444,77.28083333,,01-01-2023 00:00,4.87
2746,2746,Naggal1,CGWB,6,Haryana,76,YAMUNANAGAR,JAGADHRI,JAGADHRI,Naggal,-,-,-,-,-,-,30.06944444,77.28083333,,01-01-2024 00:00,4.48
2747,2747,Naggal M,CGWB,6,Haryana,76,YAMUNANAGAR,JAGADHRI,JAGADHRI,Naggal M,-,-,-,-,-,-,30.06944444,77.28083333,,10-01-2021 00:00,4.98
2748,2748,Naggal M,CGWB,6,Haryana,76,YAMUNANAGAR,JAGADHRI,JAGADHRI,Naggal M,-,-,-,-,-,-,30.06944444,77.28083333,,31-08-2021 06:00,7.74
2749,2749,Naggal M,CGWB,6,Haryana,76,YAMUNANAGAR,JAGADHRI,JAGADHRI,Naggal M,-,-,-,-,-,-,30.06944444,77.28083333,,30-11-2021 06:00,6.08
2750,2750,Naggal M,CGWB,6,Haryana,76,YAMUNANAGAR,JAGADHRI,JAGADHRI,Naggal M,-,-,-,-,-,-,30.06944444,77.28083333,,30-01-2022 07:00,5.88
2751,2751,Naggal M,CGWB,6,Haryana,76,YAMUNANAGAR,JAGADHRI,JAGADHRI,Naggal M,-,-,-,-,-,-,30.06944444,77.28083333,,20-05-2022 06:00,6.98
2752,2752,Naggal M,CGWB,6,Haryana,76,YAMUNANAGAR,JAGADHRI,JAGADHRI,Naggal M,-,-,-,-,-,-,30.06944444,77.28083333,,01-08-2022 06:00,7.68
2753,2753,Naggal M,CGWB,6,Haryana,76,YAMUNANAGAR,JAGADHRI,JAGADHRI,Naggal M,-,-,-,-,-,-,30.06944444,77.28083333,,01-11-2022 06:00,6.25
2754,2754,Naggal M,CGWB,6,Haryana,76,YAMUNANAGAR,JAGADHRI,JAGADHRI,Naggal M,-,-,-,-,-,-,30.06944444,77.28083333,,01-01-2023 00:00,6.2
2755,2755,Naggal M,CGWB,6,Haryana,76,YAMUNANAGAR,JAGADHRI,JAGADHRI,Naggal M,-,-,-,-,-,-,30.06944444,77.28083333,,01-06-2023 00:00,7.8
2756,2756,Naggal M,CGWB,6,Haryana,76,YAMUNANAGAR,JAGADHRI,JAGADHRI,Naggal M,-,-,-,-,-,-,30.06944444,77.28083333,,20-08-2023 00:00,5.34
2757,2757,Naggal M,CGWB,6,Haryana,76,YAMUNANAGAR,JAGADHRI,JAGADHRI,Naggal M,-,-,-,-,-,-,30.06944444,77.28083333,,01-11-2023 00:00,3.62
2758,2758,Nagina,CGWB,6,Haryana,604,Nuh,FEROZPUR JHIRKA,NAGINA,Nagina,-,-,-,-,-,-,27.91666667,76.98333333,,30-11-2021 06:00,6.79
2759,2759,Nagina,CGWB,6,Haryana,604,Nuh,FEROZPUR JHIRKA,NAGINA,Nagina,-,-,-,-,-,-,27.91666667,76.98333333,,30-01-2022 07:00,7.41
2760,2760,Nagina,CGWB,6,Haryana,604,Nuh,FEROZPUR JHIRKA,NAGINA,Nagina,-,-,-,-,-,-,27.91666667,76.98333333,,20-05-2022 06:00,4
2761,2761,Nagina,CGWB,6,Haryana,604,Nuh,FEROZPUR JHIRKA,NAGINA,Nagina,-,-,-,-,-,-,27.91666667,76.98333333,,01-01-2024 00:00,4.33
2762,2762,Nagpur- Pz,CGWB,6,Haryana,61,FATEHABAD,RATIA,RATIA,Nagpur,-,-,-,-,-,-,29.65,75.425,,20-05-2022 06:00,39.02
2763,2763,Nahar1,CGWB,6,Haryana,72,REWARI,KOSLI,NAHAR,Nahar,-,-,-,-,-,-,28.47361111,76.4,,01-11-2023 00:00,34.1
2764,2764,Nahla,CGWB,6,Haryana,61,FATEHABAD,FATEHABAD,BHUNA,Nahla,-,-,-,-,-,-,29.4375,75.74166667,,31-08-2021 06:00,5.51
2765,2765,Nahla,CGWB,6,Haryana,61,FATEHABAD,FATEHABAD,BHUNA,Nahla,-,-,-,-,-,-,29.4375,75.74166667,,30-01-2022 07:00,4.61
2766,2766,Nahla,CGWB,6,Haryana,61,FATEHABAD,FATEHABAD,BHUNA,Nahla,-,-,-,-,-,-,29.4375,75.74166667,,20-05-2022 06:00,3.91
2767,2767,Nahla,CGWB,6,Haryana,61,FATEHABAD,FATEHABAD,BHUNA,Nahla,-,-,-,-,-,-,29.4375,75.74166667,,01-08-2022 06:00,3.43
2768,2768,Nahla,CGWB,6,Haryana,61,FATEHABAD,FATEHABAD,BHUNA,Nahla,-,-,-,-,-,-,29.4375,75.74166667,,01-11-2022 06:00,3.21
2769,2769,Nahla,CGWB,6,Haryana,61,FATEHABAD,FATEHABAD,BHUNA,Nahla,-,-,-,-,-,-,29.4375,75.74166667,,01-01-2023 00:00,3.41
2770,2770,Nahri,CGWB,6,Haryana,75,SONIPAT,SONIPAT,RAI,Nahri,-,-,-,-,-,-,28.86666667,77.04722222,,10-01-2021 00:00,5.35
2771,2771,Nahri,CGWB,6,Haryana,75,SONIPAT,SONIPAT,RAI,Nahri,-,-,-,-,-,-,28.86666667,77.04722222,,31-08-2021 06:00,2.52
2772,2772,Nahri,CGWB,6,Haryana,75,SONIPAT,SONIPAT,RAI,Nahri,-,-,-,-,-,-,28.86666667,77.04722222,,20-05-2022 06:00,4.75
2773,2773,Nahri,CGWB,6,Haryana,75,SONIPAT,SONIPAT,RAI,Nahri,-,-,-,-,-,-,28.86666667,77.04722222,,01-11-2022 06:00,4.15
2774,2774,Naisi-Pz,CGWB,6,Haryana,68,KURUKSHETRA,PEHOWA,PEHOWA,Naisi,-,-,-,-,-,-,30.07777778,76.64305556,,20-05-2022 06:00,44.48
2775,2775,Nalipur-Pz,CGWB,6,Haryana,67,KARNAL,KARNAL,KARNAL,Nalipur,-,-,-,-,-,-,29.69583333,77.11333333,,20-05-2022 06:00,14.5
2776,2776,Nalvi Kalan-Pz,CGWB,6,Haryana,67,KARNAL,KARNAL,KARNAL,Nalvi Kalan,-,-,-,-,-,-,29.69388889,77.09861111,,10-01-2021 00:00,13.65
2777,2777,Nalvi Kalan-Pz,CGWB,6,Haryana,67,KARNAL,KARNAL,KARNAL,Nalvi Kalan,-,-,-,-,-,-,29.69388889,77.09861111,,31-08-2021 06:00,14.44
2778,2778,Nalvi Kalan-Pz,CGWB,6,Haryana,67,KARNAL,KARNAL,KARNAL,Nalvi Kalan,-,-,-,-,-,-,29.69388889,77.09861111,,30-11-2021 06:00,11.05
2779,2779,Nalvi Kalan-Pz,CGWB,6,Haryana,67,KARNAL,KARNAL,KARNAL,Nalvi Kalan,-,-,-,-,-,-,29.69388889,77.09861111,,30-01-2022 07:00,10.75
2780,2780,Nalvi Kalan-Pz,CGWB,6,Haryana,67,KARNAL,KARNAL,KARNAL,Nalvi Kalan,-,-,-,-,-,-,29.69388889,77.09861111,,20-05-2022 06:00,15.62
2781,2781,Nalvi Kalan-Pz,CGWB,6,Haryana,67,KARNAL,KARNAL,KARNAL,Nalvi Kalan,-,-,-,-,-,-,29.69388889,77.09861111,,01-08-2022 06:00,16.66
2782,2782,Nalvi Kalan-Pz,CGWB,6,Haryana,67,KARNAL,KARNAL,KARNAL,Nalvi Kalan,-,-,-,-,-,-,29.69388889,77.09861111,,01-01-2023 00:00,10.8
2783,2783,Nalvi M,CGWB,6,Haryana,68,KURUKSHETRA,SHAHBAD,SHAHBAD,Nalvi,-,-,-,-,-,-,30.1802,76.7819,259,20-08-2023 00:00,52.48
2784,2784,Nalvi M,CGWB,6,Haryana,68,KURUKSHETRA,SHAHBAD,SHAHBAD,Nalvi,-,-,-,-,-,-,30.1802,76.7819,259,01-11-2023 00:00,50.78
2785,2785,Nalvi M,CGWB,6,Haryana,68,KURUKSHETRA,SHAHBAD,SHAHBAD,Nalvi,-,-,-,-,-,-,30.1802,76.7819,259,01-01-2024 00:00,49.15
2786,2786,Nalvi S,CGWB,6,Haryana,68,KURUKSHETRA,SHAHBAD,SHAHBAD,Nalvi,-,-,-,-,-,-,30.1802,76.7819,259,20-08-2023 00:00,53.11
2787,2787,Nalvi S,CGWB,6,Haryana,68,KURUKSHETRA,SHAHBAD,SHAHBAD,Nalvi,-,-,-,-,-,-,30.1802,76.7819,259,01-11-2023 00:00,49.7
2788,2788,Nalvi S,CGWB,6,Haryana,68,KURUKSHETRA,SHAHBAD,SHAHBAD,Nalvi,-,-,-,-,-,-,30.1802,76.7819,259,01-01-2024 00:00,47.79
2789,2789,Namunda_1,CGWB,6,Haryana,71,PANIPAT,SAMALKHA,-,-,-,-,-,-,-,-,29.240833,76.946111,,01-10-2022 00:00,29.6
2790,2790,Namunda_1,CGWB,6,Haryana,71,PANIPAT,SAMALKHA,-,-,-,-,-,-,-,-,29.240833,76.946111,,20-08-2023 00:00,29.39
2791,2791,Namunda_1,CGWB,6,Haryana,71,PANIPAT,SAMALKHA,-,-,-,-,-,-,-,-,29.240833,76.946111,,01-11-2023 00:00,30.35
2792,2792,Namunda_1,CGWB,6,Haryana,71,PANIPAT,SAMALKHA,-,-,-,-,-,-,-,-,29.240833,76.946111,,01-01-2024 00:00,31.48
2793,2793,Nandal-DW,CGWB,6,Haryana,73,ROHTAK,MAHAM,LAKHAN MAJRA,Nandal,-,-,-,-,-,-,29.01583333,76.48472222,,20-05-2022 06:00,2.21
2794,2794,Nandha-PZ,CGWB,6,Haryana,701,Charkhi Dadri,BADHRA,BADHRA,Nandha,-,-,-,-,-,-,28.44833333,75.94194444,,20-05-2022 06:00,82
2795,2795,Nandpur-Dw,CGWB,6,Haryana,70,PANCHKULA,KALKA,PINJORE,Nandpur-Dw,-,-,-,-,-,-,30.75722222,76.99305556,,30-01-2022 07:00,0.68
2796,2796,Nandpur-Dw,CGWB,6,Haryana,70,PANCHKULA,KALKA,PINJORE,Nandpur-Dw,-,-,-,-,-,-,30.75722222,76.99305556,,01-01-2023 00:00,1.23
2797,2797,Nandpur-Dw,CGWB,6,Haryana,70,PANCHKULA,KALKA,PINJORE,Nandpur-Dw,-,-,-,-,-,-,30.75722222,76.99305556,,01-06-2023 00:00,1.2
2798,2798,Nandpur-Dw,CGWB,6,Haryana,70,PANCHKULA,KALKA,PINJORE,Nandpur-Dw,-,-,-,-,-,-,30.75722222,76.99305556,,01-11-2023 00:00,0.5
2799,2799,Nandpur-Dw,CGWB,6,Haryana,70,PANCHKULA,KALKA,PINJORE,Nandpur-Dw,-,-,-,-,-,-,30.75722222,76.99305556,,01-01-2024 00:00,0.46
2800,2800,Nangal Jat-DW,CGWB,6,Haryana,619,Palwal,HATHIN,HATHIN,Nangal Jat,-,-,-,-,-,-,27.87777778,77.28333333,,20-05-2022 06:00,10.6
2801,2801,Nangal Mundi-DW,CGWB,6,Haryana,72,REWARI,REWARI,JATUSANA,Nangal Mundi,-,-,-,-,-,-,28.26,76.66222222,,20-05-2022 06:00,18
2802,2802,Nangla-Pz-D,CGWB,6,Haryana,61,FATEHABAD,TOHANA,TOHANA,Nangla Gp,-,-,-,-,-,-,29.61722222,75.89138889,,10-01-2021 00:00,14.62
2803,2803,Nangla-Pz-D,CGWB,6,Haryana,61,FATEHABAD,TOHANA,TOHANA,Nangla Gp,-,-,-,-,-,-,29.61722222,75.89138889,,30-01-2022 07:00,14.76
2804,2804,Nangla-Pz-D,CGWB,6,Haryana,61,FATEHABAD,TOHANA,TOHANA,Nangla Gp,-,-,-,-,-,-,29.61722222,75.89138889,,20-05-2022 06:00,14.1
2805,2805,Nangla-Pz-D,CGWB,6,Haryana,61,FATEHABAD,TOHANA,TOHANA,Nangla Gp,-,-,-,-,-,-,29.61722222,75.89138889,,01-08-2022 06:00,14.21
2806,2806,Nangla-Pz-D,CGWB,6,Haryana,61,FATEHABAD,TOHANA,TOHANA,Nangla Gp,-,-,-,-,-,-,29.61722222,75.89138889,,01-11-2022 06:00,14.74
2807,2807,Nangla-Pz-D,CGWB,6,Haryana,61,FATEHABAD,TOHANA,TOHANA,Nangla Gp,-,-,-,-,-,-,29.61722222,75.89138889,,01-01-2023 00:00,14.6
2808,2808,Nangla-Pz-D,CGWB,6,Haryana,61,FATEHABAD,TOHANA,TOHANA,Nangla Gp,-,-,-,-,-,-,29.61722222,75.89138889,,01-11-2023 00:00,16.22
2809,2809,Nangla-Pz-D,CGWB,6,Haryana,61,FATEHABAD,TOHANA,TOHANA,Nangla Gp,-,-,-,-,-,-,29.61722222,75.89138889,,01-01-2024 00:00,15.93
2810,2810,Nangla-Pz-M,CGWB,6,Haryana,61,FATEHABAD,TOHANA,TOHANA,Nangla Gp,-,-,-,-,-,-,29.61722222,75.89138889,,10-01-2021 00:00,10.43
2811,2811,Nangla-Pz-M,CGWB,6,Haryana,61,FATEHABAD,TOHANA,TOHANA,Nangla Gp,-,-,-,-,-,-,29.61722222,75.89138889,,30-01-2022 07:00,9.86
2812,2812,Nangla-Pz-M,CGWB,6,Haryana,61,FATEHABAD,TOHANA,TOHANA,Nangla Gp,-,-,-,-,-,-,29.61722222,75.89138889,,20-05-2022 06:00,13.2
2813,2813,Nangla-Pz-M,CGWB,6,Haryana,61,FATEHABAD,TOHANA,TOHANA,Nangla Gp,-,-,-,-,-,-,29.61722222,75.89138889,,01-08-2022 06:00,13.45
2814,2814,Nangla-Pz-M,CGWB,6,Haryana,61,FATEHABAD,TOHANA,TOHANA,Nangla Gp,-,-,-,-,-,-,29.61722222,75.89138889,,01-11-2022 06:00,10.48
2815,2815,Nangla-Pz-M,CGWB,6,Haryana,61,FATEHABAD,TOHANA,TOHANA,Nangla Gp,-,-,-,-,-,-,29.61722222,75.89138889,,01-01-2023 00:00,9.95
2816,2816,Nangla-Pz-M,CGWB,6,Haryana,61,FATEHABAD,TOHANA,TOHANA,Nangla Gp,-,-,-,-,-,-,29.61722222,75.89138889,,01-11-2023 00:00,12.86
2817,2817,Nangla-Pz-M,CGWB,6,Haryana,61,FATEHABAD,TOHANA,TOHANA,Nangla Gp,-,-,-,-,-,-,29.61722222,75.89138889,,01-01-2024 00:00,12.13
2818,2818,Nangla-Pz-S,CGWB,6,Haryana,61,FATEHABAD,TOHANA,TOHANA,Nangla Gp,-,-,-,-,-,-,29.61722222,75.89138889,,10-01-2021 00:00,8.2
2819,2819,Nangla-Pz-S,CGWB,6,Haryana,61,FATEHABAD,TOHANA,TOHANA,Nangla Gp,-,-,-,-,-,-,29.61722222,75.89138889,,30-01-2022 07:00,7.43
2820,2820,Nangla-Pz-S,CGWB,6,Haryana,61,FATEHABAD,TOHANA,TOHANA,Nangla Gp,-,-,-,-,-,-,29.61722222,75.89138889,,20-05-2022 06:00,8.84
2821,2821,Nangla-Pz-S,CGWB,6,Haryana,61,FATEHABAD,TOHANA,TOHANA,Nangla Gp,-,-,-,-,-,-,29.61722222,75.89138889,,01-08-2022 06:00,7.9
2822,2822,Nangla-Pz-S,CGWB,6,Haryana,61,FATEHABAD,TOHANA,TOHANA,Nangla Gp,-,-,-,-,-,-,29.61722222,75.89138889,,01-11-2022 06:00,7.07
2823,2823,Nangla-Pz-S,CGWB,6,Haryana,61,FATEHABAD,TOHANA,TOHANA,Nangla Gp,-,-,-,-,-,-,29.61722222,75.89138889,,01-01-2023 00:00,7.8
2824,2824,Nangla-Pz-S,CGWB,6,Haryana,61,FATEHABAD,TOHANA,TOHANA,Nangla Gp,-,-,-,-,-,-,29.61722222,75.89138889,,01-06-2023 00:00,9.04
2825,2825,Nangla-Pz-S,CGWB,6,Haryana,61,FATEHABAD,TOHANA,TOHANA,Nangla Gp,-,-,-,-,-,-,29.61722222,75.89138889,,01-11-2023 00:00,21.44
2826,2826,Nangla-Pz-S,CGWB,6,Haryana,61,FATEHABAD,TOHANA,TOHANA,Nangla Gp,-,-,-,-,-,-,29.61722222,75.89138889,,01-01-2024 00:00,8.78
2827,2827,Nanhera,CGWB,6,Haryana,67,KARNAL,INDRI,INDRI,Nanhera,-,-,-,-,-,-,29.86944444,77.09166667,,10-01-2021 00:00,6.61
2828,2828,Nanhera,CGWB,6,Haryana,67,KARNAL,INDRI,INDRI,Nanhera,-,-,-,-,-,-,29.86944444,77.09166667,,31-08-2021 06:00,10.4
2829,2829,Nanhera,CGWB,6,Haryana,67,KARNAL,INDRI,INDRI,Nanhera,-,-,-,-,-,-,29.86944444,77.09166667,,30-11-2021 06:00,7.33
2830,2830,Nanhera,CGWB,6,Haryana,67,KARNAL,INDRI,INDRI,Nanhera,-,-,-,-,-,-,29.86944444,77.09166667,,30-01-2022 07:00,6.97
2831,2831,Nanhera,CGWB,6,Haryana,67,KARNAL,INDRI,INDRI,Nanhera,-,-,-,-,-,-,29.86944444,77.09166667,,20-05-2022 06:00,9.18
2832,2832,Nanhera,CGWB,6,Haryana,67,KARNAL,INDRI,INDRI,Nanhera,-,-,-,-,-,-,29.86944444,77.09166667,,01-08-2022 06:00,9.43
2833,2833,Nanhera,CGWB,6,Haryana,67,KARNAL,INDRI,INDRI,Nanhera,-,-,-,-,-,-,29.86944444,77.09166667,,01-11-2022 06:00,7.02
2834,2834,Nanhera,CGWB,6,Haryana,67,KARNAL,INDRI,INDRI,Nanhera,-,-,-,-,-,-,29.86944444,77.09166667,,01-01-2023 00:00,6.9
2835,2835,Nanhera,CGWB,6,Haryana,67,KARNAL,INDRI,INDRI,Nanhera,-,-,-,-,-,-,29.86944444,77.09166667,,20-08-2023 00:00,7.3
2836,2836,Nanhera,CGWB,6,Haryana,67,KARNAL,INDRI,INDRI,Nanhera,-,-,-,-,-,-,29.86944444,77.09166667,,01-11-2023 00:00,6.54
2837,2837,Nanhera-DW,CGWB,6,Haryana,58,AMBALA,NARAINGARH,NARAINGARH,Nanhera,-,-,-,-,-,-,30.31111111,76.84611111,,20-05-2022 06:00,23.25
2838,2838,Nara,CGWB,6,Haryana,71,PANIPAT,PANIPAT,MADLAUDA,Nara,-,-,-,-,-,-,29.41666667,76.75833333,,20-05-2022 06:00,24
2839,2839,Naraingarh,CGWB,6,Haryana,58,AMBALA,NARAINGARH,NARAINGARH,Naraingarh,-,-,-,-,-,-,30.47083333,77.125,,10-01-2021 00:00,14.62
2840,2840,Naraingarh,CGWB,6,Haryana,58,AMBALA,NARAINGARH,NARAINGARH,Naraingarh,-,-,-,-,-,-,30.47083333,77.125,,30-11-2021 06:00,14.99
2841,2841,Naraingarh,CGWB,6,Haryana,58,AMBALA,NARAINGARH,NARAINGARH,Naraingarh,-,-,-,-,-,-,30.47083333,77.125,,01-08-2022 06:00,15.79
2842,2842,Naraingarh,CGWB,6,Haryana,58,AMBALA,NARAINGARH,NARAINGARH,Naraingarh,-,-,-,-,-,-,30.47083333,77.125,,01-11-2022 06:00,15.16
2843,2843,Naraingarh,CGWB,6,Haryana,58,AMBALA,NARAINGARH,NARAINGARH,Naraingarh,-,-,-,-,-,-,30.47083333,77.125,,20-08-2023 00:00,13.09
2844,2844,Naraingarh,CGWB,6,Haryana,58,AMBALA,NARAINGARH,NARAINGARH,Naraingarh,-,-,-,-,-,-,30.47083333,77.125,,01-01-2024 00:00,13.32
2845,2845,Naraingarh-DW,CGWB,6,Haryana,58,AMBALA,NARAINGARH,NARAINGARH,Naraingarh,-,-,-,-,-,-,30.47083333,77.125,,31-08-2021 06:00,15.9
2846,2846,Naraingarh-DW,CGWB,6,Haryana,58,AMBALA,NARAINGARH,NARAINGARH,Naraingarh,-,-,-,-,-,-,30.47083333,77.125,,30-01-2022 07:00,15.39
2847,2847,Naraingarh-DW,CGWB,6,Haryana,58,AMBALA,NARAINGARH,NARAINGARH,Naraingarh,-,-,-,-,-,-,30.47083333,77.125,,01-06-2023 00:00,16.19
2848,2848,Naraingarh-Pz,CGWB,6,Haryana,58,AMBALA,NARAINGARH,NARAINGARH,Naraingarh,-,-,-,-,-,-,30.46666667,77.11666667,,20-05-2022 06:00,30.79
2849,2849,Naraingarh-Pz,CGWB,6,Haryana,58,AMBALA,NARAINGARH,NARAINGARH,Naraingarh,-,-,-,-,-,-,30.46666667,77.11666667,,01-01-2023 00:00,15.51
2850,2850,Nariana-PZ,CGWB,6,Haryana,71,PANIPAT,SAMALKHA,SAMALKHA,Nariana,-,-,-,-,-,-,29.24583333,76.975,,20-05-2022 06:00,26.95
2851,2851,Narnaud S,CGWB,6,Haryana,63,HISAR,HISSAR,HISSAR - II,Narnaud S,-,-,-,-,-,-,29.11666667,75.56666667,,20-05-2022 06:00,16.35
2852,2852,Narnaud S,CGWB,6,Haryana,63,HISAR,HISSAR,HISSAR - II,Narnaud S,-,-,-,-,-,-,29.11666667,75.56666667,,01-06-2023 00:00,14.45
2853,2853,Narnaud S,CGWB,6,Haryana,63,HISAR,HISSAR,HISSAR - II,Narnaud S,-,-,-,-,-,-,29.11666667,75.56666667,,20-08-2023 00:00,15.22
2854,2854,Narnaud S,CGWB,6,Haryana,63,HISAR,HISSAR,HISSAR - II,Narnaud S,-,-,-,-,-,-,29.11666667,75.56666667,,01-11-2023 00:00,16.6
2855,2855,Narnaul,CGWB,6,Haryana,69,MAHENDRAGARH,NARNAUL,NARNAUL,Narnaul,-,-,-,-,-,-,28.05,76.1125,,10-01-2021 00:00,6.9
2856,2856,Narnaul,CGWB,6,Haryana,69,MAHENDRAGARH,NARNAUL,NARNAUL,Narnaul,-,-,-,-,-,-,28.05,76.1125,,31-08-2021 06:00,5.35
2857,2857,Narnaul,CGWB,6,Haryana,69,MAHENDRAGARH,NARNAUL,NARNAUL,Narnaul,-,-,-,-,-,-,28.05,76.1125,,30-11-2021 06:00,3.37
2858,2858,Narnaul,CGWB,6,Haryana,69,MAHENDRAGARH,NARNAUL,NARNAUL,Narnaul,-,-,-,-,-,-,28.05,76.1125,,30-01-2022 07:00,3.5
2859,2859,Narnaul,CGWB,6,Haryana,69,MAHENDRAGARH,NARNAUL,NARNAUL,Narnaul,-,-,-,-,-,-,28.05,76.1125,,20-05-2022 06:00,3.74
2860,2860,Narnaul,CGWB,6,Haryana,69,MAHENDRAGARH,NARNAUL,NARNAUL,Narnaul,-,-,-,-,-,-,28.05,76.1125,,01-08-2022 06:00,3.49
2861,2861,Narnaul,CGWB,6,Haryana,69,MAHENDRAGARH,NARNAUL,NARNAUL,Narnaul,-,-,-,-,-,-,28.05,76.1125,,01-11-2022 06:00,3.27
2862,2862,Narnaul,CGWB,6,Haryana,69,MAHENDRAGARH,NARNAUL,NARNAUL,Narnaul,-,-,-,-,-,-,28.05,76.1125,,01-01-2023 00:00,5.17
2863,2863,Narnaul,CGWB,6,Haryana,69,MAHENDRAGARH,NARNAUL,NARNAUL,Narnaul,-,-,-,-,-,-,28.05,76.1125,,01-11-2023 00:00,4.7
2864,2864,Narnaul,CGWB,6,Haryana,69,MAHENDRAGARH,NARNAUL,NARNAUL,Narnaul,-,-,-,-,-,-,28.05,76.1125,,01-01-2024 00:00,10.1
2865,2865,Narwana S,CGWB,6,Haryana,65,JIND,NARWANA,NARWANA,Narwana S,-,-,-,-,-,-,29.6,76.125,,20-05-2022 06:00,4
2866,2866,Nasirpur-Pz,CGWB,6,Haryana,58,AMBALA,AMBALA,AMBALA-I,Nasirpur,-,-,-,-,-,-,30.35,76.76666667,,20-05-2022 06:00,2.3
2867,2867,Nasirpur-Pz,CGWB,6,Haryana,67,KARNAL,KARNAL,KARNAL,Nasirpur,-,-,-,-,-,-,29.67222222,77.12777778,,20-05-2022 06:00,9.15
2868,2868,Naultha,CGWB,6,Haryana,71,PANIPAT,ISRANA,ISRANA,Naultha,-,-,-,-,-,-,29.3025,76.89333333,,20-05-2022 06:00,25
2869,2869,Naultha,CGWB,6,Haryana,71,PANIPAT,ISRANA,ISRANA,Naultha,-,-,-,-,-,-,29.3025,76.89333333,,20-08-2023 00:00,39.72
2870,2870,Naultha,CGWB,6,Haryana,71,PANIPAT,ISRANA,ISRANA,Naultha,-,-,-,-,-,-,29.3025,76.89333333,,01-11-2023 00:00,42.2
2871,2871,Newal 1(m),CGWB,6,Haryana,67,KARNAL,KARNAL,KARNAL,Newal 1(m),-,-,-,-,-,-,29.73333333,77.05,,20-05-2022 06:00,17.8
2872,2872,"Nhiv,cgwb",CGWB,6,Haryana,60,FARIDABAD,BALLABGARH,FARIDABAD,"Nhiv,cgwb",-,-,-,-,-,-,28.41805556,77.31388889,,10-01-2021 00:00,68.03
2873,2873,"Nhiv,cgwb",CGWB,6,Haryana,60,FARIDABAD,BALLABGARH,FARIDABAD,"Nhiv,cgwb",-,-,-,-,-,-,28.41805556,77.31388889,,30-01-2022 07:00,80
2874,2874,"Nhiv,cgwb",CGWB,6,Haryana,60,FARIDABAD,BALLABGARH,FARIDABAD,"Nhiv,cgwb",-,-,-,-,-,-,28.41805556,77.31388889,,20-05-2022 06:00,67.73
2875,2875,"Nhiv,cgwb",CGWB,6,Haryana,60,FARIDABAD,BALLABGARH,FARIDABAD,"Nhiv,cgwb",-,-,-,-,-,-,28.41805556,77.31388889,,01-11-2023 00:00,65.9
2876,2876,"Nhiv,cgwb",CGWB,6,Haryana,60,FARIDABAD,BALLABGARH,FARIDABAD,"Nhiv,cgwb",-,-,-,-,-,-,28.41805556,77.31388889,,01-01-2024 00:00,65.11
2877,2877,"Nhiv,cgwb(s)",CGWB,6,Haryana,60,FARIDABAD,BALLABGARH,FARIDABAD,"Nhiv,cgwb(s)",-,-,-,-,-,-,28.41805556,77.31388889,,30-01-2022 07:00,60
2878,2878,Nidhana,CGWB,6,Haryana,73,ROHTAK,MAHAM,MEHAM,Nidhana,-,-,-,-,-,-,29.0125,76.3875,,30-01-2022 07:00,0.88
2879,2879,Nidhana,CGWB,6,Haryana,73,ROHTAK,MAHAM,MEHAM,Nidhana,-,-,-,-,-,-,29.0125,76.3875,,20-05-2022 06:00,2.6
2880,2880,Nikuwana-DW,CGWB,6,Haryana,58,AMBALA,NARAINGARH,SHAHZADPUR,Nikuwana,-,-,-,-,-,-,30.38333333,77.08333333,,20-05-2022 06:00,21.5
2881,2881,Nikuwana-Pz,CGWB,6,Haryana,61,FATEHABAD,RATIA,RATIA,Nikuwana,-,-,-,-,-,-,29.7375,75.63333333,,20-05-2022 06:00,43.59
2882,2882,Nilokheri-Pz,CGWB,6,Haryana,67,KARNAL,NILOKHERI,NILOKHERI,Nilokheri,-,-,-,-,-,-,29.83111111,76.93333333,,20-05-2022 06:00,24.4
2883,2883,Nisang-Pz,CGWB,6,Haryana,67,KARNAL,KARNAL,NISSANG,Nisang,-,-,-,-,-,-,29.69444444,76.75416667,,20-05-2022 06:00,34.2
2884,2884,Nizaimpur,CGWB,6,Haryana,75,SONIPAT,GOHANA,KATHURA,Nizaimpur,-,-,-,-,-,-,29.22916667,76.50555556,,20-05-2022 06:00,3.54
2885,2885,Nizampur,CGWB,6,Haryana,71,PANIPAT,PANIPAT,PANIPAT,Nizampur,-,-,-,-,-,-,29.44583333,76.9875,,20-05-2022 06:00,34.4
2886,2886,Nuh,CGWB,6,Haryana,604,Nuh,NUH,NUH,Nuh,-,-,-,-,-,-,28.10416667,77.00416667,,10-01-2021 00:00,2.67
2887,2887,Nuh,CGWB,6,Haryana,604,Nuh,NUH,NUH,Nuh,-,-,-,-,-,-,28.10416667,77.00416667,,30-11-2021 06:00,2.4
2888,2888,Nuh,CGWB,6,Haryana,604,Nuh,NUH,NUH,Nuh,-,-,-,-,-,-,28.10416667,77.00416667,,30-01-2022 07:00,2.41
2889,2889,Nuh,CGWB,6,Haryana,604,Nuh,NUH,NUH,Nuh,-,-,-,-,-,-,28.10416667,77.00416667,,20-05-2022 06:00,5.55
2890,2890,Nuh1,CGWB,6,Haryana,604,Nuh,NUH,NUH,Tain,-,-,-,-,-,-,28.10416667,77.07083333,,10-01-2021 00:00,0.85
2891,2891,Nuh1,CGWB,6,Haryana,604,Nuh,NUH,NUH,Tain,-,-,-,-,-,-,28.10416667,77.07083333,,30-11-2021 06:00,0.63
2892,2892,Nuh1,CGWB,6,Haryana,604,Nuh,NUH,NUH,Tain,-,-,-,-,-,-,28.10416667,77.07083333,,30-01-2022 07:00,1.97
2893,2893,Nuhian Wali,CGWB,6,Haryana,74,SIRSA,DABWALI,ODHAN,Nuhian Wali,-,-,-,-,-,-,29.75416667,74.85,,10-01-2021 00:00,16.1
2894,2894,Nuhian Wali,CGWB,6,Haryana,74,SIRSA,DABWALI,ODHAN,Nuhian Wali,-,-,-,-,-,-,29.75416667,74.85,,31-08-2021 06:00,7.82
2895,2895,Nuhian Wali,CGWB,6,Haryana,74,SIRSA,DABWALI,ODHAN,Nuhian Wali,-,-,-,-,-,-,29.75416667,74.85,,30-11-2021 06:00,6.64
2896,2896,Nuhian Wali,CGWB,6,Haryana,74,SIRSA,DABWALI,ODHAN,Nuhian Wali,-,-,-,-,-,-,29.75416667,74.85,,30-01-2022 07:00,16.16
2897,2897,Nuhian Wali,CGWB,6,Haryana,74,SIRSA,DABWALI,ODHAN,Nuhian Wali,-,-,-,-,-,-,29.75416667,74.85,,20-05-2022 06:00,4.8
2898,2898,Nuhian Wali,CGWB,6,Haryana,74,SIRSA,DABWALI,ODHAN,Nuhian Wali,-,-,-,-,-,-,29.75416667,74.85,,01-08-2022 06:00,15.8
2899,2899,Nuhian Wali,CGWB,6,Haryana,74,SIRSA,DABWALI,ODHAN,Nuhian Wali,-,-,-,-,-,-,29.75416667,74.85,,01-11-2022 06:00,15.58
2900,2900,Nuhian Wali,CGWB,6,Haryana,74,SIRSA,DABWALI,ODHAN,Nuhian Wali,-,-,-,-,-,-,29.75416667,74.85,,01-01-2023 00:00,15.5
2901,2901,Nuhian Wali,CGWB,6,Haryana,74,SIRSA,DABWALI,ODHAN,Nuhian Wali,-,-,-,-,-,-,29.75416667,74.85,,01-06-2023 00:00,15.45
2902,2902,Nuhian Wali,CGWB,6,Haryana,74,SIRSA,DABWALI,ODHAN,Nuhian Wali,-,-,-,-,-,-,29.75416667,74.85,,20-08-2023 00:00,15.46
2903,2903,Nuhian Wali,CGWB,6,Haryana,74,SIRSA,DABWALI,ODHAN,Nuhian Wali,-,-,-,-,-,-,29.75416667,74.85,,01-11-2023 00:00,15.83
2904,2904,Nuhian Wali,CGWB,6,Haryana,74,SIRSA,DABWALI,ODHAN,Nuhian Wali,-,-,-,-,-,-,29.75416667,74.85,,01-01-2024 00:00,15.11
2905,2905,Odhan Pz,CGWB,6,Haryana,74,SIRSA,DABWALI,ODHAN,Odhan Pz,-,-,-,-,-,-,29.76666667,74.89722222,,10-01-2021 00:00,11.11
2906,2906,Odhan Pz,CGWB,6,Haryana,74,SIRSA,DABWALI,ODHAN,Odhan Pz,-,-,-,-,-,-,29.76666667,74.89722222,,20-05-2022 06:00,15.8
2907,2907,Pachnota-DW,CGWB,6,Haryana,69,MAHENDRAGARH,NARNAUL,NARNAUL,Pachnota,-,-,-,-,-,-,27.89333333,76.005,,20-05-2022 06:00,19.85
2908,2908,Padhana-DW,CGWB,6,Haryana,67,KARNAL,ASSANDH,ASSANDH,Padhana,-,-,-,-,-,-,29.49916667,76.71305556,,20-05-2022 06:00,24.8
2909,2909,Padla 1(s),CGWB,6,Haryana,66,KAITHAL,KAITHAL,KAITHAL,Padla 1(s),-,-,-,-,-,-,29.8,76.3,,10-01-2021 00:00,41.77
2910,2910,Padla 1(s),CGWB,6,Haryana,66,KAITHAL,KAITHAL,KAITHAL,Padla 1(s),-,-,-,-,-,-,29.8,76.3,,30-11-2021 06:00,46.95
2911,2911,Padla 1(s),CGWB,6,Haryana,66,KAITHAL,KAITHAL,KAITHAL,Padla 1(s),-,-,-,-,-,-,29.8,76.3,,20-05-2022 06:00,43.13
2912,2912,Padla 1(s),CGWB,6,Haryana,66,KAITHAL,KAITHAL,KAITHAL,Padla 1(s),-,-,-,-,-,-,29.8,76.3,,01-08-2022 06:00,47.35
2913,2913,Padla 1(s),CGWB,6,Haryana,66,KAITHAL,KAITHAL,KAITHAL,Padla 1(s),-,-,-,-,-,-,29.8,76.3,,01-11-2022 06:00,47.06
2914,2914,Padla 1(s),CGWB,6,Haryana,66,KAITHAL,KAITHAL,KAITHAL,Padla 1(s),-,-,-,-,-,-,29.8,76.3,,01-06-2023 00:00,45.78
2915,2915,Padla 2(d),CGWB,6,Haryana,66,KAITHAL,GULHA,GULHA,Padla 2(d),-,-,-,-,-,-,30.1,76.3,,01-01-2023 00:00,45.92
2916,2916,Padla 2(d),CGWB,6,Haryana,66,KAITHAL,GULHA,GULHA,Padla 2(d),-,-,-,-,-,-,30.1,76.3,,20-08-2023 00:00,48.07
2917,2917,Padla 2(d),CGWB,6,Haryana,66,KAITHAL,GULHA,GULHA,Padla 2(d),-,-,-,-,-,-,30.1,76.3,,01-11-2023 00:00,49.33
2918,2918,Padla 2(d),CGWB,6,Haryana,66,KAITHAL,GULHA,GULHA,Padla 2(d),-,-,-,-,-,-,30.1,76.3,,01-01-2024 00:00,48.12
2919,2919,Padlu-PZ,CGWB,6,Haryana,68,KURUKSHETRA,SHAHBAD,SHAHBAD,Padlu,-,-,-,-,-,-,30.18055556,76.94277778,,20-05-2022 06:00,47.92
2920,2920,Paju Khurd-Ew,CGWB,6,Haryana,65,JIND,SAFIDON,SAFIDON,Paju Khurd-Ew,-,-,-,-,-,-,29.44222222,76.62666667,,20-05-2022 06:00,21.6
2921,2921,Pali-DW,CGWB,6,Haryana,63,HISAR,NARNAUD,NARNAUD,Pali,-,-,-,-,-,-,29.17083333,76.08055556,,20-05-2022 06:00,10.97
2922,2922,Pali-Pz,CGWB,6,Haryana,72,REWARI,REWARI,KHOL,Pali,-,-,-,-,-,-,28.16555556,76.45611111,,20-05-2022 06:00,54.25
2923,2923,Palra_1,CGWB,6,Haryana,75,SONIPAT,-,-,-,-,-,-,-,-,-,29.014337,77.158784,,01-10-2022 00:00,5.86
2924,2924,Palra_1,CGWB,6,Haryana,75,SONIPAT,-,-,-,-,-,-,-,-,-,29.014337,77.158784,,01-11-2023 00:00,7.5
2925,2925,Palra_1,CGWB,6,Haryana,75,SONIPAT,-,-,-,-,-,-,-,-,-,29.014337,77.158784,,01-01-2024 00:00,6.32
2926,2926,Palwal,CGWB,6,Haryana,619,Palwal,PALWAL,PALWAL,Palwal,-,-,-,-,-,-,28.15,77.325,,10-01-2021 00:00,7.37
2927,2927,Palwal,CGWB,6,Haryana,619,Palwal,PALWAL,PALWAL,Palwal,-,-,-,-,-,-,28.15,77.325,,30-11-2021 06:00,7.65
2928,2928,Palwal,CGWB,6,Haryana,619,Palwal,PALWAL,PALWAL,Palwal,-,-,-,-,-,-,28.15,77.325,,30-01-2022 07:00,8.27
2929,2929,Palwal,CGWB,6,Haryana,619,Palwal,PALWAL,PALWAL,Palwal,-,-,-,-,-,-,28.15,77.325,,20-05-2022 06:00,6.54
2930,2930,Palwal1,CGWB,6,Haryana,619,Palwal,PALWAL,PALWAL,Palwal,-,-,-,-,-,-,28.15,77.325,,31-08-2021 06:00,11.53
2931,2931,Palwal1,CGWB,6,Haryana,619,Palwal,PALWAL,PALWAL,Palwal,-,-,-,-,-,-,28.15,77.325,,30-11-2021 06:00,10.74
2932,2932,Palwal1,CGWB,6,Haryana,619,Palwal,PALWAL,PALWAL,Palwal,-,-,-,-,-,-,28.15,77.325,,20-05-2022 06:00,10.65
2933,2933,Palwal1,CGWB,6,Haryana,619,Palwal,PALWAL,PALWAL,Palwal,-,-,-,-,-,-,28.15,77.325,,01-08-2022 06:00,10.81
2934,2934,Palwal1,CGWB,6,Haryana,619,Palwal,PALWAL,PALWAL,Palwal,-,-,-,-,-,-,28.15,77.325,,01-01-2023 00:00,11.14
2935,2935,Palwal1,CGWB,6,Haryana,619,Palwal,PALWAL,PALWAL,Palwal,-,-,-,-,-,-,28.15,77.325,,20-08-2023 00:00,11.47
2936,2936,Palwal1,CGWB,6,Haryana,619,Palwal,PALWAL,PALWAL,Palwal,-,-,-,-,-,-,28.15,77.325,,01-11-2023 00:00,11.47
2937,2937,Panjokhra,CGWB,6,Haryana,58,AMBALA,AMBALA,AMBALA-I,Panjokhra,-,-,-,-,-,-,30.40833333,76.84583333,,10-01-2021 00:00,5.83
2938,2938,Panjokhra,CGWB,6,Haryana,58,AMBALA,AMBALA,AMBALA-I,Panjokhra,-,-,-,-,-,-,30.40833333,76.84583333,,31-08-2021 06:00,5.65
2939,2939,Panjokhra,CGWB,6,Haryana,58,AMBALA,AMBALA,AMBALA-I,Panjokhra,-,-,-,-,-,-,30.40833333,76.84583333,,30-11-2021 06:00,7.4
2940,2940,Panjokhra,CGWB,6,Haryana,58,AMBALA,AMBALA,AMBALA-I,Panjokhra,-,-,-,-,-,-,30.40833333,76.84583333,,30-01-2022 07:00,7.73
2941,2941,Panjokhra,CGWB,6,Haryana,58,AMBALA,AMBALA,AMBALA-I,Panjokhra,-,-,-,-,-,-,30.40833333,76.84583333,,20-05-2022 06:00,6.45
2942,2942,Panjokhra,CGWB,6,Haryana,58,AMBALA,AMBALA,AMBALA-I,Panjokhra,-,-,-,-,-,-,30.40833333,76.84583333,,01-08-2022 06:00,7.21
2943,2943,Panjokhra,CGWB,6,Haryana,58,AMBALA,AMBALA,AMBALA-I,Panjokhra,-,-,-,-,-,-,30.40833333,76.84583333,,01-11-2022 06:00,7.01
2944,2944,Panjokhra,CGWB,6,Haryana,58,AMBALA,AMBALA,AMBALA-I,Panjokhra,-,-,-,-,-,-,30.40833333,76.84583333,,01-01-2023 00:00,6.83
2945,2945,Panjokhra,CGWB,6,Haryana,58,AMBALA,AMBALA,AMBALA-I,Panjokhra,-,-,-,-,-,-,30.40833333,76.84583333,,01-06-2023 00:00,7.06
2946,2946,Panjokhra,CGWB,6,Haryana,58,AMBALA,AMBALA,AMBALA-I,Panjokhra,-,-,-,-,-,-,30.40833333,76.84583333,,20-08-2023 00:00,3.53
2947,2947,Panjokhra,CGWB,6,Haryana,58,AMBALA,AMBALA,AMBALA-I,Panjokhra,-,-,-,-,-,-,30.40833333,76.84583333,,01-11-2023 00:00,3.83
2948,2948,Panjokhra,CGWB,6,Haryana,58,AMBALA,AMBALA,AMBALA-I,Panjokhra,-,-,-,-,-,-,30.40833333,76.84583333,,01-01-2024 00:00,3.74
2949,2949,Panniwala Mota,CGWB,6,Haryana,74,SIRSA,DABWALI,ODHAN,Panniwala Mota,-,-,-,-,-,-,29.78472222,74.9125,,10-01-2021 00:00,10.42
2950,2950,Panniwala Mota,CGWB,6,Haryana,74,SIRSA,DABWALI,ODHAN,Panniwala Mota,-,-,-,-,-,-,29.78472222,74.9125,,31-08-2021 06:00,11.78
2951,2951,Panniwala Mota,CGWB,6,Haryana,74,SIRSA,DABWALI,ODHAN,Panniwala Mota,-,-,-,-,-,-,29.78472222,74.9125,,30-11-2021 06:00,10.44
2952,2952,Panniwala Mota,CGWB,6,Haryana,74,SIRSA,DABWALI,ODHAN,Panniwala Mota,-,-,-,-,-,-,29.78472222,74.9125,,20-05-2022 06:00,11.9
2953,2953,Panniwala Mota,CGWB,6,Haryana,74,SIRSA,DABWALI,ODHAN,Panniwala Mota,-,-,-,-,-,-,29.78472222,74.9125,,01-08-2022 06:00,8
2954,2954,Panniwala Mota,CGWB,6,Haryana,74,SIRSA,DABWALI,ODHAN,Panniwala Mota,-,-,-,-,-,-,29.78472222,74.9125,,01-11-2022 06:00,10.38
2955,2955,Panniwala Mota,CGWB,6,Haryana,74,SIRSA,DABWALI,ODHAN,Panniwala Mota,-,-,-,-,-,-,29.78472222,74.9125,,01-01-2023 00:00,11.21
2956,2956,Panniwala Mota,CGWB,6,Haryana,74,SIRSA,DABWALI,ODHAN,Panniwala Mota,-,-,-,-,-,-,29.78472222,74.9125,,01-06-2023 00:00,6.13
2957,2957,Panniwala Mota,CGWB,6,Haryana,74,SIRSA,DABWALI,ODHAN,Panniwala Mota,-,-,-,-,-,-,29.78472222,74.9125,,20-08-2023 00:00,5.39
2958,2958,Panniwala Mota,CGWB,6,Haryana,74,SIRSA,DABWALI,ODHAN,Panniwala Mota,-,-,-,-,-,-,29.78472222,74.9125,,01-11-2023 00:00,5.75
2959,2959,Panniwala Mota,CGWB,6,Haryana,74,SIRSA,DABWALI,ODHAN,Panniwala Mota,-,-,-,-,-,-,29.78472222,74.9125,,01-01-2024 00:00,10.94
2960,2960,Parwala,CGWB,6,Haryana,70,PANCHKULA,PANCHKULA,BARWALA,Parwala,-,-,-,-,-,-,30.64166667,77.00833333,,10-01-2021 00:00,17.92
2961,2961,Parwala,CGWB,6,Haryana,70,PANCHKULA,PANCHKULA,BARWALA,Parwala,-,-,-,-,-,-,30.64166667,77.00833333,,31-08-2021 06:00,23.1
2962,2962,Parwala,CGWB,6,Haryana,70,PANCHKULA,PANCHKULA,BARWALA,Parwala,-,-,-,-,-,-,30.64166667,77.00833333,,30-11-2021 06:00,17.7
2963,2963,Parwala,CGWB,6,Haryana,70,PANCHKULA,PANCHKULA,BARWALA,Parwala,-,-,-,-,-,-,30.64166667,77.00833333,,30-01-2022 07:00,17.45
2964,2964,Parwala,CGWB,6,Haryana,70,PANCHKULA,PANCHKULA,BARWALA,Parwala,-,-,-,-,-,-,30.64166667,77.00833333,,20-05-2022 06:00,17.52
2965,2965,Parwala,CGWB,6,Haryana,70,PANCHKULA,PANCHKULA,BARWALA,Parwala,-,-,-,-,-,-,30.64166667,77.00833333,,01-08-2022 06:00,16.8
2966,2966,Parwala,CGWB,6,Haryana,70,PANCHKULA,PANCHKULA,BARWALA,Parwala,-,-,-,-,-,-,30.64166667,77.00833333,,01-11-2022 06:00,16.77
2967,2967,Parwala,CGWB,6,Haryana,70,PANCHKULA,PANCHKULA,BARWALA,Parwala,-,-,-,-,-,-,30.64166667,77.00833333,,01-01-2023 00:00,16.85
2968,2968,Parwala,CGWB,6,Haryana,70,PANCHKULA,PANCHKULA,BARWALA,Parwala,-,-,-,-,-,-,30.64166667,77.00833333,,01-06-2023 00:00,18.13
2969,2969,Parwala,CGWB,6,Haryana,70,PANCHKULA,PANCHKULA,BARWALA,Parwala,-,-,-,-,-,-,30.64166667,77.00833333,,01-11-2023 00:00,15.49
2970,2970,Parwala,CGWB,6,Haryana,70,PANCHKULA,PANCHKULA,BARWALA,Parwala,-,-,-,-,-,-,30.64166667,77.00833333,,01-01-2024 00:00,15.62
2971,2971,Pataudi Kalan PZM,CGWB,6,Haryana,59,BHIWANI,TOSHAM,TOSHAM,Patudi Kalan Pzm,-,-,-,-,-,-,28.79722222,75.80833333,,20-05-2022 06:00,18.8
2972,2972,Pataudi Khurd,CGWB,6,Haryana,59,BHIWANI,TOSHAM,TOSHAM,Pataudi Khurd,-,-,-,-,-,-,28.79722222,75.80833333,,10-01-2021 00:00,13.65
2973,2973,Pataudi Khurd,CGWB,6,Haryana,59,BHIWANI,TOSHAM,TOSHAM,Pataudi Khurd,-,-,-,-,-,-,28.79722222,75.80833333,,31-08-2021 06:00,15.03
2974,2974,Pataudi Khurd,CGWB,6,Haryana,59,BHIWANI,TOSHAM,TOSHAM,Pataudi Khurd,-,-,-,-,-,-,28.79722222,75.80833333,,30-11-2021 06:00,14.48
2975,2975,Pataudi Khurd,CGWB,6,Haryana,59,BHIWANI,TOSHAM,TOSHAM,Pataudi Khurd,-,-,-,-,-,-,28.79722222,75.80833333,,30-01-2022 07:00,14.11
2976,2976,Pataudi Khurd,CGWB,6,Haryana,59,BHIWANI,TOSHAM,TOSHAM,Pataudi Khurd,-,-,-,-,-,-,28.79722222,75.80833333,,20-05-2022 06:00,14.8
2977,2977,Pataudi Khurd,CGWB,6,Haryana,59,BHIWANI,TOSHAM,TOSHAM,Pataudi Khurd,-,-,-,-,-,-,28.79722222,75.80833333,,01-08-2022 06:00,13.68
2978,2978,Pataudi Khurd,CGWB,6,Haryana,59,BHIWANI,TOSHAM,TOSHAM,Pataudi Khurd,-,-,-,-,-,-,28.79722222,75.80833333,,01-11-2022 06:00,13.75
2979,2979,Pataudi Khurd,CGWB,6,Haryana,59,BHIWANI,TOSHAM,TOSHAM,Pataudi Khurd,-,-,-,-,-,-,28.79722222,75.80833333,,01-01-2023 00:00,14.2
2980,2980,Pataudi Khurd,CGWB,6,Haryana,59,BHIWANI,TOSHAM,TOSHAM,Pataudi Khurd,-,-,-,-,-,-,28.79722222,75.80833333,,01-06-2023 00:00,13.2
2981,2981,Pataudi Khurd,CGWB,6,Haryana,59,BHIWANI,TOSHAM,TOSHAM,Pataudi Khurd,-,-,-,-,-,-,28.79722222,75.80833333,,20-08-2023 00:00,14.21
2982,2982,Pataudi Khurd,CGWB,6,Haryana,59,BHIWANI,TOSHAM,TOSHAM,Pataudi Khurd,-,-,-,-,-,-,28.79722222,75.80833333,,01-11-2023 00:00,14.08
2983,2983,Pataudi-Pz,CGWB,6,Haryana,62,GURUGRAM,PATAUDI,PATAUDI,Pataudi,-,-,-,-,-,-,28.3375,76.75416667,,20-05-2022 06:00,41.65
2984,2984,Pathargarh,CGWB,6,Haryana,71,PANIPAT,SAMALKHA,-,-,-,-,-,-,-,-,29.444167,77.103056,,01-10-2022 00:00,8.92
2985,2985,Pathargarh,CGWB,6,Haryana,71,PANIPAT,SAMALKHA,-,-,-,-,-,-,-,-,29.444167,77.103056,,20-08-2023 00:00,8.94
2986,2986,Pathargarh,CGWB,6,Haryana,71,PANIPAT,SAMALKHA,-,-,-,-,-,-,-,-,29.444167,77.103056,,01-11-2023 00:00,8.99
2987,2987,Pathargarh,CGWB,6,Haryana,71,PANIPAT,SAMALKHA,-,-,-,-,-,-,-,-,29.444167,77.103056,,01-01-2024 00:00,7.61
2988,2988,Patti Kalyana M,CGWB,6,Haryana,71,PANIPAT,SAMALKHA,SAMALKHA,Patti Kalyana M,-,-,-,-,-,-,29.20972222,77.02777778,,10-01-2021 00:00,35.72
2989,2989,Patti Kalyana M,CGWB,6,Haryana,71,PANIPAT,SAMALKHA,SAMALKHA,Patti Kalyana M,-,-,-,-,-,-,29.20972222,77.02777778,,31-08-2021 06:00,38.33
2990,2990,Patti Kalyana M,CGWB,6,Haryana,71,PANIPAT,SAMALKHA,SAMALKHA,Patti Kalyana M,-,-,-,-,-,-,29.20972222,77.02777778,,20-05-2022 06:00,33.95
2991,2991,Patti Kalyana M,CGWB,6,Haryana,71,PANIPAT,SAMALKHA,SAMALKHA,Patti Kalyana M,-,-,-,-,-,-,29.20972222,77.02777778,,01-08-2022 06:00,33.47
2992,2992,Patti Kalyana M,CGWB,6,Haryana,71,PANIPAT,SAMALKHA,SAMALKHA,Patti Kalyana M,-,-,-,-,-,-,29.20972222,77.02777778,,01-10-2022 00:00,36.79
2993,2993,Patti Kalyana M,CGWB,6,Haryana,71,PANIPAT,SAMALKHA,SAMALKHA,Patti Kalyana M,-,-,-,-,-,-,29.20972222,77.02777778,,01-11-2022 06:00,37.7
2994,2994,Patti Kalyana M,CGWB,6,Haryana,71,PANIPAT,SAMALKHA,SAMALKHA,Patti Kalyana M,-,-,-,-,-,-,29.20972222,77.02777778,,20-08-2023 00:00,37.27
2995,2995,Patti Kalyana M,CGWB,6,Haryana,71,PANIPAT,SAMALKHA,SAMALKHA,Patti Kalyana M,-,-,-,-,-,-,29.20972222,77.02777778,,01-11-2023 00:00,37.03
2996,2996,Patti Kalyana S,CGWB,6,Haryana,71,PANIPAT,SAMALKHA,SAMALKHA,Patti Kalyana S,-,-,-,-,-,-,29.20972222,77.02777778,,10-01-2021 00:00,40.63
2997,2997,Patti Kalyana S,CGWB,6,Haryana,71,PANIPAT,SAMALKHA,SAMALKHA,Patti Kalyana S,-,-,-,-,-,-,29.20972222,77.02777778,,01-10-2022 00:00,37.67
2998,2998,Patti Kalyana S,CGWB,6,Haryana,71,PANIPAT,SAMALKHA,SAMALKHA,Patti Kalyana S,-,-,-,-,-,-,29.20972222,77.02777778,,01-11-2023 00:00,38.06
2999,2999,Patti Kalyana S,CGWB,6,Haryana,71,PANIPAT,SAMALKHA,SAMALKHA,Patti Kalyana S,-,-,-,-,-,-,29.20972222,77.02777778,,01-01-2024 00:00,38.06
3000,3000,Patvi,CGWB,6,Haryana,58,AMBALA,NARAINGARH,SHAHZADPUR,Patvi,-,-,-,-,-,-,30.43444444,76.955,,20-05-2022 06:00,20.8
3001,3001,Patwi,CGWB,6,Haryana,70,PANCHKULA,PANCHKULA,BARWALA,Patwi,-,-,-,-,-,-,30.46944444,76.93888889,,10-01-2021 00:00,10.93
3002,3002,Patwi,CGWB,6,Haryana,70,PANCHKULA,PANCHKULA,BARWALA,Patwi,-,-,-,-,-,-,30.46944444,76.93888889,,31-08-2021 06:00,13
3003,3003,Patwi,CGWB,6,Haryana,70,PANCHKULA,PANCHKULA,BARWALA,Patwi,-,-,-,-,-,-,30.46944444,76.93888889,,30-11-2021 06:00,11.05
3004,3004,Patwi,CGWB,6,Haryana,70,PANCHKULA,PANCHKULA,BARWALA,Patwi,-,-,-,-,-,-,30.46944444,76.93888889,,30-01-2022 07:00,11.96
3005,3005,Patwi,CGWB,6,Haryana,70,PANCHKULA,PANCHKULA,BARWALA,Patwi,-,-,-,-,-,-,30.46944444,76.93888889,,20-05-2022 06:00,11.12
3006,3006,Patwi,CGWB,6,Haryana,70,PANCHKULA,PANCHKULA,BARWALA,Patwi,-,-,-,-,-,-,30.46944444,76.93888889,,01-08-2022 06:00,10.93
3007,3007,Patwi,CGWB,6,Haryana,70,PANCHKULA,PANCHKULA,BARWALA,Patwi,-,-,-,-,-,-,30.46944444,76.93888889,,01-11-2022 06:00,9.07
3008,3008,Patwi,CGWB,6,Haryana,70,PANCHKULA,PANCHKULA,BARWALA,Patwi,-,-,-,-,-,-,30.46944444,76.93888889,,01-01-2023 00:00,9.7
3009,3009,Patwi,CGWB,6,Haryana,70,PANCHKULA,PANCHKULA,BARWALA,Patwi,-,-,-,-,-,-,30.46944444,76.93888889,,01-06-2023 00:00,10.39
3010,3010,Patwi,CGWB,6,Haryana,70,PANCHKULA,PANCHKULA,BARWALA,Patwi,-,-,-,-,-,-,30.46944444,76.93888889,,01-11-2023 00:00,6.5
3011,3011,Patwi,CGWB,6,Haryana,70,PANCHKULA,PANCHKULA,BARWALA,Patwi,-,-,-,-,-,-,30.46944444,76.93888889,,01-01-2024 00:00,8.73
3012,3012,Pehladgarh-DW,CGWB,6,Haryana,59,BHIWANI,BHIWANI,BHIWANI,Pehladgarh,-,-,-,-,-,-,28.67361111,76.14444444,,20-05-2022 06:00,6.6
3013,3013,Pehladpur-Pz,CGWB,6,Haryana,619,Palwal,PALWAL,PALWAL,Pehladpur,-,-,-,-,-,-,28.0225,77.17666667,,10-01-2021 00:00,7.77
3014,3014,Pehladpur-Pz,CGWB,6,Haryana,619,Palwal,PALWAL,PALWAL,Pehladpur,-,-,-,-,-,-,28.0225,77.17666667,,31-08-2021 06:00,7.86
3015,3015,Pehladpur-Pz,CGWB,6,Haryana,619,Palwal,PALWAL,PALWAL,Pehladpur,-,-,-,-,-,-,28.0225,77.17666667,,30-11-2021 06:00,6.01
3016,3016,Pehladpur-Pz,CGWB,6,Haryana,619,Palwal,PALWAL,PALWAL,Pehladpur,-,-,-,-,-,-,28.0225,77.17666667,,30-01-2022 07:00,6.6
3017,3017,Pehladpur-Pz,CGWB,6,Haryana,619,Palwal,PALWAL,PALWAL,Pehladpur,-,-,-,-,-,-,28.0225,77.17666667,,20-05-2022 06:00,8.45
3018,3018,Pehladpur-Pz,CGWB,6,Haryana,619,Palwal,PALWAL,PALWAL,Pehladpur,-,-,-,-,-,-,28.0225,77.17666667,,01-08-2022 06:00,7.27
3019,3019,Pehladpur-Pz,CGWB,6,Haryana,619,Palwal,PALWAL,PALWAL,Pehladpur,-,-,-,-,-,-,28.0225,77.17666667,,01-11-2022 06:00,6.07
3020,3020,Pehladpur-Pz,CGWB,6,Haryana,619,Palwal,PALWAL,PALWAL,Pehladpur,-,-,-,-,-,-,28.0225,77.17666667,,01-01-2023 00:00,7.27
3021,3021,Pehladpur-Pz,CGWB,6,Haryana,619,Palwal,PALWAL,PALWAL,Pehladpur,-,-,-,-,-,-,28.0225,77.17666667,,01-06-2023 00:00,8.95
3022,3022,Pehladpur-Pz,CGWB,6,Haryana,619,Palwal,PALWAL,PALWAL,Pehladpur,-,-,-,-,-,-,28.0225,77.17666667,,20-08-2023 00:00,6.03
3023,3023,Pehladpur-Pz,CGWB,6,Haryana,619,Palwal,PALWAL,PALWAL,Pehladpur,-,-,-,-,-,-,28.0225,77.17666667,,01-11-2023 00:00,5.73
3024,3024,Pehladpur-Pz,CGWB,6,Haryana,619,Palwal,PALWAL,PALWAL,Pehladpur,-,-,-,-,-,-,28.0225,77.17666667,,01-01-2024 00:00,6.52
3025,3025,Pehowa 2(m),CGWB,6,Haryana,68,KURUKSHETRA,PEHOWA,PEHOWA,Pehowa 2(m),-,-,-,-,-,-,29.98333333,76.58055556,,10-01-2021 00:00,43.02
3026,3026,Pehowa 2(m),CGWB,6,Haryana,68,KURUKSHETRA,PEHOWA,PEHOWA,Pehowa 2(m),-,-,-,-,-,-,29.98333333,76.58055556,,30-11-2021 06:00,43.65
3027,3027,Pehowa 2(m),CGWB,6,Haryana,68,KURUKSHETRA,PEHOWA,PEHOWA,Pehowa 2(m),-,-,-,-,-,-,29.98333333,76.58055556,,30-01-2022 07:00,42.69
3028,3028,Pehowa 2(m),CGWB,6,Haryana,68,KURUKSHETRA,PEHOWA,PEHOWA,Pehowa 2(m),-,-,-,-,-,-,29.98333333,76.58055556,,20-05-2022 06:00,45.32
3029,3029,Pehowa 2(m),CGWB,6,Haryana,68,KURUKSHETRA,PEHOWA,PEHOWA,Pehowa 2(m),-,-,-,-,-,-,29.98333333,76.58055556,,01-08-2022 06:00,45.2
3030,3030,Pehowa 2(m),CGWB,6,Haryana,68,KURUKSHETRA,PEHOWA,PEHOWA,Pehowa 2(m),-,-,-,-,-,-,29.98333333,76.58055556,,01-11-2022 06:00,44.85
3031,3031,Pehowa 2(m),CGWB,6,Haryana,68,KURUKSHETRA,PEHOWA,PEHOWA,Pehowa 2(m),-,-,-,-,-,-,29.98333333,76.58055556,,01-01-2023 00:00,43.53
3032,3032,Pehowa 2(m),CGWB,6,Haryana,68,KURUKSHETRA,PEHOWA,PEHOWA,Pehowa 2(m),-,-,-,-,-,-,29.98333333,76.58055556,,20-08-2023 00:00,48.74
3033,3033,Pehowa 2(m),CGWB,6,Haryana,68,KURUKSHETRA,PEHOWA,PEHOWA,Pehowa 2(m),-,-,-,-,-,-,29.98333333,76.58055556,,01-11-2023 00:00,43.95
3034,3034,Pehowa (D),CGWB,6,Haryana,68,KURUKSHETRA,PEHOWA,PEHOWA,Pehowa 1(m),-,-,-,-,-,-,29.98333333,76.58055556,,31-08-2021 06:00,47.67
3035,3035,Pehowa (D),CGWB,6,Haryana,68,KURUKSHETRA,PEHOWA,PEHOWA,Pehowa 1(m),-,-,-,-,-,-,29.98333333,76.58055556,,30-11-2021 06:00,45.05
3036,3036,Pehowa (D),CGWB,6,Haryana,68,KURUKSHETRA,PEHOWA,PEHOWA,Pehowa 1(m),-,-,-,-,-,-,29.98333333,76.58055556,,30-01-2022 07:00,43.68
3037,3037,Pehowa (D),CGWB,6,Haryana,68,KURUKSHETRA,PEHOWA,PEHOWA,Pehowa 1(m),-,-,-,-,-,-,29.98333333,76.58055556,,20-05-2022 06:00,41.63
3038,3038,Pehowa (D),CGWB,6,Haryana,68,KURUKSHETRA,PEHOWA,PEHOWA,Pehowa 1(m),-,-,-,-,-,-,29.98333333,76.58055556,,01-08-2022 06:00,46.42
3039,3039,Pehowa (D),CGWB,6,Haryana,68,KURUKSHETRA,PEHOWA,PEHOWA,Pehowa 1(m),-,-,-,-,-,-,29.98333333,76.58055556,,01-11-2022 06:00,44.65
3040,3040,Pehowa (D),CGWB,6,Haryana,68,KURUKSHETRA,PEHOWA,PEHOWA,Pehowa 1(m),-,-,-,-,-,-,29.98333333,76.58055556,,01-01-2023 00:00,43.12
3041,3041,Pehowa (D),CGWB,6,Haryana,68,KURUKSHETRA,PEHOWA,PEHOWA,Pehowa 1(m),-,-,-,-,-,-,29.98333333,76.58055556,,01-11-2023 00:00,34.96
3042,3042,Pelak-Pz,CGWB,6,Haryana,619,Palwal,PALWAL,PALWAL,Pelak,-,-,-,-,-,-,28.15555556,77.42638889,,31-08-2021 06:00,26.2
3043,3043,Pelak-Pz,CGWB,6,Haryana,619,Palwal,PALWAL,PALWAL,Pelak,-,-,-,-,-,-,28.15555556,77.42638889,,20-05-2022 06:00,21.67
3044,3044,Pelak-Pz,CGWB,6,Haryana,619,Palwal,PALWAL,PALWAL,Pelak,-,-,-,-,-,-,28.15555556,77.42638889,,01-08-2022 06:00,22.87
3045,3045,Pelak-Pz,CGWB,6,Haryana,619,Palwal,PALWAL,PALWAL,Pelak,-,-,-,-,-,-,28.15555556,77.42638889,,01-11-2022 06:00,22.8
3046,3046,Pelak-Pz,CGWB,6,Haryana,619,Palwal,PALWAL,PALWAL,Pelak,-,-,-,-,-,-,28.15555556,77.42638889,,01-01-2023 00:00,22.87
3047,3047,Peoda_Pz,CGWB,6,Haryana,66,KAITHAL,KAITHAL,KAITHAL,Peoda,-,-,-,-,-,-,29.74722222,76.41666667,,31-08-2021 06:00,23.5
3048,3048,Peoda_Pz,CGWB,6,Haryana,66,KAITHAL,KAITHAL,KAITHAL,Peoda,-,-,-,-,-,-,29.74722222,76.41666667,,20-05-2022 06:00,16.68
3049,3049,Petwar-DW,CGWB,6,Haryana,63,HISAR,NARNAUD,NARNAUD,Petwar,-,-,-,-,-,-,29.16944444,76.16388889,,20-05-2022 06:00,7.2
3050,3050,Phaggu-Pz,CGWB,6,Haryana,74,SIRSA,DABWALI,BARAGUDHA,Phaggu,-,-,-,-,-,-,29.62222222,75.02222222,,10-01-2021 00:00,4.8
3051,3051,Phaggu-Pz,CGWB,6,Haryana,74,SIRSA,DABWALI,BARAGUDHA,Phaggu,-,-,-,-,-,-,29.62222222,75.02222222,,31-08-2021 06:00,5.6
3052,3052,Phaggu-Pz,CGWB,6,Haryana,74,SIRSA,DABWALI,BARAGUDHA,Phaggu,-,-,-,-,-,-,29.62222222,75.02222222,,30-11-2021 06:00,4.58
3053,3053,Phaggu-Pz,CGWB,6,Haryana,74,SIRSA,DABWALI,BARAGUDHA,Phaggu,-,-,-,-,-,-,29.62222222,75.02222222,,30-01-2022 07:00,5.12
3054,3054,Phaggu-Pz,CGWB,6,Haryana,74,SIRSA,DABWALI,BARAGUDHA,Phaggu,-,-,-,-,-,-,29.62222222,75.02222222,,20-05-2022 06:00,5.2
3055,3055,Phaggu-Pz,CGWB,6,Haryana,74,SIRSA,DABWALI,BARAGUDHA,Phaggu,-,-,-,-,-,-,29.62222222,75.02222222,,01-08-2022 06:00,4.7
3056,3056,Phaggu-Pz,CGWB,6,Haryana,74,SIRSA,DABWALI,BARAGUDHA,Phaggu,-,-,-,-,-,-,29.62222222,75.02222222,,01-11-2022 06:00,4.79
3057,3057,Phaggu-Pz,CGWB,6,Haryana,74,SIRSA,DABWALI,BARAGUDHA,Phaggu,-,-,-,-,-,-,29.62222222,75.02222222,,01-01-2023 00:00,5.05
3058,3058,Phaggu-Pz,CGWB,6,Haryana,74,SIRSA,DABWALI,BARAGUDHA,Phaggu,-,-,-,-,-,-,29.62222222,75.02222222,,01-11-2023 00:00,5.69
3059,3059,Phaggu-Pz,CGWB,6,Haryana,74,SIRSA,DABWALI,BARAGUDHA,Phaggu,-,-,-,-,-,-,29.62222222,75.02222222,,01-01-2024 00:00,5.52
3060,3060,Phulwari-DW,CGWB,6,Haryana,619,Palwal,HODAL,HODAL,Phulwari,-,-,-,-,-,-,28.07222222,77.325,,20-05-2022 06:00,13.05
3061,3061,Phurlak M,CGWB,6,Haryana,67,KARNAL,GHARAUNDA,GHARAUNDA,Phurlak M,-,-,-,-,-,-,29.55,76.93333333,,10-01-2021 00:00,23.44
3062,3062,Phurlak M,CGWB,6,Haryana,67,KARNAL,GHARAUNDA,GHARAUNDA,Phurlak M,-,-,-,-,-,-,29.55,76.93333333,,31-08-2021 06:00,24.86
3063,3063,Phurlak M,CGWB,6,Haryana,67,KARNAL,GHARAUNDA,GHARAUNDA,Phurlak M,-,-,-,-,-,-,29.55,76.93333333,,30-11-2021 06:00,26.34
3064,3064,Phurlak M,CGWB,6,Haryana,67,KARNAL,GHARAUNDA,GHARAUNDA,Phurlak M,-,-,-,-,-,-,29.55,76.93333333,,30-01-2022 07:00,25.83
3065,3065,Phurlak M,CGWB,6,Haryana,67,KARNAL,GHARAUNDA,GHARAUNDA,Phurlak M,-,-,-,-,-,-,29.55,76.93333333,,20-05-2022 06:00,24.24
3066,3066,Phurlak M,CGWB,6,Haryana,67,KARNAL,GHARAUNDA,GHARAUNDA,Phurlak M,-,-,-,-,-,-,29.55,76.93333333,,01-08-2022 06:00,27.6
3067,3067,Phurlak M,CGWB,6,Haryana,67,KARNAL,GHARAUNDA,GHARAUNDA,Phurlak M,-,-,-,-,-,-,29.55,76.93333333,,01-11-2022 06:00,26.7
3068,3068,Phurlak M,CGWB,6,Haryana,67,KARNAL,GHARAUNDA,GHARAUNDA,Phurlak M,-,-,-,-,-,-,29.55,76.93333333,,01-01-2023 00:00,23.56
3069,3069,Phurlak M,CGWB,6,Haryana,67,KARNAL,GHARAUNDA,GHARAUNDA,Phurlak M,-,-,-,-,-,-,29.55,76.93333333,,20-08-2023 00:00,26.6
3070,3070,Phurlak M,CGWB,6,Haryana,67,KARNAL,GHARAUNDA,GHARAUNDA,Phurlak M,-,-,-,-,-,-,29.55,76.93333333,,01-11-2023 00:00,24.61
3071,3071,Phurlak S,CGWB,6,Haryana,67,KARNAL,GHARAUNDA,GHARAUNDA,Phurlak S,-,-,-,-,-,-,29.55,76.93333333,,10-01-2021 00:00,25.31
3072,3072,Phurlak S,CGWB,6,Haryana,67,KARNAL,GHARAUNDA,GHARAUNDA,Phurlak S,-,-,-,-,-,-,29.55,76.93333333,,31-08-2021 06:00,26.2
3073,3073,Phurlak S,CGWB,6,Haryana,67,KARNAL,GHARAUNDA,GHARAUNDA,Phurlak S,-,-,-,-,-,-,29.55,76.93333333,,30-11-2021 06:00,24.51
3074,3074,Phurlak S,CGWB,6,Haryana,67,KARNAL,GHARAUNDA,GHARAUNDA,Phurlak S,-,-,-,-,-,-,29.55,76.93333333,,30-01-2022 07:00,23.95
3075,3075,Phurlak S,CGWB,6,Haryana,67,KARNAL,GHARAUNDA,GHARAUNDA,Phurlak S,-,-,-,-,-,-,29.55,76.93333333,,20-05-2022 06:00,22.4
3076,3076,Phurlak S,CGWB,6,Haryana,67,KARNAL,GHARAUNDA,GHARAUNDA,Phurlak S,-,-,-,-,-,-,29.55,76.93333333,,01-01-2023 00:00,25.7
3077,3077,Phurlak S,CGWB,6,Haryana,67,KARNAL,GHARAUNDA,GHARAUNDA,Phurlak S,-,-,-,-,-,-,29.55,76.93333333,,20-08-2023 00:00,25.72
3078,3078,Phurlak S,CGWB,6,Haryana,67,KARNAL,GHARAUNDA,GHARAUNDA,Phurlak S,-,-,-,-,-,-,29.55,76.93333333,,01-11-2023 00:00,26.5
3079,3079,Phusgarh-Pz,CGWB,6,Haryana,67,KARNAL,KARNAL,KARNAL,Phusgarh,-,-,-,-,-,-,29.69694444,77.03055556,,20-05-2022 06:00,20.23
3080,3080,Pichopa Kalan-PZ,CGWB,6,Haryana,701,Charkhi Dadri,BADHRA,BADHRA,Pichopa Kalan,-,-,-,-,-,-,28.5325,76.07638889,,20-05-2022 06:00,94.14
3081,3081,Pilimudari,CGWB,6,Haryana,61,FATEHABAD,FATEHABAD,BHATTU KALAN,Pilimudari,-,-,-,-,-,-,29.3875,75.25833333,,20-05-2022 06:00,7.31
3082,3082,Pillukhera,CGWB,6,Haryana,65,JIND,SAFIDON,PILUKHERA,Pillukhera,-,-,-,-,-,-,29.33611111,76.4875,,20-05-2022 06:00,4.98
3083,3083,Pillukhera,CGWB,6,Haryana,65,JIND,SAFIDON,PILUKHERA,Pillukhera,-,-,-,-,-,-,29.33611111,76.4875,,01-08-2022 06:00,6.75
3084,3084,Pillukhera,CGWB,6,Haryana,65,JIND,SAFIDON,PILUKHERA,Pillukhera,-,-,-,-,-,-,29.33611111,76.4875,,01-10-2022 00:00,7.08
3085,3085,Pillukhera,CGWB,6,Haryana,65,JIND,SAFIDON,PILUKHERA,Pillukhera,-,-,-,-,-,-,29.33611111,76.4875,,01-11-2022 06:00,5.53
3086,3086,Pillukhera,CGWB,6,Haryana,65,JIND,SAFIDON,PILUKHERA,Pillukhera,-,-,-,-,-,-,29.33611111,76.4875,,20-08-2023 00:00,5.55
3087,3087,Pillukhera,CGWB,6,Haryana,65,JIND,SAFIDON,PILUKHERA,Pillukhera,-,-,-,-,-,-,29.33611111,76.4875,,01-11-2023 00:00,5.82
3088,3088,Pillukhera,CGWB,6,Haryana,65,JIND,SAFIDON,PILUKHERA,Pillukhera,-,-,-,-,-,-,29.33611111,76.4875,,01-01-2024 00:00,5.57
3089,3089,Pillukhera-Pz,CGWB,6,Haryana,65,JIND,SAFIDON,PILUKHERA,Pillukhera,-,-,-,-,-,-,29.35722222,76.49333333,,20-05-2022 06:00,11.3
3090,3090,Pinana,CGWB,6,Haryana,75,SONIPAT,SONIPAT,SONEPAT,Pinana,-,-,-,-,-,-,29.06111111,76.83333333,,10-01-2021 00:00,5.97
3091,3091,Pinana,CGWB,6,Haryana,75,SONIPAT,SONIPAT,SONEPAT,Pinana,-,-,-,-,-,-,29.06111111,76.83333333,,31-08-2021 06:00,6.75
3092,3092,Pinana,CGWB,6,Haryana,75,SONIPAT,SONIPAT,SONEPAT,Pinana,-,-,-,-,-,-,29.06111111,76.83333333,,30-01-2022 07:00,5.2
3093,3093,Pinana,CGWB,6,Haryana,75,SONIPAT,SONIPAT,SONEPAT,Pinana,-,-,-,-,-,-,29.06111111,76.83333333,,20-05-2022 06:00,4.95
3094,3094,Pinana,CGWB,6,Haryana,75,SONIPAT,SONIPAT,SONEPAT,Pinana,-,-,-,-,-,-,29.06111111,76.83333333,,01-08-2022 06:00,5.27
3095,3095,Pinana,CGWB,6,Haryana,75,SONIPAT,SONIPAT,SONEPAT,Pinana,-,-,-,-,-,-,29.06111111,76.83333333,,01-10-2022 00:00,5.07
3096,3096,Pinana,CGWB,6,Haryana,75,SONIPAT,SONIPAT,SONEPAT,Pinana,-,-,-,-,-,-,29.06111111,76.83333333,,01-11-2022 06:00,4.26
3097,3097,Pinana,CGWB,6,Haryana,75,SONIPAT,SONIPAT,SONEPAT,Pinana,-,-,-,-,-,-,29.06111111,76.83333333,,20-08-2023 00:00,4.96
3098,3098,Pinana,CGWB,6,Haryana,75,SONIPAT,SONIPAT,SONEPAT,Pinana,-,-,-,-,-,-,29.06111111,76.83333333,,01-11-2023 00:00,5.22
3099,3099,Pinana,CGWB,6,Haryana,75,SONIPAT,SONIPAT,SONEPAT,Pinana,-,-,-,-,-,-,29.06111111,76.83333333,,01-01-2024 00:00,5.38
3100,3100,Pinjola,CGWB,6,Haryana,58,AMBALA,AMBALA,AMBALA-I,Pinjola,-,-,-,-,-,-,30.2625,76.61388889,,10-01-2021 00:00,5.5
3101,3101,Pinjola,CGWB,6,Haryana,58,AMBALA,AMBALA,AMBALA-I,Pinjola,-,-,-,-,-,-,30.2625,76.61388889,,31-08-2021 06:00,5.6
3102,3102,Pinjola,CGWB,6,Haryana,58,AMBALA,AMBALA,AMBALA-I,Pinjola,-,-,-,-,-,-,30.2625,76.61388889,,30-11-2021 06:00,4
3103,3103,Pinjola,CGWB,6,Haryana,58,AMBALA,AMBALA,AMBALA-I,Pinjola,-,-,-,-,-,-,30.2625,76.61388889,,30-01-2022 07:00,4.89
3104,3104,Pinjola,CGWB,6,Haryana,58,AMBALA,AMBALA,AMBALA-I,Pinjola,-,-,-,-,-,-,30.2625,76.61388889,,20-05-2022 06:00,5.7
3105,3105,Pinjola,CGWB,6,Haryana,58,AMBALA,AMBALA,AMBALA-I,Pinjola,-,-,-,-,-,-,30.2625,76.61388889,,01-08-2022 06:00,4.3
3106,3106,Pinjola,CGWB,6,Haryana,58,AMBALA,AMBALA,AMBALA-I,Pinjola,-,-,-,-,-,-,30.2625,76.61388889,,01-11-2022 06:00,4
3107,3107,Pinjola,CGWB,6,Haryana,58,AMBALA,AMBALA,AMBALA-I,Pinjola,-,-,-,-,-,-,30.2625,76.61388889,,01-01-2023 00:00,4.35
3108,3108,Pinjola,CGWB,6,Haryana,58,AMBALA,AMBALA,AMBALA-I,Pinjola,-,-,-,-,-,-,30.2625,76.61388889,,01-06-2023 00:00,6.15
3109,3109,Pinjola,CGWB,6,Haryana,58,AMBALA,AMBALA,AMBALA-I,Pinjola,-,-,-,-,-,-,30.2625,76.61388889,,20-08-2023 00:00,5.95
3110,3110,Pinjola,CGWB,6,Haryana,58,AMBALA,AMBALA,AMBALA-I,Pinjola,-,-,-,-,-,-,30.2625,76.61388889,,01-11-2023 00:00,4.06
3111,3111,Pinjola,CGWB,6,Haryana,58,AMBALA,AMBALA,AMBALA-I,Pinjola,-,-,-,-,-,-,30.2625,76.61388889,,01-01-2024 00:00,4.89
3112,3112,Pipaka-Shashola,CGWB,6,Haryana,604,Nuh,TAORU,TAORU,Pipaka-Shashola,-,-,-,-,-,-,28.22638889,77.02916667,,20-05-2022 06:00,27.1
3113,3113,Pipaltha-Pz,CGWB,6,Haryana,65,JIND,NARWANA,NARWANA,Pipaltha,-,-,-,-,-,-,29.75722222,76.11027778,,20-05-2022 06:00,35.42
3114,3114,Pipli-DW,CGWB,6,Haryana,75,SONIPAT,KHARKHODA,KHARHAUDA,Pipli,-,-,-,-,-,-,28.86444444,76.94305556,,20-05-2022 06:00,6.16
3115,3115,Pirgarhi- Pz,CGWB,6,Haryana,619,Palwal,PALWAL,PALWAL,Pirgarhi,-,-,-,-,-,-,28.04444444,77.47222222,,10-01-2021 00:00,9.52
3116,3116,Pirgarhi- Pz,CGWB,6,Haryana,619,Palwal,PALWAL,PALWAL,Pirgarhi,-,-,-,-,-,-,28.04444444,77.47222222,,31-08-2021 06:00,11.07
3117,3117,Pirgarhi- Pz,CGWB,6,Haryana,619,Palwal,PALWAL,PALWAL,Pirgarhi,-,-,-,-,-,-,28.04444444,77.47222222,,30-11-2021 06:00,7.74
3118,3118,Pirgarhi- Pz,CGWB,6,Haryana,619,Palwal,PALWAL,PALWAL,Pirgarhi,-,-,-,-,-,-,28.04444444,77.47222222,,30-01-2022 07:00,8.07
3119,3119,Pirgarhi- Pz,CGWB,6,Haryana,619,Palwal,PALWAL,PALWAL,Pirgarhi,-,-,-,-,-,-,28.04444444,77.47222222,,20-05-2022 06:00,11.6
3120,3120,Pirgarhi- Pz,CGWB,6,Haryana,619,Palwal,PALWAL,PALWAL,Pirgarhi,-,-,-,-,-,-,28.04444444,77.47222222,,01-08-2022 06:00,12.66
3121,3121,Pirgarhi- Pz,CGWB,6,Haryana,619,Palwal,PALWAL,PALWAL,Pirgarhi,-,-,-,-,-,-,28.04444444,77.47222222,,01-11-2022 06:00,8.95
3122,3122,Pirgarhi- Pz,CGWB,6,Haryana,619,Palwal,PALWAL,PALWAL,Pirgarhi,-,-,-,-,-,-,28.04444444,77.47222222,,01-01-2023 00:00,12.66
3123,3123,Pirgarhi- Pz,CGWB,6,Haryana,619,Palwal,PALWAL,PALWAL,Pirgarhi,-,-,-,-,-,-,28.04444444,77.47222222,,01-06-2023 00:00,8.86
3124,3124,Pirgarhi- Pz,CGWB,6,Haryana,619,Palwal,PALWAL,PALWAL,Pirgarhi,-,-,-,-,-,-,28.04444444,77.47222222,,20-08-2023 00:00,10.82
3125,3125,Pirgarhi- Pz,CGWB,6,Haryana,619,Palwal,PALWAL,PALWAL,Pirgarhi,-,-,-,-,-,-,28.04444444,77.47222222,,01-11-2023 00:00,9.43
3126,3126,Pirgarhi- Pz,CGWB,6,Haryana,619,Palwal,PALWAL,PALWAL,Pirgarhi,-,-,-,-,-,-,28.04444444,77.47222222,,01-01-2024 00:00,10.44
3127,3127,Pugthala-Pz,CGWB,6,Haryana,75,SONIPAT,GANAUR,GANAUR,Pugthala,-,-,-,-,-,-,29.1675,76.8875,,20-05-2022 06:00,9
3128,3128,Pundri(s),CGWB,6,Haryana,66,KAITHAL,PUNDRI,PUNDRI,Pundri(s),-,-,-,-,-,-,29.77777778,76.575,,20-05-2022 06:00,40.55
3129,3129,Punhana,CGWB,6,Haryana,604,Nuh,PUNHANA,PUNHANA,Punhana,-,-,-,-,-,-,27.8625,77.20416667,,20-05-2022 06:00,14.9
3130,3130,Punhana-Pz,CGWB,6,Haryana,604,Nuh,PUNHANA,PUNHANA,Punhana,-,-,-,-,-,-,27.86111111,77.20555556,,20-05-2022 06:00,14.4
3131,3131,Purkhas-Pz,CGWB,6,Haryana,75,SONIPAT,GANAUR,GANAUR,Purkhas,-,-,-,-,-,-,29.06527778,76.83194444,,20-05-2022 06:00,21
3132,3132,Puther Pz,CGWB,6,Haryana,71,PANIPAT,ISRANA,ISRANA,Puther Pzm,-,-,-,-,-,-,29.23333333,76.87777778,,10-01-2021 00:00,13.4
3133,3133,Puther Pz,CGWB,6,Haryana,71,PANIPAT,ISRANA,ISRANA,Puther Pzm,-,-,-,-,-,-,29.23333333,76.87777778,,31-08-2021 06:00,14.57
3134,3134,Puther Pz,CGWB,6,Haryana,71,PANIPAT,ISRANA,ISRANA,Puther Pzm,-,-,-,-,-,-,29.23333333,76.87777778,,30-01-2022 07:00,10.57
3135,3135,Puther Pz,CGWB,6,Haryana,71,PANIPAT,ISRANA,ISRANA,Puther Pzm,-,-,-,-,-,-,29.23333333,76.87777778,,20-05-2022 06:00,10.9
3136,3136,Puther Pz,CGWB,6,Haryana,71,PANIPAT,ISRANA,ISRANA,Puther Pzm,-,-,-,-,-,-,29.23333333,76.87777778,,01-08-2022 06:00,11.76
3137,3137,Puther Pz,CGWB,6,Haryana,71,PANIPAT,ISRANA,ISRANA,Puther Pzm,-,-,-,-,-,-,29.23333333,76.87777778,,01-10-2022 00:00,9.95
3138,3138,Puther Pz,CGWB,6,Haryana,71,PANIPAT,ISRANA,ISRANA,Puther Pzm,-,-,-,-,-,-,29.23333333,76.87777778,,01-11-2022 06:00,10.78
3139,3139,Puther Pz,CGWB,6,Haryana,71,PANIPAT,ISRANA,ISRANA,Puther Pzm,-,-,-,-,-,-,29.23333333,76.87777778,,20-08-2023 00:00,11.41
3140,3140,Puther Pz,CGWB,6,Haryana,71,PANIPAT,ISRANA,ISRANA,Puther Pzm,-,-,-,-,-,-,29.23333333,76.87777778,,01-11-2023 00:00,11.53
3141,3141,Radaur S,CGWB,6,Haryana,76,YAMUNANAGAR,JAGADHRI,RADAUR,Radaur S,-,-,-,-,-,-,30.025,77.15,,10-01-2021 00:00,14.98
3142,3142,Radaur S,CGWB,6,Haryana,76,YAMUNANAGAR,JAGADHRI,RADAUR,Radaur S,-,-,-,-,-,-,30.025,77.15,,30-11-2021 06:00,15.47
3143,3143,Radaur S,CGWB,6,Haryana,76,YAMUNANAGAR,JAGADHRI,RADAUR,Radaur S,-,-,-,-,-,-,30.025,77.15,,30-01-2022 07:00,14.02
3144,3144,Radaur S,CGWB,6,Haryana,76,YAMUNANAGAR,JAGADHRI,RADAUR,Radaur S,-,-,-,-,-,-,30.025,77.15,,20-05-2022 06:00,15.97
3145,3145,Radaur S,CGWB,6,Haryana,76,YAMUNANAGAR,JAGADHRI,RADAUR,Radaur S,-,-,-,-,-,-,30.025,77.15,,01-08-2022 06:00,16.76
3146,3146,Radaur S,CGWB,6,Haryana,76,YAMUNANAGAR,JAGADHRI,RADAUR,Radaur S,-,-,-,-,-,-,30.025,77.15,,01-11-2022 06:00,14.86
3147,3147,Radaur S,CGWB,6,Haryana,76,YAMUNANAGAR,JAGADHRI,RADAUR,Radaur S,-,-,-,-,-,-,30.025,77.15,,01-01-2023 00:00,14.46
3148,3148,Radaur S,CGWB,6,Haryana,76,YAMUNANAGAR,JAGADHRI,RADAUR,Radaur S,-,-,-,-,-,-,30.025,77.15,,01-06-2023 00:00,16.27
3149,3149,Radaur S,CGWB,6,Haryana,76,YAMUNANAGAR,JAGADHRI,RADAUR,Radaur S,-,-,-,-,-,-,30.025,77.15,,20-08-2023 00:00,13.46
3150,3150,Radaur S,CGWB,6,Haryana,76,YAMUNANAGAR,JAGADHRI,RADAUR,Radaur S,-,-,-,-,-,-,30.025,77.15,,01-11-2023 00:00,13.36
3151,3151,Radaur S,CGWB,6,Haryana,76,YAMUNANAGAR,JAGADHRI,RADAUR,Radaur S,-,-,-,-,-,-,30.025,77.15,,01-01-2024 00:00,13.36
3152,3152,Rai(Bahalgarh),CGWB,6,Haryana,75,SONIPAT,SONIPAT,RAI,Rai,-,-,-,-,-,-,28.94166667,77.09583333,,20-05-2022 06:00,26.47
3153,3153,Rai(Bahalgarh),CGWB,6,Haryana,75,SONIPAT,SONIPAT,RAI,Rai,-,-,-,-,-,-,28.94166667,77.09583333,,01-11-2022 06:00,28.17
3154,3154,Rai(Bahalgarh),CGWB,6,Haryana,75,SONIPAT,SONIPAT,RAI,Rai,-,-,-,-,-,-,28.94166667,77.09583333,,20-08-2023 00:00,28.12
3155,3155,Rai(Bahalgarh),CGWB,6,Haryana,75,SONIPAT,SONIPAT,RAI,Rai,-,-,-,-,-,-,28.94166667,77.09583333,,01-11-2023 00:00,28.23
3156,3156,Rai(Bahalgarh),CGWB,6,Haryana,75,SONIPAT,SONIPAT,RAI,Rai,-,-,-,-,-,-,28.94166667,77.09583333,,01-01-2024 00:00,27.18
3157,3157,Rai-Bahalgarh-Pz,CGWB,6,Haryana,75,SONIPAT,SONIPAT,RAI,Rai-Bahalgarh,-,-,-,-,-,-,28.94166667,77.09583333,,10-01-2021 00:00,31
3158,3158,Rai-Bahalgarh-Pz,CGWB,6,Haryana,75,SONIPAT,SONIPAT,RAI,Rai-Bahalgarh,-,-,-,-,-,-,28.94166667,77.09583333,,31-08-2021 06:00,32.45
3159,3159,Rai-Bahalgarh-Pz,CGWB,6,Haryana,75,SONIPAT,SONIPAT,RAI,Rai-Bahalgarh,-,-,-,-,-,-,28.94166667,77.09583333,,30-01-2022 07:00,25.6
3160,3160,Rai-Bahalgarh-Pz,CGWB,6,Haryana,75,SONIPAT,SONIPAT,RAI,Rai-Bahalgarh,-,-,-,-,-,-,28.94166667,77.09583333,,20-05-2022 06:00,27.77
3161,3161,Rai-Bahalgarh-Pz,CGWB,6,Haryana,75,SONIPAT,SONIPAT,RAI,Rai-Bahalgarh,-,-,-,-,-,-,28.94166667,77.09583333,,01-08-2022 06:00,27.12
3162,3162,Rai-Bahalgarh-Pz,CGWB,6,Haryana,75,SONIPAT,SONIPAT,RAI,Rai-Bahalgarh,-,-,-,-,-,-,28.94166667,77.09583333,,01-10-2022 00:00,26.95
3163,3163,Raipurrani,CGWB,6,Haryana,70,PANCHKULA,PANCHKULA,BARWALA,Raipurrani,-,-,-,-,-,-,30.5875,77.02222222,,31-08-2021 06:00,11.83
3164,3164,Raipurrani,CGWB,6,Haryana,70,PANCHKULA,PANCHKULA,BARWALA,Raipurrani,-,-,-,-,-,-,30.5875,77.02222222,,30-11-2021 06:00,11.03
3165,3165,Raipurrani,CGWB,6,Haryana,70,PANCHKULA,PANCHKULA,BARWALA,Raipurrani,-,-,-,-,-,-,30.5875,77.02222222,,30-01-2022 07:00,10.43
3166,3166,Raipurrani,CGWB,6,Haryana,70,PANCHKULA,PANCHKULA,BARWALA,Raipurrani,-,-,-,-,-,-,30.5875,77.02222222,,20-05-2022 06:00,9.5
3167,3167,Raipurrani,CGWB,6,Haryana,70,PANCHKULA,PANCHKULA,BARWALA,Raipurrani,-,-,-,-,-,-,30.5875,77.02222222,,01-08-2022 06:00,16.5
3168,3168,Raipurrani,CGWB,6,Haryana,70,PANCHKULA,PANCHKULA,BARWALA,Raipurrani,-,-,-,-,-,-,30.5875,77.02222222,,01-01-2023 00:00,10.98
3169,3169,Raipurrani,CGWB,6,Haryana,70,PANCHKULA,PANCHKULA,BARWALA,Raipurrani,-,-,-,-,-,-,30.5875,77.02222222,,01-06-2023 00:00,11.28
3170,3170,Raipurrani,CGWB,6,Haryana,70,PANCHKULA,PANCHKULA,BARWALA,Raipurrani,-,-,-,-,-,-,30.5875,77.02222222,,20-08-2023 00:00,8.78
3171,3171,Raipurrani,CGWB,6,Haryana,70,PANCHKULA,PANCHKULA,BARWALA,Raipurrani,-,-,-,-,-,-,30.5875,77.02222222,,01-11-2023 00:00,9.03
3172,3172,Raipurrani,CGWB,6,Haryana,70,PANCHKULA,PANCHKULA,BARWALA,Raipurrani,-,-,-,-,-,-,30.5875,77.02222222,,01-01-2024 00:00,9.68
3173,3173,Raipur Rani-Pz,CGWB,6,Haryana,70,PANCHKULA,PANCHKULA,RAIPUR RANI,Raipur Rani,-,-,-,-,-,-,30.58333333,77.01666667,,10-01-2021 00:00,2.63
3174,3174,Raipur Rani-Pz,CGWB,6,Haryana,70,PANCHKULA,PANCHKULA,RAIPUR RANI,Raipur Rani,-,-,-,-,-,-,30.58333333,77.01666667,,20-05-2022 06:00,22.7
3175,3175,Rajaund-Pz,CGWB,6,Haryana,66,KAITHAL,KAITHAL,RAJOUND,Rajaund,-,-,-,-,-,-,29.57777778,76.50972222,,20-05-2022 06:00,16.25
3176,3176,Rajli Cross,CGWB,6,Haryana,63,HISAR,HANSI,HANSI,Rajli Cross,-,-,-,-,-,-,29.28888889,75.90694444,,10-01-2021 00:00,3.55
3177,3177,Rajli Cross,CGWB,6,Haryana,63,HISAR,HANSI,HANSI,Rajli Cross,-,-,-,-,-,-,29.28888889,75.90694444,,31-08-2021 06:00,5.5
3178,3178,Rajli Cross,CGWB,6,Haryana,63,HISAR,HANSI,HANSI,Rajli Cross,-,-,-,-,-,-,29.28888889,75.90694444,,30-01-2022 07:00,1.81
3179,3179,Rajli Cross,CGWB,6,Haryana,63,HISAR,HANSI,HANSI,Rajli Cross,-,-,-,-,-,-,29.28888889,75.90694444,,20-05-2022 06:00,2.8
3180,3180,Rajli Cross,CGWB,6,Haryana,63,HISAR,HANSI,HANSI,Rajli Cross,-,-,-,-,-,-,29.28888889,75.90694444,,01-08-2022 06:00,1.82
3181,3181,Rajli Cross,CGWB,6,Haryana,63,HISAR,HANSI,HANSI,Rajli Cross,-,-,-,-,-,-,29.28888889,75.90694444,,01-11-2022 06:00,1.8
3182,3182,Rajli Cross,CGWB,6,Haryana,63,HISAR,HANSI,HANSI,Rajli Cross,-,-,-,-,-,-,29.28888889,75.90694444,,01-01-2023 00:00,2.2
3183,3183,Rajli Cross,CGWB,6,Haryana,63,HISAR,HANSI,HANSI,Rajli Cross,-,-,-,-,-,-,29.28888889,75.90694444,,01-06-2023 00:00,3.6
3184,3184,Rajli Cross,CGWB,6,Haryana,63,HISAR,HANSI,HANSI,Rajli Cross,-,-,-,-,-,-,29.28888889,75.90694444,,20-08-2023 00:00,3.95
3185,3185,Rajli Cross,CGWB,6,Haryana,63,HISAR,HANSI,HANSI,Rajli Cross,-,-,-,-,-,-,29.28888889,75.90694444,,01-11-2023 00:00,2.82
3186,3186,Rajli Cross,CGWB,6,Haryana,63,HISAR,HANSI,HANSI,Rajli Cross,-,-,-,-,-,-,29.28888889,75.90694444,,01-01-2024 00:00,2.74
3187,3187,Rajpura-Pz,CGWB,6,Haryana,65,JIND,JIND,JIND,Rajpura,-,-,-,-,-,-,29.29416667,76.22416667,,20-05-2022 06:00,23.3
3188,3188,Rajthal,CGWB,6,Haryana,63,HISAR,NARNAUD,NARNAUD,Rajthal,-,-,-,-,-,-,29.25833333,76.1875,,01-01-2023 00:00,23.49
3189,3189,Rajthal1,CGWB,6,Haryana,63,HISAR,NARNAUD,NARNAUD,Rajthal,-,-,-,-,-,-,29.25833333,76.1875,,20-05-2022 06:00,15.1
3190,3190,Rajthal1,CGWB,6,Haryana,63,HISAR,NARNAUD,NARNAUD,Rajthal,-,-,-,-,-,-,29.25833333,76.1875,,01-06-2023 00:00,21.84
3191,3191,Rakshera,CGWB,6,Haryana,71,PANIPAT,SAMALKHA,SAMALKHA,Rakshera,-,-,-,-,-,-,29.18833333,77.10694444,,31-08-2021 06:00,17.94
3192,3192,Rakshera,CGWB,6,Haryana,71,PANIPAT,SAMALKHA,SAMALKHA,Rakshera,-,-,-,-,-,-,29.18833333,77.10694444,,30-01-2022 07:00,13.9
3193,3193,Rakshera,CGWB,6,Haryana,71,PANIPAT,SAMALKHA,SAMALKHA,Rakshera,-,-,-,-,-,-,29.18833333,77.10694444,,20-05-2022 06:00,17.55
3194,3194,Rakshera,CGWB,6,Haryana,71,PANIPAT,SAMALKHA,SAMALKHA,Rakshera,-,-,-,-,-,-,29.18833333,77.10694444,,01-08-2022 06:00,16.53
3195,3195,Rakshera,CGWB,6,Haryana,71,PANIPAT,SAMALKHA,SAMALKHA,Rakshera,-,-,-,-,-,-,29.18833333,77.10694444,,01-10-2022 00:00,15.7
3196,3196,Rakshera,CGWB,6,Haryana,71,PANIPAT,SAMALKHA,SAMALKHA,Rakshera,-,-,-,-,-,-,29.18833333,77.10694444,,01-11-2022 06:00,16.19
3197,3197,Rakshera,CGWB,6,Haryana,71,PANIPAT,SAMALKHA,SAMALKHA,Rakshera,-,-,-,-,-,-,29.18833333,77.10694444,,20-08-2023 00:00,15.9
3198,3198,Rakshera,CGWB,6,Haryana,71,PANIPAT,SAMALKHA,SAMALKHA,Rakshera,-,-,-,-,-,-,29.18833333,77.10694444,,01-11-2023 00:00,14.84
3199,3199,Ramgarh-DW,CGWB,6,Haryana,70,PANCHKULA,PANCHKULA,BARWALA,Ramgarh,-,-,-,-,-,-,30.65,76.88333333,,20-05-2022 06:00,15.98
3200,3200,Ram Nagar-DW,CGWB,6,Haryana,70,PANCHKULA,KALKA,PINJORE,Ram Nagar,-,-,-,-,-,-,30.85,76.86666667,,20-05-2022 06:00,17.75
3201,3201,RAMPUR DAMUNDI,CGWB,6,Haryana,63,HISAR,-,-,-,-,-,-,-,-,-,29.075,76.041667,,01-01-2023 00:00,4.3
3202,3202,RAMPUR DAMUNDI,CGWB,6,Haryana,63,HISAR,-,-,-,-,-,-,-,-,-,29.075,76.041667,,01-06-2023 00:00,5.37
3203,3203,RAMPUR DAMUNDI,CGWB,6,Haryana,63,HISAR,-,-,-,-,-,-,-,-,-,29.075,76.041667,,20-08-2023 00:00,3.6
3204,3204,RAMPUR DAMUNDI,CGWB,6,Haryana,63,HISAR,-,-,-,-,-,-,-,-,-,29.075,76.041667,,01-01-2024 00:00,3.7
3205,3205,Rampur-DW,CGWB,6,Haryana,70,PANCHKULA,PANCHKULA,RAIPUR RANI,Rampur,-,-,-,-,-,-,30.60305556,77.04777778,,20-05-2022 06:00,9.09
3206,3206,Ram Sharan Majra-Pz,CGWB,6,Haryana,68,KURUKSHETRA,SHAHBAD,BABAIN,Ram Sharan Majra,-,-,-,-,-,-,30.00166667,77.00027778,,20-05-2022 06:00,39.67
3207,3207,Randauli-Pz,CGWB,6,Haryana,67,KARNAL,INDRI,INDRI,Randauli,-,-,-,-,-,-,29.83388889,77.13611111,,20-05-2022 06:00,11.1
3208,3208,Randauli-Pz,CGWB,6,Haryana,67,KARNAL,INDRI,INDRI,Randauli,-,-,-,-,-,-,29.83388889,77.13611111,,01-08-2022 06:00,10.7
3209,3209,Randauli-Pz,CGWB,6,Haryana,67,KARNAL,INDRI,INDRI,Randauli,-,-,-,-,-,-,29.83388889,77.13611111,,01-11-2022 06:00,8.78
3210,3210,Randauli-Pz,CGWB,6,Haryana,67,KARNAL,INDRI,INDRI,Randauli,-,-,-,-,-,-,29.83388889,77.13611111,,01-01-2023 00:00,8.89
3211,3211,Randauli-Pz,CGWB,6,Haryana,67,KARNAL,INDRI,INDRI,Randauli,-,-,-,-,-,-,29.83388889,77.13611111,,20-08-2023 00:00,8.04
3212,3212,Randauli-Pz,CGWB,6,Haryana,67,KARNAL,INDRI,INDRI,Randauli,-,-,-,-,-,-,29.83388889,77.13611111,,01-11-2023 00:00,26.21
3213,3213,Ranwar-Pz,CGWB,6,Haryana,67,KARNAL,KARNAL,KARNAL,Ranwar,-,-,-,-,-,-,29.63527778,77.01861111,,20-05-2022 06:00,16.4
3214,3214,Rao Garh-PZ,CGWB,6,Haryana,68,KURUKSHETRA,SHAHBAD,THANESAR,Rao Garh,-,-,-,-,-,-,29.95666667,76.77805556,,20-05-2022 06:00,31.8
3215,3215,Rasidan Pz,CGWB,6,Haryana,65,JIND,NARWANA,NARWANA,Rasidan Pz,-,-,-,-,-,-,29.72777778,76.03333333,,20-05-2022 06:00,33.12
3216,3216,Rasoi Pz,CGWB,6,Haryana,75,SONIPAT,SONIPAT,RAI,Rasoi Pzm,-,-,-,-,-,-,28.90277778,77.11388889,,31-08-2021 06:00,21.46
3217,3217,Rasoi Pz,CGWB,6,Haryana,75,SONIPAT,SONIPAT,RAI,Rasoi Pzm,-,-,-,-,-,-,28.90277778,77.11388889,,30-01-2022 07:00,17.2
3218,3218,Rasoi Pz,CGWB,6,Haryana,75,SONIPAT,SONIPAT,RAI,Rasoi Pzm,-,-,-,-,-,-,28.90277778,77.11388889,,20-05-2022 06:00,18.8
3219,3219,Rasoi Pz,CGWB,6,Haryana,75,SONIPAT,SONIPAT,RAI,Rasoi Pzm,-,-,-,-,-,-,28.90277778,77.11388889,,01-08-2022 06:00,19.13
3220,3220,Rasoi Pz,CGWB,6,Haryana,75,SONIPAT,SONIPAT,RAI,Rasoi Pzm,-,-,-,-,-,-,28.90277778,77.11388889,,01-10-2022 00:00,18.76
3221,3221,Rasoi Pz,CGWB,6,Haryana,75,SONIPAT,SONIPAT,RAI,Rasoi Pzm,-,-,-,-,-,-,28.90277778,77.11388889,,01-11-2022 06:00,19.04
3222,3222,Rasoi Pz,CGWB,6,Haryana,75,SONIPAT,SONIPAT,RAI,Rasoi Pzm,-,-,-,-,-,-,28.90277778,77.11388889,,01-11-2023 00:00,15.88
3223,3223,Rasoi Pz,CGWB,6,Haryana,75,SONIPAT,SONIPAT,RAI,Rasoi Pzm,-,-,-,-,-,-,28.90277778,77.11388889,,01-01-2024 00:00,19.18
3224,3224,Rasulpur,CGWB,6,Haryana,76,YAMUNANAGAR,BILASPUR,SADHAURA,Rasulpur,-,-,-,-,-,-,30.44722222,77.21666667,,10-01-2021 00:00,8.18
3225,3225,Rasulpur,CGWB,6,Haryana,76,YAMUNANAGAR,BILASPUR,SADHAURA,Rasulpur,-,-,-,-,-,-,30.44722222,77.21666667,,01-08-2022 06:00,9.23
3226,3226,Rasulpur,CGWB,6,Haryana,76,YAMUNANAGAR,BILASPUR,SADHAURA,Rasulpur,-,-,-,-,-,-,30.44722222,77.21666667,,01-11-2022 06:00,7.47
3227,3227,Rasulpur,CGWB,6,Haryana,76,YAMUNANAGAR,BILASPUR,SADHAURA,Rasulpur,-,-,-,-,-,-,30.44722222,77.21666667,,01-01-2023 00:00,8.23
3228,3228,Rasul Pur,CGWB,6,Haryana,619,Palwal,PALWAL,PALWAL,Rasul Pur,-,-,-,-,-,-,28.09166667,77.40416667,,30-01-2022 07:00,7.64
3229,3229,Rasulpur1,CGWB,6,Haryana,76,YAMUNANAGAR,BILASPUR,SADHAURA,Rasulpur,-,-,-,-,-,-,30.44722222,77.21666667,,31-08-2021 06:00,9.7
3230,3230,Rasulpur1,CGWB,6,Haryana,76,YAMUNANAGAR,BILASPUR,SADHAURA,Rasulpur,-,-,-,-,-,-,30.44722222,77.21666667,,30-11-2021 06:00,9.18
3231,3231,Rasulpur1,CGWB,6,Haryana,76,YAMUNANAGAR,BILASPUR,SADHAURA,Rasulpur,-,-,-,-,-,-,30.44722222,77.21666667,,30-01-2022 07:00,9.23
3232,3232,Rasulpur1,CGWB,6,Haryana,76,YAMUNANAGAR,BILASPUR,SADHAURA,Rasulpur,-,-,-,-,-,-,30.44722222,77.21666667,,20-05-2022 06:00,9.33
3233,3233,Rasulpur1,CGWB,6,Haryana,76,YAMUNANAGAR,BILASPUR,SADHAURA,Rasulpur,-,-,-,-,-,-,30.44722222,77.21666667,,01-06-2023 00:00,8.94
3234,3234,Rasulpur DW,CGWB,6,Haryana,76,YAMUNANAGAR,BILASPUR,SADHAURA,Rasulpur,-,-,-,-,-,-,30.4472,77.2167,315,20-08-2023 00:00,5.86
3235,3235,Rasulpur DW,CGWB,6,Haryana,76,YAMUNANAGAR,BILASPUR,SADHAURA,Rasulpur,-,-,-,-,-,-,30.4472,77.2167,315,01-11-2023 00:00,5.93
3236,3236,Rasulpur DW,CGWB,6,Haryana,76,YAMUNANAGAR,BILASPUR,SADHAURA,Rasulpur,-,-,-,-,-,-,30.4472,77.2167,315,01-01-2024 00:00,6.6
3237,3237,Rasulpur Ghamri-Pz,CGWB,6,Haryana,66,KAITHAL,GULHA,GULHA,Rasulpur Ghamri,-,-,-,-,-,-,29.91416667,76.26055556,,10-01-2021 00:00,42.74
3238,3238,Rasulpur Ghamri-Pz,CGWB,6,Haryana,66,KAITHAL,GULHA,GULHA,Rasulpur Ghamri,-,-,-,-,-,-,29.91416667,76.26055556,,31-08-2021 06:00,42.9
3239,3239,Rasulpur Ghamri-Pz,CGWB,6,Haryana,66,KAITHAL,GULHA,GULHA,Rasulpur Ghamri,-,-,-,-,-,-,29.91416667,76.26055556,,30-11-2021 06:00,47.77
3240,3240,Rasulpur Ghamri-Pz,CGWB,6,Haryana,66,KAITHAL,GULHA,GULHA,Rasulpur Ghamri,-,-,-,-,-,-,29.91416667,76.26055556,,30-01-2022 07:00,45.45
3241,3241,Rasulpur Ghamri-Pz,CGWB,6,Haryana,66,KAITHAL,GULHA,GULHA,Rasulpur Ghamri,-,-,-,-,-,-,29.91416667,76.26055556,,20-05-2022 06:00,44.2
3242,3242,Rasulpur Ghamri-Pz,CGWB,6,Haryana,66,KAITHAL,GULHA,GULHA,Rasulpur Ghamri,-,-,-,-,-,-,29.91416667,76.26055556,,01-08-2022 06:00,48.34
3243,3243,Rasulpur Ghamri-Pz,CGWB,6,Haryana,66,KAITHAL,GULHA,GULHA,Rasulpur Ghamri,-,-,-,-,-,-,29.91416667,76.26055556,,01-11-2022 06:00,47.8
3244,3244,Rasulpur Ghamri-Pz,CGWB,6,Haryana,66,KAITHAL,GULHA,GULHA,Rasulpur Ghamri,-,-,-,-,-,-,29.91416667,76.26055556,,20-08-2023 00:00,50.52
3245,3245,Rasulpur Ghamri-Pz,CGWB,6,Haryana,66,KAITHAL,GULHA,GULHA,Rasulpur Ghamri,-,-,-,-,-,-,29.91416667,76.26055556,,01-11-2023 00:00,48.7
3246,3246,Rasulpur pz,CGWB,6,Haryana,66,KAITHAL,GULHA,GULHA,Rasulpur,-,-,-,-,-,-,29.92,76.4,,20-05-2022 06:00,46.2
3247,3247,Rasulpur pz,CGWB,6,Haryana,66,KAITHAL,GULHA,GULHA,Rasulpur,-,-,-,-,-,-,29.92,76.4,,01-01-2023 00:00,46.3
3248,3248,Ratanthal-DW,CGWB,6,Haryana,72,REWARI,KOSLI,NAHAR,Ratanthal,-,-,-,-,-,-,28.38888889,76.59444444,,20-05-2022 06:00,9.05
3249,3249,Rathdhana-Pz,CGWB,6,Haryana,75,SONIPAT,SONIPAT,RAI,Rathdhana,-,-,-,-,-,-,28.90833333,77.18055556,,31-08-2021 06:00,12.3
3250,3250,Rathdhana-Pz,CGWB,6,Haryana,75,SONIPAT,SONIPAT,RAI,Rathdhana,-,-,-,-,-,-,28.90833333,77.18055556,,20-05-2022 06:00,24
3251,3251,Rathiwas,CGWB,6,Haryana,604,Nuh,TAORU,TAORU,Rathiwas,-,-,-,-,-,-,28.24027778,76.86944444,,20-05-2022 06:00,18.1
3252,3252,Ratia,CGWB,6,Haryana,61,FATEHABAD,RATIA,RATIA,Ratia,-,-,-,-,-,-,29.6875,75.57777778,,01-01-2023 00:00,57.1
3253,3253,Ratia -Pz,CGWB,6,Haryana,61,FATEHABAD,RATIA,RATIA,Ratia S,-,-,-,-,-,-,29.6875,75.57777778,,10-01-2021 00:00,54.32
3254,3254,Ratia -Pz,CGWB,6,Haryana,61,FATEHABAD,RATIA,RATIA,Ratia S,-,-,-,-,-,-,29.6875,75.57777778,,31-08-2021 06:00,55.28
3255,3255,Ratia -Pz,CGWB,6,Haryana,61,FATEHABAD,RATIA,RATIA,Ratia S,-,-,-,-,-,-,29.6875,75.57777778,,30-11-2021 06:00,55.9
3256,3256,Ratia -Pz,CGWB,6,Haryana,61,FATEHABAD,RATIA,RATIA,Ratia S,-,-,-,-,-,-,29.6875,75.57777778,,30-01-2022 07:00,55.56
3257,3257,Ratia -Pz,CGWB,6,Haryana,61,FATEHABAD,RATIA,RATIA,Ratia S,-,-,-,-,-,-,29.6875,75.57777778,,20-05-2022 06:00,54.6
3258,3258,Ratia -Pz,CGWB,6,Haryana,61,FATEHABAD,RATIA,RATIA,Ratia S,-,-,-,-,-,-,29.6875,75.57777778,,01-08-2022 06:00,56.08
3259,3259,Ratia -Pz,CGWB,6,Haryana,61,FATEHABAD,RATIA,RATIA,Ratia S,-,-,-,-,-,-,29.6875,75.57777778,,01-11-2022 06:00,56.5
3260,3260,Ratia -Pz,CGWB,6,Haryana,61,FATEHABAD,RATIA,RATIA,Ratia S,-,-,-,-,-,-,29.6875,75.57777778,,01-06-2023 00:00,56.45
3261,3261,Ratia -Pz,CGWB,6,Haryana,61,FATEHABAD,RATIA,RATIA,Ratia S,-,-,-,-,-,-,29.6875,75.57777778,,20-08-2023 00:00,57.37
3262,3262,Ratia -Pz,CGWB,6,Haryana,61,FATEHABAD,RATIA,RATIA,Ratia S,-,-,-,-,-,-,29.6875,75.57777778,,01-11-2023 00:00,57.64
3263,3263,Ratia -Pz,CGWB,6,Haryana,61,FATEHABAD,RATIA,RATIA,Ratia S,-,-,-,-,-,-,29.6875,75.57777778,,01-01-2024 00:00,60.34
3264,3264,Ratta Khera-DW,CGWB,6,Haryana,65,JIND,SAFIDON,SAFIDON,Ratta Khera,-,-,-,-,-,-,29.38638889,76.63527778,,20-05-2022 06:00,16.97
3265,3265,Ratta Khera-Pz,CGWB,6,Haryana,61,FATEHABAD,TOHANA,TOHANA,Ratta Khera,-,-,-,-,-,-,29.72916667,75.85277778,,20-05-2022 06:00,42.7
3266,3266,Rattak-Pz,CGWB,6,Haryana,67,KARNAL,ASSANDH,ASSANDH,Rattak,-,-,-,-,-,-,29.5825,76.62555556,,20-05-2022 06:00,26.6
3267,3267,Rattan Kalan,CGWB,6,Haryana,69,MAHENDRAGARH,NARNAUL,ATELI,Rattan Kalan,-,-,-,-,-,-,28.17694444,76.285,,10-01-2021 00:00,55.55
3268,3268,Rawa-PZ,CGWB,6,Haryana,68,KURUKSHETRA,SHAHBAD,SHAHBAD,Rawa,-,-,-,-,-,-,30.16666667,76.9325,,20-05-2022 06:00,46.63
3269,3269,Rehna-DW,CGWB,6,Haryana,70,PANCHKULA,PANCHKULA,RAIPUR RANI,Rehna,-,-,-,-,-,-,30.58333333,77.06666667,,20-05-2022 06:00,17.23
3270,3270,Rholiawas-Pz,CGWB,6,Haryana,72,REWARI,REWARI,KHOL,Rholiawas,-,-,-,-,-,-,28.24166667,76.50833333,,10-01-2021 00:00,15.1
3271,3271,Rholiawas-Pz,CGWB,6,Haryana,72,REWARI,REWARI,KHOL,Rholiawas,-,-,-,-,-,-,28.24166667,76.50833333,,31-08-2021 06:00,13.3
3272,3272,Rholiawas-Pz,CGWB,6,Haryana,72,REWARI,REWARI,KHOL,Rholiawas,-,-,-,-,-,-,28.24166667,76.50833333,,30-01-2022 07:00,12.4
3273,3273,Rholiawas-Pz,CGWB,6,Haryana,72,REWARI,REWARI,KHOL,Rholiawas,-,-,-,-,-,-,28.24166667,76.50833333,,20-05-2022 06:00,12.66
3274,3274,Rholiawas-Pz,CGWB,6,Haryana,72,REWARI,REWARI,KHOL,Rholiawas,-,-,-,-,-,-,28.24166667,76.50833333,,01-08-2022 06:00,12.46
3275,3275,Rholiawas-Pz,CGWB,6,Haryana,72,REWARI,REWARI,KHOL,Rholiawas,-,-,-,-,-,-,28.24166667,76.50833333,,01-11-2022 06:00,12.1
3276,3276,Rholiawas-Pz,CGWB,6,Haryana,72,REWARI,REWARI,KHOL,Rholiawas,-,-,-,-,-,-,28.24166667,76.50833333,,01-01-2023 00:00,12.07
3277,3277,Rholiawas-Pz,CGWB,6,Haryana,72,REWARI,REWARI,KHOL,Rholiawas,-,-,-,-,-,-,28.24166667,76.50833333,,20-08-2023 00:00,12.13
3278,3278,Rholiawas-Pz,CGWB,6,Haryana,72,REWARI,REWARI,KHOL,Rholiawas,-,-,-,-,-,-,28.24166667,76.50833333,,01-11-2023 00:00,12.18
3279,3279,Rholiawas-Pz,CGWB,6,Haryana,72,REWARI,REWARI,KHOL,Rholiawas,-,-,-,-,-,-,28.24166667,76.50833333,,01-01-2024 00:00,12.3
3280,3280,Ritoli-DW,CGWB,6,Haryana,73,ROHTAK,ROHTAK,ROHTAK,Ritoli,-,-,-,-,-,-,28.77472222,76.57027778,,20-05-2022 06:00,1.8
3281,3281,Riwasa-DW,CGWB,6,Haryana,59,BHIWANI,TOSHAM,TOSHAM,Riwasa,-,-,-,-,-,-,28.80694444,75.94027778,,20-05-2022 06:00,4.5
3282,3282,Rohat,CGWB,6,Haryana,75,SONIPAT,KHARKHODA,KHARHAUDA,Rohat,-,-,-,-,-,-,28.93333333,76.975,,20-05-2022 06:00,4
3283,3283,Rohit-PZ,CGWB,6,Haryana,68,KURUKSHETRA,SHAHBAD,SHAHBAD,Rohit,-,-,-,-,-,-,30.12555556,76.71277778,,20-05-2022 06:00,44.8
3284,3284,Rohrai-DW,CGWB,6,Haryana,72,REWARI,REWARI,JATUSANA,Rohrai,-,-,-,-,-,-,28.32,76.51666667,,20-05-2022 06:00,6.94
3285,3285,Rohtak,CGWB,6,Haryana,73,ROHTAK,ROHTAK,ROHTAK,Rohtak,-,-,-,-,-,-,28.88333333,76.58333333,,20-05-2022 06:00,4.69
3286,3286,ROJHALA -D,CGWB,6,Haryana,65,JIND,SAFIDON,-,-,-,-,-,-,-,-,29.364583,76.606972,,01-10-2022 00:00,16.14
3287,3287,ROJHALA -D,CGWB,6,Haryana,65,JIND,SAFIDON,-,-,-,-,-,-,-,-,29.364583,76.606972,,20-08-2023 00:00,18.97
3288,3288,ROJHALA -D,CGWB,6,Haryana,65,JIND,SAFIDON,-,-,-,-,-,-,-,-,29.364583,76.606972,,01-11-2023 00:00,17.57
3289,3289,ROJHALA -M,CGWB,6,Haryana,65,JIND,SAFIDON,-,-,-,-,-,-,-,-,29.364583,76.606972,,01-10-2022 00:00,12.83
3290,3290,ROJHALA -M,CGWB,6,Haryana,65,JIND,SAFIDON,-,-,-,-,-,-,-,-,29.364583,76.606972,,20-08-2023 00:00,14.88
3291,3291,ROJHALA -M,CGWB,6,Haryana,65,JIND,SAFIDON,-,-,-,-,-,-,-,-,29.364583,76.606972,,01-11-2023 00:00,15.12
3292,3292,ROJHALA -S,CGWB,6,Haryana,65,JIND,SAFIDON,-,-,-,-,-,-,-,-,29.364583,76.606972,,01-10-2022 00:00,12.58
3293,3293,ROJHALA -S,CGWB,6,Haryana,65,JIND,SAFIDON,-,-,-,-,-,-,-,-,29.364583,76.606972,,20-08-2023 00:00,13.67
3294,3294,ROJHALA -S,CGWB,6,Haryana,65,JIND,SAFIDON,-,-,-,-,-,-,-,-,29.364583,76.606972,,01-11-2023 00:00,13.9
3295,3295,ROJHALA -S,CGWB,6,Haryana,65,JIND,SAFIDON,-,-,-,-,-,-,-,-,29.364583,76.606972,,01-01-2024 00:00,12.4
3296,3296,Rori,CGWB,6,Haryana,74,SIRSA,DABWALI,BARAGUDHA,Rori,-,-,-,-,-,-,29.74166667,75.19583333,,10-01-2021 00:00,12.23
3297,3297,Rori,CGWB,6,Haryana,74,SIRSA,DABWALI,BARAGUDHA,Rori,-,-,-,-,-,-,29.74166667,75.19583333,,30-11-2021 06:00,12.89
3298,3298,Rori,CGWB,6,Haryana,74,SIRSA,DABWALI,BARAGUDHA,Rori,-,-,-,-,-,-,29.74166667,75.19583333,,30-01-2022 07:00,12.28
3299,3299,Rori,CGWB,6,Haryana,74,SIRSA,DABWALI,BARAGUDHA,Rori,-,-,-,-,-,-,29.74166667,75.19583333,,20-05-2022 06:00,11.7
3300,3300,Rori,CGWB,6,Haryana,74,SIRSA,DABWALI,BARAGUDHA,Rori,-,-,-,-,-,-,29.74166667,75.19583333,,01-08-2022 06:00,10.15
3301,3301,Rori,CGWB,6,Haryana,74,SIRSA,DABWALI,BARAGUDHA,Rori,-,-,-,-,-,-,29.74166667,75.19583333,,01-11-2022 06:00,13.07
3302,3302,Rori,CGWB,6,Haryana,74,SIRSA,DABWALI,BARAGUDHA,Rori,-,-,-,-,-,-,29.74166667,75.19583333,,01-01-2023 00:00,12.03
3303,3303,Rori,CGWB,6,Haryana,74,SIRSA,DABWALI,BARAGUDHA,Rori,-,-,-,-,-,-,29.74166667,75.19583333,,01-06-2023 00:00,12.03
3304,3304,Rori,CGWB,6,Haryana,74,SIRSA,DABWALI,BARAGUDHA,Rori,-,-,-,-,-,-,29.74166667,75.19583333,,20-08-2023 00:00,13.07
3305,3305,Rori,CGWB,6,Haryana,74,SIRSA,DABWALI,BARAGUDHA,Rori,-,-,-,-,-,-,29.74166667,75.19583333,,01-11-2023 00:00,13.27
3306,3306,Rori,CGWB,6,Haryana,74,SIRSA,DABWALI,BARAGUDHA,Rori,-,-,-,-,-,-,29.74166667,75.19583333,,01-01-2024 00:00,12.45
3307,3307,Runhat-DW,CGWB,6,Haryana,59,BHIWANI,BAWANI KHERA,BAWANI KHERA,Runhat,-,-,-,-,-,-,29.00055556,75.93888889,,20-05-2022 06:00,4.4
3308,3308,Sabapur Ew M,CGWB,6,Haryana,76,YAMUNANAGAR,JAGADHRI,JAGADHRI,Sabapur Ew M,-,-,-,-,-,-,30.11027778,77.3625,,10-01-2021 00:00,3.22
3309,3309,Sabapur Ew M,CGWB,6,Haryana,76,YAMUNANAGAR,JAGADHRI,JAGADHRI,Sabapur Ew M,-,-,-,-,-,-,30.11027778,77.3625,,31-08-2021 06:00,4.02
3310,3310,Sabapur Ew M,CGWB,6,Haryana,76,YAMUNANAGAR,JAGADHRI,JAGADHRI,Sabapur Ew M,-,-,-,-,-,-,30.11027778,77.3625,,30-11-2021 06:00,3.14
3311,3311,Sabapur Ew M,CGWB,6,Haryana,76,YAMUNANAGAR,JAGADHRI,JAGADHRI,Sabapur Ew M,-,-,-,-,-,-,30.11027778,77.3625,,30-01-2022 07:00,3.8
3312,3312,Sabapur Ew M,CGWB,6,Haryana,76,YAMUNANAGAR,JAGADHRI,JAGADHRI,Sabapur Ew M,-,-,-,-,-,-,30.11027778,77.3625,,20-05-2022 06:00,4.54
3313,3313,Sabapur Ew M,CGWB,6,Haryana,76,YAMUNANAGAR,JAGADHRI,JAGADHRI,Sabapur Ew M,-,-,-,-,-,-,30.11027778,77.3625,,01-08-2022 06:00,4.24
3314,3314,Sabapur Ew M,CGWB,6,Haryana,76,YAMUNANAGAR,JAGADHRI,JAGADHRI,Sabapur Ew M,-,-,-,-,-,-,30.11027778,77.3625,,01-11-2022 06:00,2.14
3315,3315,Sabapur Ew M,CGWB,6,Haryana,76,YAMUNANAGAR,JAGADHRI,JAGADHRI,Sabapur Ew M,-,-,-,-,-,-,30.11027778,77.3625,,01-01-2023 00:00,2.74
3316,3316,Sabapur Ew M,CGWB,6,Haryana,76,YAMUNANAGAR,JAGADHRI,JAGADHRI,Sabapur Ew M,-,-,-,-,-,-,30.11027778,77.3625,,01-06-2023 00:00,4.15
3317,3317,Sabapur Ew M,CGWB,6,Haryana,76,YAMUNANAGAR,JAGADHRI,JAGADHRI,Sabapur Ew M,-,-,-,-,-,-,30.11027778,77.3625,,20-08-2023 00:00,1.43
3318,3318,Sabapur Ew M,CGWB,6,Haryana,76,YAMUNANAGAR,JAGADHRI,JAGADHRI,Sabapur Ew M,-,-,-,-,-,-,30.11027778,77.3625,,01-11-2023 00:00,2.07
3319,3319,Sabapur Ew S,CGWB,6,Haryana,76,YAMUNANAGAR,JAGADHRI,JAGADHRI,Sabapur Ew S,-,-,-,-,-,-,30.11027778,77.3625,,10-01-2021 00:00,2.38
3320,3320,Sabapur Ew S,CGWB,6,Haryana,76,YAMUNANAGAR,JAGADHRI,JAGADHRI,Sabapur Ew S,-,-,-,-,-,-,30.11027778,77.3625,,31-08-2021 06:00,3.02
3321,3321,Sabapur Ew S,CGWB,6,Haryana,76,YAMUNANAGAR,JAGADHRI,JAGADHRI,Sabapur Ew S,-,-,-,-,-,-,30.11027778,77.3625,,30-11-2021 06:00,2.23
3322,3322,Sabapur Ew S,CGWB,6,Haryana,76,YAMUNANAGAR,JAGADHRI,JAGADHRI,Sabapur Ew S,-,-,-,-,-,-,30.11027778,77.3625,,30-01-2022 07:00,2.48
3323,3323,Sabapur Ew S,CGWB,6,Haryana,76,YAMUNANAGAR,JAGADHRI,JAGADHRI,Sabapur Ew S,-,-,-,-,-,-,30.11027778,77.3625,,20-05-2022 06:00,3.59
3324,3324,Sabapur Ew S,CGWB,6,Haryana,76,YAMUNANAGAR,JAGADHRI,JAGADHRI,Sabapur Ew S,-,-,-,-,-,-,30.11027778,77.3625,,01-08-2022 06:00,3.12
3325,3325,Sabapur Ew S,CGWB,6,Haryana,76,YAMUNANAGAR,JAGADHRI,JAGADHRI,Sabapur Ew S,-,-,-,-,-,-,30.11027778,77.3625,,01-11-2022 06:00,1.31
3326,3326,Sabapur Ew S,CGWB,6,Haryana,76,YAMUNANAGAR,JAGADHRI,JAGADHRI,Sabapur Ew S,-,-,-,-,-,-,30.11027778,77.3625,,01-01-2023 00:00,3.79
3327,3327,Sabapur Ew S,CGWB,6,Haryana,76,YAMUNANAGAR,JAGADHRI,JAGADHRI,Sabapur Ew S,-,-,-,-,-,-,30.11027778,77.3625,,01-06-2023 00:00,5.65
3328,3328,Sabapur Ew S,CGWB,6,Haryana,76,YAMUNANAGAR,JAGADHRI,JAGADHRI,Sabapur Ew S,-,-,-,-,-,-,30.11027778,77.3625,,20-08-2023 00:00,2.49
3329,3329,Sabapur Ew S,CGWB,6,Haryana,76,YAMUNANAGAR,JAGADHRI,JAGADHRI,Sabapur Ew S,-,-,-,-,-,-,30.11027778,77.3625,,01-11-2023 00:00,3.13
3330,3330,Sabri,CGWB,6,Haryana,76,YAMUNANAGAR,BILASPUR,SADHAURA,Sabri,-,-,-,-,-,-,30.35833333,77.24583333,,31-08-2021 06:00,6.4
3331,3331,Sabri,CGWB,6,Haryana,76,YAMUNANAGAR,BILASPUR,SADHAURA,Sabri,-,-,-,-,-,-,30.35833333,77.24583333,,30-11-2021 06:00,5.4
3332,3332,Sabri,CGWB,6,Haryana,76,YAMUNANAGAR,BILASPUR,SADHAURA,Sabri,-,-,-,-,-,-,30.35833333,77.24583333,,30-01-2022 07:00,8.88
3333,3333,Sabri,CGWB,6,Haryana,76,YAMUNANAGAR,BILASPUR,SADHAURA,Sabri,-,-,-,-,-,-,30.35833333,77.24583333,,20-05-2022 06:00,5.98
3334,3334,Sabri,CGWB,6,Haryana,76,YAMUNANAGAR,BILASPUR,SADHAURA,Sabri,-,-,-,-,-,-,30.35833333,77.24583333,,01-08-2022 06:00,5.1
3335,3335,Sabri,CGWB,6,Haryana,76,YAMUNANAGAR,BILASPUR,SADHAURA,Sabri,-,-,-,-,-,-,30.35833333,77.24583333,,01-11-2022 06:00,4.55
3336,3336,Sabri,CGWB,6,Haryana,76,YAMUNANAGAR,BILASPUR,SADHAURA,Sabri,-,-,-,-,-,-,30.35833333,77.24583333,,01-06-2023 00:00,6.46
3337,3337,Sabri,CGWB,6,Haryana,76,YAMUNANAGAR,BILASPUR,SADHAURA,Sabri,-,-,-,-,-,-,30.35833333,77.24583333,,20-08-2023 00:00,4.1
3338,3338,Sabri,CGWB,6,Haryana,76,YAMUNANAGAR,BILASPUR,SADHAURA,Sabri,-,-,-,-,-,-,30.35833333,77.24583333,,01-01-2024 00:00,5.18
3339,3339,Sadalpur,CGWB,6,Haryana,61,FATEHABAD,FATEHABAD,BHATTU KALAN,Sadalpur,-,-,-,-,-,-,29.30416667,75.41666667,,10-01-2021 00:00,5.23
3340,3340,Sadalpur,CGWB,6,Haryana,61,FATEHABAD,FATEHABAD,BHATTU KALAN,Sadalpur,-,-,-,-,-,-,29.30416667,75.41666667,,31-08-2021 06:00,4.2
3341,3341,Sadalpur,CGWB,6,Haryana,61,FATEHABAD,FATEHABAD,BHATTU KALAN,Sadalpur,-,-,-,-,-,-,29.30416667,75.41666667,,30-11-2021 06:00,1.79
3342,3342,Sadalpur,CGWB,6,Haryana,61,FATEHABAD,FATEHABAD,BHATTU KALAN,Sadalpur,-,-,-,-,-,-,29.30416667,75.41666667,,30-01-2022 07:00,3.94
3343,3343,Sadewala,CGWB,6,Haryana,74,SIRSA,RANIA,RANIA,Sadewala,-,-,-,-,-,-,29.64444444,74.72083333,,20-05-2022 06:00,28.5
3344,3344,Sadhaura,CGWB,6,Haryana,76,YAMUNANAGAR,BILASPUR,SADHAURA,Sadhaura,-,-,-,-,-,-,30.4,77.22083333,,10-01-2021 00:00,4.83
3345,3345,Sadhaura,CGWB,6,Haryana,76,YAMUNANAGAR,BILASPUR,SADHAURA,Sadhaura,-,-,-,-,-,-,30.4,77.22083333,,31-08-2021 06:00,6.37
3346,3346,Sadhaura,CGWB,6,Haryana,76,YAMUNANAGAR,BILASPUR,SADHAURA,Sadhaura,-,-,-,-,-,-,30.4,77.22083333,,30-11-2021 06:00,4.07
3347,3347,Sadhaura,CGWB,6,Haryana,76,YAMUNANAGAR,BILASPUR,SADHAURA,Sadhaura,-,-,-,-,-,-,30.4,77.22083333,,20-05-2022 06:00,3.68
3348,3348,Sadhaura,CGWB,6,Haryana,76,YAMUNANAGAR,BILASPUR,SADHAURA,Sadhaura,-,-,-,-,-,-,30.4,77.22083333,,01-11-2022 06:00,3.51
3349,3349,Sadhaura,CGWB,6,Haryana,76,YAMUNANAGAR,BILASPUR,SADHAURA,Sadhaura,-,-,-,-,-,-,30.4,77.22083333,,01-01-2023 00:00,26.77
3350,3350,Sadhaura,CGWB,6,Haryana,76,YAMUNANAGAR,BILASPUR,SADHAURA,Sadhaura,-,-,-,-,-,-,30.4,77.22083333,,20-08-2023 00:00,3.39
3351,3351,Sadhaura,CGWB,6,Haryana,76,YAMUNANAGAR,BILASPUR,SADHAURA,Sadhaura,-,-,-,-,-,-,30.4,77.22083333,,01-11-2023 00:00,5.52
3352,3352,Sadhaura1,CGWB,6,Haryana,76,YAMUNANAGAR,BILASPUR,SADHAURA,Sadhaura,-,-,-,-,-,-,30.4,77.22083333,,31-08-2021 06:00,6.25
3353,3353,Sadhaura1,CGWB,6,Haryana,76,YAMUNANAGAR,BILASPUR,SADHAURA,Sadhaura,-,-,-,-,-,-,30.4,77.22083333,,20-05-2022 06:00,3.05
3354,3354,Sadhaura1,CGWB,6,Haryana,76,YAMUNANAGAR,BILASPUR,SADHAURA,Sadhaura,-,-,-,-,-,-,30.4,77.22083333,,01-08-2022 06:00,7.96
3355,3355,Sadhaura1,CGWB,6,Haryana,76,YAMUNANAGAR,BILASPUR,SADHAURA,Sadhaura,-,-,-,-,-,-,30.4,77.22083333,,01-01-2024 00:00,5.42
3356,3356,Sadhaura M,CGWB,6,Haryana,76,YAMUNANAGAR,BILASPUR,SADHAURA,Sadhaura M,-,-,-,-,-,-,30.38333333,77.225,,10-01-2021 00:00,38.59
3357,3357,Sadhaura M,CGWB,6,Haryana,76,YAMUNANAGAR,BILASPUR,SADHAURA,Sadhaura M,-,-,-,-,-,-,30.38333333,77.225,,30-01-2022 07:00,40.24
3358,3358,Sadhaura M,CGWB,6,Haryana,76,YAMUNANAGAR,BILASPUR,SADHAURA,Sadhaura M,-,-,-,-,-,-,30.38333333,77.225,,20-05-2022 06:00,45.75
3359,3359,Sadhaura M,CGWB,6,Haryana,76,YAMUNANAGAR,BILASPUR,SADHAURA,Sadhaura M,-,-,-,-,-,-,30.38333333,77.225,,01-08-2022 06:00,55.85
3360,3360,Sadhaura M,CGWB,6,Haryana,76,YAMUNANAGAR,BILASPUR,SADHAURA,Sadhaura M,-,-,-,-,-,-,30.38333333,77.225,,01-11-2022 06:00,42.28
3361,3361,Sadhaura M,CGWB,6,Haryana,76,YAMUNANAGAR,BILASPUR,SADHAURA,Sadhaura M,-,-,-,-,-,-,30.38333333,77.225,,01-01-2023 00:00,38.85
3362,3362,Sadhaura M,CGWB,6,Haryana,76,YAMUNANAGAR,BILASPUR,SADHAURA,Sadhaura M,-,-,-,-,-,-,30.38333333,77.225,,01-06-2023 00:00,45.05
3363,3363,Sadhaura M,CGWB,6,Haryana,76,YAMUNANAGAR,BILASPUR,SADHAURA,Sadhaura M,-,-,-,-,-,-,30.38333333,77.225,,01-11-2023 00:00,43
3364,3364,Sadhaura S,CGWB,6,Haryana,76,YAMUNANAGAR,BILASPUR,SADHAURA,Sadhaura S,-,-,-,-,-,-,30.38333333,77.21666667,,10-01-2021 00:00,3.78
3365,3365,Sadhaura S,CGWB,6,Haryana,76,YAMUNANAGAR,BILASPUR,SADHAURA,Sadhaura S,-,-,-,-,-,-,30.38333333,77.21666667,,30-01-2022 07:00,4.17
3366,3366,Sadhaura S,CGWB,6,Haryana,76,YAMUNANAGAR,BILASPUR,SADHAURA,Sadhaura S,-,-,-,-,-,-,30.38333333,77.21666667,,20-05-2022 06:00,4.41
3367,3367,Sadhaura S,CGWB,6,Haryana,76,YAMUNANAGAR,BILASPUR,SADHAURA,Sadhaura S,-,-,-,-,-,-,30.38333333,77.21666667,,01-08-2022 06:00,4.92
3368,3368,Sadhaura S,CGWB,6,Haryana,76,YAMUNANAGAR,BILASPUR,SADHAURA,Sadhaura S,-,-,-,-,-,-,30.38333333,77.21666667,,01-11-2022 06:00,3.45
3369,3369,Sadhaura S,CGWB,6,Haryana,76,YAMUNANAGAR,BILASPUR,SADHAURA,Sadhaura S,-,-,-,-,-,-,30.38333333,77.21666667,,01-01-2023 00:00,3.66
3370,3370,Sadhaura S,CGWB,6,Haryana,76,YAMUNANAGAR,BILASPUR,SADHAURA,Sadhaura S,-,-,-,-,-,-,30.38333333,77.21666667,,01-06-2023 00:00,5.17
3371,3371,Sadhaura S,CGWB,6,Haryana,76,YAMUNANAGAR,BILASPUR,SADHAURA,Sadhaura S,-,-,-,-,-,-,30.38333333,77.21666667,,01-11-2023 00:00,3.04
3372,3372,Sadhaura S,CGWB,6,Haryana,76,YAMUNANAGAR,BILASPUR,SADHAURA,Sadhaura S,-,-,-,-,-,-,30.38333333,77.21666667,,01-01-2024 00:00,3.47
3373,3373,Sadhrana-Pz,CGWB,6,Haryana,62,GURUGRAM,GURGAON,-,-,-,-,-,-,-,-,28.375,76.945833,,01-11-2023 00:00,16.45
3374,3374,Sadura,CGWB,6,Haryana,76,YAMUNANAGAR,JAGADHRI,RADAUR,Sadura,-,-,-,-,-,-,30.05194444,77.12166667,,10-01-2021 00:00,24.56
3375,3375,Sadura,CGWB,6,Haryana,76,YAMUNANAGAR,JAGADHRI,RADAUR,Sadura,-,-,-,-,-,-,30.05194444,77.12166667,,30-11-2021 06:00,30.26
3376,3376,Sadura,CGWB,6,Haryana,76,YAMUNANAGAR,JAGADHRI,RADAUR,Sadura,-,-,-,-,-,-,30.05194444,77.12166667,,30-01-2022 07:00,26.5
3377,3377,Sadura,CGWB,6,Haryana,76,YAMUNANAGAR,JAGADHRI,RADAUR,Sadura,-,-,-,-,-,-,30.05194444,77.12166667,,20-05-2022 06:00,28.86
3378,3378,Sadura,CGWB,6,Haryana,76,YAMUNANAGAR,JAGADHRI,RADAUR,Sadura,-,-,-,-,-,-,30.05194444,77.12166667,,01-08-2022 06:00,32.21
3379,3379,Sadura,CGWB,6,Haryana,76,YAMUNANAGAR,JAGADHRI,RADAUR,Sadura,-,-,-,-,-,-,30.05194444,77.12166667,,01-11-2022 06:00,29.23
3380,3380,Sadura,CGWB,6,Haryana,76,YAMUNANAGAR,JAGADHRI,RADAUR,Sadura,-,-,-,-,-,-,30.05194444,77.12166667,,01-01-2023 00:00,4.82
3381,3381,Sadura,CGWB,6,Haryana,76,YAMUNANAGAR,JAGADHRI,RADAUR,Sadura,-,-,-,-,-,-,30.05194444,77.12166667,,01-11-2023 00:00,25.14
3382,3382,Sadura Village,CGWB,6,Haryana,76,YAMUNANAGAR,JAGADHRI,RADAUR,Sadura,-,-,-,-,-,-,30.0411,77.1031,239,20-08-2023 00:00,28.12
3383,3383,Safiabad-Pz,CGWB,6,Haryana,75,SONIPAT,SONIPAT,RAI,Safiabad,-,-,-,-,-,-,28.88222222,77.07722222,,20-05-2022 06:00,7.48
3384,3384,Safidon 1(s),CGWB,6,Haryana,65,JIND,SAFIDON,SAFIDON,Safidon 1(s),-,-,-,-,-,-,29.40416667,76.65555556,,01-10-2022 00:00,21.1
3385,3385,Safidon 1(s),CGWB,6,Haryana,65,JIND,SAFIDON,SAFIDON,Safidon 1(s),-,-,-,-,-,-,29.40416667,76.65555556,,20-08-2023 00:00,21.51
3386,3386,Safidon 1(s),CGWB,6,Haryana,65,JIND,SAFIDON,SAFIDON,Safidon 1(s),-,-,-,-,-,-,29.40416667,76.65555556,,01-11-2023 00:00,22.51
3387,3387,Safidon 1(s),CGWB,6,Haryana,65,JIND,SAFIDON,SAFIDON,Safidon 1(s),-,-,-,-,-,-,29.40416667,76.65555556,,01-01-2024 00:00,22.37
3388,3388,Safidon 2(m),CGWB,6,Haryana,65,JIND,SAFIDON,SAFIDON,Safidon 2(m),-,-,-,-,-,-,29.40416667,76.65555556,,10-01-2021 00:00,20.85
3389,3389,Safidon (s),CGWB,6,Haryana,65,JIND,SAFIDON,SAFIDON,Safidon (s),-,-,-,-,-,-,29.4,76.65,,20-05-2022 06:00,20.96
3390,3390,Safidon (s),CGWB,6,Haryana,65,JIND,SAFIDON,SAFIDON,Safidon (s),-,-,-,-,-,-,29.4,76.65,,01-08-2022 06:00,21.18
3391,3391,Safidon (s),CGWB,6,Haryana,65,JIND,SAFIDON,SAFIDON,Safidon (s),-,-,-,-,-,-,29.4,76.65,,01-11-2022 06:00,21.72
3392,3392,Safidon  (shallow),CGWB,6,Haryana,65,JIND,SAFIDON,SAFIDON,Safidon  (shallow),-,-,-,-,-,-,29.40416667,76.60555556,,31-08-2021 06:00,22.68
3393,3393,Safidon  (shallow),CGWB,6,Haryana,65,JIND,SAFIDON,SAFIDON,Safidon  (shallow),-,-,-,-,-,-,29.40416667,76.60555556,,30-01-2022 07:00,19.85
3394,3394,Sagban,CGWB,6,Haryana,59,BHIWANI,TOSHAM,TOSHAM,Sagban,-,-,-,-,-,-,28.87222222,75.95833333,,10-01-2021 00:00,2.06
3395,3395,Sagban,CGWB,6,Haryana,59,BHIWANI,TOSHAM,TOSHAM,Sagban,-,-,-,-,-,-,28.87222222,75.95833333,,31-08-2021 06:00,4.34
3396,3396,Sagban,CGWB,6,Haryana,59,BHIWANI,TOSHAM,TOSHAM,Sagban,-,-,-,-,-,-,28.87222222,75.95833333,,30-11-2021 06:00,2.78
3397,3397,Sagban,CGWB,6,Haryana,59,BHIWANI,TOSHAM,TOSHAM,Sagban,-,-,-,-,-,-,28.87222222,75.95833333,,30-01-2022 07:00,1.91
3398,3398,Sagban,CGWB,6,Haryana,59,BHIWANI,TOSHAM,TOSHAM,Sagban,-,-,-,-,-,-,28.87222222,75.95833333,,20-05-2022 06:00,1.96
3399,3399,Sagban,CGWB,6,Haryana,59,BHIWANI,TOSHAM,TOSHAM,Sagban,-,-,-,-,-,-,28.87222222,75.95833333,,01-08-2022 06:00,0.89
3400,3400,Sagban,CGWB,6,Haryana,59,BHIWANI,TOSHAM,TOSHAM,Sagban,-,-,-,-,-,-,28.87222222,75.95833333,,01-06-2023 00:00,1.62
3401,3401,Sagban,CGWB,6,Haryana,59,BHIWANI,TOSHAM,TOSHAM,Sagban,-,-,-,-,-,-,28.87222222,75.95833333,,20-08-2023 00:00,1.65
3402,3402,Sagban,CGWB,6,Haryana,59,BHIWANI,TOSHAM,TOSHAM,Sagban,-,-,-,-,-,-,28.87222222,75.95833333,,01-11-2023 00:00,2.58
3403,3403,Sagga-Pz,CGWB,6,Haryana,67,KARNAL,NILOKHERI,NILOKHERI,Sagga,-,-,-,-,-,-,29.76944444,76.84166667,,20-05-2022 06:00,28.72
3404,3404,Saha M,CGWB,6,Haryana,58,AMBALA,BARARA,BARARA,Saha M,-,-,-,-,-,-,30.30833333,76.97083333,,20-05-2022 06:00,72.7
3405,3405,Saha M,CGWB,6,Haryana,58,AMBALA,BARARA,BARARA,Saha M,-,-,-,-,-,-,30.30833333,76.97083333,,20-08-2023 00:00,84.55
3406,3406,Saha M,CGWB,6,Haryana,58,AMBALA,BARARA,BARARA,Saha M,-,-,-,-,-,-,30.30833333,76.97083333,,01-11-2023 00:00,65.66
3407,3407,Sahanpur-Pz,CGWB,6,Haryana,65,JIND,SAFIDON,SAFIDON,Shanpur,-,-,-,-,-,-,29.45472222,76.7025,,20-05-2022 06:00,21.24
3408,3408,Saha-Pz,CGWB,6,Haryana,58,AMBALA,AMBALA,AMBALA-I,Saha,-,-,-,-,-,-,30.31666667,76.98333333,,20-05-2022 06:00,36.7
3409,3409,Saha-Pz,CGWB,6,Haryana,58,AMBALA,AMBALA,AMBALA-I,Saha,-,-,-,-,-,-,30.31666667,76.98333333,,01-01-2023 00:00,65.55
3410,3410,Saha-Pz,CGWB,6,Haryana,58,AMBALA,AMBALA,AMBALA-I,Saha,-,-,-,-,-,-,30.31666667,76.98333333,,01-06-2023 00:00,74.87
3411,3411,Sainpal-Pz,CGWB,6,Haryana,74,SIRSA,RANIA,RANIA,Sainpal,-,-,-,-,-,-,29.61111111,74.68333333,,20-05-2022 06:00,38.5
3412,3412,Saktakhera,CGWB,6,Haryana,74,SIRSA,DABWALI,DABWALI,Saktakhera,-,-,-,-,-,-,29.89166667,74.63611111,,10-01-2021 00:00,2.9
3413,3413,Saktakhera,CGWB,6,Haryana,74,SIRSA,DABWALI,DABWALI,Saktakhera,-,-,-,-,-,-,29.89166667,74.63611111,,30-01-2022 07:00,4.1
3414,3414,Saktakhera,CGWB,6,Haryana,74,SIRSA,DABWALI,DABWALI,Saktakhera,-,-,-,-,-,-,29.89166667,74.63611111,,20-05-2022 06:00,8.8
3415,3415,Saktakhera,CGWB,6,Haryana,74,SIRSA,DABWALI,DABWALI,Saktakhera,-,-,-,-,-,-,29.89166667,74.63611111,,01-08-2022 06:00,3.86
3416,3416,Saktakhera,CGWB,6,Haryana,74,SIRSA,DABWALI,DABWALI,Saktakhera,-,-,-,-,-,-,29.89166667,74.63611111,,01-11-2022 06:00,4.57
3417,3417,Saktakhera,CGWB,6,Haryana,74,SIRSA,DABWALI,DABWALI,Saktakhera,-,-,-,-,-,-,29.89166667,74.63611111,,01-01-2023 00:00,3.66
3418,3418,Saktakhera,CGWB,6,Haryana,74,SIRSA,DABWALI,DABWALI,Saktakhera,-,-,-,-,-,-,29.89166667,74.63611111,,20-08-2023 00:00,3.71
3419,3419,Saktakhera,CGWB,6,Haryana,74,SIRSA,DABWALI,DABWALI,Saktakhera,-,-,-,-,-,-,29.89166667,74.63611111,,01-11-2023 00:00,4.03
3420,3420,Saktakhera,CGWB,6,Haryana,74,SIRSA,DABWALI,DABWALI,Saktakhera,-,-,-,-,-,-,29.89166667,74.63611111,,01-01-2024 00:00,3.96
3421,3421,Sakta Khera-D,CGWB,6,Haryana,74,SIRSA,DABWALI,-,-,-,-,-,-,-,-,29.890306,74.628306,,01-01-2023 00:00,11.7
3422,3422,Sakta Khera-D,CGWB,6,Haryana,74,SIRSA,DABWALI,-,-,-,-,-,-,-,-,29.890306,74.628306,,01-06-2023 00:00,11.47
3423,3423,Sakta Khera-D,CGWB,6,Haryana,74,SIRSA,DABWALI,-,-,-,-,-,-,-,-,29.890306,74.628306,,20-08-2023 00:00,5.07
3424,3424,Sakta Khera-D,CGWB,6,Haryana,74,SIRSA,DABWALI,-,-,-,-,-,-,-,-,29.890306,74.628306,,01-11-2023 00:00,11.45
3425,3425,Sakta Khera-M,CGWB,6,Haryana,74,SIRSA,DABWALI,-,-,-,-,-,-,-,-,29.890306,74.628306,,01-01-2023 00:00,4.5
3426,3426,Sakta Khera-M,CGWB,6,Haryana,74,SIRSA,DABWALI,-,-,-,-,-,-,-,-,29.890306,74.628306,,01-06-2023 00:00,4.72
3427,3427,Sakta Khera-M,CGWB,6,Haryana,74,SIRSA,DABWALI,-,-,-,-,-,-,-,-,29.890306,74.628306,,20-08-2023 00:00,4.8
3428,3428,Sakta Khera-M,CGWB,6,Haryana,74,SIRSA,DABWALI,-,-,-,-,-,-,-,-,29.890306,74.628306,,01-11-2023 00:00,4.72
3429,3429,Sakta Khera-S,CGWB,6,Haryana,74,SIRSA,DABWALI,-,-,-,-,-,-,-,-,29.890306,74.628306,,01-01-2023 00:00,4.5
3430,3430,Sakta Khera-S,CGWB,6,Haryana,74,SIRSA,DABWALI,-,-,-,-,-,-,-,-,29.890306,74.628306,,01-06-2023 00:00,4.62
3431,3431,Sakta Khera-S,CGWB,6,Haryana,74,SIRSA,DABWALI,-,-,-,-,-,-,-,-,29.890306,74.628306,,01-11-2023 00:00,19.6
3432,3432,Sakta Khera-S,CGWB,6,Haryana,74,SIRSA,DABWALI,-,-,-,-,-,-,-,-,29.890306,74.628306,,01-01-2024 00:00,4.9
3433,3433,Salawas,CGWB,6,Haryana,64,JHAJJAR,JHAJJAR,SAHLAWAS,Salawas,-,-,-,-,-,-,28.45416667,76.475,,31-08-2021 06:00,4.44
3434,3434,Salawas,CGWB,6,Haryana,64,JHAJJAR,JHAJJAR,SAHLAWAS,Salawas,-,-,-,-,-,-,28.45416667,76.475,,30-01-2022 07:00,1.06
3435,3435,Salawas,CGWB,6,Haryana,64,JHAJJAR,JHAJJAR,SAHLAWAS,Salawas,-,-,-,-,-,-,28.45416667,76.475,,20-05-2022 06:00,3.01
3436,3436,Salawas,CGWB,6,Haryana,64,JHAJJAR,JHAJJAR,SAHLAWAS,Salawas,-,-,-,-,-,-,28.45416667,76.475,,01-01-2023 00:00,2.59
3437,3437,Salawas,CGWB,6,Haryana,64,JHAJJAR,JHAJJAR,SAHLAWAS,Salawas,-,-,-,-,-,-,28.45416667,76.475,,01-01-2024 00:00,2.27
3438,3438,Salehpur-DW,CGWB,6,Haryana,76,YAMUNANAGAR,BILASPUR,SADHAURA,Salehpur,-,-,-,-,-,-,30.45,77.23333333,,20-05-2022 06:00,9.58
3439,3439,Salehpur-DW,CGWB,6,Haryana,58,AMBALA,BARARA,BARARA,Salehpur,-,-,-,-,-,-,30.25444444,77.08888889,,20-05-2022 06:00,9.62
3440,3440,Salhawas,CGWB,6,Haryana,64,JHAJJAR,JHAJJAR,SAHLAWAS,Salhawas,-,-,-,-,-,-,28.45416667,76.475,,20-08-2023 00:00,2.16
3441,3441,Salhawas,CGWB,6,Haryana,64,JHAJJAR,JHAJJAR,SAHLAWAS,Salhawas,-,-,-,-,-,-,28.45416667,76.475,,01-11-2023 00:00,2.38
3442,3442,Salwan,CGWB,6,Haryana,67,KARNAL,ASSANDH,ASSANDH,Salwan,-,-,-,-,-,-,29.5,76.73472222,,01-01-2023 00:00,24.75
3443,3443,Salwan-B,CGWB,6,Haryana,67,KARNAL,ASSANDH,ASSANDH,Salwan,-,-,-,-,-,-,29.5,76.73472222,,10-01-2021 00:00,25.13
3444,3444,Salwan-B,CGWB,6,Haryana,67,KARNAL,ASSANDH,ASSANDH,Salwan,-,-,-,-,-,-,29.5,76.73472222,,31-08-2021 06:00,28.45
3445,3445,Salwan-B,CGWB,6,Haryana,67,KARNAL,ASSANDH,ASSANDH,Salwan,-,-,-,-,-,-,29.5,76.73472222,,30-11-2021 06:00,26.85
3446,3446,Salwan-B,CGWB,6,Haryana,67,KARNAL,ASSANDH,ASSANDH,Salwan,-,-,-,-,-,-,29.5,76.73472222,,30-01-2022 07:00,25.75
3447,3447,Salwan-B,CGWB,6,Haryana,67,KARNAL,ASSANDH,ASSANDH,Salwan,-,-,-,-,-,-,29.5,76.73472222,,20-05-2022 06:00,22.65
3448,3448,Salwan-B,CGWB,6,Haryana,67,KARNAL,ASSANDH,ASSANDH,Salwan,-,-,-,-,-,-,29.5,76.73472222,,01-08-2022 06:00,25.8
3449,3449,Salwan-B,CGWB,6,Haryana,67,KARNAL,ASSANDH,ASSANDH,Salwan,-,-,-,-,-,-,29.5,76.73472222,,01-11-2022 06:00,28.09
3450,3450,Samain,CGWB,6,Haryana,61,FATEHABAD,TOHANA,TOHANA,Samain,-,-,-,-,-,-,29.61944444,75.9375,,10-01-2021 00:00,2.79
3451,3451,Samain,CGWB,6,Haryana,61,FATEHABAD,TOHANA,TOHANA,Samain,-,-,-,-,-,-,29.61944444,75.9375,,31-08-2021 06:00,7.22
3452,3452,Samain,CGWB,6,Haryana,61,FATEHABAD,TOHANA,TOHANA,Samain,-,-,-,-,-,-,29.61944444,75.9375,,30-01-2022 07:00,1.5
3453,3453,Samain,CGWB,6,Haryana,61,FATEHABAD,TOHANA,TOHANA,Samain,-,-,-,-,-,-,29.61944444,75.9375,,20-05-2022 06:00,3.74
3454,3454,Samain,CGWB,6,Haryana,61,FATEHABAD,TOHANA,TOHANA,Samain,-,-,-,-,-,-,29.61944444,75.9375,,01-08-2022 06:00,1.69
3455,3455,Samain,CGWB,6,Haryana,61,FATEHABAD,TOHANA,TOHANA,Samain,-,-,-,-,-,-,29.61944444,75.9375,,01-11-2022 06:00,3.64
3456,3456,Samain,CGWB,6,Haryana,61,FATEHABAD,TOHANA,TOHANA,Samain,-,-,-,-,-,-,29.61944444,75.9375,,01-01-2023 00:00,2.69
3457,3457,Samain,CGWB,6,Haryana,61,FATEHABAD,TOHANA,TOHANA,Samain,-,-,-,-,-,-,29.61944444,75.9375,,01-06-2023 00:00,3.83
3458,3458,Samain,CGWB,6,Haryana,61,FATEHABAD,TOHANA,TOHANA,Samain,-,-,-,-,-,-,29.61944444,75.9375,,20-08-2023 00:00,4.86
3459,3459,Samain,CGWB,6,Haryana,61,FATEHABAD,TOHANA,TOHANA,Samain,-,-,-,-,-,-,29.61944444,75.9375,,01-11-2023 00:00,5.34
3460,3460,Samain,CGWB,6,Haryana,61,FATEHABAD,TOHANA,TOHANA,Samain,-,-,-,-,-,-,29.61944444,75.9375,,01-01-2024 00:00,5.08
3461,3461,Samalkha-Pz,CGWB,6,Haryana,71,PANIPAT,SAMALKHA,SAMALKHA,Samalkha,-,-,-,-,-,-,29.23611111,77.01388889,,20-05-2022 06:00,36.48
3462,3462,Samani,CGWB,6,Haryana,63,HISAR,HISSAR,AGROHA,Samani,-,-,-,-,-,-,29.40833333,75.68333333,,10-01-2021 00:00,4.09
3463,3463,Samani,CGWB,6,Haryana,63,HISAR,HISSAR,AGROHA,Samani,-,-,-,-,-,-,29.40833333,75.68333333,,31-08-2021 06:00,5.53
3464,3464,Samani,CGWB,6,Haryana,63,HISAR,HISSAR,AGROHA,Samani,-,-,-,-,-,-,29.40833333,75.68333333,,30-11-2021 06:00,2.49
3465,3465,Samani,CGWB,6,Haryana,63,HISAR,HISSAR,AGROHA,Samani,-,-,-,-,-,-,29.40833333,75.68333333,,30-01-2022 07:00,2.5
3466,3466,Samani,CGWB,6,Haryana,63,HISAR,HISSAR,AGROHA,Samani,-,-,-,-,-,-,29.40833333,75.68333333,,20-05-2022 06:00,4.39
3467,3467,Samani,CGWB,6,Haryana,63,HISAR,HISSAR,AGROHA,Samani,-,-,-,-,-,-,29.40833333,75.68333333,,01-08-2022 06:00,1.86
3468,3468,Samani,CGWB,6,Haryana,63,HISAR,HISSAR,AGROHA,Samani,-,-,-,-,-,-,29.40833333,75.68333333,,01-01-2023 00:00,2.64
3469,3469,Samani,CGWB,6,Haryana,63,HISAR,HISSAR,AGROHA,Samani,-,-,-,-,-,-,29.40833333,75.68333333,,01-06-2023 00:00,2.26
3470,3470,Samani,CGWB,6,Haryana,63,HISAR,HISSAR,AGROHA,Samani,-,-,-,-,-,-,29.40833333,75.68333333,,20-08-2023 00:00,3.84
3471,3471,Samani,CGWB,6,Haryana,63,HISAR,HISSAR,AGROHA,Samani,-,-,-,-,-,-,29.40833333,75.68333333,,01-11-2023 00:00,3.04
3472,3472,Samani,CGWB,6,Haryana,63,HISAR,HISSAR,AGROHA,Samani,-,-,-,-,-,-,29.40833333,75.68333333,,01-01-2024 00:00,3.25
3473,3473,Samargopalpur,CGWB,6,Haryana,73,ROHTAK,ROHTAK,ROHTAK,Samargopalpur,-,-,-,-,-,-,28.97916667,76.51666667,,10-01-2021 00:00,2.49
3474,3474,Samargopalpur,CGWB,6,Haryana,73,ROHTAK,ROHTAK,ROHTAK,Samargopalpur,-,-,-,-,-,-,28.97916667,76.51666667,,31-08-2021 06:00,3.26
3475,3475,Samargopalpur,CGWB,6,Haryana,73,ROHTAK,ROHTAK,ROHTAK,Samargopalpur,-,-,-,-,-,-,28.97916667,76.51666667,,30-01-2022 07:00,1.77
3476,3476,Samargopalpur,CGWB,6,Haryana,73,ROHTAK,ROHTAK,ROHTAK,Samargopalpur,-,-,-,-,-,-,28.97916667,76.51666667,,20-05-2022 06:00,2.28
3477,3477,Samargopalpur,CGWB,6,Haryana,73,ROHTAK,ROHTAK,ROHTAK,Samargopalpur,-,-,-,-,-,-,28.97916667,76.51666667,,01-08-2022 06:00,1.47
3478,3478,Samargopalpur,CGWB,6,Haryana,73,ROHTAK,ROHTAK,ROHTAK,Samargopalpur,-,-,-,-,-,-,28.97916667,76.51666667,,01-10-2022 00:00,1.69
3479,3479,Samargopalpur,CGWB,6,Haryana,73,ROHTAK,ROHTAK,ROHTAK,Samargopalpur,-,-,-,-,-,-,28.97916667,76.51666667,,01-11-2022 06:00,0.4
3480,3480,Samargopalpur,CGWB,6,Haryana,73,ROHTAK,ROHTAK,ROHTAK,Samargopalpur,-,-,-,-,-,-,28.97916667,76.51666667,,20-08-2023 00:00,1.41
3481,3481,Samargopalpur,CGWB,6,Haryana,73,ROHTAK,ROHTAK,ROHTAK,Samargopalpur,-,-,-,-,-,-,28.97916667,76.51666667,,01-11-2023 00:00,1.89
3482,3482,Samargopalpur,CGWB,6,Haryana,73,ROHTAK,ROHTAK,ROHTAK,Samargopalpur,-,-,-,-,-,-,28.97916667,76.51666667,,01-01-2024 00:00,1.79
3483,3483,Sambli-Pz-M,CGWB,6,Haryana,67,KARNAL,KARNAL,NISSANG,Sambli,-,-,-,-,-,-,29.75833333,76.8,,10-01-2021 00:00,28.9
3484,3484,Sambli-Pz-M,CGWB,6,Haryana,67,KARNAL,KARNAL,NISSANG,Sambli,-,-,-,-,-,-,29.75833333,76.8,,31-08-2021 06:00,33.2
3485,3485,Sambli-Pz-M,CGWB,6,Haryana,67,KARNAL,KARNAL,NISSANG,Sambli,-,-,-,-,-,-,29.75833333,76.8,,30-11-2021 06:00,29.19
3486,3486,Sambli-Pz-M,CGWB,6,Haryana,67,KARNAL,KARNAL,NISSANG,Sambli,-,-,-,-,-,-,29.75833333,76.8,,30-01-2022 07:00,29.48
3487,3487,Sambli-Pz-M,CGWB,6,Haryana,67,KARNAL,KARNAL,NISSANG,Sambli,-,-,-,-,-,-,29.75833333,76.8,,20-05-2022 06:00,28.26
3488,3488,Sambli-Pz-M,CGWB,6,Haryana,67,KARNAL,KARNAL,NISSANG,Sambli,-,-,-,-,-,-,29.75833333,76.8,,01-08-2022 06:00,31.1
3489,3489,Sambli-Pz-M,CGWB,6,Haryana,67,KARNAL,KARNAL,NISSANG,Sambli,-,-,-,-,-,-,29.75833333,76.8,,01-11-2022 06:00,30.17
3490,3490,Sambli-Pz-M,CGWB,6,Haryana,67,KARNAL,KARNAL,NISSANG,Sambli,-,-,-,-,-,-,29.75833333,76.8,,01-01-2023 00:00,29.53
3491,3491,Sambli-Pz-M,CGWB,6,Haryana,67,KARNAL,KARNAL,NISSANG,Sambli,-,-,-,-,-,-,29.75833333,76.8,,20-08-2023 00:00,30.5
3492,3492,Sambli-Pz-M,CGWB,6,Haryana,67,KARNAL,KARNAL,NISSANG,Sambli,-,-,-,-,-,-,29.75833333,76.8,,01-11-2023 00:00,30.68
3493,3493,Sambli-Pz-S,CGWB,6,Haryana,67,KARNAL,KARNAL,NISSANG,Sambli-Pz-S,-,-,-,-,-,-,29.75833333,76.8,,10-01-2021 00:00,29.01
3494,3494,Sambli-Pz-S,CGWB,6,Haryana,67,KARNAL,KARNAL,NISSANG,Sambli-Pz-S,-,-,-,-,-,-,29.75833333,76.8,,30-01-2022 07:00,28.09
3495,3495,Sambli-Pz-S,CGWB,6,Haryana,67,KARNAL,KARNAL,NISSANG,Sambli-Pz-S,-,-,-,-,-,-,29.75833333,76.8,,20-05-2022 06:00,28.35
3496,3496,Sambli-Pz-S,CGWB,6,Haryana,67,KARNAL,KARNAL,NISSANG,Sambli-Pz-S,-,-,-,-,-,-,29.75833333,76.8,,01-08-2022 06:00,30.1
3497,3497,Sambli-Pz-S,CGWB,6,Haryana,67,KARNAL,KARNAL,NISSANG,Sambli-Pz-S,-,-,-,-,-,-,29.75833333,76.8,,01-11-2022 06:00,30.39
3498,3498,Sambli-Pz-S,CGWB,6,Haryana,67,KARNAL,KARNAL,NISSANG,Sambli-Pz-S,-,-,-,-,-,-,29.75833333,76.8,,01-01-2023 00:00,29.53
3499,3499,Sambli-Pz-S,CGWB,6,Haryana,67,KARNAL,KARNAL,NISSANG,Sambli-Pz-S,-,-,-,-,-,-,29.75833333,76.8,,20-08-2023 00:00,29.86
3500,3500,Sambli-Pz-S,CGWB,6,Haryana,67,KARNAL,KARNAL,NISSANG,Sambli-Pz-S,-,-,-,-,-,-,29.75833333,76.8,,01-11-2023 00:00,31.22
3501,3501,Samora1,CGWB,6,Haryana,67,KARNAL,INDRI,INDRI,Samora,-,-,-,-,-,-,29.94305556,77.04166667,,20-05-2022 06:00,9.35
3502,3502,Sampla,CGWB,6,Haryana,73,ROHTAK,SAMPLA,SAMPLA,Sampla,-,-,-,-,-,-,28.78333333,76.7625,,10-01-2021 00:00,0.91
3503,3503,Sampla,CGWB,6,Haryana,73,ROHTAK,SAMPLA,SAMPLA,Sampla,-,-,-,-,-,-,28.78333333,76.7625,,31-08-2021 06:00,1.88
3504,3504,Sampla,CGWB,6,Haryana,73,ROHTAK,SAMPLA,SAMPLA,Sampla,-,-,-,-,-,-,28.78333333,76.7625,,30-01-2022 07:00,2.43
3505,3505,Sampla,CGWB,6,Haryana,73,ROHTAK,SAMPLA,SAMPLA,Sampla,-,-,-,-,-,-,28.78333333,76.7625,,20-05-2022 06:00,4.58
3506,3506,Sampla,CGWB,6,Haryana,73,ROHTAK,SAMPLA,SAMPLA,Sampla,-,-,-,-,-,-,28.78333333,76.7625,,01-08-2022 06:00,2.73
3507,3507,Sampla,CGWB,6,Haryana,73,ROHTAK,SAMPLA,SAMPLA,Sampla,-,-,-,-,-,-,28.78333333,76.7625,,01-10-2022 00:00,3.83
3508,3508,Sampla,CGWB,6,Haryana,73,ROHTAK,SAMPLA,SAMPLA,Sampla,-,-,-,-,-,-,28.78333333,76.7625,,20-08-2023 00:00,2.26
3509,3509,Sampla,CGWB,6,Haryana,73,ROHTAK,SAMPLA,SAMPLA,Sampla,-,-,-,-,-,-,28.78333333,76.7625,,01-11-2023 00:00,2.26
3510,3510,Sampla,CGWB,6,Haryana,73,ROHTAK,SAMPLA,SAMPLA,Sampla,-,-,-,-,-,-,28.78333333,76.7625,,01-01-2024 00:00,2.16
3511,3511,Sampla1,CGWB,6,Haryana,73,ROHTAK,SAMPLA,SAMPLA,Sampla,-,-,-,-,-,-,28.775,76.775,,20-05-2022 06:00,1.48
3512,3512,Sampla1,CGWB,6,Haryana,73,ROHTAK,SAMPLA,SAMPLA,Sampla,-,-,-,-,-,-,28.775,76.775,,01-11-2022 06:00,0.83
3513,3513,Sanauli Khurd-Pz,CGWB,6,Haryana,71,PANIPAT,SAMALKHA,BAPOLI,Sanauli Khurd,-,-,-,-,-,-,29.38194444,77.09111111,,31-08-2021 06:00,15.5
3514,3514,Sanauli Khurd-Pz,CGWB,6,Haryana,71,PANIPAT,SAMALKHA,BAPOLI,Sanauli Khurd,-,-,-,-,-,-,29.38194444,77.09111111,,30-01-2022 07:00,13.25
3515,3515,Sanauli Khurd-Pz,CGWB,6,Haryana,71,PANIPAT,SAMALKHA,BAPOLI,Sanauli Khurd,-,-,-,-,-,-,29.38194444,77.09111111,,20-05-2022 06:00,17.42
3516,3516,Sanauli Khurd-Pz,CGWB,6,Haryana,71,PANIPAT,SAMALKHA,BAPOLI,Sanauli Khurd,-,-,-,-,-,-,29.38194444,77.09111111,,01-08-2022 06:00,22.28
3517,3517,Sanauli Khurd-Pz,CGWB,6,Haryana,71,PANIPAT,SAMALKHA,BAPOLI,Sanauli Khurd,-,-,-,-,-,-,29.38194444,77.09111111,,01-10-2022 00:00,15.52
3518,3518,Sanauli Khurd-Pz,CGWB,6,Haryana,71,PANIPAT,SAMALKHA,BAPOLI,Sanauli Khurd,-,-,-,-,-,-,29.38194444,77.09111111,,01-11-2022 06:00,17
3519,3519,Sanchakhera,CGWB,6,Haryana,65,JIND,NARWANA,NARWANA,Sanchakhera,-,-,-,-,-,-,29.55416667,76.05,,20-05-2022 06:00,5.4
3520,3520,Sandhaia,CGWB,6,Haryana,76,YAMUNANAGAR,-,-,-,-,-,-,-,-,-,29.981108,77.218311,,01-01-2024 00:00,5.47
3521,3521,Sangwan,CGWB,6,Haryana,59,BHIWANI,TOSHAM,TOSHAM,Sangwan,-,-,-,-,-,-,28.87222222,75.95833333,,31-08-2021 06:00,4.02
3522,3522,Sangwan,CGWB,6,Haryana,59,BHIWANI,TOSHAM,TOSHAM,Sangwan,-,-,-,-,-,-,28.87222222,75.95833333,,30-11-2021 06:00,4.2
3523,3523,Sangwan,CGWB,6,Haryana,59,BHIWANI,TOSHAM,TOSHAM,Sangwan,-,-,-,-,-,-,28.87222222,75.95833333,,30-01-2022 07:00,4.65
3524,3524,Sangwan,CGWB,6,Haryana,59,BHIWANI,TOSHAM,TOSHAM,Sangwan,-,-,-,-,-,-,28.87222222,75.95833333,,20-05-2022 06:00,4.4
3525,3525,Sanjarwas-PZ,CGWB,6,Haryana,59,BHIWANI,-,-,-,-,-,-,-,-,-,28.727778,76.318889,,01-01-2023 00:00,1.72
3526,3526,Sankol,CGWB,6,Haryana,64,JHAJJAR,JHAJJAR,JHAJJAR,Jhajjar,-,-,-,-,-,-,28.7019,76.8947,,20-08-2023 00:00,3.86
3527,3527,Sankol,CGWB,6,Haryana,64,JHAJJAR,JHAJJAR,JHAJJAR,Jhajjar,-,-,-,-,-,-,28.7019,76.8947,,01-11-2023 00:00,3.96
3528,3528,Sankol,CGWB,6,Haryana,64,JHAJJAR,JHAJJAR,JHAJJAR,Jhajjar,-,-,-,-,-,-,28.7019,76.8947,,01-01-2024 00:00,3.21
3529,3529,Sanped-DW,CGWB,6,Haryana,60,FARIDABAD,BALLABGARH,BALLABGARH,Sanped,-,-,-,-,-,-,28.28611111,77.34166667,,20-05-2022 06:00,12.85
3530,3530,Santokhpur D,CGWB,6,Haryana,68,KURUKSHETRA,SHAHBAD,THANESAR,Santokhpur D,-,-,-,-,-,-,30.02916667,76.725,,10-01-2021 00:00,38.92
3531,3531,Sanwar,CGWB,6,Haryana,701,Charkhi Dadri,DADRI,DADRI-I,Sanwar,-,-,-,-,-,-,28.70833333,76.31111111,,10-01-2021 00:00,4.95
3532,3532,Sanwar,CGWB,6,Haryana,701,Charkhi Dadri,DADRI,DADRI-I,Sanwar,-,-,-,-,-,-,28.70833333,76.31111111,,20-05-2022 06:00,4.57
3533,3533,Sanwar,CGWB,6,Haryana,701,Charkhi Dadri,DADRI,DADRI-I,Sanwar,-,-,-,-,-,-,28.70833333,76.31111111,,01-08-2022 06:00,4.08
3534,3534,Sanwar,CGWB,6,Haryana,701,Charkhi Dadri,DADRI,DADRI-I,Sanwar,-,-,-,-,-,-,28.70833333,76.31111111,,01-11-2022 06:00,4.6
3535,3535,Sanwar,CGWB,6,Haryana,701,Charkhi Dadri,DADRI,DADRI-I,Sanwar,-,-,-,-,-,-,28.70833333,76.31111111,,01-01-2023 00:00,5.35
3536,3536,Sanwar,CGWB,6,Haryana,701,Charkhi Dadri,DADRI,DADRI-I,Sanwar,-,-,-,-,-,-,28.70833333,76.31111111,,01-06-2023 00:00,4.75
3537,3537,Sanwar,CGWB,6,Haryana,701,Charkhi Dadri,DADRI,DADRI-I,Sanwar,-,-,-,-,-,-,28.70833333,76.31111111,,20-08-2023 00:00,3.64
3538,3538,Sanwar,CGWB,6,Haryana,701,Charkhi Dadri,DADRI,DADRI-I,Sanwar,-,-,-,-,-,-,28.70833333,76.31111111,,01-11-2023 00:00,4.69
3539,3539,Sanwar,CGWB,6,Haryana,701,Charkhi Dadri,DADRI,DADRI-I,Sanwar,-,-,-,-,-,-,28.70833333,76.31111111,,01-01-2024 00:00,5.78
3540,3540,Sarai-DW,CGWB,6,Haryana,619,Palwal,HODAL,HODAL,Sarai,-,-,-,-,-,-,27.98611111,77.33611111,,20-05-2022 06:00,14.2
3541,3541,Sarai Sukhi-PZ,CGWB,6,Haryana,68,KURUKSHETRA,SHAHBAD,THANESAR,Sarai Sukhi,-,-,-,-,-,-,30.05694444,76.85777778,,20-05-2022 06:00,45
3542,3542,Sarauli-DW,CGWB,6,Haryana,604,Nuh,PUNHANA,PUNHANA,Rajpur,-,-,-,-,-,-,27.93611111,77.16944444,,20-05-2022 06:00,2.21
3543,3543,Sarsa-PZ,CGWB,6,Haryana,68,KURUKSHETRA,PEHOWA,PEHOWA,Sarsa,-,-,-,-,-,-,29.93138889,76.66527778,,20-05-2022 06:00,36.2
3544,3544,"Sec-3,ballabgarh",CGWB,6,Haryana,60,FARIDABAD,BALLABGARH,FARIDABAD,"Sec-3,ballabgarh",-,-,-,-,-,-,28.34722222,77.335,,01-01-2024 00:00,30.05
3545,3545,Sekhpura 1(m),CGWB,6,Haryana,67,KARNAL,KARNAL,KARNAL,Sekhpura 1(m),-,-,-,-,-,-,29.71666667,77.01666667,,10-01-2021 00:00,18.05
3546,3546,Sekhpura 1(m),CGWB,6,Haryana,67,KARNAL,KARNAL,KARNAL,Sekhpura 1(m),-,-,-,-,-,-,29.71666667,77.01666667,,31-08-2021 06:00,20.81
3547,3547,Sekhpura 1(m),CGWB,6,Haryana,67,KARNAL,KARNAL,KARNAL,Sekhpura 1(m),-,-,-,-,-,-,29.71666667,77.01666667,,20-05-2022 06:00,18.23
3548,3548,Sekhpura 1(m),CGWB,6,Haryana,67,KARNAL,KARNAL,KARNAL,Sekhpura 1(m),-,-,-,-,-,-,29.71666667,77.01666667,,01-01-2023 00:00,17.4
3549,3549,Sekhpura 1(m),CGWB,6,Haryana,67,KARNAL,KARNAL,KARNAL,Sekhpura 1(m),-,-,-,-,-,-,29.71666667,77.01666667,,20-08-2023 00:00,18.77
3550,3550,Sekhpura 1(m),CGWB,6,Haryana,67,KARNAL,KARNAL,KARNAL,Sekhpura 1(m),-,-,-,-,-,-,29.71666667,77.01666667,,01-11-2023 00:00,17.8
3551,3551,Serdha-DW,CGWB,6,Haryana,66,KAITHAL,KAITHAL,RAJOUND,Serdha,-,-,-,-,-,-,29.62916667,76.49861111,,20-05-2022 06:00,19.88
3552,3552,Sewah,CGWB,6,Haryana,71,PANIPAT,PANIPAT,PANIPAT,Sewah,-,-,-,-,-,-,29.34166667,76.97916667,,20-05-2022 06:00,51.13
3553,3553,Shadipur,CGWB,6,Haryana,76,YAMUNANAGAR,JAGADHRI,JAGADHRI,Shadipur,-,-,-,-,-,-,30.1,77.27916667,,10-01-2021 00:00,6.32
3554,3554,Shadipur,CGWB,6,Haryana,76,YAMUNANAGAR,JAGADHRI,JAGADHRI,Shadipur,-,-,-,-,-,-,30.1,77.27916667,,31-08-2021 06:00,6.12
3555,3555,Shadipur,CGWB,6,Haryana,76,YAMUNANAGAR,JAGADHRI,JAGADHRI,Shadipur,-,-,-,-,-,-,30.1,77.27916667,,30-11-2021 06:00,4.8
3556,3556,Shadipur,CGWB,6,Haryana,76,YAMUNANAGAR,JAGADHRI,JAGADHRI,Shadipur,-,-,-,-,-,-,30.1,77.27916667,,30-01-2022 07:00,4.68
3557,3557,Shadipur,CGWB,6,Haryana,76,YAMUNANAGAR,JAGADHRI,JAGADHRI,Shadipur,-,-,-,-,-,-,30.1,77.27916667,,20-05-2022 06:00,4.81
3558,3558,Shadipur,CGWB,6,Haryana,76,YAMUNANAGAR,JAGADHRI,JAGADHRI,Shadipur,-,-,-,-,-,-,30.1,77.27916667,,01-08-2022 06:00,5.5
3559,3559,Shadipur,CGWB,6,Haryana,76,YAMUNANAGAR,JAGADHRI,JAGADHRI,Shadipur,-,-,-,-,-,-,30.1,77.27916667,,01-11-2022 06:00,4.14
3560,3560,Shadipur,CGWB,6,Haryana,76,YAMUNANAGAR,JAGADHRI,JAGADHRI,Shadipur,-,-,-,-,-,-,30.1,77.27916667,,01-01-2023 00:00,5.37
3561,3561,Shadipur,CGWB,6,Haryana,76,YAMUNANAGAR,JAGADHRI,JAGADHRI,Shadipur,-,-,-,-,-,-,30.1,77.27916667,,01-06-2023 00:00,6.26
3562,3562,Shadipur,CGWB,6,Haryana,76,YAMUNANAGAR,JAGADHRI,JAGADHRI,Shadipur,-,-,-,-,-,-,30.1,77.27916667,,20-08-2023 00:00,3.65
3563,3563,Shadipur,CGWB,6,Haryana,76,YAMUNANAGAR,JAGADHRI,JAGADHRI,Shadipur,-,-,-,-,-,-,30.1,77.27916667,,01-11-2023 00:00,4.13
3564,3564,Shadipur,CGWB,6,Haryana,76,YAMUNANAGAR,JAGADHRI,JAGADHRI,Shadipur,-,-,-,-,-,-,30.1,77.27916667,,01-01-2024 00:00,3.59
3565,3565,Shadipur-DW,CGWB,6,Haryana,72,REWARI,REWARI,JATUSANA,Shadipur,-,-,-,-,-,-,28.37,76.55333333,,20-05-2022 06:00,10.11
3566,3566,Shahabpura-Ppz,CGWB,6,Haryana,76,YAMUNANAGAR,JAGADHRI,RADAUR,Shahabpura-Ppz,-,-,-,-,-,-,30.13083333,77.11277778,,10-01-2021 00:00,29.18
3567,3567,Shahabpura-Ppz,CGWB,6,Haryana,76,YAMUNANAGAR,JAGADHRI,RADAUR,Shahabpura-Ppz,-,-,-,-,-,-,30.13083333,77.11277778,,20-05-2022 06:00,30.78
3568,3568,Shahabpura-Ppz,CGWB,6,Haryana,76,YAMUNANAGAR,JAGADHRI,RADAUR,Shahabpura-Ppz,-,-,-,-,-,-,30.13083333,77.11277778,,01-08-2022 06:00,35.38
3569,3569,Shahabpura-Ppz,CGWB,6,Haryana,76,YAMUNANAGAR,JAGADHRI,RADAUR,Shahabpura-Ppz,-,-,-,-,-,-,30.13083333,77.11277778,,01-11-2022 06:00,32.23
3570,3570,Shahabpura-Ppz,CGWB,6,Haryana,76,YAMUNANAGAR,JAGADHRI,RADAUR,Shahabpura-Ppz,-,-,-,-,-,-,30.13083333,77.11277778,,01-01-2023 00:00,30.85
3571,3571,Shahabpura-Pz,CGWB,6,Haryana,76,YAMUNANAGAR,JAGADHRI,RADAUR,Shahabpura-Pz,-,-,-,-,-,-,30.12694444,77.115,,10-01-2021 00:00,28.3
3572,3572,Shahabpura-Pz,CGWB,6,Haryana,76,YAMUNANAGAR,JAGADHRI,RADAUR,Shahabpura-Pz,-,-,-,-,-,-,30.12694444,77.115,,20-05-2022 06:00,29.98
3573,3573,Shahabpura-Pz,CGWB,6,Haryana,76,YAMUNANAGAR,JAGADHRI,RADAUR,Shahabpura-Pz,-,-,-,-,-,-,30.12694444,77.115,,01-08-2022 06:00,34.36
3574,3574,Shahabpura-Pz,CGWB,6,Haryana,76,YAMUNANAGAR,JAGADHRI,RADAUR,Shahabpura-Pz,-,-,-,-,-,-,30.12694444,77.115,,01-11-2022 06:00,31.2
3575,3575,Shahabpura-Pz,CGWB,6,Haryana,76,YAMUNANAGAR,JAGADHRI,RADAUR,Shahabpura-Pz,-,-,-,-,-,-,30.12694444,77.115,,01-01-2023 00:00,29.83
3576,3576,Shahbad 1(d),CGWB,6,Haryana,68,KURUKSHETRA,SHAHBAD,SHAHBAD,Shahbad 1(d),-,-,-,-,-,-,30.16666667,76.86666667,,20-05-2022 06:00,49.9
3577,3577,Shahjahan Pur-DW,CGWB,6,Haryana,70,PANCHKULA,PANCHKULA,RAIPUR RANI,Shahjahan Pur,-,-,-,-,-,-,30.54416667,77.04694444,,20-05-2022 06:00,22.71
3578,3578,Shahpur,CGWB,6,Haryana,71,PANIPAT,ISRANA,ISRANA,Shahpur,-,-,-,-,-,-,29.25416667,76.80833333,,10-01-2021 00:00,3.55
3579,3579,Shahpur,CGWB,6,Haryana,71,PANIPAT,ISRANA,ISRANA,Shahpur,-,-,-,-,-,-,29.25416667,76.80833333,,31-08-2021 06:00,1.89
3580,3580,Shahpur,CGWB,6,Haryana,71,PANIPAT,ISRANA,ISRANA,Shahpur,-,-,-,-,-,-,29.25416667,76.80833333,,30-01-2022 07:00,2.7
3581,3581,Shahpur,CGWB,6,Haryana,71,PANIPAT,ISRANA,ISRANA,Shahpur,-,-,-,-,-,-,29.25416667,76.80833333,,20-05-2022 06:00,5
3582,3582,Shahpur,CGWB,6,Haryana,71,PANIPAT,ISRANA,ISRANA,Shahpur,-,-,-,-,-,-,29.25416667,76.80833333,,01-08-2022 06:00,1.77
3583,3583,Shahpur,CGWB,6,Haryana,71,PANIPAT,ISRANA,ISRANA,Shahpur,-,-,-,-,-,-,29.25416667,76.80833333,,01-10-2022 00:00,3.3
3584,3584,Shahpur,CGWB,6,Haryana,71,PANIPAT,ISRANA,ISRANA,Shahpur,-,-,-,-,-,-,29.25416667,76.80833333,,01-11-2022 06:00,2.4
3585,3585,Shahpur,CGWB,6,Haryana,71,PANIPAT,ISRANA,ISRANA,Shahpur,-,-,-,-,-,-,29.25416667,76.80833333,,20-08-2023 00:00,2.13
3586,3586,Shahpur,CGWB,6,Haryana,71,PANIPAT,ISRANA,ISRANA,Shahpur,-,-,-,-,-,-,29.25416667,76.80833333,,01-11-2023 00:00,3.43
3587,3587,Shahpur,CGWB,6,Haryana,71,PANIPAT,ISRANA,ISRANA,Shahpur,-,-,-,-,-,-,29.25416667,76.80833333,,01-01-2024 00:00,2.82
3588,3588,Shahpur-DW,CGWB,6,Haryana,58,AMBALA,AMBALA,-,-,-,-,-,-,-,-,30.3,77.08333333,,20-05-2022 06:00,4.62
3589,3589,Shahzadpur,CGWB,6,Haryana,58,AMBALA,NARAINGARH,SHAHZADPUR,Shahzadpur,-,-,-,-,-,-,30.44166667,77.02083333,,20-05-2022 06:00,3.7
3590,3590,Shanti Nagar-PZ,CGWB,6,Haryana,68,KURUKSHETRA,SHAHBAD,SHAHBAD,Shanti Nagar,-,-,-,-,-,-,29.96611111,76.8,,20-05-2022 06:00,46.18
3591,3591,Shekhpur 2(d),CGWB,6,Haryana,67,KARNAL,KARNAL,KARNAL,Shekhpur 2(d),-,-,-,-,-,-,29.71666667,77.01666667,,20-05-2022 06:00,26.15
3592,3592,Shekhpura,CGWB,6,Haryana,67,KARNAL,KARNAL,KARNAL,Shekhpura,-,-,-,-,-,-,29.65416667,77.03138889,,10-01-2021 00:00,18.05
3593,3593,Shekhpura,CGWB,6,Haryana,67,KARNAL,KARNAL,KARNAL,Shekhpura,-,-,-,-,-,-,29.65416667,77.03138889,,30-11-2021 06:00,19.25
3594,3594,Shekhpura,CGWB,6,Haryana,67,KARNAL,KARNAL,KARNAL,Shekhpura,-,-,-,-,-,-,29.65416667,77.03138889,,30-01-2022 07:00,17.9
3595,3595,Shekhpura,CGWB,6,Haryana,67,KARNAL,KARNAL,KARNAL,Shekhpura,-,-,-,-,-,-,29.65416667,77.03138889,,01-08-2022 06:00,23.65
3596,3596,Shekhpura,CGWB,6,Haryana,67,KARNAL,KARNAL,KARNAL,Shekhpura,-,-,-,-,-,-,29.65416667,77.03138889,,01-11-2022 06:00,18.07
3597,3597,Shekhpur Daroli-DW,CGWB,6,Haryana,61,FATEHABAD,FATEHABAD,BHATTU KALAN,Shekhpur Daroli,-,-,-,-,-,-,29.35277778,75.39166667,,20-05-2022 06:00,4.92
3598,3598,Sherawali Dhani ÔÇôM,CGWB,6,Haryana,74,SIRSA,ELLLENABAD,-,-,-,-,-,-,-,-,29.393306,74.617619,,01-01-2023 00:00,4.35
3599,3599,Sherawali Dhani ÔÇôM,CGWB,6,Haryana,74,SIRSA,ELLLENABAD,-,-,-,-,-,-,-,-,29.393306,74.617619,,01-06-2023 00:00,4.01
3600,3600,Sherawali Dhani ÔÇôM,CGWB,6,Haryana,74,SIRSA,ELLLENABAD,-,-,-,-,-,-,-,-,29.393306,74.617619,,20-08-2023 00:00,3.95
3601,3601,Sherawali Dhani ÔÇôM,CGWB,6,Haryana,74,SIRSA,ELLLENABAD,-,-,-,-,-,-,-,-,29.393306,74.617619,,01-11-2023 00:00,4.99
3602,3602,Sherawali Dhani ÔÇôM,CGWB,6,Haryana,74,SIRSA,ELLLENABAD,-,-,-,-,-,-,-,-,29.393306,74.617619,,01-01-2024 00:00,4.08
3603,3603,Sherawali Dhani ÔÇôS,CGWB,6,Haryana,74,SIRSA,ELLLENABAD,-,-,-,-,-,-,-,-,29.393306,74.617619,,01-01-2023 00:00,4.5
3604,3604,Sherawali Dhani ÔÇôS,CGWB,6,Haryana,74,SIRSA,ELLLENABAD,-,-,-,-,-,-,-,-,29.393306,74.617619,,01-06-2023 00:00,4.82
3605,3605,Sherawali Dhani ÔÇôS,CGWB,6,Haryana,74,SIRSA,ELLLENABAD,-,-,-,-,-,-,-,-,29.393306,74.617619,,20-08-2023 00:00,4.95
3606,3606,Sherawali Dhani ÔÇôS,CGWB,6,Haryana,74,SIRSA,ELLLENABAD,-,-,-,-,-,-,-,-,29.393306,74.617619,,01-11-2023 00:00,3.97
3607,3607,Sherawali Dhani ÔÇôS,CGWB,6,Haryana,74,SIRSA,ELLLENABAD,-,-,-,-,-,-,-,-,29.393306,74.617619,,01-01-2024 00:00,2.15
3608,3608,Shergarh-DW,CGWB,6,Haryana,74,SIRSA,DABWALI,BARAGUDHA,Shergarh,-,-,-,-,-,-,29.92638889,74.67638889,,10-01-2021 00:00,6.19
3609,3609,Shergarh-DW,CGWB,6,Haryana,74,SIRSA,DABWALI,BARAGUDHA,Shergarh,-,-,-,-,-,-,29.92638889,74.67638889,,31-08-2021 06:00,8.94
3610,3610,Shergarh-DW,CGWB,6,Haryana,74,SIRSA,DABWALI,BARAGUDHA,Shergarh,-,-,-,-,-,-,29.92638889,74.67638889,,30-11-2021 06:00,8.75
3611,3611,Shergarh-DW,CGWB,6,Haryana,74,SIRSA,DABWALI,BARAGUDHA,Shergarh,-,-,-,-,-,-,29.92638889,74.67638889,,30-01-2022 07:00,7.82
3612,3612,Shergarh-DW,CGWB,6,Haryana,74,SIRSA,DABWALI,BARAGUDHA,Shergarh,-,-,-,-,-,-,29.92638889,74.67638889,,20-05-2022 06:00,7.89
3613,3613,Shergarh-DW,CGWB,6,Haryana,74,SIRSA,DABWALI,BARAGUDHA,Shergarh,-,-,-,-,-,-,29.92638889,74.67638889,,01-08-2022 06:00,7.61
3614,3614,Shergarh-DW,CGWB,6,Haryana,74,SIRSA,DABWALI,BARAGUDHA,Shergarh,-,-,-,-,-,-,29.92638889,74.67638889,,01-11-2022 06:00,7.25
3615,3615,Shergarh-DW,CGWB,6,Haryana,74,SIRSA,DABWALI,BARAGUDHA,Shergarh,-,-,-,-,-,-,29.92638889,74.67638889,,01-01-2023 00:00,7.59
3616,3616,Shergarh-DW,CGWB,6,Haryana,74,SIRSA,DABWALI,BARAGUDHA,Shergarh,-,-,-,-,-,-,29.92638889,74.67638889,,01-06-2023 00:00,7.26
3617,3617,Shergarh-DW,CGWB,6,Haryana,74,SIRSA,DABWALI,BARAGUDHA,Shergarh,-,-,-,-,-,-,29.92638889,74.67638889,,20-08-2023 00:00,7.51
3618,3618,Shergarh-DW,CGWB,6,Haryana,74,SIRSA,DABWALI,BARAGUDHA,Shergarh,-,-,-,-,-,-,29.92638889,74.67638889,,01-11-2023 00:00,8.12
3619,3619,Shergarh-DW,CGWB,6,Haryana,74,SIRSA,DABWALI,BARAGUDHA,Shergarh,-,-,-,-,-,-,29.92638889,74.67638889,,01-01-2024 00:00,7.73
3620,3620,Sherpura,CGWB,6,Haryana,74,SIRSA,SIRSA,NATHUSARI CHOPRA,Sherpura,-,-,-,-,-,-,29.45416667,75.20416667,,10-01-2021 00:00,15.1
3621,3621,Sherpura,CGWB,6,Haryana,74,SIRSA,SIRSA,NATHUSARI CHOPRA,Sherpura,-,-,-,-,-,-,29.45416667,75.20416667,,31-08-2021 06:00,18.85
3622,3622,Sherpura,CGWB,6,Haryana,74,SIRSA,SIRSA,NATHUSARI CHOPRA,Sherpura,-,-,-,-,-,-,29.45416667,75.20416667,,30-11-2021 06:00,16.83
3623,3623,Sherpura,CGWB,6,Haryana,74,SIRSA,SIRSA,NATHUSARI CHOPRA,Sherpura,-,-,-,-,-,-,29.45416667,75.20416667,,30-01-2022 07:00,15.49
3624,3624,Sherpura,CGWB,6,Haryana,74,SIRSA,SIRSA,NATHUSARI CHOPRA,Sherpura,-,-,-,-,-,-,29.45416667,75.20416667,,20-05-2022 06:00,16
3625,3625,Sherpura,CGWB,6,Haryana,74,SIRSA,SIRSA,NATHUSARI CHOPRA,Sherpura,-,-,-,-,-,-,29.45416667,75.20416667,,01-08-2022 06:00,14.82
3626,3626,Sherpura,CGWB,6,Haryana,74,SIRSA,SIRSA,NATHUSARI CHOPRA,Sherpura,-,-,-,-,-,-,29.45416667,75.20416667,,01-11-2022 06:00,15.06
3627,3627,Sherpura,CGWB,6,Haryana,74,SIRSA,SIRSA,NATHUSARI CHOPRA,Sherpura,-,-,-,-,-,-,29.45416667,75.20416667,,01-01-2023 00:00,14.9
3628,3628,Sherpura,CGWB,6,Haryana,74,SIRSA,SIRSA,NATHUSARI CHOPRA,Sherpura,-,-,-,-,-,-,29.45416667,75.20416667,,20-08-2023 00:00,14.82
3629,3629,Sherpura,CGWB,6,Haryana,74,SIRSA,SIRSA,NATHUSARI CHOPRA,Sherpura,-,-,-,-,-,-,29.45416667,75.20416667,,01-11-2023 00:00,15.14
3630,3630,Sherpura,CGWB,6,Haryana,74,SIRSA,SIRSA,NATHUSARI CHOPRA,Sherpura,-,-,-,-,-,-,29.45416667,75.20416667,,01-01-2024 00:00,14.82
3631,3631,Shikohpur,CGWB,6,Haryana,62,GURUGRAM,SOHANA,GURGAON,Shikohpur,-,-,-,-,-,-,28.36944444,76.98611111,,20-05-2022 06:00,39.54
3632,3632,Shimla,CGWB,6,Haryana,66,KAITHAL,KAITHAL,KALAYAT,Shimla,-,-,-,-,-,-,29.64166667,76.21666667,,31-08-2021 06:00,5.78
3633,3633,Shimla,CGWB,6,Haryana,66,KAITHAL,KAITHAL,KALAYAT,Shimla,-,-,-,-,-,-,29.64166667,76.21666667,,30-01-2022 07:00,6.8
3634,3634,Shimla,CGWB,6,Haryana,66,KAITHAL,KAITHAL,KALAYAT,Shimla,-,-,-,-,-,-,29.64166667,76.21666667,,01-08-2022 06:00,4.73
3635,3635,Shimla,CGWB,6,Haryana,66,KAITHAL,KAITHAL,KALAYAT,Shimla,-,-,-,-,-,-,29.64166667,76.21666667,,01-11-2022 06:00,4.23
3636,3636,Shimla Maulan S,CGWB,6,Haryana,71,PANIPAT,PANIPAT,PANIPAT,Shimla Maulan S,-,-,-,-,-,-,29.45611111,76.98333333,,31-08-2021 06:00,11.7
3637,3637,Sidrawali-Pz,CGWB,6,Haryana,62,GURUGRAM,PATAUDI,PATAUDI,Sidrawali,-,-,-,-,-,-,28.26666667,76.83472222,,20-05-2022 06:00,35.45
3638,3638,Sidrawali-Pz,CGWB,6,Haryana,62,GURUGRAM,PATAUDI,PATAUDI,Sidrawali,-,-,-,-,-,-,28.26666667,76.83472222,,01-11-2023 00:00,32.43
3639,3639,Sikarwa,CGWB,6,Haryana,604,Nuh,PUNHANA,PUNHANA,Sikarwa,-,-,-,-,-,-,27.95416667,77.14444444,,20-05-2022 06:00,4.7
3640,3640,Sikri,CGWB,6,Haryana,60,FARIDABAD,BALLABGARH,BALLABGARH,Sikri,-,-,-,-,-,-,28.27916667,77.28333333,,20-05-2022 06:00,7.3
3641,3641,Sikri,CGWB,6,Haryana,60,FARIDABAD,BALLABGARH,BALLABGARH,Sikri,-,-,-,-,-,-,28.27916667,77.28333333,,01-08-2022 06:00,5.12
3642,3642,Sikri,CGWB,6,Haryana,60,FARIDABAD,BALLABGARH,BALLABGARH,Sikri,-,-,-,-,-,-,28.27916667,77.28333333,,01-11-2022 06:00,2.53
3643,3643,Sikri1,CGWB,6,Haryana,60,FARIDABAD,BALLABGARH,BALLABGARH,Sikri,-,-,-,-,-,-,28.3125,77.3125,,01-11-2023 00:00,4.76
3644,3644,Sikri1,CGWB,6,Haryana,60,FARIDABAD,BALLABGARH,BALLABGARH,Sikri,-,-,-,-,-,-,28.3125,77.3125,,01-01-2024 00:00,4.28
3645,3645,Silana-DW,CGWB,6,Haryana,64,JHAJJAR,JHAJJAR,JHAJJAR,Silana,-,-,-,-,-,-,28.55444444,76.67138889,,20-05-2022 06:00,1.58
3646,3646,Simla D,CGWB,6,Haryana,66,KAITHAL,KAITHAL,KALAYAT,Shimla,-,-,-,-,-,-,29.6393,76.63479167,238,20-08-2023 00:00,6.3
3647,3647,Simla D,CGWB,6,Haryana,66,KAITHAL,KAITHAL,KALAYAT,Shimla,-,-,-,-,-,-,29.6393,76.63479167,238,01-11-2023 00:00,4.75
3648,3648,Simla S,CGWB,6,Haryana,66,KAITHAL,KAITHAL,KALAYAT,Shimla,-,-,-,-,-,-,29.6393,76.6348,238,20-08-2023 00:00,5.82
3649,3649,Simla S,CGWB,6,Haryana,66,KAITHAL,KAITHAL,KALAYAT,Shimla,-,-,-,-,-,-,29.6393,76.6348,238,01-11-2023 00:00,5.03
3650,3650,Singhani-pz,CGWB,6,Haryana,59,BHIWANI,LOHARU,LOHARU,Singhani,-,-,-,-,-,-,28.53333333,75.8,,10-01-2021 00:00,87.28
3651,3651,Singhani-pz,CGWB,6,Haryana,59,BHIWANI,LOHARU,LOHARU,Singhani,-,-,-,-,-,-,28.53333333,75.8,,30-01-2022 07:00,96
3652,3652,Singhani-pz,CGWB,6,Haryana,59,BHIWANI,LOHARU,LOHARU,Singhani,-,-,-,-,-,-,28.53333333,75.8,,20-05-2022 06:00,70
3653,3653,Singhani-pz,CGWB,6,Haryana,59,BHIWANI,LOHARU,LOHARU,Singhani,-,-,-,-,-,-,28.53333333,75.8,,01-08-2022 06:00,88.92
3654,3654,Singhani PZM,CGWB,6,Haryana,59,BHIWANI,LOHARU,LOHARU,Singhani,-,-,-,-,-,-,28.64027778,75.79583333,,01-01-2023 00:00,88.92
3655,3655,Sink,CGWB,6,Haryana,71,PANIPAT,ISRANA,ISRANA,Sink,-,-,-,-,-,-,29.31861111,76.64027778,,10-01-2021 00:00,6.52
3656,3656,Sink,CGWB,6,Haryana,71,PANIPAT,ISRANA,ISRANA,Sink,-,-,-,-,-,-,29.31861111,76.64027778,,31-08-2021 06:00,8.09
3657,3657,Sink,CGWB,6,Haryana,71,PANIPAT,ISRANA,ISRANA,Sink,-,-,-,-,-,-,29.31861111,76.64027778,,30-01-2022 07:00,5.84
3658,3658,Sink,CGWB,6,Haryana,71,PANIPAT,ISRANA,ISRANA,Sink,-,-,-,-,-,-,29.31861111,76.64027778,,20-05-2022 06:00,10.1
3659,3659,Sink,CGWB,6,Haryana,71,PANIPAT,ISRANA,ISRANA,Sink,-,-,-,-,-,-,29.31861111,76.64027778,,01-08-2022 06:00,6.7
3660,3660,Sink,CGWB,6,Haryana,71,PANIPAT,ISRANA,ISRANA,Sink,-,-,-,-,-,-,29.31861111,76.64027778,,01-10-2022 00:00,6.78
3661,3661,Sink,CGWB,6,Haryana,71,PANIPAT,ISRANA,ISRANA,Sink,-,-,-,-,-,-,29.31861111,76.64027778,,01-11-2022 06:00,6.14
3662,3662,Sink,CGWB,6,Haryana,71,PANIPAT,ISRANA,ISRANA,Sink,-,-,-,-,-,-,29.31861111,76.64027778,,20-08-2023 00:00,6.56
3663,3663,Sink,CGWB,6,Haryana,71,PANIPAT,ISRANA,ISRANA,Sink,-,-,-,-,-,-,29.31861111,76.64027778,,01-11-2023 00:00,6.61
3664,3664,Sink,CGWB,6,Haryana,71,PANIPAT,ISRANA,ISRANA,Sink,-,-,-,-,-,-,29.31861111,76.64027778,,01-01-2024 00:00,6.43
3665,3665,Sirsa-DW,CGWB,6,Haryana,59,BHIWANI,BHIWANI,BHIWANI,Sirsa,-,-,-,-,-,-,28.775,76.25,,20-05-2022 06:00,9.7
3666,3666,Sirsala-Pz,CGWB,6,Haryana,68,KURUKSHETRA,SHAHBAD,THANESAR,Sirsala,-,-,-,-,-,-,30.00027778,76.50194444,,20-05-2022 06:00,39.28
3667,3667,Sirsal-Pz,CGWB,6,Haryana,66,KAITHAL,PUNDRI,PUNDRI,Sirsal,-,-,-,-,-,-,29.6875,76.66666667,,31-08-2021 06:00,30.1
3668,3668,Sirsal-Pz,CGWB,6,Haryana,66,KAITHAL,PUNDRI,PUNDRI,Sirsal,-,-,-,-,-,-,29.6875,76.66666667,,30-11-2021 06:00,34.16
3669,3669,Sirsal-Pz,CGWB,6,Haryana,66,KAITHAL,PUNDRI,PUNDRI,Sirsal,-,-,-,-,-,-,29.6875,76.66666667,,30-01-2022 07:00,33.35
3670,3670,Sirsal-Pz,CGWB,6,Haryana,66,KAITHAL,PUNDRI,PUNDRI,Sirsal,-,-,-,-,-,-,29.6875,76.66666667,,20-05-2022 06:00,30.73
3671,3671,Sirsal-Pz,CGWB,6,Haryana,66,KAITHAL,PUNDRI,PUNDRI,Sirsal,-,-,-,-,-,-,29.6875,76.66666667,,01-08-2022 06:00,29.95
3672,3672,Sirsal-Pz,CGWB,6,Haryana,66,KAITHAL,PUNDRI,PUNDRI,Sirsal,-,-,-,-,-,-,29.6875,76.66666667,,01-11-2022 06:00,34.62
3673,3673,Sirsal-Pz,CGWB,6,Haryana,66,KAITHAL,PUNDRI,PUNDRI,Sirsal,-,-,-,-,-,-,29.6875,76.66666667,,01-01-2023 00:00,33.98
3674,3674,Sirsal-Pz,CGWB,6,Haryana,66,KAITHAL,PUNDRI,PUNDRI,Sirsal,-,-,-,-,-,-,29.6875,76.66666667,,01-06-2023 00:00,34.1
3675,3675,Sirsal-Pz,CGWB,6,Haryana,66,KAITHAL,PUNDRI,PUNDRI,Sirsal,-,-,-,-,-,-,29.6875,76.66666667,,20-08-2023 00:00,34.93
3676,3676,Sirsal-Pz,CGWB,6,Haryana,66,KAITHAL,PUNDRI,PUNDRI,Sirsal,-,-,-,-,-,-,29.6875,76.66666667,,01-11-2023 00:00,5.51
3677,3677,Sirsa-Pz,CGWB,6,Haryana,74,SIRSA,SIRSA,SIRSA,Sirsa,-,-,-,-,-,-,29.53583333,75.04944444,,10-01-2021 00:00,46.01
3678,3678,Sirsa-Pz,CGWB,6,Haryana,74,SIRSA,SIRSA,SIRSA,Sirsa,-,-,-,-,-,-,29.53583333,75.04944444,,31-08-2021 06:00,47.1
3679,3679,Sirsa-Pz,CGWB,6,Haryana,74,SIRSA,SIRSA,SIRSA,Sirsa,-,-,-,-,-,-,29.53583333,75.04944444,,30-11-2021 06:00,46.46
3680,3680,Sirsa-Pz,CGWB,6,Haryana,74,SIRSA,SIRSA,SIRSA,Sirsa,-,-,-,-,-,-,29.53583333,75.04944444,,30-01-2022 07:00,47.43
3681,3681,Sirsa-Pz,CGWB,6,Haryana,74,SIRSA,SIRSA,SIRSA,Sirsa,-,-,-,-,-,-,29.53583333,75.04944444,,20-05-2022 06:00,59.26
3682,3682,Sirsa-Pz,CGWB,6,Haryana,74,SIRSA,SIRSA,SIRSA,Sirsa,-,-,-,-,-,-,29.53583333,75.04944444,,01-08-2022 06:00,48.92
3683,3683,Sirsa-Pz,CGWB,6,Haryana,74,SIRSA,SIRSA,SIRSA,Sirsa,-,-,-,-,-,-,29.53583333,75.04944444,,01-11-2022 06:00,49.16
3684,3684,Sirsa-Pz,CGWB,6,Haryana,74,SIRSA,SIRSA,SIRSA,Sirsa,-,-,-,-,-,-,29.53583333,75.04944444,,01-01-2023 00:00,49.5
3685,3685,Sisnah,CGWB,6,Haryana,75,SONIPAT,KHARKHODA,KHARHAUDA,Sisnah,-,-,-,-,-,-,28.9,76.85833333,,31-08-2021 06:00,6.35
3686,3686,Sisnah,CGWB,6,Haryana,75,SONIPAT,KHARKHODA,KHARHAUDA,Sisnah,-,-,-,-,-,-,28.9,76.85833333,,30-01-2022 07:00,4.45
3687,3687,Sisnah,CGWB,6,Haryana,75,SONIPAT,KHARKHODA,KHARHAUDA,Sisnah,-,-,-,-,-,-,28.9,76.85833333,,20-05-2022 06:00,4.72
3688,3688,Sisnah,CGWB,6,Haryana,75,SONIPAT,KHARKHODA,KHARHAUDA,Sisnah,-,-,-,-,-,-,28.9,76.85833333,,01-08-2022 06:00,7.5
3689,3689,Sisnah,CGWB,6,Haryana,75,SONIPAT,KHARKHODA,KHARHAUDA,Sisnah,-,-,-,-,-,-,28.9,76.85833333,,01-10-2022 00:00,4.02
3690,3690,Sisnah,CGWB,6,Haryana,75,SONIPAT,KHARKHODA,KHARHAUDA,Sisnah,-,-,-,-,-,-,28.9,76.85833333,,01-11-2022 06:00,2.67
3691,3691,Sisnah,CGWB,6,Haryana,75,SONIPAT,KHARKHODA,KHARHAUDA,Sisnah,-,-,-,-,-,-,28.9,76.85833333,,20-08-2023 00:00,4.93
3692,3692,Sisnah,CGWB,6,Haryana,75,SONIPAT,KHARKHODA,KHARHAUDA,Sisnah,-,-,-,-,-,-,28.9,76.85833333,,01-11-2023 00:00,4.94
3693,3693,Sisnah,CGWB,6,Haryana,75,SONIPAT,KHARKHODA,KHARHAUDA,Sisnah,-,-,-,-,-,-,28.9,76.85833333,,01-01-2024 00:00,4.67
3694,3694,Siwani,CGWB,6,Haryana,59,BHIWANI,SIWANI,SIWANI,Siwani,-,-,-,-,-,-,28.89583333,75.60416667,,10-01-2021 00:00,12.35
3695,3695,Siwani,CGWB,6,Haryana,59,BHIWANI,SIWANI,SIWANI,Siwani,-,-,-,-,-,-,28.89583333,75.60416667,,31-08-2021 06:00,14.07
3696,3696,Siwani,CGWB,6,Haryana,59,BHIWANI,SIWANI,SIWANI,Siwani,-,-,-,-,-,-,28.89583333,75.60416667,,30-11-2021 06:00,12.45
3697,3697,Siwani,CGWB,6,Haryana,59,BHIWANI,SIWANI,SIWANI,Siwani,-,-,-,-,-,-,28.89583333,75.60416667,,30-01-2022 07:00,11.78
3698,3698,Siwani,CGWB,6,Haryana,59,BHIWANI,SIWANI,SIWANI,Siwani,-,-,-,-,-,-,28.89583333,75.60416667,,20-05-2022 06:00,14.3
3699,3699,Siwani,CGWB,6,Haryana,59,BHIWANI,SIWANI,SIWANI,Siwani,-,-,-,-,-,-,28.89583333,75.60416667,,01-08-2022 06:00,10.79
3700,3700,Siwani,CGWB,6,Haryana,59,BHIWANI,SIWANI,SIWANI,Siwani,-,-,-,-,-,-,28.89583333,75.60416667,,01-11-2022 06:00,15.55
3701,3701,Siwani,CGWB,6,Haryana,59,BHIWANI,SIWANI,SIWANI,Siwani,-,-,-,-,-,-,28.89583333,75.60416667,,01-01-2023 00:00,10.95
3702,3702,Siwani,CGWB,6,Haryana,59,BHIWANI,SIWANI,SIWANI,Siwani,-,-,-,-,-,-,28.89583333,75.60416667,,01-06-2023 00:00,1.92
3703,3703,Siwani,CGWB,6,Haryana,59,BHIWANI,SIWANI,SIWANI,Siwani,-,-,-,-,-,-,28.89583333,75.60416667,,20-08-2023 00:00,10.72
3704,3704,Siwani,CGWB,6,Haryana,59,BHIWANI,SIWANI,SIWANI,Siwani,-,-,-,-,-,-,28.89583333,75.60416667,,01-11-2023 00:00,11.64
3705,3705,Siwani,CGWB,6,Haryana,59,BHIWANI,SIWANI,SIWANI,Siwani,-,-,-,-,-,-,28.89583333,75.60416667,,01-01-2024 00:00,10.81
3706,3706,Siwan-Pz,CGWB,6,Haryana,66,KAITHAL,KAITHAL,KAITHAL,Siwan,-,-,-,-,-,-,29.88333333,76.35388889,,10-01-2021 00:00,45.83
3707,3707,Siwan-Pz,CGWB,6,Haryana,66,KAITHAL,KAITHAL,KAITHAL,Siwan,-,-,-,-,-,-,29.88333333,76.35388889,,30-11-2021 06:00,47.46
3708,3708,Siwan-Pz,CGWB,6,Haryana,66,KAITHAL,KAITHAL,KAITHAL,Siwan,-,-,-,-,-,-,29.88333333,76.35388889,,30-01-2022 07:00,46.55
3709,3709,Siwan-Pz,CGWB,6,Haryana,66,KAITHAL,KAITHAL,KAITHAL,Siwan,-,-,-,-,-,-,29.88333333,76.35388889,,20-05-2022 06:00,46.07
3710,3710,Siwan-Pz,CGWB,6,Haryana,66,KAITHAL,KAITHAL,KAITHAL,Siwan,-,-,-,-,-,-,29.88333333,76.35388889,,01-08-2022 06:00,49
3711,3711,Siwan-Pz,CGWB,6,Haryana,66,KAITHAL,KAITHAL,KAITHAL,Siwan,-,-,-,-,-,-,29.88333333,76.35388889,,01-01-2023 00:00,47.76
3712,3712,Siwan-Pz,CGWB,6,Haryana,66,KAITHAL,KAITHAL,KAITHAL,Siwan,-,-,-,-,-,-,29.88333333,76.35388889,,01-11-2023 00:00,48.98
3713,3713,Siwan S,CGWB,6,Haryana,66,KAITHAL,KAITHAL,-,-,-,-,-,-,-,-,29.875,76.360833,,01-06-2023 00:00,48.15
3714,3714,Siwan S,CGWB,6,Haryana,66,KAITHAL,KAITHAL,-,-,-,-,-,-,-,-,29.875,76.360833,,20-08-2023 00:00,49.78
3715,3715,Sohana-DW,CGWB,6,Haryana,58,AMBALA,BARARA,BARARA,Sohana,-,-,-,-,-,-,30.25388889,77.02638889,,20-05-2022 06:00,3.77
3716,3716,Sohna,CGWB,6,Haryana,62,GURUGRAM,SOHANA,SOHANA,Sohna,-,-,-,-,-,-,28.24444444,77.06944444,,20-05-2022 06:00,31.3
3717,3717,Sohna,CGWB,6,Haryana,62,GURUGRAM,SOHANA,SOHANA,Sohna,-,-,-,-,-,-,28.24444444,77.06944444,,01-11-2023 00:00,30.08
3718,3718,Sohu,CGWB,6,Haryana,63,HISAR,HISSAR,UKLANA,Sohu,-,-,-,-,-,-,29.49861111,75.83333333,,10-01-2021 00:00,3.94
3719,3719,Sohu,CGWB,6,Haryana,63,HISAR,HISSAR,UKLANA,Sohu,-,-,-,-,-,-,29.49861111,75.83333333,,31-08-2021 06:00,6.43
3720,3720,Sohu,CGWB,6,Haryana,63,HISAR,HISSAR,UKLANA,Sohu,-,-,-,-,-,-,29.49861111,75.83333333,,30-11-2021 06:00,4.63
3721,3721,Sohu,CGWB,6,Haryana,63,HISAR,HISSAR,UKLANA,Sohu,-,-,-,-,-,-,29.49861111,75.83333333,,30-01-2022 07:00,3.61
3722,3722,Sohu,CGWB,6,Haryana,63,HISAR,HISSAR,UKLANA,Sohu,-,-,-,-,-,-,29.49861111,75.83333333,,20-05-2022 06:00,4.25
3723,3723,Sohu,CGWB,6,Haryana,63,HISAR,HISSAR,UKLANA,Sohu,-,-,-,-,-,-,29.49861111,75.83333333,,01-08-2022 06:00,0.04
3724,3724,Sohu,CGWB,6,Haryana,63,HISAR,HISSAR,UKLANA,Sohu,-,-,-,-,-,-,29.49861111,75.83333333,,01-01-2023 00:00,0.09
3725,3725,Sohu,CGWB,6,Haryana,63,HISAR,HISSAR,UKLANA,Sohu,-,-,-,-,-,-,29.49861111,75.83333333,,01-06-2023 00:00,2.11
3726,3726,Sohu,CGWB,6,Haryana,63,HISAR,HISSAR,UKLANA,Sohu,-,-,-,-,-,-,29.49861111,75.83333333,,20-08-2023 00:00,2.37
3727,3727,Sohu,CGWB,6,Haryana,63,HISAR,HISSAR,UKLANA,Sohu,-,-,-,-,-,-,29.49861111,75.83333333,,01-11-2023 00:00,2.73
3728,3728,Sohu,CGWB,6,Haryana,63,HISAR,HISSAR,UKLANA,Sohu,-,-,-,-,-,-,29.49861111,75.83333333,,01-01-2024 00:00,3.07
3729,3729,Solu Majra-Pz,CGWB,6,Haryana,66,KAITHAL,PUNDRI,PUNDRI,Solu Majra,-,-,-,-,-,-,29.86527778,76.57916667,,20-05-2022 06:00,36
3730,3730,Songri-DW,CGWB,6,Haryana,66,KAITHAL,KAITHAL,RAJOUND,Songri,-,-,-,-,-,-,29.62222222,76.37777778,,20-05-2022 06:00,15.5
3731,3731,Songri-DW,CGWB,6,Haryana,66,KAITHAL,KAITHAL,RAJOUND,Songri,-,-,-,-,-,-,29.62222222,76.37777778,,01-01-2023 00:00,17.47
3732,3732,Songri-DW,CGWB,6,Haryana,66,KAITHAL,KAITHAL,RAJOUND,Songri,-,-,-,-,-,-,29.62222222,76.37777778,,01-11-2023 00:00,19.15
3733,3733,Sorkhi-Pz,CGWB,6,Haryana,63,HISAR,HANSI,HANSI,Sorkhi,-,-,-,-,-,-,29.05833333,76.10888889,,10-01-2021 00:00,2.28
3734,3734,Sorkhi-Pz,CGWB,6,Haryana,63,HISAR,HANSI,HANSI,Sorkhi,-,-,-,-,-,-,29.05833333,76.10888889,,31-08-2021 06:00,3.83
3735,3735,Sorkhi-Pz,CGWB,6,Haryana,63,HISAR,HANSI,HANSI,Sorkhi,-,-,-,-,-,-,29.05833333,76.10888889,,30-11-2021 06:00,3.03
3736,3736,Sorkhi-Pz,CGWB,6,Haryana,63,HISAR,HANSI,HANSI,Sorkhi,-,-,-,-,-,-,29.05833333,76.10888889,,30-01-2022 07:00,1.9
3737,3737,Sorkhi-Pz,CGWB,6,Haryana,63,HISAR,HANSI,HANSI,Sorkhi,-,-,-,-,-,-,29.05833333,76.10888889,,01-08-2022 06:00,1.35
3738,3738,Sorkhi-Pz,CGWB,6,Haryana,63,HISAR,HANSI,HANSI,Sorkhi,-,-,-,-,-,-,29.05833333,76.10888889,,01-11-2022 06:00,1.88
3739,3739,Sorkhi-Pz,CGWB,6,Haryana,63,HISAR,HANSI,HANSI,Sorkhi,-,-,-,-,-,-,29.05833333,76.10888889,,01-01-2023 00:00,2
3740,3740,Sotai,CGWB,6,Haryana,60,FARIDABAD,BALLABGARH,BALLABGARH,Sotai,-,-,-,-,-,-,28.29166667,77.36111111,,20-05-2022 06:00,19.1
3741,3741,Srijiwan Nagar,CGWB,6,Haryana,74,SIRSA,ELLLENABAD,ELLLENABAD,Srijiwan Nagar,-,-,-,-,-,-,29.5375,74.74166667,,30-11-2021 06:00,5.48
3742,3742,Srijiwan Nagar,CGWB,6,Haryana,74,SIRSA,ELLLENABAD,ELLLENABAD,Srijiwan Nagar,-,-,-,-,-,-,29.5375,74.74166667,,01-01-2023 00:00,54.7
3743,3743,Sri Jiwan Nagar,CGWB,6,Haryana,74,SIRSA,ELLLENABAD,ELLLENABAD,Sri Jiwan Nagar,-,-,-,-,-,-,29.5375,74.74166667,,01-06-2023 00:00,63.96
3744,3744,Sri Jiwan Nagar,CGWB,6,Haryana,74,SIRSA,ELLLENABAD,ELLLENABAD,Sri Jiwan Nagar,-,-,-,-,-,-,29.5375,74.74166667,,01-01-2024 00:00,58.8
3745,3745,Sri Jiwan Nagar-B,CGWB,6,Haryana,74,SIRSA,ELLLENABAD,ELLLENABAD,Sri Jiwan Nagar,-,-,-,-,-,-,29.5375,74.74166667,,30-01-2022 07:00,49.5
3746,3746,Sri Jiwan Nagar-B,CGWB,6,Haryana,74,SIRSA,ELLLENABAD,ELLLENABAD,Sri Jiwan Nagar,-,-,-,-,-,-,29.5375,74.74166667,,01-08-2022 06:00,49
3747,3747,Sri Jiwan Nagar-B,CGWB,6,Haryana,74,SIRSA,ELLLENABAD,ELLLENABAD,Sri Jiwan Nagar,-,-,-,-,-,-,29.5375,74.74166667,,20-08-2023 00:00,64.7
3748,3748,Sri Jiwan Nagar-B,CGWB,6,Haryana,74,SIRSA,ELLLENABAD,ELLLENABAD,Sri Jiwan Nagar,-,-,-,-,-,-,29.5375,74.74166667,,01-11-2023 00:00,65.73
3749,3749,Subnah,CGWB,6,Haryana,64,JHAJJAR,JHAJJAR,SAHLAWAS,Subnah,-,-,-,-,-,-,28.46944444,76.57222222,,10-01-2021 00:00,1.79
3750,3750,Subnah,CGWB,6,Haryana,64,JHAJJAR,JHAJJAR,SAHLAWAS,Subnah,-,-,-,-,-,-,28.46944444,76.57222222,,31-08-2021 06:00,2.63
3751,3751,Subnah,CGWB,6,Haryana,64,JHAJJAR,JHAJJAR,SAHLAWAS,Subnah,-,-,-,-,-,-,28.46944444,76.57222222,,30-01-2022 07:00,1.29
3752,3752,Subnah,CGWB,6,Haryana,64,JHAJJAR,JHAJJAR,SAHLAWAS,Subnah,-,-,-,-,-,-,28.46944444,76.57222222,,20-05-2022 06:00,1.84
3753,3753,Subnah,CGWB,6,Haryana,64,JHAJJAR,JHAJJAR,SAHLAWAS,Subnah,-,-,-,-,-,-,28.46944444,76.57222222,,01-08-2022 06:00,0.95
3754,3754,Subnah,CGWB,6,Haryana,64,JHAJJAR,JHAJJAR,SAHLAWAS,Subnah,-,-,-,-,-,-,28.46944444,76.57222222,,01-11-2022 06:00,0.69
3755,3755,Subnah,CGWB,6,Haryana,64,JHAJJAR,JHAJJAR,SAHLAWAS,Subnah,-,-,-,-,-,-,28.46944444,76.57222222,,01-01-2023 00:00,0.91
3756,3756,Subnah,CGWB,6,Haryana,64,JHAJJAR,JHAJJAR,SAHLAWAS,Subnah,-,-,-,-,-,-,28.46944444,76.57222222,,20-08-2023 00:00,0.94
3757,3757,Subnah,CGWB,6,Haryana,64,JHAJJAR,JHAJJAR,SAHLAWAS,Subnah,-,-,-,-,-,-,28.46944444,76.57222222,,01-11-2023 00:00,2.08
3758,3758,Subnah,CGWB,6,Haryana,64,JHAJJAR,JHAJJAR,SAHLAWAS,Subnah,-,-,-,-,-,-,28.46944444,76.57222222,,01-01-2024 00:00,1.99
3759,3759,Sudharana-DW,CGWB,6,Haryana,72,REWARI,KOSLI,NAHAR,Sudharana,-,-,-,-,-,-,28.45277778,76.42833333,,20-05-2022 06:00,8.2
3760,3760,Sui,CGWB,6,Haryana,59,BHIWANI,BHIWANI,BHIWANI,Sui,-,-,-,-,-,-,28.85694444,76.06666667,,31-08-2021 06:00,3.96
3761,3761,Sui,CGWB,6,Haryana,59,BHIWANI,BHIWANI,BHIWANI,Sui,-,-,-,-,-,-,28.85694444,76.06666667,,30-11-2021 06:00,2.24
3762,3762,Sui,CGWB,6,Haryana,59,BHIWANI,BHIWANI,BHIWANI,Sui,-,-,-,-,-,-,28.85694444,76.06666667,,30-01-2022 07:00,1.55
3763,3763,Sui,CGWB,6,Haryana,59,BHIWANI,BHIWANI,BHIWANI,Sui,-,-,-,-,-,-,28.85694444,76.06666667,,20-05-2022 06:00,3.7
3764,3764,Sui,CGWB,6,Haryana,59,BHIWANI,BHIWANI,BHIWANI,Sui,-,-,-,-,-,-,28.85694444,76.06666667,,01-08-2022 06:00,0.8
3765,3765,Sui,CGWB,6,Haryana,59,BHIWANI,BHIWANI,BHIWANI,Sui,-,-,-,-,-,-,28.85694444,76.06666667,,01-01-2023 00:00,1.5
3766,3766,Sui,CGWB,6,Haryana,59,BHIWANI,BHIWANI,BHIWANI,Sui,-,-,-,-,-,-,28.85694444,76.06666667,,01-06-2023 00:00,1.97
3767,3767,Sui,CGWB,6,Haryana,59,BHIWANI,BHIWANI,BHIWANI,Sui,-,-,-,-,-,-,28.85694444,76.06666667,,01-01-2024 00:00,1.51
3768,3768,Sukhchain-DW,CGWB,6,Haryana,74,SIRSA,DABWALI,BARAGUDHA,Sukhchain,-,-,-,-,-,-,29.77777778,75.03611111,,20-05-2022 06:00,10.8
3769,3769,Sunarain Dhanani-PZ,CGWB,6,Haryana,68,KURUKSHETRA,SHAHBAD,BABAIN,Sunarain Dhanani,-,-,-,-,-,-,30.10277778,76.98888889,,20-05-2022 06:00,44.03
3770,3770,Sundana-DW,CGWB,6,Haryana,73,ROHTAK,ROHTAK,KALANAUR,Sundana,-,-,-,-,-,-,28.78055556,76.52777778,,20-05-2022 06:00,3.04
3771,3771,Sunder Pur-PZ,CGWB,6,Haryana,68,KURUKSHETRA,SHAHBAD,THANESAR,Sunder Pur,-,-,-,-,-,-,29.96,76.86416667,,20-05-2022 06:00,40.9
3772,3772,Sungarpur,CGWB,6,Haryana,59,BHIWANI,BHIWANI,KAIRU,Sungarpur,-,-,-,-,-,-,28.74166667,75.925,,10-01-2021 00:00,12.91
3773,3773,Sungarpur,CGWB,6,Haryana,59,BHIWANI,BHIWANI,KAIRU,Sungarpur,-,-,-,-,-,-,28.74166667,75.925,,31-08-2021 06:00,14.42
3774,3774,Sungarpur,CGWB,6,Haryana,59,BHIWANI,BHIWANI,KAIRU,Sungarpur,-,-,-,-,-,-,28.74166667,75.925,,30-11-2021 06:00,12.06
3775,3775,Sungarpur,CGWB,6,Haryana,59,BHIWANI,BHIWANI,KAIRU,Sungarpur,-,-,-,-,-,-,28.74166667,75.925,,30-01-2022 07:00,8.31
3776,3776,Sungarpur,CGWB,6,Haryana,59,BHIWANI,BHIWANI,KAIRU,Sungarpur,-,-,-,-,-,-,28.74166667,75.925,,20-05-2022 06:00,15.3
3777,3777,Sungarpur,CGWB,6,Haryana,59,BHIWANI,BHIWANI,KAIRU,Sungarpur,-,-,-,-,-,-,28.74166667,75.925,,01-08-2022 06:00,11.29
3778,3778,Sungarpur,CGWB,6,Haryana,59,BHIWANI,BHIWANI,KAIRU,Sungarpur,-,-,-,-,-,-,28.74166667,75.925,,01-11-2022 06:00,12.61
3779,3779,Sungarpur,CGWB,6,Haryana,59,BHIWANI,BHIWANI,KAIRU,Sungarpur,-,-,-,-,-,-,28.74166667,75.925,,01-01-2023 00:00,12.71
3780,3780,Sungarpur,CGWB,6,Haryana,59,BHIWANI,BHIWANI,KAIRU,Sungarpur,-,-,-,-,-,-,28.74166667,75.925,,01-06-2023 00:00,12.94
3781,3781,Sungarpur,CGWB,6,Haryana,59,BHIWANI,BHIWANI,KAIRU,Sungarpur,-,-,-,-,-,-,28.74166667,75.925,,20-08-2023 00:00,12.85
3782,3782,Sungarpur,CGWB,6,Haryana,59,BHIWANI,BHIWANI,KAIRU,Sungarpur,-,-,-,-,-,-,28.74166667,75.925,,01-01-2024 00:00,13.43
3783,3783,Suniyana,CGWB,6,Haryana,61,FATEHABAD,FATEHABAD,BHUNA,Suniyana,-,-,-,-,-,-,29.52916667,75.67222222,,20-05-2022 06:00,13.23
3784,3784,Surmi-PZ,CGWB,6,Haryana,68,KURUKSHETRA,PEHOWA,PEHOWA,Surmi,-,-,-,-,-,-,30.01027778,76.67888889,,20-05-2022 06:00,39.92
3785,3785,Tajpur M,CGWB,6,Haryana,71,PANIPAT,SAMALKHA,BAPOLI,Tajpur M,-,-,-,-,-,-,29.30222222,77.075,,31-08-2021 06:00,21.9
3786,3786,Tala Kaur S,CGWB,6,Haryana,76,YAMUNANAGAR,JAGADHRI,JAGADHRI,Tala Kaur S,-,-,-,-,-,-,30.24166667,77.20416667,,20-05-2022 06:00,6.95
3787,3787,Talwara_1,CGWB,6,Haryana,61,FATEHABAD,-,-,-,-,-,-,-,-,-,29.78906,75.80545,,01-01-2023 00:00,46.8
3788,3788,Talwara_1,CGWB,6,Haryana,61,FATEHABAD,-,-,-,-,-,-,-,-,-,29.78906,75.80545,,01-06-2023 00:00,47.17
3789,3789,Talwara_1,CGWB,6,Haryana,61,FATEHABAD,-,-,-,-,-,-,-,-,-,29.78906,75.80545,,01-06-2023 00:00,47.09
3790,3790,Talwara_1,CGWB,6,Haryana,61,FATEHABAD,-,-,-,-,-,-,-,-,-,29.78906,75.80545,,01-11-2023 00:00,50.19
3791,3791,Talwara_1,CGWB,6,Haryana,61,FATEHABAD,-,-,-,-,-,-,-,-,-,29.78906,75.80545,,01-11-2023 00:00,46.88
3792,3792,Talwara_1,CGWB,6,Haryana,61,FATEHABAD,-,-,-,-,-,-,-,-,-,29.78906,75.80545,,01-01-2024 00:00,47.66
3793,3793,Talwara_1,CGWB,6,Haryana,61,FATEHABAD,-,-,-,-,-,-,-,-,-,29.78906,75.80545,,01-01-2024 00:00,49.9
3794,3794,Tamsabad,CGWB,6,Haryana,71,PANIPAT,SAMALKHA,BAPOLI,Sanauli Khurd,-,-,-,-,-,-,29.4019,77.1261,235,01-11-2023 00:00,1.67
3795,3795,Tandwal-DW,CGWB,6,Haryana,58,AMBALA,BARARA,BARARA,Tandwal,-,-,-,-,-,-,30.23444444,76.98444444,,20-05-2022 06:00,2.7
3796,3796,Tangore-Pz,CGWB,6,Haryana,68,KURUKSHETRA,SHAHBAD,SHAHBAD,Tangore,-,-,-,-,-,-,30.16166667,76.76666667,,20-05-2022 06:00,44.99
3797,3797,Taraori-Pz,CGWB,6,Haryana,67,KARNAL,NILOKHERI,NILOKHERI,Taraori,-,-,-,-,-,-,29.79833333,76.92944444,,20-05-2022 06:00,23.87
3798,3798,Taruwana,CGWB,6,Haryana,74,SIRSA,DABWALI,ODHAN,Taruwana,-,-,-,-,-,-,29.825,75.00833333,,10-01-2021 00:00,10.32
3799,3799,Taruwana,CGWB,6,Haryana,74,SIRSA,DABWALI,ODHAN,Taruwana,-,-,-,-,-,-,29.825,75.00833333,,31-08-2021 06:00,13.3
3800,3800,Taruwana,CGWB,6,Haryana,74,SIRSA,DABWALI,ODHAN,Taruwana,-,-,-,-,-,-,29.825,75.00833333,,30-11-2021 06:00,11.33
3801,3801,Taruwana,CGWB,6,Haryana,74,SIRSA,DABWALI,ODHAN,Taruwana,-,-,-,-,-,-,29.825,75.00833333,,30-01-2022 07:00,10.3
3802,3802,Taruwana,CGWB,6,Haryana,74,SIRSA,DABWALI,ODHAN,Taruwana,-,-,-,-,-,-,29.825,75.00833333,,20-05-2022 06:00,11.94
3803,3803,Taruwana,CGWB,6,Haryana,74,SIRSA,DABWALI,ODHAN,Taruwana,-,-,-,-,-,-,29.825,75.00833333,,01-08-2022 06:00,8.63
3804,3804,Taruwana,CGWB,6,Haryana,74,SIRSA,DABWALI,ODHAN,Taruwana,-,-,-,-,-,-,29.825,75.00833333,,01-11-2022 06:00,10.03
3805,3805,Taruwana,CGWB,6,Haryana,74,SIRSA,DABWALI,ODHAN,Taruwana,-,-,-,-,-,-,29.825,75.00833333,,01-01-2023 00:00,10.37
3806,3806,Taruwana,CGWB,6,Haryana,74,SIRSA,DABWALI,ODHAN,Taruwana,-,-,-,-,-,-,29.825,75.00833333,,01-06-2023 00:00,9.89
3807,3807,Taruwana,CGWB,6,Haryana,74,SIRSA,DABWALI,ODHAN,Taruwana,-,-,-,-,-,-,29.825,75.00833333,,20-08-2023 00:00,10.42
3808,3808,Taruwana,CGWB,6,Haryana,74,SIRSA,DABWALI,ODHAN,Taruwana,-,-,-,-,-,-,29.825,75.00833333,,01-11-2023 00:00,10.77
3809,3809,Taruwana,CGWB,6,Haryana,74,SIRSA,DABWALI,ODHAN,Taruwana,-,-,-,-,-,-,29.825,75.00833333,,01-01-2024 00:00,10.82
3810,3810,Tatka-PZ,CGWB,6,Haryana,68,KURUKSHETRA,SHAHBAD,BABAIN,Tatka,-,-,-,-,-,-,30.04,76.95722222,,20-05-2022 06:00,39.46
3811,3811,Tehi-Pz,CGWB,6,Haryana,76,YAMUNANAGAR,JAGADHRI,JAGADHRI,Tehi,-,-,-,-,-,-,30.28333333,77.28333333,,20-05-2022 06:00,20.01
3812,3812,Tejakhera,CGWB,6,Haryana,74,SIRSA,DABWALI,DABWALI,Tejakhera,-,-,-,-,-,-,29.84444444,74.55555556,,10-01-2021 00:00,8.22
3813,3813,Tejakhera,CGWB,6,Haryana,74,SIRSA,DABWALI,DABWALI,Tejakhera,-,-,-,-,-,-,29.84444444,74.55555556,,20-05-2022 06:00,13.2
3814,3814,Tejakhera,CGWB,6,Haryana,74,SIRSA,DABWALI,DABWALI,Tejakhera,-,-,-,-,-,-,29.84444444,74.55555556,,01-08-2022 06:00,9.8
3815,3815,Tejakhera,CGWB,6,Haryana,74,SIRSA,DABWALI,DABWALI,Tejakhera,-,-,-,-,-,-,29.84444444,74.55555556,,01-01-2023 00:00,7.6
3816,3816,Tejakhera,CGWB,6,Haryana,74,SIRSA,DABWALI,DABWALI,Tejakhera,-,-,-,-,-,-,29.84444444,74.55555556,,01-06-2023 00:00,7.66
3817,3817,Tejakhera,CGWB,6,Haryana,74,SIRSA,DABWALI,DABWALI,Tejakhera,-,-,-,-,-,-,29.84444444,74.55555556,,20-08-2023 00:00,7.94
3818,3818,Tejakhera,CGWB,6,Haryana,74,SIRSA,DABWALI,DABWALI,Tejakhera,-,-,-,-,-,-,29.84444444,74.55555556,,01-11-2023 00:00,8.07
3819,3819,Tejakhera,CGWB,6,Haryana,74,SIRSA,DABWALI,DABWALI,Tejakhera,-,-,-,-,-,-,29.84444444,74.55555556,,01-01-2024 00:00,7.72
3820,3820,Tejan-DW,CGWB,6,Haryana,58,AMBALA,AMBALA,AMBALA-I,Tejan,-,-,-,-,-,-,30.28333333,76.75,,20-05-2022 06:00,4.36
3821,3821,Teokar-PZ,CGWB,6,Haryana,68,KURUKSHETRA,PEHOWA,PEHOWA,Teokar,-,-,-,-,-,-,30.06527778,76.55166667,,20-05-2022 06:00,41.1
3822,3822,Teora-PZ,CGWB,6,Haryana,68,KURUKSHETRA,SHAHBAD,SHAHBAD,Teora,-,-,-,-,-,-,30.12333333,76.88222222,,20-05-2022 06:00,46.05
3823,3823,Thana (m),CGWB,6,Haryana,68,KURUKSHETRA,PEHOWA,PEHOWA,Thana (m),-,-,-,-,-,-,29.92,76.50138889,,31-08-2021 06:00,40.86
3824,3824,Thana (m),CGWB,6,Haryana,68,KURUKSHETRA,PEHOWA,PEHOWA,Thana (m),-,-,-,-,-,-,29.92,76.50138889,,30-11-2021 06:00,40.95
3825,3825,Thana (m),CGWB,6,Haryana,68,KURUKSHETRA,PEHOWA,PEHOWA,Thana (m),-,-,-,-,-,-,29.92,76.50138889,,30-01-2022 07:00,41.47
3826,3826,Thana (m),CGWB,6,Haryana,68,KURUKSHETRA,PEHOWA,PEHOWA,Thana (m),-,-,-,-,-,-,29.92,76.50138889,,20-05-2022 06:00,40.81
3827,3827,Thapli-Dw,CGWB,6,Haryana,70,PANCHKULA,KALKA,PINJORE,Thapli-Dw,-,-,-,-,-,-,30.73916667,76.99861111,,10-01-2021 00:00,5.83
3828,3828,Thapli-Dw,CGWB,6,Haryana,70,PANCHKULA,KALKA,PINJORE,Thapli-Dw,-,-,-,-,-,-,30.73916667,76.99861111,,31-08-2021 06:00,5.47
3829,3829,Thapli-Dw,CGWB,6,Haryana,70,PANCHKULA,KALKA,PINJORE,Thapli-Dw,-,-,-,-,-,-,30.73916667,76.99861111,,30-11-2021 06:00,5.24
3830,3830,Thapli-Dw,CGWB,6,Haryana,70,PANCHKULA,KALKA,PINJORE,Thapli-Dw,-,-,-,-,-,-,30.73916667,76.99861111,,30-01-2022 07:00,6.1
3831,3831,Thapli-Dw,CGWB,6,Haryana,70,PANCHKULA,KALKA,PINJORE,Thapli-Dw,-,-,-,-,-,-,30.73916667,76.99861111,,20-05-2022 06:00,7.45
3832,3832,Thapli-Dw,CGWB,6,Haryana,70,PANCHKULA,KALKA,PINJORE,Thapli-Dw,-,-,-,-,-,-,30.73916667,76.99861111,,01-08-2022 06:00,5
3833,3833,Thapli-Dw,CGWB,6,Haryana,70,PANCHKULA,KALKA,PINJORE,Thapli-Dw,-,-,-,-,-,-,30.73916667,76.99861111,,01-11-2022 06:00,5.03
3834,3834,Thapli-Dw,CGWB,6,Haryana,70,PANCHKULA,KALKA,PINJORE,Thapli-Dw,-,-,-,-,-,-,30.73916667,76.99861111,,01-01-2023 00:00,6.81
3835,3835,Thapli-Dw,CGWB,6,Haryana,70,PANCHKULA,KALKA,PINJORE,Thapli-Dw,-,-,-,-,-,-,30.73916667,76.99861111,,01-06-2023 00:00,7.24
3836,3836,Thapli-Dw,CGWB,6,Haryana,70,PANCHKULA,KALKA,PINJORE,Thapli-Dw,-,-,-,-,-,-,30.73916667,76.99861111,,01-11-2023 00:00,6.36
3837,3837,Thapli-Dw,CGWB,6,Haryana,70,PANCHKULA,KALKA,PINJORE,Thapli-Dw,-,-,-,-,-,-,30.73916667,76.99861111,,01-01-2024 00:00,6.98
3838,3838,Tharwa-DW,CGWB,6,Haryana,58,AMBALA,AMBALA,AMBALA-I,Tharwa,-,-,-,-,-,-,30.28,76.78638889,,20-05-2022 06:00,2.33
3839,3839,Thiraj,CGWB,6,Haryana,74,SIRSA,DABWALI,BARAGUDHA,Thiraj,-,-,-,-,-,-,29.72777778,75.03888889,,20-05-2022 06:00,12.7
3840,3840,Thol-PZ,CGWB,6,Haryana,68,KURUKSHETRA,SHAHBAD,SHAHBAD,Thol,-,-,-,-,-,-,30.16638889,76.70972222,,20-05-2022 06:00,46.1
3841,3841,Thurana,CGWB,6,Haryana,63,HISAR,HANSI,HANSI,Thurana,-,-,-,-,-,-,29.14611111,76.11888889,,31-08-2021 06:00,2.18
3842,3842,Thurana,CGWB,6,Haryana,63,HISAR,HANSI,HANSI,Thurana,-,-,-,-,-,-,29.14611111,76.11888889,,30-11-2021 06:00,5.56
3843,3843,Thurana,CGWB,6,Haryana,63,HISAR,HANSI,HANSI,Thurana,-,-,-,-,-,-,29.14611111,76.11888889,,20-05-2022 06:00,2
3844,3844,Thurana,CGWB,6,Haryana,63,HISAR,HANSI,HANSI,Thurana,-,-,-,-,-,-,29.14611111,76.11888889,,01-06-2023 00:00,2.63
3845,3845,Thurana,CGWB,6,Haryana,63,HISAR,HANSI,HANSI,Thurana,-,-,-,-,-,-,29.14611111,76.11888889,,20-08-2023 00:00,1.18
3846,3846,Thurana,CGWB,6,Haryana,63,HISAR,HANSI,HANSI,Thurana,-,-,-,-,-,-,29.14611111,76.11888889,,01-11-2023 00:00,1.75
3847,3847,Thurana,CGWB,6,Haryana,63,HISAR,HANSI,HANSI,Thurana,-,-,-,-,-,-,29.14611111,76.11888889,,01-01-2024 00:00,2.24
3848,3848,Thurana-DW,CGWB,6,Haryana,63,HISAR,HANSI,BASS,Thurana,-,-,-,-,-,-,29.15833333,76.12916667,,30-01-2022 07:00,1.42
3849,3849,Thurana-DW,CGWB,6,Haryana,63,HISAR,HANSI,BASS,Thurana,-,-,-,-,-,-,29.15833333,76.12916667,,20-05-2022 06:00,3.65
3850,3850,Thurana-DW,CGWB,6,Haryana,63,HISAR,HANSI,BASS,Thurana,-,-,-,-,-,-,29.15833333,76.12916667,,01-01-2023 00:00,0.9
3851,3851,Tigaon-Pz,CGWB,6,Haryana,60,FARIDABAD,BALLABGARH,BALLABGARH,Tigaon,-,-,-,-,-,-,28.34722222,77.38972222,,20-05-2022 06:00,26.85
3852,3852,Tigaon-Pz,CGWB,6,Haryana,60,FARIDABAD,BALLABGARH,BALLABGARH,Tigaon,-,-,-,-,-,-,28.34722222,77.38972222,,01-11-2023 00:00,26.5
3853,3853,Tigrana-D_1,CGWB,6,Haryana,59,BHIWANI,BHIWANI,-,-,-,-,-,-,-,-,28.856972,76.133889,,01-06-2023 00:00,9.61
3854,3854,Tigrana-D_1,CGWB,6,Haryana,59,BHIWANI,BHIWANI,-,-,-,-,-,-,-,-,28.856972,76.133889,,20-08-2023 00:00,8.55
3855,3855,Tigrana-D_1,CGWB,6,Haryana,59,BHIWANI,BHIWANI,-,-,-,-,-,-,-,-,28.856972,76.133889,,01-11-2023 00:00,9.6
3856,3856,Tigrana-DW,CGWB,6,Haryana,59,BHIWANI,BHIWANI,BHIWANI,Tigrana,-,-,-,-,-,-,28.84222222,76.15,,20-05-2022 06:00,3.9
3857,3857,Tigrana-M,CGWB,6,Haryana,59,BHIWANI,BHIWANI,-,-,-,-,-,-,-,-,28.856972,76.133889,,01-06-2023 00:00,1.21
3858,3858,Tigrana-M,CGWB,6,Haryana,59,BHIWANI,BHIWANI,-,-,-,-,-,-,-,-,28.856972,76.133889,,20-08-2023 00:00,0.54
3859,3859,Tigrana-M,CGWB,6,Haryana,59,BHIWANI,BHIWANI,-,-,-,-,-,-,-,-,28.856972,76.133889,,01-11-2023 00:00,1.09
3860,3860,Tigrana-M,CGWB,6,Haryana,59,BHIWANI,BHIWANI,-,-,-,-,-,-,-,-,28.856972,76.133889,,01-01-2024 00:00,1.02
3861,3861,Tigrana-S,CGWB,6,Haryana,59,BHIWANI,BHIWANI,-,-,-,-,-,-,-,-,28.856972,76.133889,,01-06-2023 00:00,1.22
3862,3862,Tigrana-S,CGWB,6,Haryana,59,BHIWANI,BHIWANI,-,-,-,-,-,-,-,-,28.856972,76.133889,,20-08-2023 00:00,0.52
3863,3863,Tigrana-S,CGWB,6,Haryana,59,BHIWANI,BHIWANI,-,-,-,-,-,-,-,-,28.856972,76.133889,,01-11-2023 00:00,1.13
3864,3864,Tigrana-S,CGWB,6,Haryana,59,BHIWANI,BHIWANI,-,-,-,-,-,-,-,-,28.856972,76.133889,,01-01-2024 00:00,0.92
3865,3865,Tigri-DW,CGWB,6,Haryana,74,SIRSA,DABWALI,ODHAN,Tigri,-,-,-,-,-,-,29.91777778,74.90555556,,20-05-2022 06:00,8.8
3866,3866,Tigri-PZ,CGWB,6,Haryana,68,KURUKSHETRA,SHAHBAD,SHAHBAD,Tigri,-,-,-,-,-,-,30.13305556,76.84194444,,20-05-2022 06:00,48.58
3867,3867,Tihar Malikpur-DW,CGWB,6,Haryana,75,SONIPAT,GOHANA,KATHURA,Tihar Malikpur,-,-,-,-,-,-,29.04722222,76.82361111,,20-05-2022 06:00,5.29
3868,3868,Tiloli-DW,CGWB,6,Haryana,73,ROHTAK,MAHAM,LAKHAN MAJRA,Tiloli,-,-,-,-,-,-,28.97027778,76.55138889,,20-05-2022 06:00,6.88
3869,3869,Todi-PZ,CGWB,6,Haryana,701,Charkhi Dadri,BADHRA,BADHRA,Todi,-,-,-,-,-,-,28.50416667,76.10583333,,20-05-2022 06:00,77.11
3870,3870,Tohana,CGWB,6,Haryana,61,FATEHABAD,TOHANA,TOHANA,Tohana,-,-,-,-,-,-,29.70416667,75.89583333,,20-05-2022 06:00,18.5
3871,3871,Tohana,CGWB,6,Haryana,61,FATEHABAD,TOHANA,TOHANA,Tohana,-,-,-,-,-,-,29.70416667,75.89583333,,01-01-2023 00:00,18.4
3872,3872,Tohana,CGWB,6,Haryana,61,FATEHABAD,TOHANA,TOHANA,Tohana,-,-,-,-,-,-,29.70416667,75.89583333,,01-06-2023 00:00,18.9
3873,3873,Tohana,CGWB,6,Haryana,61,FATEHABAD,TOHANA,TOHANA,Tohana,-,-,-,-,-,-,29.70416667,75.89583333,,20-08-2023 00:00,66.22
3874,3874,Tohana,CGWB,6,Haryana,61,FATEHABAD,TOHANA,TOHANA,Tohana,-,-,-,-,-,-,29.70416667,75.89583333,,01-11-2023 00:00,19.39
3875,3875,Toka-DW,CGWB,6,Haryana,70,PANCHKULA,PANCHKULA,BARWALA,Toka,-,-,-,-,-,-,30.61666667,76.96666667,,01-01-2023 00:00,9.89
3876,3876,Tosham,CGWB,6,Haryana,59,BHIWANI,TOSHAM,TOSHAM,Tosham,-,-,-,-,-,-,28.875,75.91666667,,10-01-2021 00:00,4.65
3877,3877,Tosham,CGWB,6,Haryana,59,BHIWANI,TOSHAM,TOSHAM,Tosham,-,-,-,-,-,-,28.875,75.91666667,,31-08-2021 06:00,8.32
3878,3878,Tosham,CGWB,6,Haryana,59,BHIWANI,TOSHAM,TOSHAM,Tosham,-,-,-,-,-,-,28.875,75.91666667,,30-11-2021 06:00,4.92
3879,3879,Tosham,CGWB,6,Haryana,59,BHIWANI,TOSHAM,TOSHAM,Tosham,-,-,-,-,-,-,28.875,75.91666667,,30-01-2022 07:00,4.59
3880,3880,Tosham,CGWB,6,Haryana,59,BHIWANI,TOSHAM,TOSHAM,Tosham,-,-,-,-,-,-,28.875,75.91666667,,20-05-2022 06:00,6.7
3881,3881,Tosham,CGWB,6,Haryana,59,BHIWANI,TOSHAM,TOSHAM,Tosham,-,-,-,-,-,-,28.875,75.91666667,,01-08-2022 06:00,4.45
3882,3882,Tosham,CGWB,6,Haryana,59,BHIWANI,TOSHAM,TOSHAM,Tosham,-,-,-,-,-,-,28.875,75.91666667,,01-11-2022 06:00,4.26
3883,3883,Tosham,CGWB,6,Haryana,59,BHIWANI,TOSHAM,TOSHAM,Tosham,-,-,-,-,-,-,28.875,75.91666667,,01-01-2023 00:00,4.4
3884,3884,Tosham,CGWB,6,Haryana,59,BHIWANI,TOSHAM,TOSHAM,Tosham,-,-,-,-,-,-,28.875,75.91666667,,01-06-2023 00:00,4.6
3885,3885,Tosham,CGWB,6,Haryana,59,BHIWANI,TOSHAM,TOSHAM,Tosham,-,-,-,-,-,-,28.875,75.91666667,,20-08-2023 00:00,4.29
3886,3886,Tosham,CGWB,6,Haryana,59,BHIWANI,TOSHAM,TOSHAM,Tosham,-,-,-,-,-,-,28.875,75.91666667,,01-11-2023 00:00,5.19
3887,3887,Tosham,CGWB,6,Haryana,59,BHIWANI,TOSHAM,TOSHAM,Tosham,-,-,-,-,-,-,28.875,75.91666667,,01-01-2024 00:00,4.98
3888,3888,Tosham1,CGWB,6,Haryana,59,BHIWANI,TOSHAM,TOSHAM,Tosham,-,-,-,-,-,-,28.875,75.91666667,,10-01-2021 00:00,7.1
3889,3889,Tosham1,CGWB,6,Haryana,59,BHIWANI,TOSHAM,TOSHAM,Tosham,-,-,-,-,-,-,28.875,75.91666667,,31-08-2021 06:00,8.1
3890,3890,Tosham1,CGWB,6,Haryana,59,BHIWANI,TOSHAM,TOSHAM,Tosham,-,-,-,-,-,-,28.875,75.91666667,,30-11-2021 06:00,6.66
3891,3891,Tosham1,CGWB,6,Haryana,59,BHIWANI,TOSHAM,TOSHAM,Tosham,-,-,-,-,-,-,28.875,75.91666667,,30-01-2022 07:00,6.4
3892,3892,Tosham1,CGWB,6,Haryana,59,BHIWANI,TOSHAM,TOSHAM,Tosham,-,-,-,-,-,-,28.875,75.91666667,,20-05-2022 06:00,6.2
3893,3893,Tosham1,CGWB,6,Haryana,59,BHIWANI,TOSHAM,TOSHAM,Tosham,-,-,-,-,-,-,28.875,75.91666667,,01-08-2022 06:00,5.71
3894,3894,Tosham1,CGWB,6,Haryana,59,BHIWANI,TOSHAM,TOSHAM,Tosham,-,-,-,-,-,-,28.875,75.91666667,,01-11-2022 06:00,5.54
3895,3895,Tosham1,CGWB,6,Haryana,59,BHIWANI,TOSHAM,TOSHAM,Tosham,-,-,-,-,-,-,28.875,75.91666667,,01-01-2024 00:00,5.47
3896,3896,Tosham-Pz,CGWB,6,Haryana,59,BHIWANI,TOSHAM,-,-,-,-,-,-,-,-,28.875,75.916667,,01-01-2023 00:00,5.7
3897,3897,Tosham-Pz,CGWB,6,Haryana,59,BHIWANI,TOSHAM,-,-,-,-,-,-,-,-,28.875,75.916667,,01-06-2023 00:00,5.81
3898,3898,Tosham-Pz,CGWB,6,Haryana,59,BHIWANI,TOSHAM,-,-,-,-,-,-,-,-,28.875,75.916667,,20-08-2023 00:00,5.68
3899,3899,Tosham-Pz,CGWB,6,Haryana,59,BHIWANI,TOSHAM,-,-,-,-,-,-,-,-,28.875,75.916667,,01-11-2023 00:00,4.02
3900,3900,Tumsara,CGWB,6,Haryana,619,Palwal,HODAL,HODAL,Tumsara,-,-,-,-,-,-,28.00833333,77.34166667,,10-01-2021 00:00,9.16
3901,3901,Tumsara,CGWB,6,Haryana,619,Palwal,HODAL,HODAL,Tumsara,-,-,-,-,-,-,28.00833333,77.34166667,,31-08-2021 06:00,11.01
3902,3902,Tumsara,CGWB,6,Haryana,619,Palwal,HODAL,HODAL,Tumsara,-,-,-,-,-,-,28.00833333,77.34166667,,30-11-2021 06:00,10.61
3903,3903,Tumsara,CGWB,6,Haryana,619,Palwal,HODAL,HODAL,Tumsara,-,-,-,-,-,-,28.00833333,77.34166667,,30-01-2022 07:00,11.12
3904,3904,Uchana,CGWB,6,Haryana,65,JIND,NARWANA,UCHANA,Uchana,-,-,-,-,-,-,29.46666667,76.18333333,,10-01-2021 00:00,20.81
3905,3905,Uchana,CGWB,6,Haryana,65,JIND,NARWANA,UCHANA,Uchana,-,-,-,-,-,-,29.46666667,76.18333333,,31-08-2021 06:00,23.32
3906,3906,Uchana,CGWB,6,Haryana,65,JIND,NARWANA,UCHANA,Uchana,-,-,-,-,-,-,29.46666667,76.18333333,,30-01-2022 07:00,19.52
3907,3907,Uchana,CGWB,6,Haryana,65,JIND,NARWANA,UCHANA,Uchana,-,-,-,-,-,-,29.46666667,76.18333333,,20-05-2022 06:00,20.3
3908,3908,Uchana,CGWB,6,Haryana,65,JIND,NARWANA,UCHANA,Uchana,-,-,-,-,-,-,29.46666667,76.18333333,,01-08-2022 06:00,19
3909,3909,Uchana,CGWB,6,Haryana,65,JIND,NARWANA,UCHANA,Uchana,-,-,-,-,-,-,29.46666667,76.18333333,,01-10-2022 00:00,18.3
3910,3910,Uchana,CGWB,6,Haryana,65,JIND,NARWANA,UCHANA,Uchana,-,-,-,-,-,-,29.46666667,76.18333333,,01-11-2022 06:00,20.5
3911,3911,Uchana,CGWB,6,Haryana,65,JIND,NARWANA,UCHANA,Uchana,-,-,-,-,-,-,29.46666667,76.18333333,,01-11-2023 00:00,18.85
3912,3912,Uchana,CGWB,6,Haryana,65,JIND,NARWANA,UCHANA,Uchana,-,-,-,-,-,-,29.46666667,76.18333333,,01-01-2024 00:00,18.48
3913,3913,Uchana Pz,CGWB,6,Haryana,65,JIND,NARWANA,UCHANA,Uchana Pz,-,-,-,-,-,-,29.46944444,76.18611111,,10-01-2021 00:00,22.4
3914,3914,Uchana Pz,CGWB,6,Haryana,65,JIND,NARWANA,UCHANA,Uchana Pz,-,-,-,-,-,-,29.46944444,76.18611111,,31-08-2021 06:00,22.56
3915,3915,Uchana Pz,CGWB,6,Haryana,65,JIND,NARWANA,UCHANA,Uchana Pz,-,-,-,-,-,-,29.46944444,76.18611111,,30-01-2022 07:00,21
3916,3916,Uchana Pz,CGWB,6,Haryana,65,JIND,NARWANA,UCHANA,Uchana Pz,-,-,-,-,-,-,29.46944444,76.18611111,,20-05-2022 06:00,21.6
3917,3917,Uchana Pz,CGWB,6,Haryana,65,JIND,NARWANA,UCHANA,Uchana Pz,-,-,-,-,-,-,29.46944444,76.18611111,,01-08-2022 06:00,21.62
3918,3918,Uchana Pz,CGWB,6,Haryana,65,JIND,NARWANA,UCHANA,Uchana Pz,-,-,-,-,-,-,29.46944444,76.18611111,,01-10-2022 00:00,19.65
3919,3919,Uchana Pz,CGWB,6,Haryana,65,JIND,NARWANA,UCHANA,Uchana Pz,-,-,-,-,-,-,29.46944444,76.18611111,,20-08-2023 00:00,21.17
3920,3920,Uchana Pz,CGWB,6,Haryana,65,JIND,NARWANA,UCHANA,Uchana Pz,-,-,-,-,-,-,29.46944444,76.18611111,,01-11-2023 00:00,20.8
3921,3921,Uchana Pz,CGWB,6,Haryana,65,JIND,NARWANA,UCHANA,Uchana Pz,-,-,-,-,-,-,29.46944444,76.18611111,,01-01-2024 00:00,20.42
3922,3922,Udana-Pz,CGWB,6,Haryana,67,KARNAL,INDRI,INDRI,Udana,-,-,-,-,-,-,29.94166667,76.98611111,,20-05-2022 06:00,34.8
3923,3923,Ugala S,CGWB,6,Haryana,58,AMBALA,BARARA,BARARA,Ugala S,-,-,-,-,-,-,30.19166667,76.98333333,,20-05-2022 06:00,35.5
3924,3924,Uklana,CGWB,6,Haryana,63,HISAR,HISSAR,UKLANA,Uklana,-,-,-,-,-,-,29.50833333,75.87916667,,20-05-2022 06:00,13.5
3925,3925,Uklana Mandi-Pz,CGWB,6,Haryana,63,HISAR,HISSAR,UKLANA,Uklana Mandi,-,-,-,-,-,-,29.50833333,75.85833333,,31-08-2021 06:00,14.71
3926,3926,Uklana Mandi-Pz,CGWB,6,Haryana,63,HISAR,HISSAR,UKLANA,Uklana Mandi,-,-,-,-,-,-,29.50833333,75.85833333,,30-11-2021 06:00,13.79
3927,3927,Uklana Mandi-Pz,CGWB,6,Haryana,63,HISAR,HISSAR,UKLANA,Uklana Mandi,-,-,-,-,-,-,29.50833333,75.85833333,,30-01-2022 07:00,12.56
3928,3928,Uklana Mandi-Pz,CGWB,6,Haryana,63,HISAR,HISSAR,UKLANA,Uklana Mandi,-,-,-,-,-,-,29.50833333,75.85833333,,20-05-2022 06:00,14.2
3929,3929,Uklana Mandi-Pz,CGWB,6,Haryana,63,HISAR,HISSAR,UKLANA,Uklana Mandi,-,-,-,-,-,-,29.50833333,75.85833333,,01-08-2022 06:00,12.32
3930,3930,Uklana Mandi-Pz,CGWB,6,Haryana,63,HISAR,HISSAR,UKLANA,Uklana Mandi,-,-,-,-,-,-,29.50833333,75.85833333,,01-11-2022 06:00,21.85
3931,3931,Uklana Mandi-Pz,CGWB,6,Haryana,63,HISAR,HISSAR,UKLANA,Uklana Mandi,-,-,-,-,-,-,29.50833333,75.85833333,,01-06-2023 00:00,11.21
3932,3932,Uklana Mandi-Pz,CGWB,6,Haryana,63,HISAR,HISSAR,UKLANA,Uklana Mandi,-,-,-,-,-,-,29.50833333,75.85833333,,20-08-2023 00:00,10.78
3933,3933,Uklana Mandi-Pz,CGWB,6,Haryana,63,HISAR,HISSAR,UKLANA,Uklana Mandi,-,-,-,-,-,-,29.50833333,75.85833333,,01-11-2023 00:00,12.36
3934,3934,Uklana Mandi-Pz,CGWB,6,Haryana,63,HISAR,HISSAR,UKLANA,Uklana Mandi,-,-,-,-,-,-,29.50833333,75.85833333,,01-01-2024 00:00,11.9
3935,3935,Umra,CGWB,6,Haryana,63,HISAR,HANSI,HANSI,Umra,-,-,-,-,-,-,29.05277778,75.9125,,20-05-2022 06:00,7.5
3936,3936,Umra,CGWB,6,Haryana,63,HISAR,HANSI,HANSI,Umra,-,-,-,-,-,-,29.05277778,75.9125,,01-11-2022 06:00,5.48
3937,3937,Umri-Pz,CGWB,6,Haryana,68,KURUKSHETRA,SHAHBAD,THANESAR,Umri,-,-,-,-,-,-,29.91666667,76.91666667,,10-01-2021 00:00,37.12
3938,3938,Umri-Pz,CGWB,6,Haryana,68,KURUKSHETRA,SHAHBAD,THANESAR,Umri,-,-,-,-,-,-,29.91666667,76.91666667,,31-08-2021 06:00,43.26
3939,3939,Umri-Pz,CGWB,6,Haryana,68,KURUKSHETRA,SHAHBAD,THANESAR,Umri,-,-,-,-,-,-,29.91666667,76.91666667,,30-11-2021 06:00,40.8
3940,3940,Umri-Pz,CGWB,6,Haryana,68,KURUKSHETRA,SHAHBAD,THANESAR,Umri,-,-,-,-,-,-,29.91666667,76.91666667,,30-01-2022 07:00,39.4
3941,3941,Umri-Pz,CGWB,6,Haryana,68,KURUKSHETRA,SHAHBAD,THANESAR,Umri,-,-,-,-,-,-,29.91666667,76.91666667,,20-05-2022 06:00,39.5
3942,3942,Umri-Pz,CGWB,6,Haryana,68,KURUKSHETRA,SHAHBAD,THANESAR,Umri,-,-,-,-,-,-,29.91666667,76.91666667,,01-11-2022 06:00,42.28
3943,3943,Umri-PzCGWB,CGWB,6,Haryana,68,KURUKSHETRA,SHAHBAD,THANESAR,Umri,-,-,-,-,-,-,29.94611111,76.90611111,,01-11-2023 00:00,40.39
3944,3944,Unn-DW,CGWB,6,Haryana,701,Charkhi Dadri,DADRI,DADRI-I,Unn,-,-,-,-,-,-,28.64444444,76.38888889,,20-05-2022 06:00,3.84
3945,3945,Untilya,CGWB,6,Haryana,71,PANIPAT,PANIPAT,MADLAUDA,Untilya,-,-,-,-,-,-,29.39166667,76.85,,10-01-2021 00:00,5.45
3946,3946,Untilya,CGWB,6,Haryana,71,PANIPAT,PANIPAT,MADLAUDA,Untilya,-,-,-,-,-,-,29.39166667,76.85,,31-08-2021 06:00,7.62
3947,3947,Untilya,CGWB,6,Haryana,71,PANIPAT,PANIPAT,MADLAUDA,Untilya,-,-,-,-,-,-,29.39166667,76.85,,30-01-2022 07:00,4.33
3948,3948,Untilya,CGWB,6,Haryana,71,PANIPAT,PANIPAT,MADLAUDA,Untilya,-,-,-,-,-,-,29.39166667,76.85,,20-05-2022 06:00,5.2
3949,3949,Untilya,CGWB,6,Haryana,71,PANIPAT,PANIPAT,MADLAUDA,Untilya,-,-,-,-,-,-,29.39166667,76.85,,01-08-2022 06:00,3.15
3950,3950,Untilya,CGWB,6,Haryana,71,PANIPAT,PANIPAT,MADLAUDA,Untilya,-,-,-,-,-,-,29.39166667,76.85,,01-10-2022 00:00,3.37
3951,3951,Untilya,CGWB,6,Haryana,71,PANIPAT,PANIPAT,MADLAUDA,Untilya,-,-,-,-,-,-,29.39166667,76.85,,01-11-2022 06:00,2.45
3952,3952,Untilya,CGWB,6,Haryana,71,PANIPAT,PANIPAT,MADLAUDA,Untilya,-,-,-,-,-,-,29.39166667,76.85,,20-08-2023 00:00,3.8
3953,3953,Untilya,CGWB,6,Haryana,71,PANIPAT,PANIPAT,MADLAUDA,Untilya,-,-,-,-,-,-,29.39166667,76.85,,01-11-2023 00:00,4.45
3954,3954,Untilya,CGWB,6,Haryana,71,PANIPAT,PANIPAT,MADLAUDA,Untilya,-,-,-,-,-,-,29.39166667,76.85,,01-01-2024 00:00,3.97
3955,3955,Uplana D,CGWB,6,Haryana,58,AMBALA,BARARA,BARARA,Uplana D,-,-,-,-,-,-,30.28333333,77.03333333,,01-01-2023 00:00,30.48
3956,3956,Uplana D,CGWB,6,Haryana,58,AMBALA,BARARA,BARARA,Uplana D,-,-,-,-,-,-,30.28333333,77.03333333,,01-06-2023 00:00,32.73
3957,3957,Urlana Kalan,CGWB,6,Haryana,71,PANIPAT,PANIPAT,MADLAUDA,Urlana Kalan,-,-,-,-,-,-,29.34166667,76.67916667,,10-01-2021 00:00,17.61
3958,3958,Urlana Kalan,CGWB,6,Haryana,71,PANIPAT,PANIPAT,MADLAUDA,Urlana Kalan,-,-,-,-,-,-,29.34166667,76.67916667,,31-08-2021 06:00,20.5
3959,3959,Urlana Kalan,CGWB,6,Haryana,71,PANIPAT,PANIPAT,MADLAUDA,Urlana Kalan,-,-,-,-,-,-,29.34166667,76.67916667,,30-01-2022 07:00,17.66
3960,3960,Urlana Kalan,CGWB,6,Haryana,71,PANIPAT,PANIPAT,MADLAUDA,Urlana Kalan,-,-,-,-,-,-,29.34166667,76.67916667,,20-05-2022 06:00,17.55
3961,3961,Urlana Kalan,CGWB,6,Haryana,71,PANIPAT,PANIPAT,MADLAUDA,Urlana Kalan,-,-,-,-,-,-,29.34166667,76.67916667,,01-08-2022 06:00,18.21
3962,3962,Urlana Kalan,CGWB,6,Haryana,71,PANIPAT,PANIPAT,MADLAUDA,Urlana Kalan,-,-,-,-,-,-,29.34166667,76.67916667,,01-10-2022 00:00,17.98
3963,3963,Urlana Kalan,CGWB,6,Haryana,71,PANIPAT,PANIPAT,MADLAUDA,Urlana Kalan,-,-,-,-,-,-,29.34166667,76.67916667,,01-11-2022 06:00,20.66
3964,3964,Urlana Kalan,CGWB,6,Haryana,71,PANIPAT,PANIPAT,MADLAUDA,Urlana Kalan,-,-,-,-,-,-,29.34166667,76.67916667,,20-08-2023 00:00,17.66
3965,3965,Urlana Kalan,CGWB,6,Haryana,71,PANIPAT,PANIPAT,MADLAUDA,Urlana Kalan,-,-,-,-,-,-,29.34166667,76.67916667,,01-11-2023 00:00,18.07
3966,3966,Urlana Kalan,CGWB,6,Haryana,71,PANIPAT,PANIPAT,MADLAUDA,Urlana Kalan,-,-,-,-,-,-,29.34166667,76.67916667,,01-01-2024 00:00,17.98
3967,3967,Urnai-PZ,CGWB,6,Haryana,68,KURUKSHETRA,PEHOWA,PEHOWA,Urnai,-,-,-,-,-,-,30.00638889,76.62527778,,20-05-2022 06:00,45.4
3968,3968,Urnai-PZ,CGWB,6,Haryana,68,KURUKSHETRA,PEHOWA,PEHOWA,Urnai,-,-,-,-,-,-,30.00638889,76.62527778,,01-01-2023 00:00,40.43
3969,3969,Utawar,CGWB,6,Haryana,619,Palwal,HATHIN,HATHIN,Utawar,-,-,-,-,-,-,27.98472222,77.18888889,,20-05-2022 06:00,13.5
3970,3970,Wazirpur-Pz,CGWB,6,Haryana,62,GURUGRAM,GURGAON,FARUKHNAGAR,Wazirpur,-,-,-,-,-,-,28.425,76.88333333,,10-01-2021 00:00,21.52
3971,3971,Wazirpur-Pz,CGWB,6,Haryana,62,GURUGRAM,GURGAON,FARUKHNAGAR,Wazirpur,-,-,-,-,-,-,28.425,76.88333333,,31-08-2021 06:00,23.05
3972,3972,Wazirpur-Pz,CGWB,6,Haryana,62,GURUGRAM,GURGAON,FARUKHNAGAR,Wazirpur,-,-,-,-,-,-,28.425,76.88333333,,30-01-2022 07:00,22.3
3973,3973,Wazirpur-Pz,CGWB,6,Haryana,62,GURUGRAM,GURGAON,FARUKHNAGAR,Wazirpur,-,-,-,-,-,-,28.425,76.88333333,,20-05-2022 06:00,22.03
3974,3974,Wazirpur-Pz,CGWB,6,Haryana,62,GURUGRAM,GURGAON,FARUKHNAGAR,Wazirpur,-,-,-,-,-,-,28.425,76.88333333,,01-08-2022 06:00,22.8
3975,3975,Wazirpur-Pz,CGWB,6,Haryana,62,GURUGRAM,GURGAON,FARUKHNAGAR,Wazirpur,-,-,-,-,-,-,28.425,76.88333333,,01-11-2022 06:00,21.87
3976,3976,Wazirpur-Pz,CGWB,6,Haryana,62,GURUGRAM,GURGAON,FARUKHNAGAR,Wazirpur,-,-,-,-,-,-,28.425,76.88333333,,01-01-2023 00:00,23.2
3977,3977,Wazirpur-Pz,CGWB,6,Haryana,62,GURUGRAM,GURGAON,FARUKHNAGAR,Wazirpur,-,-,-,-,-,-,28.425,76.88333333,,20-08-2023 00:00,22.75
3978,3978,Wazirpur-Pz,CGWB,6,Haryana,62,GURUGRAM,GURGAON,FARUKHNAGAR,Wazirpur,-,-,-,-,-,-,28.425,76.88333333,,01-11-2023 00:00,22.1
3979,3979,Wazirpur-Pz,CGWB,6,Haryana,62,GURUGRAM,GURGAON,FARUKHNAGAR,Wazirpur,-,-,-,-,-,-,28.425,76.88333333,,01-01-2024 00:00,20.6
3980,3980,Yaqubpur,CGWB,6,Haryana,64,JHAJJAR,JHAJJAR,JHAJJAR,Yaqubpur,-,-,-,-,-,-,28.47916667,76.77083333,,20-05-2022 06:00,3.61
3981,3981,Yara-PZ,CGWB,6,Haryana,68,KURUKSHETRA,SHAHBAD,SHAHBAD,Yara,-,-,-,-,-,-,30.14166667,76.95138889,,20-05-2022 06:00,47.18
