_id,SlNo,Station,Agency,State LGD Code,State,District LGD Code,District,Tehsil,Block,Village,River,Basin,Tributary,Subtributary,SubSubtributary,Local River,Latitude,Longitude,Data Acquisition Time,Manual Daily Rainfall (mm)
1,1,Dadri,CWC,6,Haryana,64,JHAJJAR,JHAJJAR,-,-,Ganga,Ganga,Yamuna,Sahibi,-,Sahibi,28.50472222,76.79027778,13-06-2021 08:30,7
2,2,Dadri,CWC,6,Haryana,64,JHAJJAR,JHAJJAR,-,-,Ganga,Ganga,Yamuna,Sahibi,-,Sahibi,28.50472222,76.79027778,03-07-2021 08:30,16
3,3,Dadri,CWC,6,Haryana,64,JHAJJAR,JHAJJAR,-,-,Ganga,Ganga,Yamuna,Sahibi,-,Sahibi,28.50472222,76.79027778,14-07-2021 08:30,46
4,4,Dadri,CWC,6,Haryana,64,JHAJJAR,JHAJJAR,-,-,Ganga,Ganga,Yamuna,Sahibi,-,Sahibi,28.50472222,76.79027778,19-07-2021 08:30,80
5,5,Dadri,CWC,6,Haryana,64,JHAJJAR,JHAJJAR,-,-,Ganga,Ganga,Yamuna,Sahibi,-,Sahibi,28.50472222,76.79027778,20-07-2021 08:30,230
6,6,Dadri,CWC,6,Haryana,64,JHAJJAR,JHAJJAR,-,-,Ganga,Ganga,Yamuna,Sahibi,-,Sahibi,28.50472222,76.79027778,21-07-2021 08:30,12
7,7,Dadri,CWC,6,Haryana,64,JHAJJAR,JHAJJAR,-,-,Ganga,Ganga,Yamuna,Sahibi,-,Sahibi,28.50472222,76.79027778,25-07-2021 08:30,7
8,8,Dadri,CWC,6,Haryana,64,JHAJJAR,JHAJJAR,-,-,Ganga,Ganga,Yamuna,Sahibi,-,Sahibi,28.50472222,76.79027778,29-07-2021 08:30,90
9,9,Dadri,CWC,6,Haryana,64,JHAJJAR,JHAJJAR,-,-,Ganga,Ganga,Yamuna,Sahibi,-,Sahibi,28.50472222,76.79027778,31-07-2021 08:30,16
10,10,Dadri,CWC,6,Haryana,64,JHAJJAR,JHAJJAR,-,-,Ganga,Ganga,Yamuna,Sahibi,-,Sahibi,28.50472222,76.79027778,02-08-2021 08:30,8
11,11,Dadri,CWC,6,Haryana,64,JHAJJAR,JHAJJAR,-,-,Ganga,Ganga,Yamuna,Sahibi,-,Sahibi,28.50472222,76.79027778,03-08-2021 08:30,20
12,12,Dadri,CWC,6,Haryana,64,JHAJJAR,JHAJJAR,-,-,Ganga,Ganga,Yamuna,Sahibi,-,Sahibi,28.50472222,76.79027778,06-08-2021 08:30,9
13,13,Dadri,CWC,6,Haryana,64,JHAJJAR,JHAJJAR,-,-,Ganga,Ganga,Yamuna,Sahibi,-,Sahibi,28.50472222,76.79027778,09-08-2021 08:30,12
14,14,Dadri,CWC,6,Haryana,64,JHAJJAR,JHAJJAR,-,-,Ganga,Ganga,Yamuna,Sahibi,-,Sahibi,28.50472222,76.79027778,22-08-2021 08:30,42
15,15,Dadri,CWC,6,Haryana,64,JHAJJAR,JHAJJAR,-,-,Ganga,Ganga,Yamuna,Sahibi,-,Sahibi,28.50472222,76.79027778,01-09-2021 08:30,70
16,16,Dadri,CWC,6,Haryana,64,JHAJJAR,JHAJJAR,-,-,Ganga,Ganga,Yamuna,Sahibi,-,Sahibi,28.50472222,76.79027778,02-09-2021 08:30,45
17,17,Dadri,CWC,6,Haryana,64,JHAJJAR,JHAJJAR,-,-,Ganga,Ganga,Yamuna,Sahibi,-,Sahibi,28.50472222,76.79027778,05-09-2021 08:30,7
18,18,Dadri,CWC,6,Haryana,64,JHAJJAR,JHAJJAR,-,-,Ganga,Ganga,Yamuna,Sahibi,-,Sahibi,28.50472222,76.79027778,11-09-2021 08:30,12
19,19,Dadri,CWC,6,Haryana,64,JHAJJAR,JHAJJAR,-,-,Ganga,Ganga,Yamuna,Sahibi,-,Sahibi,28.50472222,76.79027778,12-09-2021 08:30,18
20,20,Dadri,CWC,6,Haryana,64,JHAJJAR,JHAJJAR,-,-,Ganga,Ganga,Yamuna,Sahibi,-,Sahibi,28.50472222,76.79027778,14-09-2021 08:30,33
21,21,Dadri,CWC,6,Haryana,64,JHAJJAR,JHAJJAR,-,-,Ganga,Ganga,Yamuna,Sahibi,-,Sahibi,28.50472222,76.79027778,17-09-2021 08:30,8
22,22,Dadri,CWC,6,Haryana,64,JHAJJAR,JHAJJAR,-,-,Ganga,Ganga,Yamuna,Sahibi,-,Sahibi,28.50472222,76.79027778,28-09-2021 08:30,29
23,23,Dadri,CWC,6,Haryana,64,JHAJJAR,JHAJJAR,-,-,Ganga,Ganga,Yamuna,Sahibi,-,Sahibi,28.50472222,76.79027778,18-10-2021 08:30,13
24,24,Dadri,CWC,6,Haryana,64,JHAJJAR,JHAJJAR,-,-,Ganga,Ganga,Yamuna,Sahibi,-,Sahibi,28.50472222,76.79027778,25-10-2021 08:30,20
25,25,Dadri,CWC,6,Haryana,64,JHAJJAR,JHAJJAR,-,-,Ganga,Ganga,Yamuna,Sahibi,-,Sahibi,28.50472222,76.79027778,18-06-2022 08:30,16
26,26,Dadri,CWC,6,Haryana,64,JHAJJAR,JHAJJAR,-,-,Ganga,Ganga,Yamuna,Sahibi,-,Sahibi,28.50472222,76.79027778,19-06-2022 08:30,16
27,27,Dadri,CWC,6,Haryana,64,JHAJJAR,JHAJJAR,-,-,Ganga,Ganga,Yamuna,Sahibi,-,Sahibi,28.50472222,76.79027778,22-06-2022 08:30,5
28,28,Dadri,CWC,6,Haryana,64,JHAJJAR,JHAJJAR,-,-,Ganga,Ganga,Yamuna,Sahibi,-,Sahibi,28.50472222,76.79027778,01-07-2022 08:30,100
29,29,Dadri,CWC,6,Haryana,64,JHAJJAR,JHAJJAR,-,-,Ganga,Ganga,Yamuna,Sahibi,-,Sahibi,28.50472222,76.79027778,02-07-2022 08:30,33
30,30,Dadri,CWC,6,Haryana,64,JHAJJAR,JHAJJAR,-,-,Ganga,Ganga,Yamuna,Sahibi,-,Sahibi,28.50472222,76.79027778,03-07-2022 08:30,8
31,31,Dadri,CWC,6,Haryana,64,JHAJJAR,JHAJJAR,-,-,Ganga,Ganga,Yamuna,Sahibi,-,Sahibi,28.50472222,76.79027778,11-07-2022 08:30,18
32,32,Dadri,CWC,6,Haryana,64,JHAJJAR,JHAJJAR,-,-,Ganga,Ganga,Yamuna,Sahibi,-,Sahibi,28.50472222,76.79027778,12-07-2022 08:30,18
33,33,Dadri,CWC,6,Haryana,64,JHAJJAR,JHAJJAR,-,-,Ganga,Ganga,Yamuna,Sahibi,-,Sahibi,28.50472222,76.79027778,13-07-2022 08:30,10
34,34,Dadri,CWC,6,Haryana,64,JHAJJAR,JHAJJAR,-,-,Ganga,Ganga,Yamuna,Sahibi,-,Sahibi,28.50472222,76.79027778,15-07-2022 08:30,5
35,35,Dadri,CWC,6,Haryana,64,JHAJJAR,JHAJJAR,-,-,Ganga,Ganga,Yamuna,Sahibi,-,Sahibi,28.50472222,76.79027778,16-07-2022 08:30,23
36,36,Dadri,CWC,6,Haryana,64,JHAJJAR,JHAJJAR,-,-,Ganga,Ganga,Yamuna,Sahibi,-,Sahibi,28.50472222,76.79027778,17-07-2022 08:30,65
37,37,Dadri,CWC,6,Haryana,64,JHAJJAR,JHAJJAR,-,-,Ganga,Ganga,Yamuna,Sahibi,-,Sahibi,28.50472222,76.79027778,21-07-2022 08:30,15
38,38,Dadri,CWC,6,Haryana,64,JHAJJAR,JHAJJAR,-,-,Ganga,Ganga,Yamuna,Sahibi,-,Sahibi,28.50472222,76.79027778,23-07-2022 08:30,90
39,39,Dadri,CWC,6,Haryana,64,JHAJJAR,JHAJJAR,-,-,Ganga,Ganga,Yamuna,Sahibi,-,Sahibi,28.50472222,76.79027778,26-07-2022 08:30,24
40,40,Dadri,CWC,6,Haryana,64,JHAJJAR,JHAJJAR,-,-,Ganga,Ganga,Yamuna,Sahibi,-,Sahibi,28.50472222,76.79027778,28-07-2022 08:30,4
41,41,Dadri,CWC,6,Haryana,64,JHAJJAR,JHAJJAR,-,-,Ganga,Ganga,Yamuna,Sahibi,-,Sahibi,28.50472222,76.79027778,29-07-2022 08:30,8
42,42,Dadri,CWC,6,Haryana,64,JHAJJAR,JHAJJAR,-,-,Ganga,Ganga,Yamuna,Sahibi,-,Sahibi,28.50472222,76.79027778,30-07-2022 08:30,63
43,43,Dadri,CWC,6,Haryana,64,JHAJJAR,JHAJJAR,-,-,Ganga,Ganga,Yamuna,Sahibi,-,Sahibi,28.50472222,76.79027778,06-08-2022 08:30,40
44,44,Dadri,CWC,6,Haryana,64,JHAJJAR,JHAJJAR,-,-,Ganga,Ganga,Yamuna,Sahibi,-,Sahibi,28.50472222,76.79027778,31-08-2022 08:30,10
45,45,Dadri,CWC,6,Haryana,64,JHAJJAR,JHAJJAR,-,-,Ganga,Ganga,Yamuna,Sahibi,-,Sahibi,28.50472222,76.79027778,11-09-2022 08:30,20
46,46,Dadri,CWC,6,Haryana,64,JHAJJAR,JHAJJAR,-,-,Ganga,Ganga,Yamuna,Sahibi,-,Sahibi,28.50472222,76.79027778,13-09-2022 08:30,26
47,47,Dadri,CWC,6,Haryana,64,JHAJJAR,JHAJJAR,-,-,Ganga,Ganga,Yamuna,Sahibi,-,Sahibi,28.50472222,76.79027778,22-09-2022 08:30,22
48,48,Dadri,CWC,6,Haryana,64,JHAJJAR,JHAJJAR,-,-,Ganga,Ganga,Yamuna,Sahibi,-,Sahibi,28.50472222,76.79027778,23-09-2022 08:30,78
49,49,Dadri,CWC,6,Haryana,64,JHAJJAR,JHAJJAR,-,-,Ganga,Ganga,Yamuna,Sahibi,-,Sahibi,28.50472222,76.79027778,24-09-2022 08:30,117
50,50,Dadri,CWC,6,Haryana,64,JHAJJAR,JHAJJAR,-,-,Ganga,Ganga,Yamuna,Sahibi,-,Sahibi,28.50472222,76.79027778,25-09-2022 08:30,123
51,51,Dadri,CWC,6,Haryana,64,JHAJJAR,JHAJJAR,-,-,Ganga,Ganga,Yamuna,Sahibi,-,Sahibi,28.50472222,76.79027778,08-10-2022 08:30,6
52,52,Dadri,CWC,6,Haryana,64,JHAJJAR,JHAJJAR,-,-,Ganga,Ganga,Yamuna,Sahibi,-,Sahibi,28.50472222,76.79027778,09-10-2022 08:30,61
53,53,Dadri,CWC,6,Haryana,64,JHAJJAR,JHAJJAR,-,-,Ganga,Ganga,Yamuna,Sahibi,-,Sahibi,28.50472222,76.79027778,25-06-2023 08:30,55
54,54,Dadri,CWC,6,Haryana,64,JHAJJAR,JHAJJAR,-,-,Ganga,Ganga,Yamuna,Sahibi,-,Sahibi,28.50472222,76.79027778,26-06-2023 08:30,25
55,55,Dadri,CWC,6,Haryana,64,JHAJJAR,JHAJJAR,-,-,Ganga,Ganga,Yamuna,Sahibi,-,Sahibi,28.50472222,76.79027778,06-07-2023 17:30,33
56,56,Dadri,CWC,6,Haryana,64,JHAJJAR,JHAJJAR,-,-,Ganga,Ganga,Yamuna,Sahibi,-,Sahibi,28.50472222,76.79027778,08-07-2023 11:30,17
57,57,Dadri,CWC,6,Haryana,64,JHAJJAR,JHAJJAR,-,-,Ganga,Ganga,Yamuna,Sahibi,-,Sahibi,28.50472222,76.79027778,09-07-2023 20:30,30
58,58,Dadri,CWC,6,Haryana,64,JHAJJAR,JHAJJAR,-,-,Ganga,Ganga,Yamuna,Sahibi,-,Sahibi,28.50472222,76.79027778,16-07-2023 08:30,80
59,59,Dadri,CWC,6,Haryana,64,JHAJJAR,JHAJJAR,-,-,Ganga,Ganga,Yamuna,Sahibi,-,Sahibi,28.50472222,76.79027778,27-07-2023 20:30,86
60,60,Dadri,CWC,6,Haryana,64,JHAJJAR,JHAJJAR,-,-,Ganga,Ganga,Yamuna,Sahibi,-,Sahibi,28.50472222,76.79027778,29-07-2023 08:30,50
61,61,Dadri,CWC,6,Haryana,64,JHAJJAR,JHAJJAR,-,-,Ganga,Ganga,Yamuna,Sahibi,-,Sahibi,28.50472222,76.79027778,29-07-2023 14:30,25
62,62,Dadri,CWC,6,Haryana,64,JHAJJAR,JHAJJAR,-,-,Ganga,Ganga,Yamuna,Sahibi,-,Sahibi,28.50472222,76.79027778,04-08-2023 08:30,10.6
63,63,Dadri,CWC,6,Haryana,64,JHAJJAR,JHAJJAR,-,-,Ganga,Ganga,Yamuna,Sahibi,-,Sahibi,28.50472222,76.79027778,05-08-2023 08:30,8
64,64,Dadri,CWC,6,Haryana,64,JHAJJAR,JHAJJAR,-,-,Ganga,Ganga,Yamuna,Sahibi,-,Sahibi,28.50472222,76.79027778,19-08-2023 08:30,25
65,65,Dadri,CWC,6,Haryana,64,JHAJJAR,JHAJJAR,-,-,Ganga,Ganga,Yamuna,Sahibi,-,Sahibi,28.50472222,76.79027778,10-09-2023 08:30,22
66,66,Dadri,CWC,6,Haryana,64,JHAJJAR,JHAJJAR,-,-,Ganga,Ganga,Yamuna,Sahibi,-,Sahibi,28.50472222,76.79027778,16-09-2023 20:30,50
67,67,Dadri,CWC,6,Haryana,64,JHAJJAR,JHAJJAR,-,-,Ganga,Ganga,Yamuna,Sahibi,-,Sahibi,28.50472222,76.79027778,23-09-2023 20:30,10
68,68,Dadri,CWC,6,Haryana,64,JHAJJAR,JHAJJAR,-,-,Ganga,Ganga,Yamuna,Sahibi,-,Sahibi,28.50472222,76.79027778,17-10-2023 08:30,5
69,69,Dadri,CWC,6,Haryana,64,JHAJJAR,JHAJJAR,-,-,Ganga,Ganga,Yamuna,Sahibi,-,Sahibi,28.50472222,76.79027778,27-06-2024 08:30,10
70,70,Dadri,CWC,6,Haryana,64,JHAJJAR,JHAJJAR,-,-,Ganga,Ganga,Yamuna,Sahibi,-,Sahibi,28.50472222,76.79027778,03-07-2024 20:30,50
71,71,Dadri,CWC,6,Haryana,64,JHAJJAR,JHAJJAR,-,-,Ganga,Ganga,Yamuna,Sahibi,-,Sahibi,28.50472222,76.79027778,18-07-2024 20:30,24
72,72,Dadri,CWC,6,Haryana,64,JHAJJAR,JHAJJAR,-,-,Ganga,Ganga,Yamuna,Sahibi,-,Sahibi,28.50472222,76.79027778,22-07-2024 17:30,40
73,73,Dadri,CWC,6,Haryana,64,JHAJJAR,JHAJJAR,-,-,Ganga,Ganga,Yamuna,Sahibi,-,Sahibi,28.50472222,76.79027778,27-07-2024 20:30,40
74,74,Dadri,CWC,6,Haryana,64,JHAJJAR,JHAJJAR,-,-,Ganga,Ganga,Yamuna,Sahibi,-,Sahibi,28.50472222,76.79027778,01-08-2024 08:30,30
75,75,Dadri,CWC,6,Haryana,64,JHAJJAR,JHAJJAR,-,-,Ganga,Ganga,Yamuna,Sahibi,-,Sahibi,28.50472222,76.79027778,01-08-2024 14:30,70
76,76,Dadri,CWC,6,Haryana,64,JHAJJAR,JHAJJAR,-,-,Ganga,Ganga,Yamuna,Sahibi,-,Sahibi,28.50472222,76.79027778,02-08-2024 20:30,15
77,77,Dadri,CWC,6,Haryana,64,JHAJJAR,JHAJJAR,-,-,Ganga,Ganga,Yamuna,Sahibi,-,Sahibi,28.50472222,76.79027778,08-08-2024 08:30,9
78,78,Dadri,CWC,6,Haryana,64,JHAJJAR,JHAJJAR,-,-,Ganga,Ganga,Yamuna,Sahibi,-,Sahibi,28.50472222,76.79027778,08-08-2024 17:30,37
79,79,Dadri,CWC,6,Haryana,64,JHAJJAR,JHAJJAR,-,-,Ganga,Ganga,Yamuna,Sahibi,-,Sahibi,28.50472222,76.79027778,09-08-2024 08:30,35.3
80,80,Dadri,CWC,6,Haryana,64,JHAJJAR,JHAJJAR,-,-,Ganga,Ganga,Yamuna,Sahibi,-,Sahibi,28.50472222,76.79027778,11-08-2024 08:30,15
81,81,Dadri,CWC,6,Haryana,64,JHAJJAR,JHAJJAR,-,-,Ganga,Ganga,Yamuna,Sahibi,-,Sahibi,28.50472222,76.79027778,11-08-2024 17:30,25
82,82,Dadri,CWC,6,Haryana,64,JHAJJAR,JHAJJAR,-,-,Ganga,Ganga,Yamuna,Sahibi,-,Sahibi,28.50472222,76.79027778,13-08-2024 08:30,30
83,83,Dadri,CWC,6,Haryana,64,JHAJJAR,JHAJJAR,-,-,Ganga,Ganga,Yamuna,Sahibi,-,Sahibi,28.50472222,76.79027778,14-08-2024 08:30,8
84,84,Dadri,CWC,6,Haryana,64,JHAJJAR,JHAJJAR,-,-,Ganga,Ganga,Yamuna,Sahibi,-,Sahibi,28.50472222,76.79027778,15-08-2024 08:30,27
85,85,Dadri,CWC,6,Haryana,64,JHAJJAR,JHAJJAR,-,-,Ganga,Ganga,Yamuna,Sahibi,-,Sahibi,28.50472222,76.79027778,16-08-2024 08:30,45
86,86,Dadri,CWC,6,Haryana,64,JHAJJAR,JHAJJAR,-,-,Ganga,Ganga,Yamuna,Sahibi,-,Sahibi,28.50472222,76.79027778,25-08-2024 08:30,10
87,87,Dadri,CWC,6,Haryana,64,JHAJJAR,JHAJJAR,-,-,Ganga,Ganga,Yamuna,Sahibi,-,Sahibi,28.50472222,76.79027778,26-08-2024 14:30,5.8
88,88,Dadri,CWC,6,Haryana,64,JHAJJAR,JHAJJAR,-,-,Ganga,Ganga,Yamuna,Sahibi,-,Sahibi,28.50472222,76.79027778,27-08-2024 08:30,10
89,89,Dadri,CWC,6,Haryana,64,JHAJJAR,JHAJJAR,-,-,Ganga,Ganga,Yamuna,Sahibi,-,Sahibi,28.50472222,76.79027778,29-08-2024 14:30,28
90,90,Dadri,CWC,6,Haryana,64,JHAJJAR,JHAJJAR,-,-,Ganga,Ganga,Yamuna,Sahibi,-,Sahibi,28.50472222,76.79027778,04-09-2024 11:30,25
91,91,Dadri,CWC,6,Haryana,64,JHAJJAR,JHAJJAR,-,-,Ganga,Ganga,Yamuna,Sahibi,-,Sahibi,28.50472222,76.79027778,04-09-2024 17:30,105
92,92,Dadri,CWC,6,Haryana,64,JHAJJAR,JHAJJAR,-,-,Ganga,Ganga,Yamuna,Sahibi,-,Sahibi,28.50472222,76.79027778,08-09-2024 08:30,55
93,93,Dadri,CWC,6,Haryana,64,JHAJJAR,JHAJJAR,-,-,Ganga,Ganga,Yamuna,Sahibi,-,Sahibi,28.50472222,76.79027778,08-09-2024 11:30,15
94,94,Dadri,CWC,6,Haryana,64,JHAJJAR,JHAJJAR,-,-,Ganga,Ganga,Yamuna,Sahibi,-,Sahibi,28.50472222,76.79027778,13-09-2024 17:30,50
95,95,Dadri,CWC,6,Haryana,64,JHAJJAR,JHAJJAR,-,-,Ganga,Ganga,Yamuna,Sahibi,-,Sahibi,28.50472222,76.79027778,14-09-2024 08:30,60
96,96,Dadri,CWC,6,Haryana,64,JHAJJAR,JHAJJAR,-,-,Ganga,Ganga,Yamuna,Sahibi,-,Sahibi,28.50472222,76.79027778,17-06-2025 20:30,8
97,97,Dadri,CWC,6,Haryana,64,JHAJJAR,JHAJJAR,-,-,Ganga,Ganga,Yamuna,Sahibi,-,Sahibi,28.50472222,76.79027778,01-07-2025 08:30,70
98,98,Dadri,CWC,6,Haryana,64,JHAJJAR,JHAJJAR,-,-,Ganga,Ganga,Yamuna,Sahibi,-,Sahibi,28.50472222,76.79027778,07-07-2025 08:30,80
99,99,Dadri,CWC,6,Haryana,64,JHAJJAR,JHAJJAR,-,-,Ganga,Ganga,Yamuna,Sahibi,-,Sahibi,28.50472222,76.79027778,10-07-2025 08:30,140
100,100,Dadri,CWC,6,Haryana,64,JHAJJAR,JHAJJAR,-,-,Ganga,Ganga,Yamuna,Sahibi,-,Sahibi,28.50472222,76.79027778,14-07-2025 08:30,58
101,101,Dadri,CWC,6,Haryana,64,JHAJJAR,JHAJJAR,-,-,Ganga,Ganga,Yamuna,Sahibi,-,Sahibi,28.50472222,76.79027778,16-07-2025 08:30,18
102,102,Dadri,CWC,6,Haryana,64,JHAJJAR,JHAJJAR,-,-,Ganga,Ganga,Yamuna,Sahibi,-,Sahibi,28.50472222,76.79027778,16-07-2025 20:30,20
103,103,Dadri,CWC,6,Haryana,64,JHAJJAR,JHAJJAR,-,-,Ganga,Ganga,Yamuna,Sahibi,-,Sahibi,28.50472222,76.79027778,24-07-2025 08:30,60
104,104,Dadri,CWC,6,Haryana,64,JHAJJAR,JHAJJAR,-,-,Ganga,Ganga,Yamuna,Sahibi,-,Sahibi,28.50472222,76.79027778,31-07-2025 08:30,14
105,105,Dadri,CWC,6,Haryana,64,JHAJJAR,JHAJJAR,-,-,Ganga,Ganga,Yamuna,Sahibi,-,Sahibi,28.50472222,76.79027778,31-07-2025 20:30,36
106,106,Dadri,CWC,6,Haryana,64,JHAJJAR,JHAJJAR,-,-,Ganga,Ganga,Yamuna,Sahibi,-,Sahibi,28.50472222,76.79027778,01-08-2025 08:30,200
107,107,Dadri,CWC,6,Haryana,64,JHAJJAR,JHAJJAR,-,-,Ganga,Ganga,Yamuna,Sahibi,-,Sahibi,28.50472222,76.79027778,03-08-2025 08:30,40
108,108,Dadri,CWC,6,Haryana,64,JHAJJAR,JHAJJAR,-,-,Ganga,Ganga,Yamuna,Sahibi,-,Sahibi,28.50472222,76.79027778,09-08-2025 20:30,13
109,109,Dadri,CWC,6,Haryana,64,JHAJJAR,JHAJJAR,-,-,Ganga,Ganga,Yamuna,Sahibi,-,Sahibi,28.50472222,76.79027778,15-08-2025 20:30,28
110,110,Dadri,CWC,6,Haryana,64,JHAJJAR,JHAJJAR,-,-,Ganga,Ganga,Yamuna,Sahibi,-,Sahibi,28.50472222,76.79027778,16-08-2025 20:30,20
111,111,Dadri,CWC,6,Haryana,64,JHAJJAR,JHAJJAR,-,-,Ganga,Ganga,Yamuna,Sahibi,-,Sahibi,28.50472222,76.79027778,23-08-2025 20:30,35
112,112,Dadri,CWC,6,Haryana,64,JHAJJAR,JHAJJAR,-,-,Ganga,Ganga,Yamuna,Sahibi,-,Sahibi,28.50472222,76.79027778,24-08-2025 20:30,30
113,113,Dadri,CWC,6,Haryana,64,JHAJJAR,JHAJJAR,-,-,Ganga,Ganga,Yamuna,Sahibi,-,Sahibi,28.50472222,76.79027778,25-08-2025 08:30,12
114,114,Dadri,CWC,6,Haryana,64,JHAJJAR,JHAJJAR,-,-,Ganga,Ganga,Yamuna,Sahibi,-,Sahibi,28.50472222,76.79027778,25-08-2025 20:30,17.2
115,115,Dadri,CWC,6,Haryana,64,JHAJJAR,JHAJJAR,-,-,Ganga,Ganga,Yamuna,Sahibi,-,Sahibi,28.50472222,76.79027778,28-08-2025 20:30,10
116,116,Dadri,CWC,6,Haryana,64,JHAJJAR,JHAJJAR,-,-,Ganga,Ganga,Yamuna,Sahibi,-,Sahibi,28.50472222,76.79027778,01-09-2025 08:30,21
117,117,Dadri,CWC,6,Haryana,64,JHAJJAR,JHAJJAR,-,-,Ganga,Ganga,Yamuna,Sahibi,-,Sahibi,28.50472222,76.79027778,01-09-2025 20:30,56
118,118,Dadri,CWC,6,Haryana,64,JHAJJAR,JHAJJAR,-,-,Ganga,Ganga,Yamuna,Sahibi,-,Sahibi,28.50472222,76.79027778,02-09-2025 08:30,58
119,119,Dadri,CWC,6,Haryana,64,JHAJJAR,JHAJJAR,-,-,Ganga,Ganga,Yamuna,Sahibi,-,Sahibi,28.50472222,76.79027778,02-09-2025 20:30,36
120,120,Dadri,CWC,6,Haryana,64,JHAJJAR,JHAJJAR,-,-,Ganga,Ganga,Yamuna,Sahibi,-,Sahibi,28.50472222,76.79027778,03-09-2025 20:30,7
121,121,Dadri,CWC,6,Haryana,64,JHAJJAR,JHAJJAR,-,-,Ganga,Ganga,Yamuna,Sahibi,-,Sahibi,28.50472222,76.79027778,04-09-2025 08:30,8
122,122,Dadri,CWC,6,Haryana,64,JHAJJAR,JHAJJAR,-,-,Ganga,Ganga,Yamuna,Sahibi,-,Sahibi,28.50472222,76.79027778,05-09-2025 08:30,27
123,123,Dadri,CWC,6,Haryana,64,JHAJJAR,JHAJJAR,-,-,Ganga,Ganga,Yamuna,Sahibi,-,Sahibi,28.50472222,76.79027778,01-10-2025 08:30,10
124,124,Dadri,CWC,6,Haryana,64,JHAJJAR,JHAJJAR,-,-,Ganga,Ganga,Yamuna,Sahibi,-,Sahibi,28.50472222,76.79027778,07-10-2025 08:30,20
125,125,Dadri,CWC,6,Haryana,64,JHAJJAR,JHAJJAR,-,-,Ganga,Ganga,Yamuna,Sahibi,-,Sahibi,28.50472222,76.79027778,08-10-2025 08:30,22
126,126,Fatehgarh,CWC,6,Haryana,76,YAMUNANAGAR,JAGADHRI,-,-,Ganga,Ganga,Yamuna,Somb,-,Somb,30.17222222,77.39222222,05-01-2021 08:30,2.4
127,127,Fatehgarh,CWC,6,Haryana,76,YAMUNANAGAR,JAGADHRI,-,-,Ganga,Ganga,Yamuna,Somb,-,Somb,30.17222222,77.39222222,06-01-2021 08:30,16.4
128,128,Fatehgarh,CWC,6,Haryana,76,YAMUNANAGAR,JAGADHRI,-,-,Ganga,Ganga,Yamuna,Somb,-,Somb,30.17222222,77.39222222,04-02-2021 08:30,2.4
129,129,Fatehgarh,CWC,6,Haryana,76,YAMUNANAGAR,JAGADHRI,-,-,Ganga,Ganga,Yamuna,Somb,-,Somb,30.17222222,77.39222222,05-02-2021 08:30,9.6
130,130,Fatehgarh,CWC,6,Haryana,76,YAMUNANAGAR,JAGADHRI,-,-,Ganga,Ganga,Yamuna,Somb,-,Somb,30.17222222,77.39222222,27-02-2021 08:30,2.8
131,131,Fatehgarh,CWC,6,Haryana,76,YAMUNANAGAR,JAGADHRI,-,-,Ganga,Ganga,Yamuna,Somb,-,Somb,30.17222222,77.39222222,22-04-2021 08:30,1.8
132,132,Fatehgarh,CWC,6,Haryana,76,YAMUNANAGAR,JAGADHRI,-,-,Ganga,Ganga,Yamuna,Somb,-,Somb,30.17222222,77.39222222,23-04-2021 08:30,1.2
133,133,Fatehgarh,CWC,6,Haryana,76,YAMUNANAGAR,JAGADHRI,-,-,Ganga,Ganga,Yamuna,Somb,-,Somb,30.17222222,77.39222222,24-04-2021 08:30,4.8
134,134,Fatehgarh,CWC,6,Haryana,76,YAMUNANAGAR,JAGADHRI,-,-,Ganga,Ganga,Yamuna,Somb,-,Somb,30.17222222,77.39222222,05-05-2021 08:30,1.2
135,135,Fatehgarh,CWC,6,Haryana,76,YAMUNANAGAR,JAGADHRI,-,-,Ganga,Ganga,Yamuna,Somb,-,Somb,30.17222222,77.39222222,07-05-2021 08:30,1.4
136,136,Fatehgarh,CWC,6,Haryana,76,YAMUNANAGAR,JAGADHRI,-,-,Ganga,Ganga,Yamuna,Somb,-,Somb,30.17222222,77.39222222,13-05-2021 08:30,1.8
137,137,Fatehgarh,CWC,6,Haryana,76,YAMUNANAGAR,JAGADHRI,-,-,Ganga,Ganga,Yamuna,Somb,-,Somb,30.17222222,77.39222222,20-05-2021 08:30,15.2
138,138,Fatehgarh,CWC,6,Haryana,76,YAMUNANAGAR,JAGADHRI,-,-,Ganga,Ganga,Yamuna,Somb,-,Somb,30.17222222,77.39222222,30-05-2021 08:30,25.8
139,139,Fatehgarh,CWC,6,Haryana,76,YAMUNANAGAR,JAGADHRI,-,-,Ganga,Ganga,Yamuna,Somb,-,Somb,30.17222222,77.39222222,01-06-2021 08:30,19.4
140,140,Fatehgarh,CWC,6,Haryana,76,YAMUNANAGAR,JAGADHRI,-,-,Ganga,Ganga,Yamuna,Somb,-,Somb,30.17222222,77.39222222,12-06-2021 08:30,12.6
141,141,Fatehgarh,CWC,6,Haryana,76,YAMUNANAGAR,JAGADHRI,-,-,Ganga,Ganga,Yamuna,Somb,-,Somb,30.17222222,77.39222222,18-06-2021 08:30,42.6
142,142,Fatehgarh,CWC,6,Haryana,76,YAMUNANAGAR,JAGADHRI,-,-,Ganga,Ganga,Yamuna,Somb,-,Somb,30.17222222,77.39222222,20-06-2021 08:30,24.2
143,143,Fatehgarh,CWC,6,Haryana,76,YAMUNANAGAR,JAGADHRI,-,-,Ganga,Ganga,Yamuna,Somb,-,Somb,30.17222222,77.39222222,24-06-2021 08:30,12.8
144,144,Fatehgarh,CWC,6,Haryana,76,YAMUNANAGAR,JAGADHRI,-,-,Ganga,Ganga,Yamuna,Somb,-,Somb,30.17222222,77.39222222,13-07-2021 08:30,8.2
145,145,Fatehgarh,CWC,6,Haryana,76,YAMUNANAGAR,JAGADHRI,-,-,Ganga,Ganga,Yamuna,Somb,-,Somb,30.17222222,77.39222222,14-07-2021 08:30,50.6
146,146,Fatehgarh,CWC,6,Haryana,76,YAMUNANAGAR,JAGADHRI,-,-,Ganga,Ganga,Yamuna,Somb,-,Somb,30.17222222,77.39222222,15-07-2021 08:30,35.2
147,147,Fatehgarh,CWC,6,Haryana,76,YAMUNANAGAR,JAGADHRI,-,-,Ganga,Ganga,Yamuna,Somb,-,Somb,30.17222222,77.39222222,16-07-2021 08:30,2.2
148,148,Fatehgarh,CWC,6,Haryana,76,YAMUNANAGAR,JAGADHRI,-,-,Ganga,Ganga,Yamuna,Somb,-,Somb,30.17222222,77.39222222,21-07-2021 08:30,35.6
149,149,Fatehgarh,CWC,6,Haryana,76,YAMUNANAGAR,JAGADHRI,-,-,Ganga,Ganga,Yamuna,Somb,-,Somb,30.17222222,77.39222222,22-07-2021 08:30,97.8
150,150,Fatehgarh,CWC,6,Haryana,76,YAMUNANAGAR,JAGADHRI,-,-,Ganga,Ganga,Yamuna,Somb,-,Somb,30.17222222,77.39222222,26-07-2021 08:30,6.2
151,151,Fatehgarh,CWC,6,Haryana,76,YAMUNANAGAR,JAGADHRI,-,-,Ganga,Ganga,Yamuna,Somb,-,Somb,30.17222222,77.39222222,28-07-2021 08:30,108.2
152,152,Fatehgarh,CWC,6,Haryana,76,YAMUNANAGAR,JAGADHRI,-,-,Ganga,Ganga,Yamuna,Somb,-,Somb,30.17222222,77.39222222,29-07-2021 08:30,6.8
153,153,Fatehgarh,CWC,6,Haryana,76,YAMUNANAGAR,JAGADHRI,-,-,Ganga,Ganga,Yamuna,Somb,-,Somb,30.17222222,77.39222222,05-08-2021 08:30,12.8
154,154,Fatehgarh,CWC,6,Haryana,76,YAMUNANAGAR,JAGADHRI,-,-,Ganga,Ganga,Yamuna,Somb,-,Somb,30.17222222,77.39222222,09-08-2021 08:30,11.8
155,155,Fatehgarh,CWC,6,Haryana,76,YAMUNANAGAR,JAGADHRI,-,-,Ganga,Ganga,Yamuna,Somb,-,Somb,30.17222222,77.39222222,20-08-2021 08:30,32.8
156,156,Fatehgarh,CWC,6,Haryana,76,YAMUNANAGAR,JAGADHRI,-,-,Ganga,Ganga,Yamuna,Somb,-,Somb,30.17222222,77.39222222,21-08-2021 08:30,42.6
157,157,Fatehgarh,CWC,6,Haryana,76,YAMUNANAGAR,JAGADHRI,-,-,Ganga,Ganga,Yamuna,Somb,-,Somb,30.17222222,77.39222222,22-08-2021 08:30,18.2
158,158,Fatehgarh,CWC,6,Haryana,76,YAMUNANAGAR,JAGADHRI,-,-,Ganga,Ganga,Yamuna,Somb,-,Somb,30.17222222,77.39222222,28-08-2021 08:30,29.6
159,159,Fatehgarh,CWC,6,Haryana,76,YAMUNANAGAR,JAGADHRI,-,-,Ganga,Ganga,Yamuna,Somb,-,Somb,30.17222222,77.39222222,29-08-2021 08:30,8.2
160,160,Fatehgarh,CWC,6,Haryana,76,YAMUNANAGAR,JAGADHRI,-,-,Ganga,Ganga,Yamuna,Somb,-,Somb,30.17222222,77.39222222,30-08-2021 08:30,29.2
161,161,Fatehgarh,CWC,6,Haryana,76,YAMUNANAGAR,JAGADHRI,-,-,Ganga,Ganga,Yamuna,Somb,-,Somb,30.17222222,77.39222222,02-09-2021 08:30,10.2
162,162,Fatehgarh,CWC,6,Haryana,76,YAMUNANAGAR,JAGADHRI,-,-,Ganga,Ganga,Yamuna,Somb,-,Somb,30.17222222,77.39222222,05-09-2021 08:30,27.4
163,163,Fatehgarh,CWC,6,Haryana,76,YAMUNANAGAR,JAGADHRI,-,-,Ganga,Ganga,Yamuna,Somb,-,Somb,30.17222222,77.39222222,07-09-2021 08:30,29.6
164,164,Fatehgarh,CWC,6,Haryana,76,YAMUNANAGAR,JAGADHRI,-,-,Ganga,Ganga,Yamuna,Somb,-,Somb,30.17222222,77.39222222,12-09-2021 08:30,25.8
165,165,Fatehgarh,CWC,6,Haryana,76,YAMUNANAGAR,JAGADHRI,-,-,Ganga,Ganga,Yamuna,Somb,-,Somb,30.17222222,77.39222222,13-09-2021 08:30,39.6
166,166,Fatehgarh,CWC,6,Haryana,76,YAMUNANAGAR,JAGADHRI,-,-,Ganga,Ganga,Yamuna,Somb,-,Somb,30.17222222,77.39222222,14-09-2021 08:30,16.2
167,167,Fatehgarh,CWC,6,Haryana,76,YAMUNANAGAR,JAGADHRI,-,-,Ganga,Ganga,Yamuna,Somb,-,Somb,30.17222222,77.39222222,16-09-2021 08:30,19.8
168,168,Fatehgarh,CWC,6,Haryana,76,YAMUNANAGAR,JAGADHRI,-,-,Ganga,Ganga,Yamuna,Somb,-,Somb,30.17222222,77.39222222,17-09-2021 08:30,8.2
169,169,Fatehgarh,CWC,6,Haryana,76,YAMUNANAGAR,JAGADHRI,-,-,Ganga,Ganga,Yamuna,Somb,-,Somb,30.17222222,77.39222222,22-09-2021 08:30,26.8
170,170,Fatehgarh,CWC,6,Haryana,76,YAMUNANAGAR,JAGADHRI,-,-,Ganga,Ganga,Yamuna,Somb,-,Somb,30.17222222,77.39222222,23-09-2021 08:30,2.4
171,171,Fatehgarh,CWC,6,Haryana,76,YAMUNANAGAR,JAGADHRI,-,-,Ganga,Ganga,Yamuna,Somb,-,Somb,30.17222222,77.39222222,24-09-2021 08:30,70.6
172,172,Fatehgarh,CWC,6,Haryana,76,YAMUNANAGAR,JAGADHRI,-,-,Ganga,Ganga,Yamuna,Somb,-,Somb,30.17222222,77.39222222,18-10-2021 08:30,16.8
173,173,Fatehgarh,CWC,6,Haryana,76,YAMUNANAGAR,JAGADHRI,-,-,Ganga,Ganga,Yamuna,Somb,-,Somb,30.17222222,77.39222222,25-10-2021 08:30,29.6
174,174,Fatehgarh,CWC,6,Haryana,76,YAMUNANAGAR,JAGADHRI,-,-,Ganga,Ganga,Yamuna,Somb,-,Somb,30.17222222,77.39222222,24-12-2021 08:30,2.2
175,175,Fatehgarh,CWC,6,Haryana,76,YAMUNANAGAR,JAGADHRI,-,-,Ganga,Ganga,Yamuna,Somb,-,Somb,30.17222222,77.39222222,06-01-2022 08:30,11.2
176,176,Fatehgarh,CWC,6,Haryana,76,YAMUNANAGAR,JAGADHRI,-,-,Ganga,Ganga,Yamuna,Somb,-,Somb,30.17222222,77.39222222,07-01-2022 08:30,2.8
177,177,Fatehgarh,CWC,6,Haryana,76,YAMUNANAGAR,JAGADHRI,-,-,Ganga,Ganga,Yamuna,Somb,-,Somb,30.17222222,77.39222222,08-01-2022 08:30,68.2
178,178,Fatehgarh,CWC,6,Haryana,76,YAMUNANAGAR,JAGADHRI,-,-,Ganga,Ganga,Yamuna,Somb,-,Somb,30.17222222,77.39222222,09-01-2022 08:30,85.6
179,179,Fatehgarh,CWC,6,Haryana,76,YAMUNANAGAR,JAGADHRI,-,-,Ganga,Ganga,Yamuna,Somb,-,Somb,30.17222222,77.39222222,10-01-2022 08:30,48.2
180,180,Fatehgarh,CWC,6,Haryana,76,YAMUNANAGAR,JAGADHRI,-,-,Ganga,Ganga,Yamuna,Somb,-,Somb,30.17222222,77.39222222,23-01-2022 08:30,48.6
181,181,Fatehgarh,CWC,6,Haryana,76,YAMUNANAGAR,JAGADHRI,-,-,Ganga,Ganga,Yamuna,Somb,-,Somb,30.17222222,77.39222222,24-01-2022 08:30,52.2
182,182,Fatehgarh,CWC,6,Haryana,76,YAMUNANAGAR,JAGADHRI,-,-,Ganga,Ganga,Yamuna,Somb,-,Somb,30.17222222,77.39222222,04-02-2022 08:30,65.8
183,183,Fatehgarh,CWC,6,Haryana,76,YAMUNANAGAR,JAGADHRI,-,-,Ganga,Ganga,Yamuna,Somb,-,Somb,30.17222222,77.39222222,05-02-2022 08:30,18.6
184,184,Fatehgarh,CWC,6,Haryana,76,YAMUNANAGAR,JAGADHRI,-,-,Ganga,Ganga,Yamuna,Somb,-,Somb,30.17222222,77.39222222,26-02-2022 08:30,22.6
185,185,Fatehgarh,CWC,6,Haryana,76,YAMUNANAGAR,JAGADHRI,-,-,Ganga,Ganga,Yamuna,Somb,-,Somb,30.17222222,77.39222222,21-05-2022 08:30,12.6
186,186,Fatehgarh,CWC,6,Haryana,76,YAMUNANAGAR,JAGADHRI,-,-,Ganga,Ganga,Yamuna,Somb,-,Somb,30.17222222,77.39222222,23-05-2022 08:30,26.2
187,187,Fatehgarh,CWC,6,Haryana,76,YAMUNANAGAR,JAGADHRI,-,-,Ganga,Ganga,Yamuna,Somb,-,Somb,30.17222222,77.39222222,16-06-2022 08:30,12.4
188,188,Fatehgarh,CWC,6,Haryana,76,YAMUNANAGAR,JAGADHRI,-,-,Ganga,Ganga,Yamuna,Somb,-,Somb,30.17222222,77.39222222,01-07-2022 08:30,86.4
189,189,Fatehgarh,CWC,6,Haryana,76,YAMUNANAGAR,JAGADHRI,-,-,Ganga,Ganga,Yamuna,Somb,-,Somb,30.17222222,77.39222222,03-07-2022 08:30,12.6
190,190,Fatehgarh,CWC,6,Haryana,76,YAMUNANAGAR,JAGADHRI,-,-,Ganga,Ganga,Yamuna,Somb,-,Somb,30.17222222,77.39222222,07-07-2022 08:30,84.6
191,191,Fatehgarh,CWC,6,Haryana,76,YAMUNANAGAR,JAGADHRI,-,-,Ganga,Ganga,Yamuna,Somb,-,Somb,30.17222222,77.39222222,14-07-2022 08:30,22.4
192,192,Fatehgarh,CWC,6,Haryana,76,YAMUNANAGAR,JAGADHRI,-,-,Ganga,Ganga,Yamuna,Somb,-,Somb,30.17222222,77.39222222,17-07-2022 08:30,12.4
193,193,Fatehgarh,CWC,6,Haryana,76,YAMUNANAGAR,JAGADHRI,-,-,Ganga,Ganga,Yamuna,Somb,-,Somb,30.17222222,77.39222222,21-07-2022 08:30,56.2
194,194,Fatehgarh,CWC,6,Haryana,76,YAMUNANAGAR,JAGADHRI,-,-,Ganga,Ganga,Yamuna,Somb,-,Somb,30.17222222,77.39222222,25-07-2022 08:30,12.6
195,195,Fatehgarh,CWC,6,Haryana,76,YAMUNANAGAR,JAGADHRI,-,-,Ganga,Ganga,Yamuna,Somb,-,Somb,30.17222222,77.39222222,30-07-2022 08:30,25.6
196,196,Fatehgarh,CWC,6,Haryana,76,YAMUNANAGAR,JAGADHRI,-,-,Ganga,Ganga,Yamuna,Somb,-,Somb,30.17222222,77.39222222,04-08-2022 08:30,45.8
197,197,Fatehgarh,CWC,6,Haryana,76,YAMUNANAGAR,JAGADHRI,-,-,Ganga,Ganga,Yamuna,Somb,-,Somb,30.17222222,77.39222222,07-08-2022 08:30,12.6
198,198,Fatehgarh,CWC,6,Haryana,76,YAMUNANAGAR,JAGADHRI,-,-,Ganga,Ganga,Yamuna,Somb,-,Somb,30.17222222,77.39222222,15-08-2022 08:30,22.6
199,199,Fatehgarh,CWC,6,Haryana,76,YAMUNANAGAR,JAGADHRI,-,-,Ganga,Ganga,Yamuna,Somb,-,Somb,30.17222222,77.39222222,20-08-2022 08:30,18.2
200,200,Fatehgarh,CWC,6,Haryana,76,YAMUNANAGAR,JAGADHRI,-,-,Ganga,Ganga,Yamuna,Somb,-,Somb,30.17222222,77.39222222,21-08-2022 08:30,28.8
201,201,Fatehgarh,CWC,6,Haryana,76,YAMUNANAGAR,JAGADHRI,-,-,Ganga,Ganga,Yamuna,Somb,-,Somb,30.17222222,77.39222222,30-08-2022 08:30,36.6
202,202,Fatehgarh,CWC,6,Haryana,76,YAMUNANAGAR,JAGADHRI,-,-,Ganga,Ganga,Yamuna,Somb,-,Somb,30.17222222,77.39222222,10-09-2022 08:30,48.2
203,203,Fatehgarh,CWC,6,Haryana,76,YAMUNANAGAR,JAGADHRI,-,-,Ganga,Ganga,Yamuna,Somb,-,Somb,30.17222222,77.39222222,16-09-2022 08:30,39.8
204,204,Fatehgarh,CWC,6,Haryana,76,YAMUNANAGAR,JAGADHRI,-,-,Ganga,Ganga,Yamuna,Somb,-,Somb,30.17222222,77.39222222,20-09-2022 08:30,26.6
205,205,Fatehgarh,CWC,6,Haryana,76,YAMUNANAGAR,JAGADHRI,-,-,Ganga,Ganga,Yamuna,Somb,-,Somb,30.17222222,77.39222222,21-09-2022 08:30,8.4
206,206,Fatehgarh,CWC,6,Haryana,76,YAMUNANAGAR,JAGADHRI,-,-,Ganga,Ganga,Yamuna,Somb,-,Somb,30.17222222,77.39222222,23-09-2022 08:30,30.6
207,207,Fatehgarh,CWC,6,Haryana,76,YAMUNANAGAR,JAGADHRI,-,-,Ganga,Ganga,Yamuna,Somb,-,Somb,30.17222222,77.39222222,24-09-2022 08:30,14.2
208,208,Fatehgarh,CWC,6,Haryana,76,YAMUNANAGAR,JAGADHRI,-,-,Ganga,Ganga,Yamuna,Somb,-,Somb,30.17222222,77.39222222,25-09-2022 08:30,53.8
209,209,Fatehgarh,CWC,6,Haryana,76,YAMUNANAGAR,JAGADHRI,-,-,Ganga,Ganga,Yamuna,Somb,-,Somb,30.17222222,77.39222222,26-09-2022 08:30,32.8
210,210,Fatehgarh,CWC,6,Haryana,76,YAMUNANAGAR,JAGADHRI,-,-,Ganga,Ganga,Yamuna,Somb,-,Somb,30.17222222,77.39222222,11-10-2022 08:30,12.2
211,211,Fatehgarh,CWC,6,Haryana,76,YAMUNANAGAR,JAGADHRI,-,-,Ganga,Ganga,Yamuna,Somb,-,Somb,30.17222222,77.39222222,12-10-2022 08:30,19.8
212,212,Fatehgarh,CWC,6,Haryana,76,YAMUNANAGAR,JAGADHRI,-,-,Ganga,Ganga,Yamuna,Somb,-,Somb,30.17222222,77.39222222,20-01-2023 08:30,6.2
213,213,Fatehgarh,CWC,6,Haryana,76,YAMUNANAGAR,JAGADHRI,-,-,Ganga,Ganga,Yamuna,Somb,-,Somb,30.17222222,77.39222222,30-01-2023 08:30,18.2
214,214,Fatehgarh,CWC,6,Haryana,76,YAMUNANAGAR,JAGADHRI,-,-,Ganga,Ganga,Yamuna,Somb,-,Somb,30.17222222,77.39222222,18-03-2023 08:30,4.2
215,215,Fatehgarh,CWC,6,Haryana,76,YAMUNANAGAR,JAGADHRI,-,-,Ganga,Ganga,Yamuna,Somb,-,Somb,30.17222222,77.39222222,21-03-2023 08:30,27.8
216,216,Fatehgarh,CWC,6,Haryana,76,YAMUNANAGAR,JAGADHRI,-,-,Ganga,Ganga,Yamuna,Somb,-,Somb,30.17222222,77.39222222,25-03-2023 08:30,4.2
217,217,Fatehgarh,CWC,6,Haryana,76,YAMUNANAGAR,JAGADHRI,-,-,Ganga,Ganga,Yamuna,Somb,-,Somb,30.17222222,77.39222222,26-03-2023 08:30,10.4
218,218,Fatehgarh,CWC,6,Haryana,76,YAMUNANAGAR,JAGADHRI,-,-,Ganga,Ganga,Yamuna,Somb,-,Somb,30.17222222,77.39222222,31-03-2023 08:30,2.8
219,219,Fatehgarh,CWC,6,Haryana,76,YAMUNANAGAR,JAGADHRI,-,-,Ganga,Ganga,Yamuna,Somb,-,Somb,30.17222222,77.39222222,01-04-2023 08:30,16.4
220,220,Fatehgarh,CWC,6,Haryana,76,YAMUNANAGAR,JAGADHRI,-,-,Ganga,Ganga,Yamuna,Somb,-,Somb,30.17222222,77.39222222,01-05-2023 08:30,8.6
221,221,Fatehgarh,CWC,6,Haryana,76,YAMUNANAGAR,JAGADHRI,-,-,Ganga,Ganga,Yamuna,Somb,-,Somb,30.17222222,77.39222222,02-05-2023 08:30,23.8
222,222,Fatehgarh,CWC,6,Haryana,76,YAMUNANAGAR,JAGADHRI,-,-,Ganga,Ganga,Yamuna,Somb,-,Somb,30.17222222,77.39222222,03-05-2023 08:30,6.8
223,223,Fatehgarh,CWC,6,Haryana,76,YAMUNANAGAR,JAGADHRI,-,-,Ganga,Ganga,Yamuna,Somb,-,Somb,30.17222222,77.39222222,24-05-2023 08:30,18.6
224,224,Fatehgarh,CWC,6,Haryana,76,YAMUNANAGAR,JAGADHRI,-,-,Ganga,Ganga,Yamuna,Somb,-,Somb,30.17222222,77.39222222,25-05-2023 08:30,6.2
225,225,Fatehgarh,CWC,6,Haryana,76,YAMUNANAGAR,JAGADHRI,-,-,Ganga,Ganga,Yamuna,Somb,-,Somb,30.17222222,77.39222222,30-05-2023 08:30,48.6
226,226,Fatehgarh,CWC,6,Haryana,76,YAMUNANAGAR,JAGADHRI,-,-,Ganga,Ganga,Yamuna,Somb,-,Somb,30.17222222,77.39222222,02-06-2023 08:30,4.2
227,227,Fatehgarh,CWC,6,Haryana,76,YAMUNANAGAR,JAGADHRI,-,-,Ganga,Ganga,Yamuna,Somb,-,Somb,30.17222222,77.39222222,24-06-2023 08:30,12.02
228,228,Fatehgarh,CWC,6,Haryana,76,YAMUNANAGAR,JAGADHRI,-,-,Ganga,Ganga,Yamuna,Somb,-,Somb,30.17222222,77.39222222,25-06-2023 08:30,18.04
229,229,Fatehgarh,CWC,6,Haryana,76,YAMUNANAGAR,JAGADHRI,-,-,Ganga,Ganga,Yamuna,Somb,-,Somb,30.17222222,77.39222222,29-06-2023 08:30,6.02
230,230,Fatehgarh,CWC,6,Haryana,76,YAMUNANAGAR,JAGADHRI,-,-,Ganga,Ganga,Yamuna,Somb,-,Somb,30.17222222,77.39222222,03-07-2023 08:30,4.02
231,231,Fatehgarh,CWC,6,Haryana,76,YAMUNANAGAR,JAGADHRI,-,-,Ganga,Ganga,Yamuna,Somb,-,Somb,30.17222222,77.39222222,04-07-2023 08:30,8.2
232,232,Fatehgarh,CWC,6,Haryana,76,YAMUNANAGAR,JAGADHRI,-,-,Ganga,Ganga,Yamuna,Somb,-,Somb,30.17222222,77.39222222,05-07-2023 08:30,6.4
233,233,Fatehgarh,CWC,6,Haryana,76,YAMUNANAGAR,JAGADHRI,-,-,Ganga,Ganga,Yamuna,Somb,-,Somb,30.17222222,77.39222222,06-07-2023 08:30,16.4
234,234,Fatehgarh,CWC,6,Haryana,76,YAMUNANAGAR,JAGADHRI,-,-,Ganga,Ganga,Yamuna,Somb,-,Somb,30.17222222,77.39222222,08-07-2023 08:30,6.8
235,235,Fatehgarh,CWC,6,Haryana,76,YAMUNANAGAR,JAGADHRI,-,-,Ganga,Ganga,Yamuna,Somb,-,Somb,30.17222222,77.39222222,08-07-2023 11:30,2.2
236,236,Fatehgarh,CWC,6,Haryana,76,YAMUNANAGAR,JAGADHRI,-,-,Ganga,Ganga,Yamuna,Somb,-,Somb,30.17222222,77.39222222,08-07-2023 14:30,4.2
237,237,Fatehgarh,CWC,6,Haryana,76,YAMUNANAGAR,JAGADHRI,-,-,Ganga,Ganga,Yamuna,Somb,-,Somb,30.17222222,77.39222222,08-07-2023 23:30,6.4
238,238,Fatehgarh,CWC,6,Haryana,76,YAMUNANAGAR,JAGADHRI,-,-,Ganga,Ganga,Yamuna,Somb,-,Somb,30.17222222,77.39222222,09-07-2023 05:30,4.4
239,239,Fatehgarh,CWC,6,Haryana,76,YAMUNANAGAR,JAGADHRI,-,-,Ganga,Ganga,Yamuna,Somb,-,Somb,30.17222222,77.39222222,09-07-2023 11:30,16.6
240,240,Fatehgarh,CWC,6,Haryana,76,YAMUNANAGAR,JAGADHRI,-,-,Ganga,Ganga,Yamuna,Somb,-,Somb,30.17222222,77.39222222,09-07-2023 14:30,12.8
241,241,Fatehgarh,CWC,6,Haryana,76,YAMUNANAGAR,JAGADHRI,-,-,Ganga,Ganga,Yamuna,Somb,-,Somb,30.17222222,77.39222222,09-07-2023 17:30,6.2
242,242,Fatehgarh,CWC,6,Haryana,76,YAMUNANAGAR,JAGADHRI,-,-,Ganga,Ganga,Yamuna,Somb,-,Somb,30.17222222,77.39222222,10-07-2023 14:30,20.8
243,243,Fatehgarh,CWC,6,Haryana,76,YAMUNANAGAR,JAGADHRI,-,-,Ganga,Ganga,Yamuna,Somb,-,Somb,30.17222222,77.39222222,10-07-2023 17:30,22.6
244,244,Fatehgarh,CWC,6,Haryana,76,YAMUNANAGAR,JAGADHRI,-,-,Ganga,Ganga,Yamuna,Somb,-,Somb,30.17222222,77.39222222,10-07-2023 20:30,32.8
245,245,Fatehgarh,CWC,6,Haryana,76,YAMUNANAGAR,JAGADHRI,-,-,Ganga,Ganga,Yamuna,Somb,-,Somb,30.17222222,77.39222222,11-07-2023 08:30,10.2
246,246,Fatehgarh,CWC,6,Haryana,76,YAMUNANAGAR,JAGADHRI,-,-,Ganga,Ganga,Yamuna,Somb,-,Somb,30.17222222,77.39222222,12-07-2023 05:30,8.2
247,247,Fatehgarh,CWC,6,Haryana,76,YAMUNANAGAR,JAGADHRI,-,-,Ganga,Ganga,Yamuna,Somb,-,Somb,30.17222222,77.39222222,12-07-2023 08:30,16.2
248,248,Fatehgarh,CWC,6,Haryana,76,YAMUNANAGAR,JAGADHRI,-,-,Ganga,Ganga,Yamuna,Somb,-,Somb,30.17222222,77.39222222,12-07-2023 11:30,15.08
249,249,Fatehgarh,CWC,6,Haryana,76,YAMUNANAGAR,JAGADHRI,-,-,Ganga,Ganga,Yamuna,Somb,-,Somb,30.17222222,77.39222222,12-07-2023 14:30,8.6
250,250,Fatehgarh,CWC,6,Haryana,76,YAMUNANAGAR,JAGADHRI,-,-,Ganga,Ganga,Yamuna,Somb,-,Somb,30.17222222,77.39222222,13-07-2023 02:30,4.2
251,251,Fatehgarh,CWC,6,Haryana,76,YAMUNANAGAR,JAGADHRI,-,-,Ganga,Ganga,Yamuna,Somb,-,Somb,30.17222222,77.39222222,13-07-2023 05:30,2.4
252,252,Fatehgarh,CWC,6,Haryana,76,YAMUNANAGAR,JAGADHRI,-,-,Ganga,Ganga,Yamuna,Somb,-,Somb,30.17222222,77.39222222,13-07-2023 08:30,6.2
253,253,Fatehgarh,CWC,6,Haryana,76,YAMUNANAGAR,JAGADHRI,-,-,Ganga,Ganga,Yamuna,Somb,-,Somb,30.17222222,77.39222222,22-07-2023 11:30,10.4
254,254,Fatehgarh,CWC,6,Haryana,76,YAMUNANAGAR,JAGADHRI,-,-,Ganga,Ganga,Yamuna,Somb,-,Somb,30.17222222,77.39222222,24-07-2023 08:30,12.8
255,255,Fatehgarh,CWC,6,Haryana,76,YAMUNANAGAR,JAGADHRI,-,-,Ganga,Ganga,Yamuna,Somb,-,Somb,30.17222222,77.39222222,26-07-2023 02:30,4.2
256,256,Fatehgarh,CWC,6,Haryana,76,YAMUNANAGAR,JAGADHRI,-,-,Ganga,Ganga,Yamuna,Somb,-,Somb,30.17222222,77.39222222,26-07-2023 05:30,2.2
257,257,Fatehgarh,CWC,6,Haryana,76,YAMUNANAGAR,JAGADHRI,-,-,Ganga,Ganga,Yamuna,Somb,-,Somb,30.17222222,77.39222222,28-07-2023 08:30,6.2
258,258,Fatehgarh,CWC,6,Haryana,76,YAMUNANAGAR,JAGADHRI,-,-,Ganga,Ganga,Yamuna,Somb,-,Somb,30.17222222,77.39222222,09-08-2023 05:30,2.4
259,259,Fatehgarh,CWC,6,Haryana,76,YAMUNANAGAR,JAGADHRI,-,-,Ganga,Ganga,Yamuna,Somb,-,Somb,30.17222222,77.39222222,11-08-2023 05:30,16.04
260,260,Fatehgarh,CWC,6,Haryana,76,YAMUNANAGAR,JAGADHRI,-,-,Ganga,Ganga,Yamuna,Somb,-,Somb,30.17222222,77.39222222,11-08-2023 08:30,6.8
261,261,Fatehgarh,CWC,6,Haryana,76,YAMUNANAGAR,JAGADHRI,-,-,Ganga,Ganga,Yamuna,Somb,-,Somb,30.17222222,77.39222222,15-08-2023 05:30,8.2
262,262,Fatehgarh,CWC,6,Haryana,76,YAMUNANAGAR,JAGADHRI,-,-,Ganga,Ganga,Yamuna,Somb,-,Somb,30.17222222,77.39222222,18-08-2023 20:30,8.2
263,263,Fatehgarh,CWC,6,Haryana,76,YAMUNANAGAR,JAGADHRI,-,-,Ganga,Ganga,Yamuna,Somb,-,Somb,30.17222222,77.39222222,21-08-2023 20:30,6.4
264,264,Fatehgarh,CWC,6,Haryana,76,YAMUNANAGAR,JAGADHRI,-,-,Ganga,Ganga,Yamuna,Somb,-,Somb,30.17222222,77.39222222,22-08-2023 11:30,4.6
265,265,Fatehgarh,CWC,6,Haryana,76,YAMUNANAGAR,JAGADHRI,-,-,Ganga,Ganga,Yamuna,Somb,-,Somb,30.17222222,77.39222222,23-08-2023 02:30,12.6
266,266,Fatehgarh,CWC,6,Haryana,76,YAMUNANAGAR,JAGADHRI,-,-,Ganga,Ganga,Yamuna,Somb,-,Somb,30.17222222,77.39222222,23-08-2023 08:30,14.8
267,267,Fatehgarh,CWC,6,Haryana,76,YAMUNANAGAR,JAGADHRI,-,-,Ganga,Ganga,Yamuna,Somb,-,Somb,30.17222222,77.39222222,23-08-2023 14:30,4.6
268,268,Fatehgarh,CWC,6,Haryana,76,YAMUNANAGAR,JAGADHRI,-,-,Ganga,Ganga,Yamuna,Somb,-,Somb,30.17222222,77.39222222,09-09-2023 20:30,56.2
269,269,Fatehgarh,CWC,6,Haryana,76,YAMUNANAGAR,JAGADHRI,-,-,Ganga,Ganga,Yamuna,Somb,-,Somb,30.17222222,77.39222222,15-09-2023 11:30,4.2
270,270,Fatehgarh,CWC,6,Haryana,76,YAMUNANAGAR,JAGADHRI,-,-,Ganga,Ganga,Yamuna,Somb,-,Somb,30.17222222,77.39222222,23-09-2023 11:30,4.2
271,271,Fatehgarh,CWC,6,Haryana,76,YAMUNANAGAR,JAGADHRI,-,-,Ganga,Ganga,Yamuna,Somb,-,Somb,30.17222222,77.39222222,16-10-2023 11:30,12.6
272,272,Fatehgarh,CWC,6,Haryana,76,YAMUNANAGAR,JAGADHRI,-,-,Ganga,Ganga,Yamuna,Somb,-,Somb,30.17222222,77.39222222,16-10-2023 14:30,2.4
273,273,Fatehgarh,CWC,6,Haryana,76,YAMUNANAGAR,JAGADHRI,-,-,Ganga,Ganga,Yamuna,Somb,-,Somb,30.17222222,77.39222222,01-02-2024 08:30,15.6
274,274,Fatehgarh,CWC,6,Haryana,76,YAMUNANAGAR,JAGADHRI,-,-,Ganga,Ganga,Yamuna,Somb,-,Somb,30.17222222,77.39222222,02-02-2024 08:30,37.8
275,275,Fatehgarh,CWC,6,Haryana,76,YAMUNANAGAR,JAGADHRI,-,-,Ganga,Ganga,Yamuna,Somb,-,Somb,30.17222222,77.39222222,05-02-2024 08:30,8.2
276,276,Fatehgarh,CWC,6,Haryana,76,YAMUNANAGAR,JAGADHRI,-,-,Ganga,Ganga,Yamuna,Somb,-,Somb,30.17222222,77.39222222,20-02-2024 08:30,6.8
277,277,Fatehgarh,CWC,6,Haryana,76,YAMUNANAGAR,JAGADHRI,-,-,Ganga,Ganga,Yamuna,Somb,-,Somb,30.17222222,77.39222222,02-03-2024 08:30,4.2
278,278,Fatehgarh,CWC,6,Haryana,76,YAMUNANAGAR,JAGADHRI,-,-,Ganga,Ganga,Yamuna,Somb,-,Somb,30.17222222,77.39222222,03-03-2024 08:30,48.4
279,279,Fatehgarh,CWC,6,Haryana,76,YAMUNANAGAR,JAGADHRI,-,-,Ganga,Ganga,Yamuna,Somb,-,Somb,30.17222222,77.39222222,30-03-2024 08:30,12.6
280,280,Fatehgarh,CWC,6,Haryana,76,YAMUNANAGAR,JAGADHRI,-,-,Ganga,Ganga,Yamuna,Somb,-,Somb,30.17222222,77.39222222,05-06-2024 23:30,2.4
281,281,Fatehgarh,CWC,6,Haryana,76,YAMUNANAGAR,JAGADHRI,-,-,Ganga,Ganga,Yamuna,Somb,-,Somb,30.17222222,77.39222222,19-06-2024 23:30,8.2
282,282,Fatehgarh,CWC,6,Haryana,76,YAMUNANAGAR,JAGADHRI,-,-,Ganga,Ganga,Yamuna,Somb,-,Somb,30.17222222,77.39222222,20-06-2024 08:30,2.4
283,283,Fatehgarh,CWC,6,Haryana,76,YAMUNANAGAR,JAGADHRI,-,-,Ganga,Ganga,Yamuna,Somb,-,Somb,30.17222222,77.39222222,26-06-2024 11:30,4.6
284,284,Fatehgarh,CWC,6,Haryana,76,YAMUNANAGAR,JAGADHRI,-,-,Ganga,Ganga,Yamuna,Somb,-,Somb,30.17222222,77.39222222,02-07-2024 23:30,10.8
285,285,Fatehgarh,CWC,6,Haryana,76,YAMUNANAGAR,JAGADHRI,-,-,Ganga,Ganga,Yamuna,Somb,-,Somb,30.17222222,77.39222222,03-07-2024 02:30,14.6
286,286,Fatehgarh,CWC,6,Haryana,76,YAMUNANAGAR,JAGADHRI,-,-,Ganga,Ganga,Yamuna,Somb,-,Somb,30.17222222,77.39222222,06-07-2024 05:30,8.4
287,287,Fatehgarh,CWC,6,Haryana,76,YAMUNANAGAR,JAGADHRI,-,-,Ganga,Ganga,Yamuna,Somb,-,Somb,30.17222222,77.39222222,07-07-2024 20:30,22.4
288,288,Fatehgarh,CWC,6,Haryana,76,YAMUNANAGAR,JAGADHRI,-,-,Ganga,Ganga,Yamuna,Somb,-,Somb,30.17222222,77.39222222,17-07-2024 08:30,2.8
289,289,Fatehgarh,CWC,6,Haryana,76,YAMUNANAGAR,JAGADHRI,-,-,Ganga,Ganga,Yamuna,Somb,-,Somb,30.17222222,77.39222222,17-07-2024 14:30,25.4
290,290,Fatehgarh,CWC,6,Haryana,76,YAMUNANAGAR,JAGADHRI,-,-,Ganga,Ganga,Yamuna,Somb,-,Somb,30.17222222,77.39222222,19-07-2024 23:30,22.8
291,291,Fatehgarh,CWC,6,Haryana,76,YAMUNANAGAR,JAGADHRI,-,-,Ganga,Ganga,Yamuna,Somb,-,Somb,30.17222222,77.39222222,22-07-2024 08:30,26.8
292,292,Fatehgarh,CWC,6,Haryana,76,YAMUNANAGAR,JAGADHRI,-,-,Ganga,Ganga,Yamuna,Somb,-,Somb,30.17222222,77.39222222,23-07-2024 08:30,28.6
293,293,Fatehgarh,CWC,6,Haryana,76,YAMUNANAGAR,JAGADHRI,-,-,Ganga,Ganga,Yamuna,Somb,-,Somb,30.17222222,77.39222222,23-07-2024 11:30,2.8
294,294,Fatehgarh,CWC,6,Haryana,76,YAMUNANAGAR,JAGADHRI,-,-,Ganga,Ganga,Yamuna,Somb,-,Somb,30.17222222,77.39222222,26-07-2024 08:30,4.2
295,295,Fatehgarh,CWC,6,Haryana,76,YAMUNANAGAR,JAGADHRI,-,-,Ganga,Ganga,Yamuna,Somb,-,Somb,30.17222222,77.39222222,27-07-2024 02:30,28.4
296,296,Fatehgarh,CWC,6,Haryana,76,YAMUNANAGAR,JAGADHRI,-,-,Ganga,Ganga,Yamuna,Somb,-,Somb,30.17222222,77.39222222,31-07-2024 20:30,6.4
297,297,Fatehgarh,CWC,6,Haryana,76,YAMUNANAGAR,JAGADHRI,-,-,Ganga,Ganga,Yamuna,Somb,-,Somb,30.17222222,77.39222222,01-08-2024 02:30,8.6
298,298,Fatehgarh,CWC,6,Haryana,76,YAMUNANAGAR,JAGADHRI,-,-,Ganga,Ganga,Yamuna,Somb,-,Somb,30.17222222,77.39222222,02-08-2024 23:30,4.4
299,299,Fatehgarh,CWC,6,Haryana,76,YAMUNANAGAR,JAGADHRI,-,-,Ganga,Ganga,Yamuna,Somb,-,Somb,30.17222222,77.39222222,06-08-2024 23:30,18.4
300,300,Fatehgarh,CWC,6,Haryana,76,YAMUNANAGAR,JAGADHRI,-,-,Ganga,Ganga,Yamuna,Somb,-,Somb,30.17222222,77.39222222,07-08-2024 05:30,8.2
301,301,Fatehgarh,CWC,6,Haryana,76,YAMUNANAGAR,JAGADHRI,-,-,Ganga,Ganga,Yamuna,Somb,-,Somb,30.17222222,77.39222222,11-08-2024 17:30,8.6
302,302,Fatehgarh,CWC,6,Haryana,76,YAMUNANAGAR,JAGADHRI,-,-,Ganga,Ganga,Yamuna,Somb,-,Somb,30.17222222,77.39222222,15-08-2024 08:30,2.8
303,303,Fatehgarh,CWC,6,Haryana,76,YAMUNANAGAR,JAGADHRI,-,-,Ganga,Ganga,Yamuna,Somb,-,Somb,30.17222222,77.39222222,28-08-2024 23:30,2.8
304,304,Fatehgarh,CWC,6,Haryana,76,YAMUNANAGAR,JAGADHRI,-,-,Ganga,Ganga,Yamuna,Somb,-,Somb,30.17222222,77.39222222,29-08-2024 08:30,18.8
305,305,Fatehgarh,CWC,6,Haryana,76,YAMUNANAGAR,JAGADHRI,-,-,Ganga,Ganga,Yamuna,Somb,-,Somb,30.17222222,77.39222222,02-09-2024 08:30,32.6
306,306,Fatehgarh,CWC,6,Haryana,76,YAMUNANAGAR,JAGADHRI,-,-,Ganga,Ganga,Yamuna,Somb,-,Somb,30.17222222,77.39222222,03-09-2024 17:30,8.6
307,307,Fatehgarh,CWC,6,Haryana,76,YAMUNANAGAR,JAGADHRI,-,-,Ganga,Ganga,Yamuna,Somb,-,Somb,30.17222222,77.39222222,04-09-2024 11:30,6.8
308,308,Fatehgarh,CWC,6,Haryana,76,YAMUNANAGAR,JAGADHRI,-,-,Ganga,Ganga,Yamuna,Somb,-,Somb,30.17222222,77.39222222,04-09-2024 14:30,2.6
309,309,Fatehgarh,CWC,6,Haryana,76,YAMUNANAGAR,JAGADHRI,-,-,Ganga,Ganga,Yamuna,Somb,-,Somb,30.17222222,77.39222222,06-09-2024 17:30,12.6
310,310,Fatehgarh,CWC,6,Haryana,76,YAMUNANAGAR,JAGADHRI,-,-,Ganga,Ganga,Yamuna,Somb,-,Somb,30.17222222,77.39222222,10-09-2024 17:30,8.2
311,311,Fatehgarh,CWC,6,Haryana,76,YAMUNANAGAR,JAGADHRI,-,-,Ganga,Ganga,Yamuna,Somb,-,Somb,30.17222222,77.39222222,11-09-2024 23:30,4.2
312,312,Fatehgarh,CWC,6,Haryana,76,YAMUNANAGAR,JAGADHRI,-,-,Ganga,Ganga,Yamuna,Somb,-,Somb,30.17222222,77.39222222,13-09-2024 02:30,2.8
313,313,Fatehgarh,CWC,6,Haryana,76,YAMUNANAGAR,JAGADHRI,-,-,Ganga,Ganga,Yamuna,Somb,-,Somb,30.17222222,77.39222222,13-09-2024 08:30,6.8
314,314,Fatehgarh,CWC,6,Haryana,76,YAMUNANAGAR,JAGADHRI,-,-,Ganga,Ganga,Yamuna,Somb,-,Somb,30.17222222,77.39222222,13-09-2024 14:30,2.4
315,315,Fatehgarh,CWC,6,Haryana,76,YAMUNANAGAR,JAGADHRI,-,-,Ganga,Ganga,Yamuna,Somb,-,Somb,30.17222222,77.39222222,14-09-2024 23:30,4.4
316,316,Fatehgarh,CWC,6,Haryana,76,YAMUNANAGAR,JAGADHRI,-,-,Ganga,Ganga,Yamuna,Somb,-,Somb,30.17222222,77.39222222,15-09-2024 05:30,10.8
317,317,Fatehgarh,CWC,6,Haryana,76,YAMUNANAGAR,JAGADHRI,-,-,Ganga,Ganga,Yamuna,Somb,-,Somb,30.17222222,77.39222222,26-09-2024 11:30,4.2
318,318,Fatehgarh,CWC,6,Haryana,76,YAMUNANAGAR,JAGADHRI,-,-,Ganga,Ganga,Yamuna,Somb,-,Somb,30.17222222,77.39222222,28-09-2024 02:30,8.8
319,319,Fatehgarh,CWC,6,Haryana,76,YAMUNANAGAR,JAGADHRI,-,-,Ganga,Ganga,Yamuna,Somb,-,Somb,30.17222222,77.39222222,28-12-2024 08:30,19.4
320,320,Fatehgarh,CWC,6,Haryana,76,YAMUNANAGAR,JAGADHRI,-,-,Ganga,Ganga,Yamuna,Somb,-,Somb,30.17222222,77.39222222,21-02-2025 08:30,12.8
321,321,Fatehgarh,CWC,6,Haryana,76,YAMUNANAGAR,JAGADHRI,-,-,Ganga,Ganga,Yamuna,Somb,-,Somb,30.17222222,77.39222222,28-02-2025 08:30,14.2
322,322,Fatehgarh,CWC,6,Haryana,76,YAMUNANAGAR,JAGADHRI,-,-,Ganga,Ganga,Yamuna,Somb,-,Somb,30.17222222,77.39222222,01-03-2025 08:30,40.2
323,323,Fatehgarh,CWC,6,Haryana,76,YAMUNANAGAR,JAGADHRI,-,-,Ganga,Ganga,Yamuna,Somb,-,Somb,30.17222222,77.39222222,15-03-2025 08:30,2.8
324,324,Fatehgarh,CWC,6,Haryana,76,YAMUNANAGAR,JAGADHRI,-,-,Ganga,Ganga,Yamuna,Somb,-,Somb,30.17222222,77.39222222,17-04-2025 08:30,6.2
325,325,Fatehgarh,CWC,6,Haryana,76,YAMUNANAGAR,JAGADHRI,-,-,Ganga,Ganga,Yamuna,Somb,-,Somb,30.17222222,77.39222222,02-05-2025 08:30,8.4
326,326,Fatehgarh,CWC,6,Haryana,76,YAMUNANAGAR,JAGADHRI,-,-,Ganga,Ganga,Yamuna,Somb,-,Somb,30.17222222,77.39222222,05-05-2025 08:30,10.4
327,327,Fatehgarh,CWC,6,Haryana,76,YAMUNANAGAR,JAGADHRI,-,-,Ganga,Ganga,Yamuna,Somb,-,Somb,30.17222222,77.39222222,22-05-2025 08:30,2.8
328,328,Fatehgarh,CWC,6,Haryana,76,YAMUNANAGAR,JAGADHRI,-,-,Ganga,Ganga,Yamuna,Somb,-,Somb,30.17222222,77.39222222,25-05-2025 08:30,12.4
329,329,Fatehgarh,CWC,6,Haryana,76,YAMUNANAGAR,JAGADHRI,-,-,Ganga,Ganga,Yamuna,Somb,-,Somb,30.17222222,77.39222222,29-05-2025 08:30,2.8
330,330,Fatehgarh,CWC,6,Haryana,76,YAMUNANAGAR,JAGADHRI,-,-,Ganga,Ganga,Yamuna,Somb,-,Somb,30.17222222,77.39222222,04-06-2025 08:30,18.8
331,331,Fatehgarh,CWC,6,Haryana,76,YAMUNANAGAR,JAGADHRI,-,-,Ganga,Ganga,Yamuna,Somb,-,Somb,30.17222222,77.39222222,15-06-2025 11:30,8
332,332,Fatehgarh,CWC,6,Haryana,76,YAMUNANAGAR,JAGADHRI,-,-,Ganga,Ganga,Yamuna,Somb,-,Somb,30.17222222,77.39222222,22-06-2025 05:30,10.8
333,333,Fatehgarh,CWC,6,Haryana,76,YAMUNANAGAR,JAGADHRI,-,-,Ganga,Ganga,Yamuna,Somb,-,Somb,30.17222222,77.39222222,24-06-2025 05:30,18.6
334,334,Fatehgarh,CWC,6,Haryana,76,YAMUNANAGAR,JAGADHRI,-,-,Ganga,Ganga,Yamuna,Somb,-,Somb,30.17222222,77.39222222,25-06-2025 08:30,30.8
335,335,Fatehgarh,CWC,6,Haryana,76,YAMUNANAGAR,JAGADHRI,-,-,Ganga,Ganga,Yamuna,Somb,-,Somb,30.17222222,77.39222222,25-06-2025 11:30,26.6
336,336,Fatehgarh,CWC,6,Haryana,76,YAMUNANAGAR,JAGADHRI,-,-,Ganga,Ganga,Yamuna,Somb,-,Somb,30.17222222,77.39222222,29-06-2025 05:30,32.8
337,337,Fatehgarh,CWC,6,Haryana,76,YAMUNANAGAR,JAGADHRI,-,-,Ganga,Ganga,Yamuna,Somb,-,Somb,30.17222222,77.39222222,29-06-2025 11:30,8.2
338,338,Fatehgarh,CWC,6,Haryana,76,YAMUNANAGAR,JAGADHRI,-,-,Ganga,Ganga,Yamuna,Somb,-,Somb,30.17222222,77.39222222,30-06-2025 02:30,22.4
339,339,Fatehgarh,CWC,6,Haryana,76,YAMUNANAGAR,JAGADHRI,-,-,Ganga,Ganga,Yamuna,Somb,-,Somb,30.17222222,77.39222222,30-06-2025 08:30,18.8
340,340,Fatehgarh,CWC,6,Haryana,76,YAMUNANAGAR,JAGADHRI,-,-,Ganga,Ganga,Yamuna,Somb,-,Somb,30.17222222,77.39222222,01-07-2025 05:30,12.6
341,341,Fatehgarh,CWC,6,Haryana,76,YAMUNANAGAR,JAGADHRI,-,-,Ganga,Ganga,Yamuna,Somb,-,Somb,30.17222222,77.39222222,01-07-2025 08:30,10.2
342,342,Fatehgarh,CWC,6,Haryana,76,YAMUNANAGAR,JAGADHRI,-,-,Ganga,Ganga,Yamuna,Somb,-,Somb,30.17222222,77.39222222,09-07-2025 20:30,2.8
343,343,Fatehgarh,CWC,6,Haryana,76,YAMUNANAGAR,JAGADHRI,-,-,Ganga,Ganga,Yamuna,Somb,-,Somb,30.17222222,77.39222222,10-07-2025 02:30,4.2
344,344,Fatehgarh,CWC,6,Haryana,76,YAMUNANAGAR,JAGADHRI,-,-,Ganga,Ganga,Yamuna,Somb,-,Somb,30.17222222,77.39222222,14-07-2025 08:30,4.6
345,345,Fatehgarh,CWC,6,Haryana,76,YAMUNANAGAR,JAGADHRI,-,-,Ganga,Ganga,Yamuna,Somb,-,Somb,30.17222222,77.39222222,16-07-2025 08:30,2.8
346,346,Fatehgarh,CWC,6,Haryana,76,YAMUNANAGAR,JAGADHRI,-,-,Ganga,Ganga,Yamuna,Somb,-,Somb,30.17222222,77.39222222,16-07-2025 11:30,6.2
347,347,Fatehgarh,CWC,6,Haryana,76,YAMUNANAGAR,JAGADHRI,-,-,Ganga,Ganga,Yamuna,Somb,-,Somb,30.17222222,77.39222222,21-07-2025 08:30,4.6
348,348,Fatehgarh,CWC,6,Haryana,76,YAMUNANAGAR,JAGADHRI,-,-,Ganga,Ganga,Yamuna,Somb,-,Somb,30.17222222,77.39222222,21-07-2025 11:30,10.2
349,349,Fatehgarh,CWC,6,Haryana,76,YAMUNANAGAR,JAGADHRI,-,-,Ganga,Ganga,Yamuna,Somb,-,Somb,30.17222222,77.39222222,21-07-2025 14:30,16.6
350,350,Fatehgarh,CWC,6,Haryana,76,YAMUNANAGAR,JAGADHRI,-,-,Ganga,Ganga,Yamuna,Somb,-,Somb,30.17222222,77.39222222,28-07-2025 17:30,4.6
351,351,Fatehgarh,CWC,6,Haryana,76,YAMUNANAGAR,JAGADHRI,-,-,Ganga,Ganga,Yamuna,Somb,-,Somb,30.17222222,77.39222222,29-07-2025 08:30,16.2
352,352,Fatehgarh,CWC,6,Haryana,76,YAMUNANAGAR,JAGADHRI,-,-,Ganga,Ganga,Yamuna,Somb,-,Somb,30.17222222,77.39222222,31-07-2025 02:30,2.6
353,353,Fatehgarh,CWC,6,Haryana,76,YAMUNANAGAR,JAGADHRI,-,-,Ganga,Ganga,Yamuna,Somb,-,Somb,30.17222222,77.39222222,31-07-2025 08:30,6.8
354,354,Fatehgarh,CWC,6,Haryana,76,YAMUNANAGAR,JAGADHRI,-,-,Ganga,Ganga,Yamuna,Somb,-,Somb,30.17222222,77.39222222,03-08-2025 20:30,10.6
355,355,Fatehgarh,CWC,6,Haryana,76,YAMUNANAGAR,JAGADHRI,-,-,Ganga,Ganga,Yamuna,Somb,-,Somb,30.17222222,77.39222222,04-08-2025 08:30,22.6
356,356,Fatehgarh,CWC,6,Haryana,76,YAMUNANAGAR,JAGADHRI,-,-,Ganga,Ganga,Yamuna,Somb,-,Somb,30.17222222,77.39222222,04-08-2025 23:30,10.8
357,357,Fatehgarh,CWC,6,Haryana,76,YAMUNANAGAR,JAGADHRI,-,-,Ganga,Ganga,Yamuna,Somb,-,Somb,30.17222222,77.39222222,05-08-2025 02:30,8.6
358,358,Fatehgarh,CWC,6,Haryana,76,YAMUNANAGAR,JAGADHRI,-,-,Ganga,Ganga,Yamuna,Somb,-,Somb,30.17222222,77.39222222,05-08-2025 08:30,6.4
359,359,Fatehgarh,CWC,6,Haryana,76,YAMUNANAGAR,JAGADHRI,-,-,Ganga,Ganga,Yamuna,Somb,-,Somb,30.17222222,77.39222222,06-08-2025 02:30,22.6
360,360,Fatehgarh,CWC,6,Haryana,76,YAMUNANAGAR,JAGADHRI,-,-,Ganga,Ganga,Yamuna,Somb,-,Somb,30.17222222,77.39222222,06-08-2025 05:30,10.8
361,361,Fatehgarh,CWC,6,Haryana,76,YAMUNANAGAR,JAGADHRI,-,-,Ganga,Ganga,Yamuna,Somb,-,Somb,30.17222222,77.39222222,06-08-2025 08:30,8.2
362,362,Fatehgarh,CWC,6,Haryana,76,YAMUNANAGAR,JAGADHRI,-,-,Ganga,Ganga,Yamuna,Somb,-,Somb,30.17222222,77.39222222,06-08-2025 20:30,16.2
363,363,Fatehgarh,CWC,6,Haryana,76,YAMUNANAGAR,JAGADHRI,-,-,Ganga,Ganga,Yamuna,Somb,-,Somb,30.17222222,77.39222222,11-08-2025 02:30,20.8
364,364,Fatehgarh,CWC,6,Haryana,76,YAMUNANAGAR,JAGADHRI,-,-,Ganga,Ganga,Yamuna,Somb,-,Somb,30.17222222,77.39222222,11-08-2025 05:30,10.2
365,365,Fatehgarh,CWC,6,Haryana,76,YAMUNANAGAR,JAGADHRI,-,-,Ganga,Ganga,Yamuna,Somb,-,Somb,30.17222222,77.39222222,11-08-2025 08:30,12.8
366,366,Fatehgarh,CWC,6,Haryana,76,YAMUNANAGAR,JAGADHRI,-,-,Ganga,Ganga,Yamuna,Somb,-,Somb,30.17222222,77.39222222,11-08-2025 11:30,4.6
367,367,Fatehgarh,CWC,6,Haryana,76,YAMUNANAGAR,JAGADHRI,-,-,Ganga,Ganga,Yamuna,Somb,-,Somb,30.17222222,77.39222222,11-08-2025 17:30,2.4
368,368,Fatehgarh,CWC,6,Haryana,76,YAMUNANAGAR,JAGADHRI,-,-,Ganga,Ganga,Yamuna,Somb,-,Somb,30.17222222,77.39222222,14-08-2025 05:30,2.8
369,369,Fatehgarh,CWC,6,Haryana,76,YAMUNANAGAR,JAGADHRI,-,-,Ganga,Ganga,Yamuna,Somb,-,Somb,30.17222222,77.39222222,17-08-2025 08:30,8.2
370,370,Fatehgarh,CWC,6,Haryana,76,YAMUNANAGAR,JAGADHRI,-,-,Ganga,Ganga,Yamuna,Somb,-,Somb,30.17222222,77.39222222,17-08-2025 11:30,48.4
371,371,Fatehgarh,CWC,6,Haryana,76,YAMUNANAGAR,JAGADHRI,-,-,Ganga,Ganga,Yamuna,Somb,-,Somb,30.17222222,77.39222222,18-08-2025 05:30,10.2
372,372,Fatehgarh,CWC,6,Haryana,76,YAMUNANAGAR,JAGADHRI,-,-,Ganga,Ganga,Yamuna,Somb,-,Somb,30.17222222,77.39222222,18-08-2025 08:30,6.2
373,373,Fatehgarh,CWC,6,Haryana,76,YAMUNANAGAR,JAGADHRI,-,-,Ganga,Ganga,Yamuna,Somb,-,Somb,30.17222222,77.39222222,23-08-2025 02:30,8.2
374,374,Fatehgarh,CWC,6,Haryana,76,YAMUNANAGAR,JAGADHRI,-,-,Ganga,Ganga,Yamuna,Somb,-,Somb,30.17222222,77.39222222,23-08-2025 08:30,2.4
375,375,Fatehgarh,CWC,6,Haryana,76,YAMUNANAGAR,JAGADHRI,-,-,Ganga,Ganga,Yamuna,Somb,-,Somb,30.17222222,77.39222222,25-08-2025 02:30,12.8
376,376,Fatehgarh,CWC,6,Haryana,76,YAMUNANAGAR,JAGADHRI,-,-,Ganga,Ganga,Yamuna,Somb,-,Somb,30.17222222,77.39222222,01-09-2025 08:30,4.6
377,377,Fatehgarh,CWC,6,Haryana,76,YAMUNANAGAR,JAGADHRI,-,-,Ganga,Ganga,Yamuna,Somb,-,Somb,30.17222222,77.39222222,01-09-2025 14:30,14.2
378,378,Fatehgarh,CWC,6,Haryana,76,YAMUNANAGAR,JAGADHRI,-,-,Ganga,Ganga,Yamuna,Somb,-,Somb,30.17222222,77.39222222,01-09-2025 17:30,8.6
379,379,Fatehgarh,CWC,6,Haryana,76,YAMUNANAGAR,JAGADHRI,-,-,Ganga,Ganga,Yamuna,Somb,-,Somb,30.17222222,77.39222222,01-09-2025 23:30,2.8
380,380,Fatehgarh,CWC,6,Haryana,76,YAMUNANAGAR,JAGADHRI,-,-,Ganga,Ganga,Yamuna,Somb,-,Somb,30.17222222,77.39222222,02-09-2025 08:30,6.2
381,381,Fatehgarh,CWC,6,Haryana,76,YAMUNANAGAR,JAGADHRI,-,-,Ganga,Ganga,Yamuna,Somb,-,Somb,30.17222222,77.39222222,02-09-2025 14:30,10.2
382,382,Fatehgarh,CWC,6,Haryana,76,YAMUNANAGAR,JAGADHRI,-,-,Ganga,Ganga,Yamuna,Somb,-,Somb,30.17222222,77.39222222,03-09-2025 02:30,2.6
383,383,Fatehgarh,CWC,6,Haryana,76,YAMUNANAGAR,JAGADHRI,-,-,Ganga,Ganga,Yamuna,Somb,-,Somb,30.17222222,77.39222222,03-09-2025 05:30,10.8
384,384,Fatehgarh,CWC,6,Haryana,76,YAMUNANAGAR,JAGADHRI,-,-,Ganga,Ganga,Yamuna,Somb,-,Somb,30.17222222,77.39222222,03-09-2025 08:30,6.4
385,385,Fatehgarh,CWC,6,Haryana,76,YAMUNANAGAR,JAGADHRI,-,-,Ganga,Ganga,Yamuna,Somb,-,Somb,30.17222222,77.39222222,03-09-2025 17:30,11
386,386,Fatehgarh,CWC,6,Haryana,76,YAMUNANAGAR,JAGADHRI,-,-,Ganga,Ganga,Yamuna,Somb,-,Somb,30.17222222,77.39222222,04-09-2025 05:30,8.4
387,387,Fatehgarh,CWC,6,Haryana,76,YAMUNANAGAR,JAGADHRI,-,-,Ganga,Ganga,Yamuna,Somb,-,Somb,30.17222222,77.39222222,07-09-2025 20:30,18.6
388,388,Fatehgarh,CWC,6,Haryana,76,YAMUNANAGAR,JAGADHRI,-,-,Ganga,Ganga,Yamuna,Somb,-,Somb,30.17222222,77.39222222,07-09-2025 23:30,2.8
389,389,Fatehgarh,CWC,6,Haryana,76,YAMUNANAGAR,JAGADHRI,-,-,Ganga,Ganga,Yamuna,Somb,-,Somb,30.17222222,77.39222222,14-09-2025 08:30,8.2
390,390,Fatehgarh,CWC,6,Haryana,76,YAMUNANAGAR,JAGADHRI,-,-,Ganga,Ganga,Yamuna,Somb,-,Somb,30.17222222,77.39222222,06-10-2025 14:30,28.6
391,391,Fatehgarh,CWC,6,Haryana,76,YAMUNANAGAR,JAGADHRI,-,-,Ganga,Ganga,Yamuna,Somb,-,Somb,30.17222222,77.39222222,07-10-2025 05:30,10.4
392,392,Ghodopipli,CWC,6,Haryana,76,YAMUNANAGAR,JAGADHRI,-,-,Ganga,Ganga,Yamuna,Maskara,-,Maskara,30.09055556,77.40833333,03-01-2021 08:30,1
393,393,Ghodopipli,CWC,6,Haryana,76,YAMUNANAGAR,JAGADHRI,-,-,Ganga,Ganga,Yamuna,Maskara,-,Maskara,30.09055556,77.40833333,05-01-2021 08:30,1
394,394,Ghodopipli,CWC,6,Haryana,76,YAMUNANAGAR,JAGADHRI,-,-,Ganga,Ganga,Yamuna,Maskara,-,Maskara,30.09055556,77.40833333,06-01-2021 08:30,18
395,395,Ghodopipli,CWC,6,Haryana,76,YAMUNANAGAR,JAGADHRI,-,-,Ganga,Ganga,Yamuna,Maskara,-,Maskara,30.09055556,77.40833333,07-01-2021 08:30,6
396,396,Ghodopipli,CWC,6,Haryana,76,YAMUNANAGAR,JAGADHRI,-,-,Ganga,Ganga,Yamuna,Maskara,-,Maskara,30.09055556,77.40833333,04-02-2021 08:30,2
397,397,Ghodopipli,CWC,6,Haryana,76,YAMUNANAGAR,JAGADHRI,-,-,Ganga,Ganga,Yamuna,Maskara,-,Maskara,30.09055556,77.40833333,05-02-2021 08:30,16
398,398,Ghodopipli,CWC,6,Haryana,76,YAMUNANAGAR,JAGADHRI,-,-,Ganga,Ganga,Yamuna,Maskara,-,Maskara,30.09055556,77.40833333,27-02-2021 08:30,4.6
399,399,Ghodopipli,CWC,6,Haryana,76,YAMUNANAGAR,JAGADHRI,-,-,Ganga,Ganga,Yamuna,Maskara,-,Maskara,30.09055556,77.40833333,08-03-2021 08:30,1.4
400,400,Ghodopipli,CWC,6,Haryana,76,YAMUNANAGAR,JAGADHRI,-,-,Ganga,Ganga,Yamuna,Maskara,-,Maskara,30.09055556,77.40833333,07-04-2021 08:30,1.2
401,401,Ghodopipli,CWC,6,Haryana,76,YAMUNANAGAR,JAGADHRI,-,-,Ganga,Ganga,Yamuna,Maskara,-,Maskara,30.09055556,77.40833333,22-04-2021 08:30,2.6
402,402,Ghodopipli,CWC,6,Haryana,76,YAMUNANAGAR,JAGADHRI,-,-,Ganga,Ganga,Yamuna,Maskara,-,Maskara,30.09055556,77.40833333,23-04-2021 08:30,3
403,403,Ghodopipli,CWC,6,Haryana,76,YAMUNANAGAR,JAGADHRI,-,-,Ganga,Ganga,Yamuna,Maskara,-,Maskara,30.09055556,77.40833333,24-04-2021 08:30,3.4
404,404,Ghodopipli,CWC,6,Haryana,76,YAMUNANAGAR,JAGADHRI,-,-,Ganga,Ganga,Yamuna,Maskara,-,Maskara,30.09055556,77.40833333,05-05-2021 08:30,9
405,405,Ghodopipli,CWC,6,Haryana,76,YAMUNANAGAR,JAGADHRI,-,-,Ganga,Ganga,Yamuna,Maskara,-,Maskara,30.09055556,77.40833333,10-05-2021 08:30,1
406,406,Ghodopipli,CWC,6,Haryana,76,YAMUNANAGAR,JAGADHRI,-,-,Ganga,Ganga,Yamuna,Maskara,-,Maskara,30.09055556,77.40833333,13-05-2021 08:30,15
407,407,Ghodopipli,CWC,6,Haryana,76,YAMUNANAGAR,JAGADHRI,-,-,Ganga,Ganga,Yamuna,Maskara,-,Maskara,30.09055556,77.40833333,20-05-2021 08:30,13.2
408,408,Ghodopipli,CWC,6,Haryana,76,YAMUNANAGAR,JAGADHRI,-,-,Ganga,Ganga,Yamuna,Maskara,-,Maskara,30.09055556,77.40833333,21-05-2021 08:30,13
409,409,Ghodopipli,CWC,6,Haryana,76,YAMUNANAGAR,JAGADHRI,-,-,Ganga,Ganga,Yamuna,Maskara,-,Maskara,30.09055556,77.40833333,30-05-2021 08:30,42
410,410,Ghodopipli,CWC,6,Haryana,76,YAMUNANAGAR,JAGADHRI,-,-,Ganga,Ganga,Yamuna,Maskara,-,Maskara,30.09055556,77.40833333,01-06-2021 08:30,22
411,411,Ghodopipli,CWC,6,Haryana,76,YAMUNANAGAR,JAGADHRI,-,-,Ganga,Ganga,Yamuna,Maskara,-,Maskara,30.09055556,77.40833333,05-06-2021 08:30,3
412,412,Ghodopipli,CWC,6,Haryana,76,YAMUNANAGAR,JAGADHRI,-,-,Ganga,Ganga,Yamuna,Maskara,-,Maskara,30.09055556,77.40833333,11-06-2021 08:30,6
413,413,Ghodopipli,CWC,6,Haryana,76,YAMUNANAGAR,JAGADHRI,-,-,Ganga,Ganga,Yamuna,Maskara,-,Maskara,30.09055556,77.40833333,12-06-2021 08:30,14.6
414,414,Ghodopipli,CWC,6,Haryana,76,YAMUNANAGAR,JAGADHRI,-,-,Ganga,Ganga,Yamuna,Maskara,-,Maskara,30.09055556,77.40833333,17-06-2021 08:30,1
415,415,Ghodopipli,CWC,6,Haryana,76,YAMUNANAGAR,JAGADHRI,-,-,Ganga,Ganga,Yamuna,Maskara,-,Maskara,30.09055556,77.40833333,18-06-2021 08:30,2
416,416,Ghodopipli,CWC,6,Haryana,76,YAMUNANAGAR,JAGADHRI,-,-,Ganga,Ganga,Yamuna,Maskara,-,Maskara,30.09055556,77.40833333,20-06-2021 08:30,17
417,417,Ghodopipli,CWC,6,Haryana,76,YAMUNANAGAR,JAGADHRI,-,-,Ganga,Ganga,Yamuna,Maskara,-,Maskara,30.09055556,77.40833333,13-07-2021 08:30,2
418,418,Ghodopipli,CWC,6,Haryana,76,YAMUNANAGAR,JAGADHRI,-,-,Ganga,Ganga,Yamuna,Maskara,-,Maskara,30.09055556,77.40833333,14-07-2021 08:30,93
419,419,Ghodopipli,CWC,6,Haryana,76,YAMUNANAGAR,JAGADHRI,-,-,Ganga,Ganga,Yamuna,Maskara,-,Maskara,30.09055556,77.40833333,15-07-2021 08:30,25
420,420,Ghodopipli,CWC,6,Haryana,76,YAMUNANAGAR,JAGADHRI,-,-,Ganga,Ganga,Yamuna,Maskara,-,Maskara,30.09055556,77.40833333,16-07-2021 08:30,3
421,421,Ghodopipli,CWC,6,Haryana,76,YAMUNANAGAR,JAGADHRI,-,-,Ganga,Ganga,Yamuna,Maskara,-,Maskara,30.09055556,77.40833333,19-07-2021 08:30,1.6
422,422,Ghodopipli,CWC,6,Haryana,76,YAMUNANAGAR,JAGADHRI,-,-,Ganga,Ganga,Yamuna,Maskara,-,Maskara,30.09055556,77.40833333,20-07-2021 08:30,4.4
423,423,Ghodopipli,CWC,6,Haryana,76,YAMUNANAGAR,JAGADHRI,-,-,Ganga,Ganga,Yamuna,Maskara,-,Maskara,30.09055556,77.40833333,21-07-2021 08:30,4
424,424,Ghodopipli,CWC,6,Haryana,76,YAMUNANAGAR,JAGADHRI,-,-,Ganga,Ganga,Yamuna,Maskara,-,Maskara,30.09055556,77.40833333,22-07-2021 08:30,7
425,425,Ghodopipli,CWC,6,Haryana,76,YAMUNANAGAR,JAGADHRI,-,-,Ganga,Ganga,Yamuna,Maskara,-,Maskara,30.09055556,77.40833333,26-07-2021 08:30,2.4
426,426,Ghodopipli,CWC,6,Haryana,76,YAMUNANAGAR,JAGADHRI,-,-,Ganga,Ganga,Yamuna,Maskara,-,Maskara,30.09055556,77.40833333,27-07-2021 08:30,13
427,427,Ghodopipli,CWC,6,Haryana,76,YAMUNANAGAR,JAGADHRI,-,-,Ganga,Ganga,Yamuna,Maskara,-,Maskara,30.09055556,77.40833333,28-07-2021 08:30,85
428,428,Ghodopipli,CWC,6,Haryana,76,YAMUNANAGAR,JAGADHRI,-,-,Ganga,Ganga,Yamuna,Maskara,-,Maskara,30.09055556,77.40833333,29-07-2021 08:30,6
429,429,Ghodopipli,CWC,6,Haryana,76,YAMUNANAGAR,JAGADHRI,-,-,Ganga,Ganga,Yamuna,Maskara,-,Maskara,30.09055556,77.40833333,30-07-2021 08:30,18
430,430,Ghodopipli,CWC,6,Haryana,76,YAMUNANAGAR,JAGADHRI,-,-,Ganga,Ganga,Yamuna,Maskara,-,Maskara,30.09055556,77.40833333,31-07-2021 08:30,3
431,431,Ghodopipli,CWC,6,Haryana,76,YAMUNANAGAR,JAGADHRI,-,-,Ganga,Ganga,Yamuna,Maskara,-,Maskara,30.09055556,77.40833333,02-08-2021 08:30,46
432,432,Ghodopipli,CWC,6,Haryana,76,YAMUNANAGAR,JAGADHRI,-,-,Ganga,Ganga,Yamuna,Maskara,-,Maskara,30.09055556,77.40833333,20-08-2021 08:30,46
433,433,Ghodopipli,CWC,6,Haryana,76,YAMUNANAGAR,JAGADHRI,-,-,Ganga,Ganga,Yamuna,Maskara,-,Maskara,30.09055556,77.40833333,21-08-2021 08:30,33
434,434,Ghodopipli,CWC,6,Haryana,76,YAMUNANAGAR,JAGADHRI,-,-,Ganga,Ganga,Yamuna,Maskara,-,Maskara,30.09055556,77.40833333,22-08-2021 08:30,7
435,435,Ghodopipli,CWC,6,Haryana,76,YAMUNANAGAR,JAGADHRI,-,-,Ganga,Ganga,Yamuna,Maskara,-,Maskara,30.09055556,77.40833333,28-08-2021 08:30,20
436,436,Ghodopipli,CWC,6,Haryana,76,YAMUNANAGAR,JAGADHRI,-,-,Ganga,Ganga,Yamuna,Maskara,-,Maskara,30.09055556,77.40833333,29-08-2021 08:30,6
437,437,Ghodopipli,CWC,6,Haryana,76,YAMUNANAGAR,JAGADHRI,-,-,Ganga,Ganga,Yamuna,Maskara,-,Maskara,30.09055556,77.40833333,30-08-2021 08:30,53
438,438,Ghodopipli,CWC,6,Haryana,76,YAMUNANAGAR,JAGADHRI,-,-,Ganga,Ganga,Yamuna,Maskara,-,Maskara,30.09055556,77.40833333,02-09-2021 08:30,3
439,439,Ghodopipli,CWC,6,Haryana,76,YAMUNANAGAR,JAGADHRI,-,-,Ganga,Ganga,Yamuna,Maskara,-,Maskara,30.09055556,77.40833333,04-09-2021 08:30,3.6
440,440,Ghodopipli,CWC,6,Haryana,76,YAMUNANAGAR,JAGADHRI,-,-,Ganga,Ganga,Yamuna,Maskara,-,Maskara,30.09055556,77.40833333,05-09-2021 08:30,4
441,441,Ghodopipli,CWC,6,Haryana,76,YAMUNANAGAR,JAGADHRI,-,-,Ganga,Ganga,Yamuna,Maskara,-,Maskara,30.09055556,77.40833333,07-09-2021 08:30,7
442,442,Ghodopipli,CWC,6,Haryana,76,YAMUNANAGAR,JAGADHRI,-,-,Ganga,Ganga,Yamuna,Maskara,-,Maskara,30.09055556,77.40833333,10-09-2021 08:30,7
443,443,Ghodopipli,CWC,6,Haryana,76,YAMUNANAGAR,JAGADHRI,-,-,Ganga,Ganga,Yamuna,Maskara,-,Maskara,30.09055556,77.40833333,12-09-2021 08:30,7.2
444,444,Ghodopipli,CWC,6,Haryana,76,YAMUNANAGAR,JAGADHRI,-,-,Ganga,Ganga,Yamuna,Maskara,-,Maskara,30.09055556,77.40833333,13-09-2021 08:30,28
445,445,Ghodopipli,CWC,6,Haryana,76,YAMUNANAGAR,JAGADHRI,-,-,Ganga,Ganga,Yamuna,Maskara,-,Maskara,30.09055556,77.40833333,14-09-2021 08:30,6
446,446,Ghodopipli,CWC,6,Haryana,76,YAMUNANAGAR,JAGADHRI,-,-,Ganga,Ganga,Yamuna,Maskara,-,Maskara,30.09055556,77.40833333,15-09-2021 08:30,2
447,447,Ghodopipli,CWC,6,Haryana,76,YAMUNANAGAR,JAGADHRI,-,-,Ganga,Ganga,Yamuna,Maskara,-,Maskara,30.09055556,77.40833333,16-09-2021 08:30,9
448,448,Ghodopipli,CWC,6,Haryana,76,YAMUNANAGAR,JAGADHRI,-,-,Ganga,Ganga,Yamuna,Maskara,-,Maskara,30.09055556,77.40833333,24-09-2021 08:30,80
449,449,Ghodopipli,CWC,6,Haryana,76,YAMUNANAGAR,JAGADHRI,-,-,Ganga,Ganga,Yamuna,Maskara,-,Maskara,30.09055556,77.40833333,05-10-2021 08:30,7
450,450,Ghodopipli,CWC,6,Haryana,76,YAMUNANAGAR,JAGADHRI,-,-,Ganga,Ganga,Yamuna,Maskara,-,Maskara,30.09055556,77.40833333,18-10-2021 08:30,27.6
451,451,Ghodopipli,CWC,6,Haryana,76,YAMUNANAGAR,JAGADHRI,-,-,Ganga,Ganga,Yamuna,Maskara,-,Maskara,30.09055556,77.40833333,19-10-2021 08:30,2
452,452,Ghodopipli,CWC,6,Haryana,76,YAMUNANAGAR,JAGADHRI,-,-,Ganga,Ganga,Yamuna,Maskara,-,Maskara,30.09055556,77.40833333,25-10-2021 08:30,3
453,453,Ghodopipli,CWC,6,Haryana,76,YAMUNANAGAR,JAGADHRI,-,-,Ganga,Ganga,Yamuna,Maskara,-,Maskara,30.09055556,77.40833333,06-12-2021 08:30,1
454,454,Ghodopipli,CWC,6,Haryana,76,YAMUNANAGAR,JAGADHRI,-,-,Ganga,Ganga,Yamuna,Maskara,-,Maskara,30.09055556,77.40833333,06-01-2022 08:30,18
455,455,Ghodopipli,CWC,6,Haryana,76,YAMUNANAGAR,JAGADHRI,-,-,Ganga,Ganga,Yamuna,Maskara,-,Maskara,30.09055556,77.40833333,07-01-2022 08:30,2
456,456,Ghodopipli,CWC,6,Haryana,76,YAMUNANAGAR,JAGADHRI,-,-,Ganga,Ganga,Yamuna,Maskara,-,Maskara,30.09055556,77.40833333,08-01-2022 08:30,52
457,457,Ghodopipli,CWC,6,Haryana,76,YAMUNANAGAR,JAGADHRI,-,-,Ganga,Ganga,Yamuna,Maskara,-,Maskara,30.09055556,77.40833333,09-01-2022 08:30,66
458,458,Ghodopipli,CWC,6,Haryana,76,YAMUNANAGAR,JAGADHRI,-,-,Ganga,Ganga,Yamuna,Maskara,-,Maskara,30.09055556,77.40833333,10-01-2022 08:30,53.2
459,459,Ghodopipli,CWC,6,Haryana,76,YAMUNANAGAR,JAGADHRI,-,-,Ganga,Ganga,Yamuna,Maskara,-,Maskara,30.09055556,77.40833333,20-01-2022 08:30,1
460,460,Ghodopipli,CWC,6,Haryana,76,YAMUNANAGAR,JAGADHRI,-,-,Ganga,Ganga,Yamuna,Maskara,-,Maskara,30.09055556,77.40833333,23-01-2022 08:30,45
461,461,Ghodopipli,CWC,6,Haryana,76,YAMUNANAGAR,JAGADHRI,-,-,Ganga,Ganga,Yamuna,Maskara,-,Maskara,30.09055556,77.40833333,24-01-2022 08:30,11
462,462,Ghodopipli,CWC,6,Haryana,76,YAMUNANAGAR,JAGADHRI,-,-,Ganga,Ganga,Yamuna,Maskara,-,Maskara,30.09055556,77.40833333,04-02-2022 08:30,40
463,463,Ghodopipli,CWC,6,Haryana,76,YAMUNANAGAR,JAGADHRI,-,-,Ganga,Ganga,Yamuna,Maskara,-,Maskara,30.09055556,77.40833333,05-02-2022 08:30,14
464,464,Ghodopipli,CWC,6,Haryana,76,YAMUNANAGAR,JAGADHRI,-,-,Ganga,Ganga,Yamuna,Maskara,-,Maskara,30.09055556,77.40833333,23-02-2022 08:30,2
465,465,Ghodopipli,CWC,6,Haryana,76,YAMUNANAGAR,JAGADHRI,-,-,Ganga,Ganga,Yamuna,Maskara,-,Maskara,30.09055556,77.40833333,26-02-2022 08:30,6
466,466,Ghodopipli,CWC,6,Haryana,76,YAMUNANAGAR,JAGADHRI,-,-,Ganga,Ganga,Yamuna,Maskara,-,Maskara,30.09055556,77.40833333,27-02-2022 08:30,2
467,467,Ghodopipli,CWC,6,Haryana,76,YAMUNANAGAR,JAGADHRI,-,-,Ganga,Ganga,Yamuna,Maskara,-,Maskara,30.09055556,77.40833333,05-05-2022 08:30,7
468,468,Ghodopipli,CWC,6,Haryana,76,YAMUNANAGAR,JAGADHRI,-,-,Ganga,Ganga,Yamuna,Maskara,-,Maskara,30.09055556,77.40833333,21-05-2022 08:30,7
469,469,Ghodopipli,CWC,6,Haryana,76,YAMUNANAGAR,JAGADHRI,-,-,Ganga,Ganga,Yamuna,Maskara,-,Maskara,30.09055556,77.40833333,23-05-2022 08:30,34
470,470,Ghodopipli,CWC,6,Haryana,76,YAMUNANAGAR,JAGADHRI,-,-,Ganga,Ganga,Yamuna,Maskara,-,Maskara,30.09055556,77.40833333,24-05-2022 08:30,9.4
471,471,Ghodopipli,CWC,6,Haryana,76,YAMUNANAGAR,JAGADHRI,-,-,Ganga,Ganga,Yamuna,Maskara,-,Maskara,30.09055556,77.40833333,29-05-2022 08:30,1
472,472,Ghodopipli,CWC,6,Haryana,76,YAMUNANAGAR,JAGADHRI,-,-,Ganga,Ganga,Yamuna,Maskara,-,Maskara,30.09055556,77.40833333,16-06-2022 08:30,10
473,473,Ghodopipli,CWC,6,Haryana,76,YAMUNANAGAR,JAGADHRI,-,-,Ganga,Ganga,Yamuna,Maskara,-,Maskara,30.09055556,77.40833333,17-06-2022 08:30,8
474,474,Ghodopipli,CWC,6,Haryana,76,YAMUNANAGAR,JAGADHRI,-,-,Ganga,Ganga,Yamuna,Maskara,-,Maskara,30.09055556,77.40833333,18-06-2022 08:30,11.4
475,475,Ghodopipli,CWC,6,Haryana,76,YAMUNANAGAR,JAGADHRI,-,-,Ganga,Ganga,Yamuna,Maskara,-,Maskara,30.09055556,77.40833333,01-07-2022 08:30,52
476,476,Ghodopipli,CWC,6,Haryana,76,YAMUNANAGAR,JAGADHRI,-,-,Ganga,Ganga,Yamuna,Maskara,-,Maskara,30.09055556,77.40833333,03-07-2022 08:30,10
477,477,Ghodopipli,CWC,6,Haryana,76,YAMUNANAGAR,JAGADHRI,-,-,Ganga,Ganga,Yamuna,Maskara,-,Maskara,30.09055556,77.40833333,07-07-2022 08:30,11
478,478,Ghodopipli,CWC,6,Haryana,76,YAMUNANAGAR,JAGADHRI,-,-,Ganga,Ganga,Yamuna,Maskara,-,Maskara,30.09055556,77.40833333,10-07-2022 08:30,14
479,479,Ghodopipli,CWC,6,Haryana,76,YAMUNANAGAR,JAGADHRI,-,-,Ganga,Ganga,Yamuna,Maskara,-,Maskara,30.09055556,77.40833333,14-07-2022 08:30,18
480,480,Ghodopipli,CWC,6,Haryana,76,YAMUNANAGAR,JAGADHRI,-,-,Ganga,Ganga,Yamuna,Maskara,-,Maskara,30.09055556,77.40833333,15-07-2022 08:30,3
481,481,Ghodopipli,CWC,6,Haryana,76,YAMUNANAGAR,JAGADHRI,-,-,Ganga,Ganga,Yamuna,Maskara,-,Maskara,30.09055556,77.40833333,17-07-2022 08:30,26
482,482,Ghodopipli,CWC,6,Haryana,76,YAMUNANAGAR,JAGADHRI,-,-,Ganga,Ganga,Yamuna,Maskara,-,Maskara,30.09055556,77.40833333,18-07-2022 08:30,5
483,483,Ghodopipli,CWC,6,Haryana,76,YAMUNANAGAR,JAGADHRI,-,-,Ganga,Ganga,Yamuna,Maskara,-,Maskara,30.09055556,77.40833333,20-07-2022 08:30,9
484,484,Ghodopipli,CWC,6,Haryana,76,YAMUNANAGAR,JAGADHRI,-,-,Ganga,Ganga,Yamuna,Maskara,-,Maskara,30.09055556,77.40833333,21-07-2022 08:30,20
485,485,Ghodopipli,CWC,6,Haryana,76,YAMUNANAGAR,JAGADHRI,-,-,Ganga,Ganga,Yamuna,Maskara,-,Maskara,30.09055556,77.40833333,25-07-2022 08:30,23
486,486,Ghodopipli,CWC,6,Haryana,76,YAMUNANAGAR,JAGADHRI,-,-,Ganga,Ganga,Yamuna,Maskara,-,Maskara,30.09055556,77.40833333,29-07-2022 08:30,19
487,487,Ghodopipli,CWC,6,Haryana,76,YAMUNANAGAR,JAGADHRI,-,-,Ganga,Ganga,Yamuna,Maskara,-,Maskara,30.09055556,77.40833333,30-07-2022 08:30,9
488,488,Ghodopipli,CWC,6,Haryana,76,YAMUNANAGAR,JAGADHRI,-,-,Ganga,Ganga,Yamuna,Maskara,-,Maskara,30.09055556,77.40833333,31-07-2022 08:30,8
489,489,Ghodopipli,CWC,6,Haryana,76,YAMUNANAGAR,JAGADHRI,-,-,Ganga,Ganga,Yamuna,Maskara,-,Maskara,30.09055556,77.40833333,01-08-2022 08:30,14
490,490,Ghodopipli,CWC,6,Haryana,76,YAMUNANAGAR,JAGADHRI,-,-,Ganga,Ganga,Yamuna,Maskara,-,Maskara,30.09055556,77.40833333,04-08-2022 08:30,24
491,491,Ghodopipli,CWC,6,Haryana,76,YAMUNANAGAR,JAGADHRI,-,-,Ganga,Ganga,Yamuna,Maskara,-,Maskara,30.09055556,77.40833333,07-08-2022 08:30,4
492,492,Ghodopipli,CWC,6,Haryana,76,YAMUNANAGAR,JAGADHRI,-,-,Ganga,Ganga,Yamuna,Maskara,-,Maskara,30.09055556,77.40833333,15-08-2022 08:30,3
493,493,Ghodopipli,CWC,6,Haryana,76,YAMUNANAGAR,JAGADHRI,-,-,Ganga,Ganga,Yamuna,Maskara,-,Maskara,30.09055556,77.40833333,21-08-2022 08:30,15
494,494,Ghodopipli,CWC,6,Haryana,76,YAMUNANAGAR,JAGADHRI,-,-,Ganga,Ganga,Yamuna,Maskara,-,Maskara,30.09055556,77.40833333,10-09-2022 08:30,14
495,495,Ghodopipli,CWC,6,Haryana,76,YAMUNANAGAR,JAGADHRI,-,-,Ganga,Ganga,Yamuna,Maskara,-,Maskara,30.09055556,77.40833333,13-09-2022 08:30,15
496,496,Ghodopipli,CWC,6,Haryana,76,YAMUNANAGAR,JAGADHRI,-,-,Ganga,Ganga,Yamuna,Maskara,-,Maskara,30.09055556,77.40833333,16-09-2022 08:30,45
497,497,Ghodopipli,CWC,6,Haryana,76,YAMUNANAGAR,JAGADHRI,-,-,Ganga,Ganga,Yamuna,Maskara,-,Maskara,30.09055556,77.40833333,17-09-2022 08:30,18
498,498,Ghodopipli,CWC,6,Haryana,76,YAMUNANAGAR,JAGADHRI,-,-,Ganga,Ganga,Yamuna,Maskara,-,Maskara,30.09055556,77.40833333,21-09-2022 08:30,35
499,499,Ghodopipli,CWC,6,Haryana,76,YAMUNANAGAR,JAGADHRI,-,-,Ganga,Ganga,Yamuna,Maskara,-,Maskara,30.09055556,77.40833333,22-09-2022 08:30,2
500,500,Ghodopipli,CWC,6,Haryana,76,YAMUNANAGAR,JAGADHRI,-,-,Ganga,Ganga,Yamuna,Maskara,-,Maskara,30.09055556,77.40833333,23-09-2022 08:30,44
501,501,Ghodopipli,CWC,6,Haryana,76,YAMUNANAGAR,JAGADHRI,-,-,Ganga,Ganga,Yamuna,Maskara,-,Maskara,30.09055556,77.40833333,24-09-2022 08:30,36
502,502,Ghodopipli,CWC,6,Haryana,76,YAMUNANAGAR,JAGADHRI,-,-,Ganga,Ganga,Yamuna,Maskara,-,Maskara,30.09055556,77.40833333,25-09-2022 08:30,67
503,503,Ghodopipli,CWC,6,Haryana,76,YAMUNANAGAR,JAGADHRI,-,-,Ganga,Ganga,Yamuna,Maskara,-,Maskara,30.09055556,77.40833333,26-09-2022 08:30,4
504,504,Ghodopipli,CWC,6,Haryana,76,YAMUNANAGAR,JAGADHRI,-,-,Ganga,Ganga,Yamuna,Maskara,-,Maskara,30.09055556,77.40833333,10-10-2022 08:30,2
505,505,Ghodopipli,CWC,6,Haryana,76,YAMUNANAGAR,JAGADHRI,-,-,Ganga,Ganga,Yamuna,Maskara,-,Maskara,30.09055556,77.40833333,11-10-2022 08:30,11
506,506,Ghodopipli,CWC,6,Haryana,76,YAMUNANAGAR,JAGADHRI,-,-,Ganga,Ganga,Yamuna,Maskara,-,Maskara,30.09055556,77.40833333,12-10-2022 08:30,24
507,507,Ghodopipli,CWC,6,Haryana,76,YAMUNANAGAR,JAGADHRI,-,-,Ganga,Ganga,Yamuna,Maskara,-,Maskara,30.09055556,77.40833333,20-01-2023 08:30,4
508,508,Ghodopipli,CWC,6,Haryana,76,YAMUNANAGAR,JAGADHRI,-,-,Ganga,Ganga,Yamuna,Maskara,-,Maskara,30.09055556,77.40833333,30-01-2023 08:30,11
509,509,Ghodopipli,CWC,6,Haryana,76,YAMUNANAGAR,JAGADHRI,-,-,Ganga,Ganga,Yamuna,Maskara,-,Maskara,30.09055556,77.40833333,18-03-2023 08:30,6
510,510,Ghodopipli,CWC,6,Haryana,76,YAMUNANAGAR,JAGADHRI,-,-,Ganga,Ganga,Yamuna,Maskara,-,Maskara,30.09055556,77.40833333,21-03-2023 08:30,38
511,511,Ghodopipli,CWC,6,Haryana,76,YAMUNANAGAR,JAGADHRI,-,-,Ganga,Ganga,Yamuna,Maskara,-,Maskara,30.09055556,77.40833333,25-03-2023 08:30,2
512,512,Ghodopipli,CWC,6,Haryana,76,YAMUNANAGAR,JAGADHRI,-,-,Ganga,Ganga,Yamuna,Maskara,-,Maskara,30.09055556,77.40833333,31-03-2023 08:30,7
513,513,Ghodopipli,CWC,6,Haryana,76,YAMUNANAGAR,JAGADHRI,-,-,Ganga,Ganga,Yamuna,Maskara,-,Maskara,30.09055556,77.40833333,01-04-2023 08:30,11
514,514,Ghodopipli,CWC,6,Haryana,76,YAMUNANAGAR,JAGADHRI,-,-,Ganga,Ganga,Yamuna,Maskara,-,Maskara,30.09055556,77.40833333,20-04-2023 08:30,10
515,515,Ghodopipli,CWC,6,Haryana,76,YAMUNANAGAR,JAGADHRI,-,-,Ganga,Ganga,Yamuna,Maskara,-,Maskara,30.09055556,77.40833333,01-05-2023 08:30,14
516,516,Ghodopipli,CWC,6,Haryana,76,YAMUNANAGAR,JAGADHRI,-,-,Ganga,Ganga,Yamuna,Maskara,-,Maskara,30.09055556,77.40833333,02-05-2023 08:30,23
517,517,Ghodopipli,CWC,6,Haryana,76,YAMUNANAGAR,JAGADHRI,-,-,Ganga,Ganga,Yamuna,Maskara,-,Maskara,30.09055556,77.40833333,03-05-2023 08:30,7
518,518,Ghodopipli,CWC,6,Haryana,76,YAMUNANAGAR,JAGADHRI,-,-,Ganga,Ganga,Yamuna,Maskara,-,Maskara,30.09055556,77.40833333,04-05-2023 08:30,6
519,519,Ghodopipli,CWC,6,Haryana,76,YAMUNANAGAR,JAGADHRI,-,-,Ganga,Ganga,Yamuna,Maskara,-,Maskara,30.09055556,77.40833333,02-06-2023 08:30,1
520,520,Ghodopipli,CWC,6,Haryana,76,YAMUNANAGAR,JAGADHRI,-,-,Ganga,Ganga,Yamuna,Maskara,-,Maskara,30.09055556,77.40833333,24-06-2023 08:30,7
521,521,Ghodopipli,CWC,6,Haryana,76,YAMUNANAGAR,JAGADHRI,-,-,Ganga,Ganga,Yamuna,Maskara,-,Maskara,30.09055556,77.40833333,25-06-2023 08:30,27
522,522,Ghodopipli,CWC,6,Haryana,76,YAMUNANAGAR,JAGADHRI,-,-,Ganga,Ganga,Yamuna,Maskara,-,Maskara,30.09055556,77.40833333,26-06-2023 08:30,33
523,523,Ghodopipli,CWC,6,Haryana,76,YAMUNANAGAR,JAGADHRI,-,-,Ganga,Ganga,Yamuna,Maskara,-,Maskara,30.09055556,77.40833333,28-06-2023 08:30,18
524,524,Ghodopipli,CWC,6,Haryana,76,YAMUNANAGAR,JAGADHRI,-,-,Ganga,Ganga,Yamuna,Maskara,-,Maskara,30.09055556,77.40833333,29-06-2023 08:30,9
525,525,Ghodopipli,CWC,6,Haryana,76,YAMUNANAGAR,JAGADHRI,-,-,Ganga,Ganga,Yamuna,Maskara,-,Maskara,30.09055556,77.40833333,03-07-2023 08:30,17
526,526,Ghodopipli,CWC,6,Haryana,76,YAMUNANAGAR,JAGADHRI,-,-,Ganga,Ganga,Yamuna,Maskara,-,Maskara,30.09055556,77.40833333,04-07-2023 08:30,12
527,527,Ghodopipli,CWC,6,Haryana,76,YAMUNANAGAR,JAGADHRI,-,-,Ganga,Ganga,Yamuna,Maskara,-,Maskara,30.09055556,77.40833333,05-07-2023 08:30,17.6
528,528,Ghodopipli,CWC,6,Haryana,76,YAMUNANAGAR,JAGADHRI,-,-,Ganga,Ganga,Yamuna,Maskara,-,Maskara,30.09055556,77.40833333,06-07-2023 08:30,46
529,529,Ghodopipli,CWC,6,Haryana,76,YAMUNANAGAR,JAGADHRI,-,-,Ganga,Ganga,Yamuna,Maskara,-,Maskara,30.09055556,77.40833333,08-07-2023 08:30,22.4
530,530,Ghodopipli,CWC,6,Haryana,76,YAMUNANAGAR,JAGADHRI,-,-,Ganga,Ganga,Yamuna,Maskara,-,Maskara,30.09055556,77.40833333,08-07-2023 11:30,12
531,531,Ghodopipli,CWC,6,Haryana,76,YAMUNANAGAR,JAGADHRI,-,-,Ganga,Ganga,Yamuna,Maskara,-,Maskara,30.09055556,77.40833333,08-07-2023 14:30,53
532,532,Ghodopipli,CWC,6,Haryana,76,YAMUNANAGAR,JAGADHRI,-,-,Ganga,Ganga,Yamuna,Maskara,-,Maskara,30.09055556,77.40833333,08-07-2023 17:30,8
533,533,Ghodopipli,CWC,6,Haryana,76,YAMUNANAGAR,JAGADHRI,-,-,Ganga,Ganga,Yamuna,Maskara,-,Maskara,30.09055556,77.40833333,08-07-2023 23:30,12.5
534,534,Ghodopipli,CWC,6,Haryana,76,YAMUNANAGAR,JAGADHRI,-,-,Ganga,Ganga,Yamuna,Maskara,-,Maskara,30.09055556,77.40833333,09-07-2023 02:30,7
535,535,Ghodopipli,CWC,6,Haryana,76,YAMUNANAGAR,JAGADHRI,-,-,Ganga,Ganga,Yamuna,Maskara,-,Maskara,30.09055556,77.40833333,09-07-2023 11:30,22
536,536,Ghodopipli,CWC,6,Haryana,76,YAMUNANAGAR,JAGADHRI,-,-,Ganga,Ganga,Yamuna,Maskara,-,Maskara,30.09055556,77.40833333,09-07-2023 14:30,9
537,537,Ghodopipli,CWC,6,Haryana,76,YAMUNANAGAR,JAGADHRI,-,-,Ganga,Ganga,Yamuna,Maskara,-,Maskara,30.09055556,77.40833333,09-07-2023 17:30,15
538,538,Ghodopipli,CWC,6,Haryana,76,YAMUNANAGAR,JAGADHRI,-,-,Ganga,Ganga,Yamuna,Maskara,-,Maskara,30.09055556,77.40833333,10-07-2023 14:30,26
539,539,Ghodopipli,CWC,6,Haryana,76,YAMUNANAGAR,JAGADHRI,-,-,Ganga,Ganga,Yamuna,Maskara,-,Maskara,30.09055556,77.40833333,10-07-2023 17:30,17
540,540,Ghodopipli,CWC,6,Haryana,76,YAMUNANAGAR,JAGADHRI,-,-,Ganga,Ganga,Yamuna,Maskara,-,Maskara,30.09055556,77.40833333,10-07-2023 20:30,28
541,541,Ghodopipli,CWC,6,Haryana,76,YAMUNANAGAR,JAGADHRI,-,-,Ganga,Ganga,Yamuna,Maskara,-,Maskara,30.09055556,77.40833333,11-07-2023 05:30,32
542,542,Ghodopipli,CWC,6,Haryana,76,YAMUNANAGAR,JAGADHRI,-,-,Ganga,Ganga,Yamuna,Maskara,-,Maskara,30.09055556,77.40833333,11-07-2023 08:30,49
543,543,Ghodopipli,CWC,6,Haryana,76,YAMUNANAGAR,JAGADHRI,-,-,Ganga,Ganga,Yamuna,Maskara,-,Maskara,30.09055556,77.40833333,12-07-2023 05:30,29
544,544,Ghodopipli,CWC,6,Haryana,76,YAMUNANAGAR,JAGADHRI,-,-,Ganga,Ganga,Yamuna,Maskara,-,Maskara,30.09055556,77.40833333,12-07-2023 08:30,11
545,545,Ghodopipli,CWC,6,Haryana,76,YAMUNANAGAR,JAGADHRI,-,-,Ganga,Ganga,Yamuna,Maskara,-,Maskara,30.09055556,77.40833333,12-07-2023 11:30,12.8
546,546,Ghodopipli,CWC,6,Haryana,76,YAMUNANAGAR,JAGADHRI,-,-,Ganga,Ganga,Yamuna,Maskara,-,Maskara,30.09055556,77.40833333,13-07-2023 08:30,64
547,547,Ghodopipli,CWC,6,Haryana,76,YAMUNANAGAR,JAGADHRI,-,-,Ganga,Ganga,Yamuna,Maskara,-,Maskara,30.09055556,77.40833333,15-07-2023 08:30,10
548,548,Ghodopipli,CWC,6,Haryana,76,YAMUNANAGAR,JAGADHRI,-,-,Ganga,Ganga,Yamuna,Maskara,-,Maskara,30.09055556,77.40833333,26-07-2023 02:30,15
549,549,Ghodopipli,CWC,6,Haryana,76,YAMUNANAGAR,JAGADHRI,-,-,Ganga,Ganga,Yamuna,Maskara,-,Maskara,30.09055556,77.40833333,26-07-2023 05:30,7
550,550,Ghodopipli,CWC,6,Haryana,76,YAMUNANAGAR,JAGADHRI,-,-,Ganga,Ganga,Yamuna,Maskara,-,Maskara,30.09055556,77.40833333,26-07-2023 08:30,53
551,551,Ghodopipli,CWC,6,Haryana,76,YAMUNANAGAR,JAGADHRI,-,-,Ganga,Ganga,Yamuna,Maskara,-,Maskara,30.09055556,77.40833333,28-07-2023 08:30,2
552,552,Ghodopipli,CWC,6,Haryana,76,YAMUNANAGAR,JAGADHRI,-,-,Ganga,Ganga,Yamuna,Maskara,-,Maskara,30.09055556,77.40833333,02-08-2023 20:30,16
553,553,Ghodopipli,CWC,6,Haryana,76,YAMUNANAGAR,JAGADHRI,-,-,Ganga,Ganga,Yamuna,Maskara,-,Maskara,30.09055556,77.40833333,06-08-2023 23:30,7
554,554,Ghodopipli,CWC,6,Haryana,76,YAMUNANAGAR,JAGADHRI,-,-,Ganga,Ganga,Yamuna,Maskara,-,Maskara,30.09055556,77.40833333,10-08-2023 08:30,13
555,555,Ghodopipli,CWC,6,Haryana,76,YAMUNANAGAR,JAGADHRI,-,-,Ganga,Ganga,Yamuna,Maskara,-,Maskara,30.09055556,77.40833333,10-08-2023 23:30,10
556,556,Ghodopipli,CWC,6,Haryana,76,YAMUNANAGAR,JAGADHRI,-,-,Ganga,Ganga,Yamuna,Maskara,-,Maskara,30.09055556,77.40833333,11-08-2023 02:30,5
557,557,Ghodopipli,CWC,6,Haryana,76,YAMUNANAGAR,JAGADHRI,-,-,Ganga,Ganga,Yamuna,Maskara,-,Maskara,30.09055556,77.40833333,11-08-2023 05:30,12
558,558,Ghodopipli,CWC,6,Haryana,76,YAMUNANAGAR,JAGADHRI,-,-,Ganga,Ganga,Yamuna,Maskara,-,Maskara,30.09055556,77.40833333,11-08-2023 08:30,75
559,559,Ghodopipli,CWC,6,Haryana,76,YAMUNANAGAR,JAGADHRI,-,-,Ganga,Ganga,Yamuna,Maskara,-,Maskara,30.09055556,77.40833333,11-08-2023 11:30,9
560,560,Ghodopipli,CWC,6,Haryana,76,YAMUNANAGAR,JAGADHRI,-,-,Ganga,Ganga,Yamuna,Maskara,-,Maskara,30.09055556,77.40833333,20-08-2023 23:30,10
561,561,Ghodopipli,CWC,6,Haryana,76,YAMUNANAGAR,JAGADHRI,-,-,Ganga,Ganga,Yamuna,Maskara,-,Maskara,30.09055556,77.40833333,22-08-2023 02:30,21
562,562,Ghodopipli,CWC,6,Haryana,76,YAMUNANAGAR,JAGADHRI,-,-,Ganga,Ganga,Yamuna,Maskara,-,Maskara,30.09055556,77.40833333,22-08-2023 08:30,12
563,563,Ghodopipli,CWC,6,Haryana,76,YAMUNANAGAR,JAGADHRI,-,-,Ganga,Ganga,Yamuna,Maskara,-,Maskara,30.09055556,77.40833333,22-08-2023 20:30,6
564,564,Ghodopipli,CWC,6,Haryana,76,YAMUNANAGAR,JAGADHRI,-,-,Ganga,Ganga,Yamuna,Maskara,-,Maskara,30.09055556,77.40833333,23-08-2023 05:30,11
565,565,Ghodopipli,CWC,6,Haryana,76,YAMUNANAGAR,JAGADHRI,-,-,Ganga,Ganga,Yamuna,Maskara,-,Maskara,30.09055556,77.40833333,23-08-2023 08:30,25
566,566,Ghodopipli,CWC,6,Haryana,76,YAMUNANAGAR,JAGADHRI,-,-,Ganga,Ganga,Yamuna,Maskara,-,Maskara,30.09055556,77.40833333,23-08-2023 14:30,13
567,567,Ghodopipli,CWC,6,Haryana,76,YAMUNANAGAR,JAGADHRI,-,-,Ganga,Ganga,Yamuna,Maskara,-,Maskara,30.09055556,77.40833333,23-08-2023 17:30,9
568,568,Ghodopipli,CWC,6,Haryana,76,YAMUNANAGAR,JAGADHRI,-,-,Ganga,Ganga,Yamuna,Maskara,-,Maskara,30.09055556,77.40833333,25-08-2023 23:30,4
569,569,Ghodopipli,CWC,6,Haryana,76,YAMUNANAGAR,JAGADHRI,-,-,Ganga,Ganga,Yamuna,Maskara,-,Maskara,30.09055556,77.40833333,09-09-2023 20:30,7
570,570,Ghodopipli,CWC,6,Haryana,76,YAMUNANAGAR,JAGADHRI,-,-,Ganga,Ganga,Yamuna,Maskara,-,Maskara,30.09055556,77.40833333,15-09-2023 05:30,2
571,571,Ghodopipli,CWC,6,Haryana,76,YAMUNANAGAR,JAGADHRI,-,-,Ganga,Ganga,Yamuna,Maskara,-,Maskara,30.09055556,77.40833333,17-09-2023 08:30,3
572,572,Ghodopipli,CWC,6,Haryana,76,YAMUNANAGAR,JAGADHRI,-,-,Ganga,Ganga,Yamuna,Maskara,-,Maskara,30.09055556,77.40833333,23-09-2023 20:30,4
573,573,Ghodopipli,CWC,6,Haryana,76,YAMUNANAGAR,JAGADHRI,-,-,Ganga,Ganga,Yamuna,Maskara,-,Maskara,30.09055556,77.40833333,10-10-2023 05:30,4
574,574,Ghodopipli,CWC,6,Haryana,76,YAMUNANAGAR,JAGADHRI,-,-,Ganga,Ganga,Yamuna,Maskara,-,Maskara,30.09055556,77.40833333,10-10-2023 08:30,7
575,575,Ghodopipli,CWC,6,Haryana,76,YAMUNANAGAR,JAGADHRI,-,-,Ganga,Ganga,Yamuna,Maskara,-,Maskara,30.09055556,77.40833333,16-10-2023 11:30,12
576,576,Ghodopipli,CWC,6,Haryana,76,YAMUNANAGAR,JAGADHRI,-,-,Ganga,Ganga,Yamuna,Maskara,-,Maskara,30.09055556,77.40833333,16-10-2023 14:30,6
577,577,Ghodopipli,CWC,6,Haryana,76,YAMUNANAGAR,JAGADHRI,-,-,Ganga,Ganga,Yamuna,Maskara,-,Maskara,30.09055556,77.40833333,17-10-2023 05:30,3
578,578,Ghodopipli,CWC,6,Haryana,76,YAMUNANAGAR,JAGADHRI,-,-,Ganga,Ganga,Yamuna,Maskara,-,Maskara,30.09055556,77.40833333,11-11-2023 08:30,1
579,579,Ghodopipli,CWC,6,Haryana,76,YAMUNANAGAR,JAGADHRI,-,-,Ganga,Ganga,Yamuna,Maskara,-,Maskara,30.09055556,77.40833333,01-02-2024 08:30,3
580,580,Ghodopipli,CWC,6,Haryana,76,YAMUNANAGAR,JAGADHRI,-,-,Ganga,Ganga,Yamuna,Maskara,-,Maskara,30.09055556,77.40833333,04-02-2024 08:30,4
581,581,Ghodopipli,CWC,6,Haryana,76,YAMUNANAGAR,JAGADHRI,-,-,Ganga,Ganga,Yamuna,Maskara,-,Maskara,30.09055556,77.40833333,05-02-2024 08:30,2
582,582,Ghodopipli,CWC,6,Haryana,76,YAMUNANAGAR,JAGADHRI,-,-,Ganga,Ganga,Yamuna,Maskara,-,Maskara,30.09055556,77.40833333,20-02-2024 08:30,2
583,583,Ghodopipli,CWC,6,Haryana,76,YAMUNANAGAR,JAGADHRI,-,-,Ganga,Ganga,Yamuna,Maskara,-,Maskara,30.09055556,77.40833333,03-03-2024 08:30,32
584,584,Ghodopipli,CWC,6,Haryana,76,YAMUNANAGAR,JAGADHRI,-,-,Ganga,Ganga,Yamuna,Maskara,-,Maskara,30.09055556,77.40833333,04-03-2024 08:30,2
585,585,Ghodopipli,CWC,6,Haryana,76,YAMUNANAGAR,JAGADHRI,-,-,Ganga,Ganga,Yamuna,Maskara,-,Maskara,30.09055556,77.40833333,20-06-2024 08:30,3
586,586,Ghodopipli,CWC,6,Haryana,76,YAMUNANAGAR,JAGADHRI,-,-,Ganga,Ganga,Yamuna,Maskara,-,Maskara,30.09055556,77.40833333,01-07-2024 05:30,8
587,587,Ghodopipli,CWC,6,Haryana,76,YAMUNANAGAR,JAGADHRI,-,-,Ganga,Ganga,Yamuna,Maskara,-,Maskara,30.09055556,77.40833333,02-07-2024 05:30,6
588,588,Ghodopipli,CWC,6,Haryana,76,YAMUNANAGAR,JAGADHRI,-,-,Ganga,Ganga,Yamuna,Maskara,-,Maskara,30.09055556,77.40833333,03-07-2024 05:30,22.4
589,589,Ghodopipli,CWC,6,Haryana,76,YAMUNANAGAR,JAGADHRI,-,-,Ganga,Ganga,Yamuna,Maskara,-,Maskara,30.09055556,77.40833333,06-07-2024 08:30,2.2
590,590,Ghodopipli,CWC,6,Haryana,76,YAMUNANAGAR,JAGADHRI,-,-,Ganga,Ganga,Yamuna,Maskara,-,Maskara,30.09055556,77.40833333,07-07-2024 20:30,14
591,591,Ghodopipli,CWC,6,Haryana,76,YAMUNANAGAR,JAGADHRI,-,-,Ganga,Ganga,Yamuna,Maskara,-,Maskara,30.09055556,77.40833333,17-07-2024 08:30,14
592,592,Ghodopipli,CWC,6,Haryana,76,YAMUNANAGAR,JAGADHRI,-,-,Ganga,Ganga,Yamuna,Maskara,-,Maskara,30.09055556,77.40833333,17-07-2024 14:30,34
593,593,Ghodopipli,CWC,6,Haryana,76,YAMUNANAGAR,JAGADHRI,-,-,Ganga,Ganga,Yamuna,Maskara,-,Maskara,30.09055556,77.40833333,18-07-2024 08:30,5
594,594,Ghodopipli,CWC,6,Haryana,76,YAMUNANAGAR,JAGADHRI,-,-,Ganga,Ganga,Yamuna,Maskara,-,Maskara,30.09055556,77.40833333,22-07-2024 08:30,30
595,595,Ghodopipli,CWC,6,Haryana,76,YAMUNANAGAR,JAGADHRI,-,-,Ganga,Ganga,Yamuna,Maskara,-,Maskara,30.09055556,77.40833333,22-07-2024 14:30,12
596,596,Ghodopipli,CWC,6,Haryana,76,YAMUNANAGAR,JAGADHRI,-,-,Ganga,Ganga,Yamuna,Maskara,-,Maskara,30.09055556,77.40833333,23-07-2024 08:30,18.2
597,597,Ghodopipli,CWC,6,Haryana,76,YAMUNANAGAR,JAGADHRI,-,-,Ganga,Ganga,Yamuna,Maskara,-,Maskara,30.09055556,77.40833333,26-07-2024 08:30,4
598,598,Ghodopipli,CWC,6,Haryana,76,YAMUNANAGAR,JAGADHRI,-,-,Ganga,Ganga,Yamuna,Maskara,-,Maskara,30.09055556,77.40833333,01-08-2024 05:30,11
599,599,Ghodopipli,CWC,6,Haryana,76,YAMUNANAGAR,JAGADHRI,-,-,Ganga,Ganga,Yamuna,Maskara,-,Maskara,30.09055556,77.40833333,02-08-2024 14:30,2
600,600,Ghodopipli,CWC,6,Haryana,76,YAMUNANAGAR,JAGADHRI,-,-,Ganga,Ganga,Yamuna,Maskara,-,Maskara,30.09055556,77.40833333,07-08-2024 05:30,7
601,601,Ghodopipli,CWC,6,Haryana,76,YAMUNANAGAR,JAGADHRI,-,-,Ganga,Ganga,Yamuna,Maskara,-,Maskara,30.09055556,77.40833333,11-08-2024 17:30,16
602,602,Ghodopipli,CWC,6,Haryana,76,YAMUNANAGAR,JAGADHRI,-,-,Ganga,Ganga,Yamuna,Maskara,-,Maskara,30.09055556,77.40833333,14-08-2024 17:30,14
603,603,Ghodopipli,CWC,6,Haryana,76,YAMUNANAGAR,JAGADHRI,-,-,Ganga,Ganga,Yamuna,Maskara,-,Maskara,30.09055556,77.40833333,28-08-2024 23:30,3
604,604,Ghodopipli,CWC,6,Haryana,76,YAMUNANAGAR,JAGADHRI,-,-,Ganga,Ganga,Yamuna,Maskara,-,Maskara,30.09055556,77.40833333,29-08-2024 11:30,8.2
605,605,Ghodopipli,CWC,6,Haryana,76,YAMUNANAGAR,JAGADHRI,-,-,Ganga,Ganga,Yamuna,Maskara,-,Maskara,30.09055556,77.40833333,02-09-2024 08:30,18
606,606,Ghodopipli,CWC,6,Haryana,76,YAMUNANAGAR,JAGADHRI,-,-,Ganga,Ganga,Yamuna,Maskara,-,Maskara,30.09055556,77.40833333,02-09-2024 11:30,39.6
607,607,Ghodopipli,CWC,6,Haryana,76,YAMUNANAGAR,JAGADHRI,-,-,Ganga,Ganga,Yamuna,Maskara,-,Maskara,30.09055556,77.40833333,03-09-2024 20:30,10.2
608,608,Ghodopipli,CWC,6,Haryana,76,YAMUNANAGAR,JAGADHRI,-,-,Ganga,Ganga,Yamuna,Maskara,-,Maskara,30.09055556,77.40833333,04-09-2024 11:30,30
609,609,Ghodopipli,CWC,6,Haryana,76,YAMUNANAGAR,JAGADHRI,-,-,Ganga,Ganga,Yamuna,Maskara,-,Maskara,30.09055556,77.40833333,04-09-2024 14:30,11
610,610,Ghodopipli,CWC,6,Haryana,76,YAMUNANAGAR,JAGADHRI,-,-,Ganga,Ganga,Yamuna,Maskara,-,Maskara,30.09055556,77.40833333,06-09-2024 17:30,14
611,611,Ghodopipli,CWC,6,Haryana,76,YAMUNANAGAR,JAGADHRI,-,-,Ganga,Ganga,Yamuna,Maskara,-,Maskara,30.09055556,77.40833333,10-09-2024 14:30,6
612,612,Ghodopipli,CWC,6,Haryana,76,YAMUNANAGAR,JAGADHRI,-,-,Ganga,Ganga,Yamuna,Maskara,-,Maskara,30.09055556,77.40833333,12-09-2024 17:30,4
613,613,Ghodopipli,CWC,6,Haryana,76,YAMUNANAGAR,JAGADHRI,-,-,Ganga,Ganga,Yamuna,Maskara,-,Maskara,30.09055556,77.40833333,13-09-2024 14:30,8.2
614,614,Ghodopipli,CWC,6,Haryana,76,YAMUNANAGAR,JAGADHRI,-,-,Ganga,Ganga,Yamuna,Maskara,-,Maskara,30.09055556,77.40833333,13-09-2024 17:30,6
615,615,Ghodopipli,CWC,6,Haryana,76,YAMUNANAGAR,JAGADHRI,-,-,Ganga,Ganga,Yamuna,Maskara,-,Maskara,30.09055556,77.40833333,15-09-2024 02:30,46
616,616,Ghodopipli,CWC,6,Haryana,76,YAMUNANAGAR,JAGADHRI,-,-,Ganga,Ganga,Yamuna,Maskara,-,Maskara,30.09055556,77.40833333,15-09-2024 05:30,28
617,617,Ghodopipli,CWC,6,Haryana,76,YAMUNANAGAR,JAGADHRI,-,-,Ganga,Ganga,Yamuna,Maskara,-,Maskara,30.09055556,77.40833333,25-09-2024 20:30,6.4
618,618,Ghodopipli,CWC,6,Haryana,76,YAMUNANAGAR,JAGADHRI,-,-,Ganga,Ganga,Yamuna,Maskara,-,Maskara,30.09055556,77.40833333,25-09-2024 23:30,12.8
619,619,Ghodopipli,CWC,6,Haryana,76,YAMUNANAGAR,JAGADHRI,-,-,Ganga,Ganga,Yamuna,Maskara,-,Maskara,30.09055556,77.40833333,26-09-2024 08:30,26
620,620,Ghodopipli,CWC,6,Haryana,76,YAMUNANAGAR,JAGADHRI,-,-,Ganga,Ganga,Yamuna,Maskara,-,Maskara,30.09055556,77.40833333,28-12-2024 08:30,28.2
621,621,Ghodopipli,CWC,6,Haryana,76,YAMUNANAGAR,JAGADHRI,-,-,Ganga,Ganga,Yamuna,Maskara,-,Maskara,30.09055556,77.40833333,12-01-2025 08:30,2
622,622,Ghodopipli,CWC,6,Haryana,76,YAMUNANAGAR,JAGADHRI,-,-,Ganga,Ganga,Yamuna,Maskara,-,Maskara,30.09055556,77.40833333,16-01-2025 08:30,3
623,623,Ghodopipli,CWC,6,Haryana,76,YAMUNANAGAR,JAGADHRI,-,-,Ganga,Ganga,Yamuna,Maskara,-,Maskara,30.09055556,77.40833333,21-02-2025 08:30,4
624,624,Ghodopipli,CWC,6,Haryana,76,YAMUNANAGAR,JAGADHRI,-,-,Ganga,Ganga,Yamuna,Maskara,-,Maskara,30.09055556,77.40833333,28-02-2025 08:30,14.2
625,625,Ghodopipli,CWC,6,Haryana,76,YAMUNANAGAR,JAGADHRI,-,-,Ganga,Ganga,Yamuna,Maskara,-,Maskara,30.09055556,77.40833333,01-03-2025 08:30,18
626,626,Ghodopipli,CWC,6,Haryana,76,YAMUNANAGAR,JAGADHRI,-,-,Ganga,Ganga,Yamuna,Maskara,-,Maskara,30.09055556,77.40833333,15-03-2025 08:30,3
627,627,Ghodopipli,CWC,6,Haryana,76,YAMUNANAGAR,JAGADHRI,-,-,Ganga,Ganga,Yamuna,Maskara,-,Maskara,30.09055556,77.40833333,11-04-2025 08:30,2
628,628,Ghodopipli,CWC,6,Haryana,76,YAMUNANAGAR,JAGADHRI,-,-,Ganga,Ganga,Yamuna,Maskara,-,Maskara,30.09055556,77.40833333,12-04-2025 08:30,4.2
629,629,Ghodopipli,CWC,6,Haryana,76,YAMUNANAGAR,JAGADHRI,-,-,Ganga,Ganga,Yamuna,Maskara,-,Maskara,30.09055556,77.40833333,05-05-2025 08:30,4
630,630,Ghodopipli,CWC,6,Haryana,76,YAMUNANAGAR,JAGADHRI,-,-,Ganga,Ganga,Yamuna,Maskara,-,Maskara,30.09055556,77.40833333,22-05-2025 08:30,6.2
631,631,Ghodopipli,CWC,6,Haryana,76,YAMUNANAGAR,JAGADHRI,-,-,Ganga,Ganga,Yamuna,Maskara,-,Maskara,30.09055556,77.40833333,25-05-2025 08:30,80
632,632,Ghodopipli,CWC,6,Haryana,76,YAMUNANAGAR,JAGADHRI,-,-,Ganga,Ganga,Yamuna,Maskara,-,Maskara,30.09055556,77.40833333,26-05-2025 08:30,6.4
633,633,Ghodopipli,CWC,6,Haryana,76,YAMUNANAGAR,JAGADHRI,-,-,Ganga,Ganga,Yamuna,Maskara,-,Maskara,30.09055556,77.40833333,04-06-2025 08:30,6
634,634,Ghodopipli,CWC,6,Haryana,76,YAMUNANAGAR,JAGADHRI,-,-,Ganga,Ganga,Yamuna,Maskara,-,Maskara,30.09055556,77.40833333,15-06-2025 14:30,8.2
635,635,Ghodopipli,CWC,6,Haryana,76,YAMUNANAGAR,JAGADHRI,-,-,Ganga,Ganga,Yamuna,Maskara,-,Maskara,30.09055556,77.40833333,18-06-2025 08:30,1
636,636,Ghodopipli,CWC,6,Haryana,76,YAMUNANAGAR,JAGADHRI,-,-,Ganga,Ganga,Yamuna,Maskara,-,Maskara,30.09055556,77.40833333,22-06-2025 05:30,36
637,637,Ghodopipli,CWC,6,Haryana,76,YAMUNANAGAR,JAGADHRI,-,-,Ganga,Ganga,Yamuna,Maskara,-,Maskara,30.09055556,77.40833333,24-06-2025 05:30,17
638,638,Ghodopipli,CWC,6,Haryana,76,YAMUNANAGAR,JAGADHRI,-,-,Ganga,Ganga,Yamuna,Maskara,-,Maskara,30.09055556,77.40833333,24-06-2025 14:30,10.2
639,639,Ghodopipli,CWC,6,Haryana,76,YAMUNANAGAR,JAGADHRI,-,-,Ganga,Ganga,Yamuna,Maskara,-,Maskara,30.09055556,77.40833333,25-06-2025 08:30,40
640,640,Ghodopipli,CWC,6,Haryana,76,YAMUNANAGAR,JAGADHRI,-,-,Ganga,Ganga,Yamuna,Maskara,-,Maskara,30.09055556,77.40833333,25-06-2025 11:30,46.2
641,641,Ghodopipli,CWC,6,Haryana,76,YAMUNANAGAR,JAGADHRI,-,-,Ganga,Ganga,Yamuna,Maskara,-,Maskara,30.09055556,77.40833333,25-06-2025 14:30,33
642,642,Ghodopipli,CWC,6,Haryana,76,YAMUNANAGAR,JAGADHRI,-,-,Ganga,Ganga,Yamuna,Maskara,-,Maskara,30.09055556,77.40833333,29-06-2025 08:30,14
643,643,Ghodopipli,CWC,6,Haryana,76,YAMUNANAGAR,JAGADHRI,-,-,Ganga,Ganga,Yamuna,Maskara,-,Maskara,30.09055556,77.40833333,29-06-2025 11:30,9
644,644,Ghodopipli,CWC,6,Haryana,76,YAMUNANAGAR,JAGADHRI,-,-,Ganga,Ganga,Yamuna,Maskara,-,Maskara,30.09055556,77.40833333,30-06-2025 02:30,23
645,645,Ghodopipli,CWC,6,Haryana,76,YAMUNANAGAR,JAGADHRI,-,-,Ganga,Ganga,Yamuna,Maskara,-,Maskara,30.09055556,77.40833333,30-06-2025 05:30,20
646,646,Ghodopipli,CWC,6,Haryana,76,YAMUNANAGAR,JAGADHRI,-,-,Ganga,Ganga,Yamuna,Maskara,-,Maskara,30.09055556,77.40833333,30-06-2025 08:30,10.2
647,647,Ghodopipli,CWC,6,Haryana,76,YAMUNANAGAR,JAGADHRI,-,-,Ganga,Ganga,Yamuna,Maskara,-,Maskara,30.09055556,77.40833333,30-06-2025 11:30,26
648,648,Ghodopipli,CWC,6,Haryana,76,YAMUNANAGAR,JAGADHRI,-,-,Ganga,Ganga,Yamuna,Maskara,-,Maskara,30.09055556,77.40833333,01-07-2025 02:30,16
649,649,Ghodopipli,CWC,6,Haryana,76,YAMUNANAGAR,JAGADHRI,-,-,Ganga,Ganga,Yamuna,Maskara,-,Maskara,30.09055556,77.40833333,01-07-2025 05:30,9
650,650,Ghodopipli,CWC,6,Haryana,76,YAMUNANAGAR,JAGADHRI,-,-,Ganga,Ganga,Yamuna,Maskara,-,Maskara,30.09055556,77.40833333,09-07-2025 05:30,5.6
651,651,Ghodopipli,CWC,6,Haryana,76,YAMUNANAGAR,JAGADHRI,-,-,Ganga,Ganga,Yamuna,Maskara,-,Maskara,30.09055556,77.40833333,10-07-2025 05:30,8
652,652,Ghodopipli,CWC,6,Haryana,76,YAMUNANAGAR,JAGADHRI,-,-,Ganga,Ganga,Yamuna,Maskara,-,Maskara,30.09055556,77.40833333,16-07-2025 08:30,27
653,653,Ghodopipli,CWC,6,Haryana,76,YAMUNANAGAR,JAGADHRI,-,-,Ganga,Ganga,Yamuna,Maskara,-,Maskara,30.09055556,77.40833333,21-07-2025 08:30,5
654,654,Ghodopipli,CWC,6,Haryana,76,YAMUNANAGAR,JAGADHRI,-,-,Ganga,Ganga,Yamuna,Maskara,-,Maskara,30.09055556,77.40833333,21-07-2025 11:30,14.2
655,655,Ghodopipli,CWC,6,Haryana,76,YAMUNANAGAR,JAGADHRI,-,-,Ganga,Ganga,Yamuna,Maskara,-,Maskara,30.09055556,77.40833333,28-07-2025 20:30,12
656,656,Ghodopipli,CWC,6,Haryana,76,YAMUNANAGAR,JAGADHRI,-,-,Ganga,Ganga,Yamuna,Maskara,-,Maskara,30.09055556,77.40833333,29-07-2025 05:30,14
657,657,Ghodopipli,CWC,6,Haryana,76,YAMUNANAGAR,JAGADHRI,-,-,Ganga,Ganga,Yamuna,Maskara,-,Maskara,30.09055556,77.40833333,29-07-2025 08:30,39
658,658,Ghodopipli,CWC,6,Haryana,76,YAMUNANAGAR,JAGADHRI,-,-,Ganga,Ganga,Yamuna,Maskara,-,Maskara,30.09055556,77.40833333,30-07-2025 23:30,15
659,659,Ghodopipli,CWC,6,Haryana,76,YAMUNANAGAR,JAGADHRI,-,-,Ganga,Ganga,Yamuna,Maskara,-,Maskara,30.09055556,77.40833333,31-07-2025 05:30,15
660,660,Ghodopipli,CWC,6,Haryana,76,YAMUNANAGAR,JAGADHRI,-,-,Ganga,Ganga,Yamuna,Maskara,-,Maskara,30.09055556,77.40833333,04-08-2025 02:30,38
661,661,Ghodopipli,CWC,6,Haryana,76,YAMUNANAGAR,JAGADHRI,-,-,Ganga,Ganga,Yamuna,Maskara,-,Maskara,30.09055556,77.40833333,04-08-2025 05:30,22
662,662,Ghodopipli,CWC,6,Haryana,76,YAMUNANAGAR,JAGADHRI,-,-,Ganga,Ganga,Yamuna,Maskara,-,Maskara,30.09055556,77.40833333,04-08-2025 08:30,13
663,663,Ghodopipli,CWC,6,Haryana,76,YAMUNANAGAR,JAGADHRI,-,-,Ganga,Ganga,Yamuna,Maskara,-,Maskara,30.09055556,77.40833333,05-08-2025 02:30,8
664,664,Ghodopipli,CWC,6,Haryana,76,YAMUNANAGAR,JAGADHRI,-,-,Ganga,Ganga,Yamuna,Maskara,-,Maskara,30.09055556,77.40833333,05-08-2025 08:30,22
665,665,Ghodopipli,CWC,6,Haryana,76,YAMUNANAGAR,JAGADHRI,-,-,Ganga,Ganga,Yamuna,Maskara,-,Maskara,30.09055556,77.40833333,06-08-2025 05:30,26
666,666,Ghodopipli,CWC,6,Haryana,76,YAMUNANAGAR,JAGADHRI,-,-,Ganga,Ganga,Yamuna,Maskara,-,Maskara,30.09055556,77.40833333,06-08-2025 08:30,39
667,667,Ghodopipli,CWC,6,Haryana,76,YAMUNANAGAR,JAGADHRI,-,-,Ganga,Ganga,Yamuna,Maskara,-,Maskara,30.09055556,77.40833333,07-08-2025 02:30,8
668,668,Ghodopipli,CWC,6,Haryana,76,YAMUNANAGAR,JAGADHRI,-,-,Ganga,Ganga,Yamuna,Maskara,-,Maskara,30.09055556,77.40833333,11-08-2025 02:30,10
669,669,Ghodopipli,CWC,6,Haryana,76,YAMUNANAGAR,JAGADHRI,-,-,Ganga,Ganga,Yamuna,Maskara,-,Maskara,30.09055556,77.40833333,11-08-2025 05:30,3
670,670,Ghodopipli,CWC,6,Haryana,76,YAMUNANAGAR,JAGADHRI,-,-,Ganga,Ganga,Yamuna,Maskara,-,Maskara,30.09055556,77.40833333,11-08-2025 08:30,46
671,671,Ghodopipli,CWC,6,Haryana,76,YAMUNANAGAR,JAGADHRI,-,-,Ganga,Ganga,Yamuna,Maskara,-,Maskara,30.09055556,77.40833333,11-08-2025 11:30,12
672,672,Ghodopipli,CWC,6,Haryana,76,YAMUNANAGAR,JAGADHRI,-,-,Ganga,Ganga,Yamuna,Maskara,-,Maskara,30.09055556,77.40833333,11-08-2025 17:30,8
673,673,Ghodopipli,CWC,6,Haryana,76,YAMUNANAGAR,JAGADHRI,-,-,Ganga,Ganga,Yamuna,Maskara,-,Maskara,30.09055556,77.40833333,11-08-2025 20:30,4
674,674,Ghodopipli,CWC,6,Haryana,76,YAMUNANAGAR,JAGADHRI,-,-,Ganga,Ganga,Yamuna,Maskara,-,Maskara,30.09055556,77.40833333,12-08-2025 05:30,6
675,675,Ghodopipli,CWC,6,Haryana,76,YAMUNANAGAR,JAGADHRI,-,-,Ganga,Ganga,Yamuna,Maskara,-,Maskara,30.09055556,77.40833333,12-08-2025 08:30,12
676,676,Ghodopipli,CWC,6,Haryana,76,YAMUNANAGAR,JAGADHRI,-,-,Ganga,Ganga,Yamuna,Maskara,-,Maskara,30.09055556,77.40833333,17-08-2025 08:30,15
677,677,Ghodopipli,CWC,6,Haryana,76,YAMUNANAGAR,JAGADHRI,-,-,Ganga,Ganga,Yamuna,Maskara,-,Maskara,30.09055556,77.40833333,17-08-2025 11:30,90
678,678,Ghodopipli,CWC,6,Haryana,76,YAMUNANAGAR,JAGADHRI,-,-,Ganga,Ganga,Yamuna,Maskara,-,Maskara,30.09055556,77.40833333,17-08-2025 14:30,70
679,679,Ghodopipli,CWC,6,Haryana,76,YAMUNANAGAR,JAGADHRI,-,-,Ganga,Ganga,Yamuna,Maskara,-,Maskara,30.09055556,77.40833333,18-08-2025 05:30,5
680,680,Ghodopipli,CWC,6,Haryana,76,YAMUNANAGAR,JAGADHRI,-,-,Ganga,Ganga,Yamuna,Maskara,-,Maskara,30.09055556,77.40833333,18-08-2025 08:30,16
681,681,Ghodopipli,CWC,6,Haryana,76,YAMUNANAGAR,JAGADHRI,-,-,Ganga,Ganga,Yamuna,Maskara,-,Maskara,30.09055556,77.40833333,18-08-2025 11:30,12
682,682,Ghodopipli,CWC,6,Haryana,76,YAMUNANAGAR,JAGADHRI,-,-,Ganga,Ganga,Yamuna,Maskara,-,Maskara,30.09055556,77.40833333,23-08-2025 05:30,12.2
683,683,Ghodopipli,CWC,6,Haryana,76,YAMUNANAGAR,JAGADHRI,-,-,Ganga,Ganga,Yamuna,Maskara,-,Maskara,30.09055556,77.40833333,23-08-2025 08:30,18
684,684,Ghodopipli,CWC,6,Haryana,76,YAMUNANAGAR,JAGADHRI,-,-,Ganga,Ganga,Yamuna,Maskara,-,Maskara,30.09055556,77.40833333,24-08-2025 23:30,28
685,685,Ghodopipli,CWC,6,Haryana,76,YAMUNANAGAR,JAGADHRI,-,-,Ganga,Ganga,Yamuna,Maskara,-,Maskara,30.09055556,77.40833333,01-09-2025 08:30,12
686,686,Ghodopipli,CWC,6,Haryana,76,YAMUNANAGAR,JAGADHRI,-,-,Ganga,Ganga,Yamuna,Maskara,-,Maskara,30.09055556,77.40833333,01-09-2025 11:30,18
687,687,Ghodopipli,CWC,6,Haryana,76,YAMUNANAGAR,JAGADHRI,-,-,Ganga,Ganga,Yamuna,Maskara,-,Maskara,30.09055556,77.40833333,01-09-2025 14:30,16
688,688,Ghodopipli,CWC,6,Haryana,76,YAMUNANAGAR,JAGADHRI,-,-,Ganga,Ganga,Yamuna,Maskara,-,Maskara,30.09055556,77.40833333,02-09-2025 02:30,7
689,689,Ghodopipli,CWC,6,Haryana,76,YAMUNANAGAR,JAGADHRI,-,-,Ganga,Ganga,Yamuna,Maskara,-,Maskara,30.09055556,77.40833333,02-09-2025 05:30,9
690,690,Ghodopipli,CWC,6,Haryana,76,YAMUNANAGAR,JAGADHRI,-,-,Ganga,Ganga,Yamuna,Maskara,-,Maskara,30.09055556,77.40833333,02-09-2025 08:30,12
691,691,Ghodopipli,CWC,6,Haryana,76,YAMUNANAGAR,JAGADHRI,-,-,Ganga,Ganga,Yamuna,Maskara,-,Maskara,30.09055556,77.40833333,03-09-2025 02:30,20
692,692,Ghodopipli,CWC,6,Haryana,76,YAMUNANAGAR,JAGADHRI,-,-,Ganga,Ganga,Yamuna,Maskara,-,Maskara,30.09055556,77.40833333,03-09-2025 05:30,6
693,693,Ghodopipli,CWC,6,Haryana,76,YAMUNANAGAR,JAGADHRI,-,-,Ganga,Ganga,Yamuna,Maskara,-,Maskara,30.09055556,77.40833333,03-09-2025 08:30,4.2
694,694,Ghodopipli,CWC,6,Haryana,76,YAMUNANAGAR,JAGADHRI,-,-,Ganga,Ganga,Yamuna,Maskara,-,Maskara,30.09055556,77.40833333,03-09-2025 17:30,10
695,695,Ghodopipli,CWC,6,Haryana,76,YAMUNANAGAR,JAGADHRI,-,-,Ganga,Ganga,Yamuna,Maskara,-,Maskara,30.09055556,77.40833333,06-09-2025 17:30,12.4
696,696,Ghodopipli,CWC,6,Haryana,76,YAMUNANAGAR,JAGADHRI,-,-,Ganga,Ganga,Yamuna,Maskara,-,Maskara,30.09055556,77.40833333,16-09-2025 08:30,4
697,697,Ghodopipli,CWC,6,Haryana,76,YAMUNANAGAR,JAGADHRI,-,-,Ganga,Ganga,Yamuna,Maskara,-,Maskara,30.09055556,77.40833333,07-10-2025 08:30,10
698,698,Hathnikund Barrage,CWC,6,Haryana,76,YAMUNANAGAR,JAGADHRI,-,-,Ganga,Ganga,Yamuna,-,-,Yamuna,30.31444444,77.58500000,04-01-2021 08:30,2
699,699,Hathnikund Barrage,CWC,6,Haryana,76,YAMUNANAGAR,JAGADHRI,-,-,Ganga,Ganga,Yamuna,-,-,Yamuna,30.31444444,77.58500000,06-01-2021 08:30,12
700,700,Hathnikund Barrage,CWC,6,Haryana,76,YAMUNANAGAR,JAGADHRI,-,-,Ganga,Ganga,Yamuna,-,-,Yamuna,30.31444444,77.58500000,07-01-2021 08:30,2
701,701,Hathnikund Barrage,CWC,6,Haryana,76,YAMUNANAGAR,JAGADHRI,-,-,Ganga,Ganga,Yamuna,-,-,Yamuna,30.31444444,77.58500000,04-02-2021 08:30,4.6
702,702,Hathnikund Barrage,CWC,6,Haryana,76,YAMUNANAGAR,JAGADHRI,-,-,Ganga,Ganga,Yamuna,-,-,Yamuna,30.31444444,77.58500000,05-02-2021 08:30,15.2
703,703,Hathnikund Barrage,CWC,6,Haryana,76,YAMUNANAGAR,JAGADHRI,-,-,Ganga,Ganga,Yamuna,-,-,Yamuna,30.31444444,77.58500000,07-04-2021 08:30,2.6
704,704,Hathnikund Barrage,CWC,6,Haryana,76,YAMUNANAGAR,JAGADHRI,-,-,Ganga,Ganga,Yamuna,-,-,Yamuna,30.31444444,77.58500000,22-04-2021 08:30,3
705,705,Hathnikund Barrage,CWC,6,Haryana,76,YAMUNANAGAR,JAGADHRI,-,-,Ganga,Ganga,Yamuna,-,-,Yamuna,30.31444444,77.58500000,23-04-2021 08:30,2
706,706,Hathnikund Barrage,CWC,6,Haryana,76,YAMUNANAGAR,JAGADHRI,-,-,Ganga,Ganga,Yamuna,-,-,Yamuna,30.31444444,77.58500000,24-04-2021 08:30,2
707,707,Hathnikund Barrage,CWC,6,Haryana,76,YAMUNANAGAR,JAGADHRI,-,-,Ganga,Ganga,Yamuna,-,-,Yamuna,30.31444444,77.58500000,20-05-2021 08:30,21.6
708,708,Hathnikund Barrage,CWC,6,Haryana,76,YAMUNANAGAR,JAGADHRI,-,-,Ganga,Ganga,Yamuna,-,-,Yamuna,30.31444444,77.58500000,21-05-2021 08:30,3.8
709,709,Hathnikund Barrage,CWC,6,Haryana,76,YAMUNANAGAR,JAGADHRI,-,-,Ganga,Ganga,Yamuna,-,-,Yamuna,30.31444444,77.58500000,22-05-2021 08:30,2.6
710,710,Hathnikund Barrage,CWC,6,Haryana,76,YAMUNANAGAR,JAGADHRI,-,-,Ganga,Ganga,Yamuna,-,-,Yamuna,30.31444444,77.58500000,30-05-2021 08:30,22.8
711,711,Hathnikund Barrage,CWC,6,Haryana,76,YAMUNANAGAR,JAGADHRI,-,-,Ganga,Ganga,Yamuna,-,-,Yamuna,30.31444444,77.58500000,01-06-2021 08:30,20.2
712,712,Hathnikund Barrage,CWC,6,Haryana,76,YAMUNANAGAR,JAGADHRI,-,-,Ganga,Ganga,Yamuna,-,-,Yamuna,30.31444444,77.58500000,05-06-2021 08:30,4
713,713,Hathnikund Barrage,CWC,6,Haryana,76,YAMUNANAGAR,JAGADHRI,-,-,Ganga,Ganga,Yamuna,-,-,Yamuna,30.31444444,77.58500000,10-06-2021 08:30,18.8
714,714,Hathnikund Barrage,CWC,6,Haryana,76,YAMUNANAGAR,JAGADHRI,-,-,Ganga,Ganga,Yamuna,-,-,Yamuna,30.31444444,77.58500000,12-06-2021 08:30,26.4
715,715,Hathnikund Barrage,CWC,6,Haryana,76,YAMUNANAGAR,JAGADHRI,-,-,Ganga,Ganga,Yamuna,-,-,Yamuna,30.31444444,77.58500000,17-06-2021 08:30,92.6
716,716,Hathnikund Barrage,CWC,6,Haryana,76,YAMUNANAGAR,JAGADHRI,-,-,Ganga,Ganga,Yamuna,-,-,Yamuna,30.31444444,77.58500000,18-06-2021 08:30,1.2
717,717,Hathnikund Barrage,CWC,6,Haryana,76,YAMUNANAGAR,JAGADHRI,-,-,Ganga,Ganga,Yamuna,-,-,Yamuna,30.31444444,77.58500000,24-06-2021 08:30,15.2
718,718,Hathnikund Barrage,CWC,6,Haryana,76,YAMUNANAGAR,JAGADHRI,-,-,Ganga,Ganga,Yamuna,-,-,Yamuna,30.31444444,77.58500000,05-07-2021 08:30,8.6
719,719,Hathnikund Barrage,CWC,6,Haryana,76,YAMUNANAGAR,JAGADHRI,-,-,Ganga,Ganga,Yamuna,-,-,Yamuna,30.31444444,77.58500000,12-07-2021 08:30,21.8
720,720,Hathnikund Barrage,CWC,6,Haryana,76,YAMUNANAGAR,JAGADHRI,-,-,Ganga,Ganga,Yamuna,-,-,Yamuna,30.31444444,77.58500000,13-07-2021 08:30,92.8
721,721,Hathnikund Barrage,CWC,6,Haryana,76,YAMUNANAGAR,JAGADHRI,-,-,Ganga,Ganga,Yamuna,-,-,Yamuna,30.31444444,77.58500000,14-07-2021 08:30,86.4
722,722,Hathnikund Barrage,CWC,6,Haryana,76,YAMUNANAGAR,JAGADHRI,-,-,Ganga,Ganga,Yamuna,-,-,Yamuna,30.31444444,77.58500000,15-07-2021 08:30,10.2
723,723,Hathnikund Barrage,CWC,6,Haryana,76,YAMUNANAGAR,JAGADHRI,-,-,Ganga,Ganga,Yamuna,-,-,Yamuna,30.31444444,77.58500000,16-07-2021 08:30,76.4
724,724,Hathnikund Barrage,CWC,6,Haryana,76,YAMUNANAGAR,JAGADHRI,-,-,Ganga,Ganga,Yamuna,-,-,Yamuna,30.31444444,77.58500000,19-07-2021 08:30,10.8
725,725,Hathnikund Barrage,CWC,6,Haryana,76,YAMUNANAGAR,JAGADHRI,-,-,Ganga,Ganga,Yamuna,-,-,Yamuna,30.31444444,77.58500000,20-07-2021 08:30,14.4
726,726,Hathnikund Barrage,CWC,6,Haryana,76,YAMUNANAGAR,JAGADHRI,-,-,Ganga,Ganga,Yamuna,-,-,Yamuna,30.31444444,77.58500000,21-07-2021 08:30,95.6
727,727,Hathnikund Barrage,CWC,6,Haryana,76,YAMUNANAGAR,JAGADHRI,-,-,Ganga,Ganga,Yamuna,-,-,Yamuna,30.31444444,77.58500000,22-07-2021 08:30,92.4
728,728,Hathnikund Barrage,CWC,6,Haryana,76,YAMUNANAGAR,JAGADHRI,-,-,Ganga,Ganga,Yamuna,-,-,Yamuna,30.31444444,77.58500000,23-07-2021 08:30,28.8
729,729,Hathnikund Barrage,CWC,6,Haryana,76,YAMUNANAGAR,JAGADHRI,-,-,Ganga,Ganga,Yamuna,-,-,Yamuna,30.31444444,77.58500000,26-07-2021 08:30,5.8
730,730,Hathnikund Barrage,CWC,6,Haryana,76,YAMUNANAGAR,JAGADHRI,-,-,Ganga,Ganga,Yamuna,-,-,Yamuna,30.31444444,77.58500000,27-07-2021 08:30,4.6
731,731,Hathnikund Barrage,CWC,6,Haryana,76,YAMUNANAGAR,JAGADHRI,-,-,Ganga,Ganga,Yamuna,-,-,Yamuna,30.31444444,77.58500000,28-07-2021 08:30,58
732,732,Hathnikund Barrage,CWC,6,Haryana,76,YAMUNANAGAR,JAGADHRI,-,-,Ganga,Ganga,Yamuna,-,-,Yamuna,30.31444444,77.58500000,29-07-2021 08:30,32.8
733,733,Hathnikund Barrage,CWC,6,Haryana,76,YAMUNANAGAR,JAGADHRI,-,-,Ganga,Ganga,Yamuna,-,-,Yamuna,30.31444444,77.58500000,30-07-2021 08:30,24.4
734,734,Hathnikund Barrage,CWC,6,Haryana,76,YAMUNANAGAR,JAGADHRI,-,-,Ganga,Ganga,Yamuna,-,-,Yamuna,30.31444444,77.58500000,31-07-2021 08:30,14.8
735,735,Hathnikund Barrage,CWC,6,Haryana,76,YAMUNANAGAR,JAGADHRI,-,-,Ganga,Ganga,Yamuna,-,-,Yamuna,30.31444444,77.58500000,02-08-2021 08:30,4.4
736,736,Hathnikund Barrage,CWC,6,Haryana,76,YAMUNANAGAR,JAGADHRI,-,-,Ganga,Ganga,Yamuna,-,-,Yamuna,30.31444444,77.58500000,03-08-2021 08:30,19.2
737,737,Hathnikund Barrage,CWC,6,Haryana,76,YAMUNANAGAR,JAGADHRI,-,-,Ganga,Ganga,Yamuna,-,-,Yamuna,30.31444444,77.58500000,04-08-2021 08:30,10.6
738,738,Hathnikund Barrage,CWC,6,Haryana,76,YAMUNANAGAR,JAGADHRI,-,-,Ganga,Ganga,Yamuna,-,-,Yamuna,30.31444444,77.58500000,08-08-2021 08:30,7.6
739,739,Hathnikund Barrage,CWC,6,Haryana,76,YAMUNANAGAR,JAGADHRI,-,-,Ganga,Ganga,Yamuna,-,-,Yamuna,30.31444444,77.58500000,10-08-2021 08:30,38.8
740,740,Hathnikund Barrage,CWC,6,Haryana,76,YAMUNANAGAR,JAGADHRI,-,-,Ganga,Ganga,Yamuna,-,-,Yamuna,30.31444444,77.58500000,11-08-2021 08:30,1.8
741,741,Hathnikund Barrage,CWC,6,Haryana,76,YAMUNANAGAR,JAGADHRI,-,-,Ganga,Ganga,Yamuna,-,-,Yamuna,30.31444444,77.58500000,14-08-2021 08:30,37.6
742,742,Hathnikund Barrage,CWC,6,Haryana,76,YAMUNANAGAR,JAGADHRI,-,-,Ganga,Ganga,Yamuna,-,-,Yamuna,30.31444444,77.58500000,15-08-2021 08:30,7.8
743,743,Hathnikund Barrage,CWC,6,Haryana,76,YAMUNANAGAR,JAGADHRI,-,-,Ganga,Ganga,Yamuna,-,-,Yamuna,30.31444444,77.58500000,20-08-2021 08:30,44.4
744,744,Hathnikund Barrage,CWC,6,Haryana,76,YAMUNANAGAR,JAGADHRI,-,-,Ganga,Ganga,Yamuna,-,-,Yamuna,30.31444444,77.58500000,21-08-2021 08:30,25.2
745,745,Hathnikund Barrage,CWC,6,Haryana,76,YAMUNANAGAR,JAGADHRI,-,-,Ganga,Ganga,Yamuna,-,-,Yamuna,30.31444444,77.58500000,22-08-2021 08:30,11.4
746,746,Hathnikund Barrage,CWC,6,Haryana,76,YAMUNANAGAR,JAGADHRI,-,-,Ganga,Ganga,Yamuna,-,-,Yamuna,30.31444444,77.58500000,24-08-2021 08:30,12.8
747,747,Hathnikund Barrage,CWC,6,Haryana,76,YAMUNANAGAR,JAGADHRI,-,-,Ganga,Ganga,Yamuna,-,-,Yamuna,30.31444444,77.58500000,25-08-2021 08:30,1.4
748,748,Hathnikund Barrage,CWC,6,Haryana,76,YAMUNANAGAR,JAGADHRI,-,-,Ganga,Ganga,Yamuna,-,-,Yamuna,30.31444444,77.58500000,30-08-2021 08:30,12.4
749,749,Hathnikund Barrage,CWC,6,Haryana,76,YAMUNANAGAR,JAGADHRI,-,-,Ganga,Ganga,Yamuna,-,-,Yamuna,30.31444444,77.58500000,31-08-2021 08:30,3.6
750,750,Hathnikund Barrage,CWC,6,Haryana,76,YAMUNANAGAR,JAGADHRI,-,-,Ganga,Ganga,Yamuna,-,-,Yamuna,30.31444444,77.58500000,02-09-2021 08:30,1.8
751,751,Hathnikund Barrage,CWC,6,Haryana,76,YAMUNANAGAR,JAGADHRI,-,-,Ganga,Ganga,Yamuna,-,-,Yamuna,30.31444444,77.58500000,04-09-2021 08:30,1.2
752,752,Hathnikund Barrage,CWC,6,Haryana,76,YAMUNANAGAR,JAGADHRI,-,-,Ganga,Ganga,Yamuna,-,-,Yamuna,30.31444444,77.58500000,05-09-2021 08:30,20.2
753,753,Hathnikund Barrage,CWC,6,Haryana,76,YAMUNANAGAR,JAGADHRI,-,-,Ganga,Ganga,Yamuna,-,-,Yamuna,30.31444444,77.58500000,07-09-2021 08:30,53
754,754,Hathnikund Barrage,CWC,6,Haryana,76,YAMUNANAGAR,JAGADHRI,-,-,Ganga,Ganga,Yamuna,-,-,Yamuna,30.31444444,77.58500000,08-09-2021 08:30,49.6
755,755,Hathnikund Barrage,CWC,6,Haryana,76,YAMUNANAGAR,JAGADHRI,-,-,Ganga,Ganga,Yamuna,-,-,Yamuna,30.31444444,77.58500000,10-09-2021 08:30,14.4
756,756,Hathnikund Barrage,CWC,6,Haryana,76,YAMUNANAGAR,JAGADHRI,-,-,Ganga,Ganga,Yamuna,-,-,Yamuna,30.31444444,77.58500000,12-09-2021 08:30,8.2
757,757,Hathnikund Barrage,CWC,6,Haryana,76,YAMUNANAGAR,JAGADHRI,-,-,Ganga,Ganga,Yamuna,-,-,Yamuna,30.31444444,77.58500000,14-09-2021 08:30,1.4
758,758,Hathnikund Barrage,CWC,6,Haryana,76,YAMUNANAGAR,JAGADHRI,-,-,Ganga,Ganga,Yamuna,-,-,Yamuna,30.31444444,77.58500000,16-09-2021 08:30,32.2
759,759,Hathnikund Barrage,CWC,6,Haryana,76,YAMUNANAGAR,JAGADHRI,-,-,Ganga,Ganga,Yamuna,-,-,Yamuna,30.31444444,77.58500000,17-09-2021 08:30,20.4
760,760,Hathnikund Barrage,CWC,6,Haryana,76,YAMUNANAGAR,JAGADHRI,-,-,Ganga,Ganga,Yamuna,-,-,Yamuna,30.31444444,77.58500000,21-09-2021 08:30,18.4
761,761,Hathnikund Barrage,CWC,6,Haryana,76,YAMUNANAGAR,JAGADHRI,-,-,Ganga,Ganga,Yamuna,-,-,Yamuna,30.31444444,77.58500000,22-09-2021 08:30,14
762,762,Hathnikund Barrage,CWC,6,Haryana,76,YAMUNANAGAR,JAGADHRI,-,-,Ganga,Ganga,Yamuna,-,-,Yamuna,30.31444444,77.58500000,23-09-2021 08:30,13.8
763,763,Hathnikund Barrage,CWC,6,Haryana,76,YAMUNANAGAR,JAGADHRI,-,-,Ganga,Ganga,Yamuna,-,-,Yamuna,30.31444444,77.58500000,24-09-2021 08:30,36.2
764,764,Hathnikund Barrage,CWC,6,Haryana,76,YAMUNANAGAR,JAGADHRI,-,-,Ganga,Ganga,Yamuna,-,-,Yamuna,30.31444444,77.58500000,25-09-2021 08:30,18.4
765,765,Hathnikund Barrage,CWC,6,Haryana,76,YAMUNANAGAR,JAGADHRI,-,-,Ganga,Ganga,Yamuna,-,-,Yamuna,30.31444444,77.58500000,30-09-2021 08:30,2.4
766,766,Hathnikund Barrage,CWC,6,Haryana,76,YAMUNANAGAR,JAGADHRI,-,-,Ganga,Ganga,Yamuna,-,-,Yamuna,30.31444444,77.58500000,18-10-2021 08:30,12.6
767,767,Hathnikund Barrage,CWC,6,Haryana,76,YAMUNANAGAR,JAGADHRI,-,-,Ganga,Ganga,Yamuna,-,-,Yamuna,30.31444444,77.58500000,19-10-2021 08:30,12.6
768,768,Hathnikund Barrage,CWC,6,Haryana,76,YAMUNANAGAR,JAGADHRI,-,-,Ganga,Ganga,Yamuna,-,-,Yamuna,30.31444444,77.58500000,25-10-2021 08:30,98
769,769,Hathnikund Barrage,CWC,6,Haryana,76,YAMUNANAGAR,JAGADHRI,-,-,Ganga,Ganga,Yamuna,-,-,Yamuna,30.31444444,77.58500000,06-12-2021 08:30,11.2
770,770,Hathnikund Barrage,CWC,6,Haryana,76,YAMUNANAGAR,JAGADHRI,-,-,Ganga,Ganga,Yamuna,-,-,Yamuna,30.31444444,77.58500000,06-01-2022 08:30,22.2
771,771,Hathnikund Barrage,CWC,6,Haryana,76,YAMUNANAGAR,JAGADHRI,-,-,Ganga,Ganga,Yamuna,-,-,Yamuna,30.31444444,77.58500000,07-01-2022 08:30,2
772,772,Hathnikund Barrage,CWC,6,Haryana,76,YAMUNANAGAR,JAGADHRI,-,-,Ganga,Ganga,Yamuna,-,-,Yamuna,30.31444444,77.58500000,08-01-2022 08:30,14.2
773,773,Hathnikund Barrage,CWC,6,Haryana,76,YAMUNANAGAR,JAGADHRI,-,-,Ganga,Ganga,Yamuna,-,-,Yamuna,30.31444444,77.58500000,09-01-2022 08:30,29.2
774,774,Hathnikund Barrage,CWC,6,Haryana,76,YAMUNANAGAR,JAGADHRI,-,-,Ganga,Ganga,Yamuna,-,-,Yamuna,30.31444444,77.58500000,10-01-2022 08:30,38.6
775,775,Hathnikund Barrage,CWC,6,Haryana,76,YAMUNANAGAR,JAGADHRI,-,-,Ganga,Ganga,Yamuna,-,-,Yamuna,30.31444444,77.58500000,11-01-2022 08:30,4
776,776,Hathnikund Barrage,CWC,6,Haryana,76,YAMUNANAGAR,JAGADHRI,-,-,Ganga,Ganga,Yamuna,-,-,Yamuna,30.31444444,77.58500000,12-01-2022 08:30,5.8
777,777,Hathnikund Barrage,CWC,6,Haryana,76,YAMUNANAGAR,JAGADHRI,-,-,Ganga,Ganga,Yamuna,-,-,Yamuna,30.31444444,77.58500000,23-01-2022 08:30,36.4
778,778,Hathnikund Barrage,CWC,6,Haryana,76,YAMUNANAGAR,JAGADHRI,-,-,Ganga,Ganga,Yamuna,-,-,Yamuna,30.31444444,77.58500000,24-01-2022 08:30,21.2
779,779,Hathnikund Barrage,CWC,6,Haryana,76,YAMUNANAGAR,JAGADHRI,-,-,Ganga,Ganga,Yamuna,-,-,Yamuna,30.31444444,77.58500000,25-01-2022 08:30,6
780,780,Hathnikund Barrage,CWC,6,Haryana,76,YAMUNANAGAR,JAGADHRI,-,-,Ganga,Ganga,Yamuna,-,-,Yamuna,30.31444444,77.58500000,04-02-2022 08:30,38.4
781,781,Hathnikund Barrage,CWC,6,Haryana,76,YAMUNANAGAR,JAGADHRI,-,-,Ganga,Ganga,Yamuna,-,-,Yamuna,30.31444444,77.58500000,05-02-2022 08:30,18.2
782,782,Hathnikund Barrage,CWC,6,Haryana,76,YAMUNANAGAR,JAGADHRI,-,-,Ganga,Ganga,Yamuna,-,-,Yamuna,30.31444444,77.58500000,10-02-2022 08:30,4.8
783,783,Hathnikund Barrage,CWC,6,Haryana,76,YAMUNANAGAR,JAGADHRI,-,-,Ganga,Ganga,Yamuna,-,-,Yamuna,30.31444444,77.58500000,23-02-2022 08:30,7.2
784,784,Hathnikund Barrage,CWC,6,Haryana,76,YAMUNANAGAR,JAGADHRI,-,-,Ganga,Ganga,Yamuna,-,-,Yamuna,30.31444444,77.58500000,25-02-2022 08:30,8.2
785,785,Hathnikund Barrage,CWC,6,Haryana,76,YAMUNANAGAR,JAGADHRI,-,-,Ganga,Ganga,Yamuna,-,-,Yamuna,30.31444444,77.58500000,26-02-2022 08:30,2
786,786,Hathnikund Barrage,CWC,6,Haryana,76,YAMUNANAGAR,JAGADHRI,-,-,Ganga,Ganga,Yamuna,-,-,Yamuna,30.31444444,77.58500000,27-02-2022 08:30,7.6
787,787,Hathnikund Barrage,CWC,6,Haryana,76,YAMUNANAGAR,JAGADHRI,-,-,Ganga,Ganga,Yamuna,-,-,Yamuna,30.31444444,77.58500000,05-05-2022 08:30,32.4
788,788,Hathnikund Barrage,CWC,6,Haryana,76,YAMUNANAGAR,JAGADHRI,-,-,Ganga,Ganga,Yamuna,-,-,Yamuna,30.31444444,77.58500000,11-05-2022 08:30,12.2
789,789,Hathnikund Barrage,CWC,6,Haryana,76,YAMUNANAGAR,JAGADHRI,-,-,Ganga,Ganga,Yamuna,-,-,Yamuna,30.31444444,77.58500000,13-05-2022 08:30,4.2
790,790,Hathnikund Barrage,CWC,6,Haryana,76,YAMUNANAGAR,JAGADHRI,-,-,Ganga,Ganga,Yamuna,-,-,Yamuna,30.31444444,77.58500000,23-05-2022 08:30,14.6
791,791,Hathnikund Barrage,CWC,6,Haryana,76,YAMUNANAGAR,JAGADHRI,-,-,Ganga,Ganga,Yamuna,-,-,Yamuna,30.31444444,77.58500000,24-05-2022 08:30,11.4
792,792,Hathnikund Barrage,CWC,6,Haryana,76,YAMUNANAGAR,JAGADHRI,-,-,Ganga,Ganga,Yamuna,-,-,Yamuna,30.31444444,77.58500000,25-05-2022 08:30,3.2
793,793,Hathnikund Barrage,CWC,6,Haryana,76,YAMUNANAGAR,JAGADHRI,-,-,Ganga,Ganga,Yamuna,-,-,Yamuna,30.31444444,77.58500000,29-05-2022 08:30,3.2
794,794,Hathnikund Barrage,CWC,6,Haryana,76,YAMUNANAGAR,JAGADHRI,-,-,Ganga,Ganga,Yamuna,-,-,Yamuna,30.31444444,77.58500000,16-06-2022 08:30,3.4
795,795,Hathnikund Barrage,CWC,6,Haryana,76,YAMUNANAGAR,JAGADHRI,-,-,Ganga,Ganga,Yamuna,-,-,Yamuna,30.31444444,77.58500000,17-06-2022 08:30,4.8
796,796,Hathnikund Barrage,CWC,6,Haryana,76,YAMUNANAGAR,JAGADHRI,-,-,Ganga,Ganga,Yamuna,-,-,Yamuna,30.31444444,77.58500000,18-06-2022 08:30,1.2
797,797,Hathnikund Barrage,CWC,6,Haryana,76,YAMUNANAGAR,JAGADHRI,-,-,Ganga,Ganga,Yamuna,-,-,Yamuna,30.31444444,77.58500000,28-06-2022 08:30,12.4
798,798,Hathnikund Barrage,CWC,6,Haryana,76,YAMUNANAGAR,JAGADHRI,-,-,Ganga,Ganga,Yamuna,-,-,Yamuna,30.31444444,77.58500000,30-06-2022 08:30,73.6
799,799,Hathnikund Barrage,CWC,6,Haryana,76,YAMUNANAGAR,JAGADHRI,-,-,Ganga,Ganga,Yamuna,-,-,Yamuna,30.31444444,77.58500000,01-07-2022 08:30,7.8
800,800,Hathnikund Barrage,CWC,6,Haryana,76,YAMUNANAGAR,JAGADHRI,-,-,Ganga,Ganga,Yamuna,-,-,Yamuna,30.31444444,77.58500000,03-07-2022 08:30,33.4
801,801,Hathnikund Barrage,CWC,6,Haryana,76,YAMUNANAGAR,JAGADHRI,-,-,Ganga,Ganga,Yamuna,-,-,Yamuna,30.31444444,77.58500000,06-07-2022 08:30,13.4
802,802,Hathnikund Barrage,CWC,6,Haryana,76,YAMUNANAGAR,JAGADHRI,-,-,Ganga,Ganga,Yamuna,-,-,Yamuna,30.31444444,77.58500000,07-07-2022 08:30,10.2
803,803,Hathnikund Barrage,CWC,6,Haryana,76,YAMUNANAGAR,JAGADHRI,-,-,Ganga,Ganga,Yamuna,-,-,Yamuna,30.31444444,77.58500000,09-07-2022 08:30,6.2
804,804,Hathnikund Barrage,CWC,6,Haryana,76,YAMUNANAGAR,JAGADHRI,-,-,Ganga,Ganga,Yamuna,-,-,Yamuna,30.31444444,77.58500000,10-07-2022 08:30,108.6
805,805,Hathnikund Barrage,CWC,6,Haryana,76,YAMUNANAGAR,JAGADHRI,-,-,Ganga,Ganga,Yamuna,-,-,Yamuna,30.31444444,77.58500000,14-07-2022 08:30,72.4
806,806,Hathnikund Barrage,CWC,6,Haryana,76,YAMUNANAGAR,JAGADHRI,-,-,Ganga,Ganga,Yamuna,-,-,Yamuna,30.31444444,77.58500000,17-07-2022 08:30,38.4
807,807,Hathnikund Barrage,CWC,6,Haryana,76,YAMUNANAGAR,JAGADHRI,-,-,Ganga,Ganga,Yamuna,-,-,Yamuna,30.31444444,77.58500000,21-07-2022 08:30,22.4
808,808,Hathnikund Barrage,CWC,6,Haryana,76,YAMUNANAGAR,JAGADHRI,-,-,Ganga,Ganga,Yamuna,-,-,Yamuna,30.31444444,77.58500000,26-07-2022 08:30,5.4
809,809,Hathnikund Barrage,CWC,6,Haryana,76,YAMUNANAGAR,JAGADHRI,-,-,Ganga,Ganga,Yamuna,-,-,Yamuna,30.31444444,77.58500000,29-07-2022 08:30,3.2
810,810,Hathnikund Barrage,CWC,6,Haryana,76,YAMUNANAGAR,JAGADHRI,-,-,Ganga,Ganga,Yamuna,-,-,Yamuna,30.31444444,77.58500000,30-07-2022 08:30,6.2
811,811,Hathnikund Barrage,CWC,6,Haryana,76,YAMUNANAGAR,JAGADHRI,-,-,Ganga,Ganga,Yamuna,-,-,Yamuna,30.31444444,77.58500000,31-07-2022 08:30,46.8
812,812,Hathnikund Barrage,CWC,6,Haryana,76,YAMUNANAGAR,JAGADHRI,-,-,Ganga,Ganga,Yamuna,-,-,Yamuna,30.31444444,77.58500000,01-08-2022 08:30,4.8
813,813,Hathnikund Barrage,CWC,6,Haryana,76,YAMUNANAGAR,JAGADHRI,-,-,Ganga,Ganga,Yamuna,-,-,Yamuna,30.31444444,77.58500000,03-08-2022 08:30,16.8
814,814,Hathnikund Barrage,CWC,6,Haryana,76,YAMUNANAGAR,JAGADHRI,-,-,Ganga,Ganga,Yamuna,-,-,Yamuna,30.31444444,77.58500000,04-08-2022 08:30,148.6
815,815,Hathnikund Barrage,CWC,6,Haryana,76,YAMUNANAGAR,JAGADHRI,-,-,Ganga,Ganga,Yamuna,-,-,Yamuna,30.31444444,77.58500000,05-08-2022 08:30,2.2
816,816,Hathnikund Barrage,CWC,6,Haryana,76,YAMUNANAGAR,JAGADHRI,-,-,Ganga,Ganga,Yamuna,-,-,Yamuna,30.31444444,77.58500000,07-08-2022 08:30,86.8
817,817,Hathnikund Barrage,CWC,6,Haryana,76,YAMUNANAGAR,JAGADHRI,-,-,Ganga,Ganga,Yamuna,-,-,Yamuna,30.31444444,77.58500000,11-08-2022 08:30,122.8
818,818,Hathnikund Barrage,CWC,6,Haryana,76,YAMUNANAGAR,JAGADHRI,-,-,Ganga,Ganga,Yamuna,-,-,Yamuna,30.31444444,77.58500000,15-08-2022 08:30,20.2
819,819,Hathnikund Barrage,CWC,6,Haryana,76,YAMUNANAGAR,JAGADHRI,-,-,Ganga,Ganga,Yamuna,-,-,Yamuna,30.31444444,77.58500000,25-08-2022 08:30,2
820,820,Hathnikund Barrage,CWC,6,Haryana,76,YAMUNANAGAR,JAGADHRI,-,-,Ganga,Ganga,Yamuna,-,-,Yamuna,30.31444444,77.58500000,26-08-2022 08:30,13.8
821,821,Hathnikund Barrage,CWC,6,Haryana,76,YAMUNANAGAR,JAGADHRI,-,-,Ganga,Ganga,Yamuna,-,-,Yamuna,30.31444444,77.58500000,03-09-2022 08:30,4.2
822,822,Hathnikund Barrage,CWC,6,Haryana,76,YAMUNANAGAR,JAGADHRI,-,-,Ganga,Ganga,Yamuna,-,-,Yamuna,30.31444444,77.58500000,10-09-2022 08:30,12.4
823,823,Hathnikund Barrage,CWC,6,Haryana,76,YAMUNANAGAR,JAGADHRI,-,-,Ganga,Ganga,Yamuna,-,-,Yamuna,30.31444444,77.58500000,12-09-2022 08:30,43.2
824,824,Hathnikund Barrage,CWC,6,Haryana,76,YAMUNANAGAR,JAGADHRI,-,-,Ganga,Ganga,Yamuna,-,-,Yamuna,30.31444444,77.58500000,13-09-2022 08:30,4.4
825,825,Hathnikund Barrage,CWC,6,Haryana,76,YAMUNANAGAR,JAGADHRI,-,-,Ganga,Ganga,Yamuna,-,-,Yamuna,30.31444444,77.58500000,15-09-2022 08:30,3.6
826,826,Hathnikund Barrage,CWC,6,Haryana,76,YAMUNANAGAR,JAGADHRI,-,-,Ganga,Ganga,Yamuna,-,-,Yamuna,30.31444444,77.58500000,16-09-2022 08:30,25
827,827,Hathnikund Barrage,CWC,6,Haryana,76,YAMUNANAGAR,JAGADHRI,-,-,Ganga,Ganga,Yamuna,-,-,Yamuna,30.31444444,77.58500000,17-09-2022 08:30,3.4
828,828,Hathnikund Barrage,CWC,6,Haryana,76,YAMUNANAGAR,JAGADHRI,-,-,Ganga,Ganga,Yamuna,-,-,Yamuna,30.31444444,77.58500000,20-09-2022 08:30,8.4
829,829,Hathnikund Barrage,CWC,6,Haryana,76,YAMUNANAGAR,JAGADHRI,-,-,Ganga,Ganga,Yamuna,-,-,Yamuna,30.31444444,77.58500000,22-09-2022 08:30,26.8
830,830,Hathnikund Barrage,CWC,6,Haryana,76,YAMUNANAGAR,JAGADHRI,-,-,Ganga,Ganga,Yamuna,-,-,Yamuna,30.31444444,77.58500000,23-09-2022 08:30,46.8
831,831,Hathnikund Barrage,CWC,6,Haryana,76,YAMUNANAGAR,JAGADHRI,-,-,Ganga,Ganga,Yamuna,-,-,Yamuna,30.31444444,77.58500000,24-09-2022 08:30,11.8
832,832,Hathnikund Barrage,CWC,6,Haryana,76,YAMUNANAGAR,JAGADHRI,-,-,Ganga,Ganga,Yamuna,-,-,Yamuna,30.31444444,77.58500000,25-09-2022 08:30,45
833,833,Hathnikund Barrage,CWC,6,Haryana,76,YAMUNANAGAR,JAGADHRI,-,-,Ganga,Ganga,Yamuna,-,-,Yamuna,30.31444444,77.58500000,26-09-2022 08:30,13.6
834,834,Hathnikund Barrage,CWC,6,Haryana,76,YAMUNANAGAR,JAGADHRI,-,-,Ganga,Ganga,Yamuna,-,-,Yamuna,30.31444444,77.58500000,11-10-2022 08:30,11.6
835,835,Hathnikund Barrage,CWC,6,Haryana,76,YAMUNANAGAR,JAGADHRI,-,-,Ganga,Ganga,Yamuna,-,-,Yamuna,30.31444444,77.58500000,12-10-2022 08:30,22.6
836,836,Hathnikund Barrage,CWC,6,Haryana,76,YAMUNANAGAR,JAGADHRI,-,-,Ganga,Ganga,Yamuna,-,-,Yamuna,30.31444444,77.58500000,14-01-2023 08:30,1
837,837,Hathnikund Barrage,CWC,6,Haryana,76,YAMUNANAGAR,JAGADHRI,-,-,Ganga,Ganga,Yamuna,-,-,Yamuna,30.31444444,77.58500000,20-01-2023 08:30,4.8
838,838,Hathnikund Barrage,CWC,6,Haryana,76,YAMUNANAGAR,JAGADHRI,-,-,Ganga,Ganga,Yamuna,-,-,Yamuna,30.31444444,77.58500000,25-01-2023 08:30,1
839,839,Hathnikund Barrage,CWC,6,Haryana,76,YAMUNANAGAR,JAGADHRI,-,-,Ganga,Ganga,Yamuna,-,-,Yamuna,30.31444444,77.58500000,30-01-2023 08:30,12.6
840,840,Hathnikund Barrage,CWC,6,Haryana,76,YAMUNANAGAR,JAGADHRI,-,-,Ganga,Ganga,Yamuna,-,-,Yamuna,30.31444444,77.58500000,18-03-2023 08:30,1.6
841,841,Hathnikund Barrage,CWC,6,Haryana,76,YAMUNANAGAR,JAGADHRI,-,-,Ganga,Ganga,Yamuna,-,-,Yamuna,30.31444444,77.58500000,22-03-2023 08:30,17.4
842,842,Hathnikund Barrage,CWC,6,Haryana,76,YAMUNANAGAR,JAGADHRI,-,-,Ganga,Ganga,Yamuna,-,-,Yamuna,30.31444444,77.58500000,25-03-2023 08:30,4.4
843,843,Hathnikund Barrage,CWC,6,Haryana,76,YAMUNANAGAR,JAGADHRI,-,-,Ganga,Ganga,Yamuna,-,-,Yamuna,30.31444444,77.58500000,26-03-2023 08:30,9.2
844,844,Hathnikund Barrage,CWC,6,Haryana,76,YAMUNANAGAR,JAGADHRI,-,-,Ganga,Ganga,Yamuna,-,-,Yamuna,30.31444444,77.58500000,31-03-2023 08:30,8.4
845,845,Hathnikund Barrage,CWC,6,Haryana,76,YAMUNANAGAR,JAGADHRI,-,-,Ganga,Ganga,Yamuna,-,-,Yamuna,30.31444444,77.58500000,01-04-2023 08:30,9.8
846,846,Hathnikund Barrage,CWC,6,Haryana,76,YAMUNANAGAR,JAGADHRI,-,-,Ganga,Ganga,Yamuna,-,-,Yamuna,30.31444444,77.58500000,21-04-2023 08:30,1.4
847,847,Hathnikund Barrage,CWC,6,Haryana,76,YAMUNANAGAR,JAGADHRI,-,-,Ganga,Ganga,Yamuna,-,-,Yamuna,30.31444444,77.58500000,01-05-2023 08:30,2
848,848,Hathnikund Barrage,CWC,6,Haryana,76,YAMUNANAGAR,JAGADHRI,-,-,Ganga,Ganga,Yamuna,-,-,Yamuna,30.31444444,77.58500000,02-05-2023 08:30,1.8
849,849,Hathnikund Barrage,CWC,6,Haryana,76,YAMUNANAGAR,JAGADHRI,-,-,Ganga,Ganga,Yamuna,-,-,Yamuna,30.31444444,77.58500000,03-05-2023 08:30,1.2
850,850,Hathnikund Barrage,CWC,6,Haryana,76,YAMUNANAGAR,JAGADHRI,-,-,Ganga,Ganga,Yamuna,-,-,Yamuna,30.31444444,77.58500000,04-05-2023 08:30,5.8
851,851,Hathnikund Barrage,CWC,6,Haryana,76,YAMUNANAGAR,JAGADHRI,-,-,Ganga,Ganga,Yamuna,-,-,Yamuna,30.31444444,77.58500000,01-06-2023 08:30,25.4
852,852,Hathnikund Barrage,CWC,6,Haryana,76,YAMUNANAGAR,JAGADHRI,-,-,Ganga,Ganga,Yamuna,-,-,Yamuna,30.31444444,77.58500000,02-06-2023 08:30,2.2
853,853,Hathnikund Barrage,CWC,6,Haryana,76,YAMUNANAGAR,JAGADHRI,-,-,Ganga,Ganga,Yamuna,-,-,Yamuna,30.31444444,77.58500000,15-06-2023 08:30,0.6
854,854,Hathnikund Barrage,CWC,6,Haryana,76,YAMUNANAGAR,JAGADHRI,-,-,Ganga,Ganga,Yamuna,-,-,Yamuna,30.31444444,77.58500000,18-06-2023 08:30,0.8
855,855,Hathnikund Barrage,CWC,6,Haryana,76,YAMUNANAGAR,JAGADHRI,-,-,Ganga,Ganga,Yamuna,-,-,Yamuna,30.31444444,77.58500000,21-06-2023 08:30,14.4
856,856,Hathnikund Barrage,CWC,6,Haryana,76,YAMUNANAGAR,JAGADHRI,-,-,Ganga,Ganga,Yamuna,-,-,Yamuna,30.31444444,77.58500000,23-06-2023 08:30,47.6
857,857,Hathnikund Barrage,CWC,6,Haryana,76,YAMUNANAGAR,JAGADHRI,-,-,Ganga,Ganga,Yamuna,-,-,Yamuna,30.31444444,77.58500000,24-06-2023 08:30,71.4
858,858,Hathnikund Barrage,CWC,6,Haryana,76,YAMUNANAGAR,JAGADHRI,-,-,Ganga,Ganga,Yamuna,-,-,Yamuna,30.31444444,77.58500000,25-06-2023 08:30,4.8
859,859,Hathnikund Barrage,CWC,6,Haryana,76,YAMUNANAGAR,JAGADHRI,-,-,Ganga,Ganga,Yamuna,-,-,Yamuna,30.31444444,77.58500000,26-06-2023 08:30,29
860,860,Hathnikund Barrage,CWC,6,Haryana,76,YAMUNANAGAR,JAGADHRI,-,-,Ganga,Ganga,Yamuna,-,-,Yamuna,30.31444444,77.58500000,27-06-2023 08:30,24.4
861,861,Hathnikund Barrage,CWC,6,Haryana,76,YAMUNANAGAR,JAGADHRI,-,-,Ganga,Ganga,Yamuna,-,-,Yamuna,30.31444444,77.58500000,28-06-2023 08:30,65.2
862,862,Hathnikund Barrage,CWC,6,Haryana,76,YAMUNANAGAR,JAGADHRI,-,-,Ganga,Ganga,Yamuna,-,-,Yamuna,30.31444444,77.58500000,29-06-2023 08:30,10
863,863,Hathnikund Barrage,CWC,6,Haryana,76,YAMUNANAGAR,JAGADHRI,-,-,Ganga,Ganga,Yamuna,-,-,Yamuna,30.31444444,77.58500000,30-06-2023 08:30,0.8
864,864,Hathnikund Barrage,CWC,6,Haryana,76,YAMUNANAGAR,JAGADHRI,-,-,Ganga,Ganga,Yamuna,-,-,Yamuna,30.31444444,77.58500000,04-07-2023 08:30,10
865,865,Hathnikund Barrage,CWC,6,Haryana,76,YAMUNANAGAR,JAGADHRI,-,-,Ganga,Ganga,Yamuna,-,-,Yamuna,30.31444444,77.58500000,05-07-2023 08:30,30.4
866,866,Hathnikund Barrage,CWC,6,Haryana,76,YAMUNANAGAR,JAGADHRI,-,-,Ganga,Ganga,Yamuna,-,-,Yamuna,30.31444444,77.58500000,06-07-2023 08:30,2.8
867,867,Hathnikund Barrage,CWC,6,Haryana,76,YAMUNANAGAR,JAGADHRI,-,-,Ganga,Ganga,Yamuna,-,-,Yamuna,30.31444444,77.58500000,08-07-2023 08:30,14.6
868,868,Hathnikund Barrage,CWC,6,Haryana,76,YAMUNANAGAR,JAGADHRI,-,-,Ganga,Ganga,Yamuna,-,-,Yamuna,30.31444444,77.58500000,08-07-2023 11:30,10
869,869,Hathnikund Barrage,CWC,6,Haryana,76,YAMUNANAGAR,JAGADHRI,-,-,Ganga,Ganga,Yamuna,-,-,Yamuna,30.31444444,77.58500000,08-07-2023 14:30,2.2
870,870,Hathnikund Barrage,CWC,6,Haryana,76,YAMUNANAGAR,JAGADHRI,-,-,Ganga,Ganga,Yamuna,-,-,Yamuna,30.31444444,77.58500000,08-07-2023 17:30,15.8
871,871,Hathnikund Barrage,CWC,6,Haryana,76,YAMUNANAGAR,JAGADHRI,-,-,Ganga,Ganga,Yamuna,-,-,Yamuna,30.31444444,77.58500000,08-07-2023 20:30,1
872,872,Hathnikund Barrage,CWC,6,Haryana,76,YAMUNANAGAR,JAGADHRI,-,-,Ganga,Ganga,Yamuna,-,-,Yamuna,30.31444444,77.58500000,08-07-2023 23:30,10.8
873,873,Hathnikund Barrage,CWC,6,Haryana,76,YAMUNANAGAR,JAGADHRI,-,-,Ganga,Ganga,Yamuna,-,-,Yamuna,30.31444444,77.58500000,09-07-2023 02:30,25.4
874,874,Hathnikund Barrage,CWC,6,Haryana,76,YAMUNANAGAR,JAGADHRI,-,-,Ganga,Ganga,Yamuna,-,-,Yamuna,30.31444444,77.58500000,09-07-2023 05:30,4.2
875,875,Hathnikund Barrage,CWC,6,Haryana,76,YAMUNANAGAR,JAGADHRI,-,-,Ganga,Ganga,Yamuna,-,-,Yamuna,30.31444444,77.58500000,09-07-2023 08:30,14.4
876,876,Hathnikund Barrage,CWC,6,Haryana,76,YAMUNANAGAR,JAGADHRI,-,-,Ganga,Ganga,Yamuna,-,-,Yamuna,30.31444444,77.58500000,09-07-2023 11:30,5
877,877,Hathnikund Barrage,CWC,6,Haryana,76,YAMUNANAGAR,JAGADHRI,-,-,Ganga,Ganga,Yamuna,-,-,Yamuna,30.31444444,77.58500000,09-07-2023 14:30,30
878,878,Hathnikund Barrage,CWC,6,Haryana,76,YAMUNANAGAR,JAGADHRI,-,-,Ganga,Ganga,Yamuna,-,-,Yamuna,30.31444444,77.58500000,09-07-2023 17:30,115
879,879,Hathnikund Barrage,CWC,6,Haryana,76,YAMUNANAGAR,JAGADHRI,-,-,Ganga,Ganga,Yamuna,-,-,Yamuna,30.31444444,77.58500000,09-07-2023 20:30,50
880,880,Hathnikund Barrage,CWC,6,Haryana,76,YAMUNANAGAR,JAGADHRI,-,-,Ganga,Ganga,Yamuna,-,-,Yamuna,30.31444444,77.58500000,10-07-2023 08:30,12.2
881,881,Hathnikund Barrage,CWC,6,Haryana,76,YAMUNANAGAR,JAGADHRI,-,-,Ganga,Ganga,Yamuna,-,-,Yamuna,30.31444444,77.58500000,10-07-2023 11:30,22.8
882,882,Hathnikund Barrage,CWC,6,Haryana,76,YAMUNANAGAR,JAGADHRI,-,-,Ganga,Ganga,Yamuna,-,-,Yamuna,30.31444444,77.58500000,10-07-2023 14:30,5.8
883,883,Hathnikund Barrage,CWC,6,Haryana,76,YAMUNANAGAR,JAGADHRI,-,-,Ganga,Ganga,Yamuna,-,-,Yamuna,30.31444444,77.58500000,10-07-2023 17:30,14.8
884,884,Hathnikund Barrage,CWC,6,Haryana,76,YAMUNANAGAR,JAGADHRI,-,-,Ganga,Ganga,Yamuna,-,-,Yamuna,30.31444444,77.58500000,10-07-2023 20:30,20
885,885,Hathnikund Barrage,CWC,6,Haryana,76,YAMUNANAGAR,JAGADHRI,-,-,Ganga,Ganga,Yamuna,-,-,Yamuna,30.31444444,77.58500000,11-07-2023 05:30,30
886,886,Hathnikund Barrage,CWC,6,Haryana,76,YAMUNANAGAR,JAGADHRI,-,-,Ganga,Ganga,Yamuna,-,-,Yamuna,30.31444444,77.58500000,11-07-2023 08:30,83
887,887,Hathnikund Barrage,CWC,6,Haryana,76,YAMUNANAGAR,JAGADHRI,-,-,Ganga,Ganga,Yamuna,-,-,Yamuna,30.31444444,77.58500000,11-07-2023 11:30,2.2
888,888,Hathnikund Barrage,CWC,6,Haryana,76,YAMUNANAGAR,JAGADHRI,-,-,Ganga,Ganga,Yamuna,-,-,Yamuna,30.31444444,77.58500000,12-07-2023 05:30,20
889,889,Hathnikund Barrage,CWC,6,Haryana,76,YAMUNANAGAR,JAGADHRI,-,-,Ganga,Ganga,Yamuna,-,-,Yamuna,30.31444444,77.58500000,12-07-2023 08:30,62.8
890,890,Hathnikund Barrage,CWC,6,Haryana,76,YAMUNANAGAR,JAGADHRI,-,-,Ganga,Ganga,Yamuna,-,-,Yamuna,30.31444444,77.58500000,12-07-2023 11:30,15.2
891,891,Hathnikund Barrage,CWC,6,Haryana,76,YAMUNANAGAR,JAGADHRI,-,-,Ganga,Ganga,Yamuna,-,-,Yamuna,30.31444444,77.58500000,12-07-2023 14:30,16
892,892,Hathnikund Barrage,CWC,6,Haryana,76,YAMUNANAGAR,JAGADHRI,-,-,Ganga,Ganga,Yamuna,-,-,Yamuna,30.31444444,77.58500000,13-07-2023 05:30,20
893,893,Hathnikund Barrage,CWC,6,Haryana,76,YAMUNANAGAR,JAGADHRI,-,-,Ganga,Ganga,Yamuna,-,-,Yamuna,30.31444444,77.58500000,13-07-2023 08:30,82.4
894,894,Hathnikund Barrage,CWC,6,Haryana,76,YAMUNANAGAR,JAGADHRI,-,-,Ganga,Ganga,Yamuna,-,-,Yamuna,30.31444444,77.58500000,13-07-2023 11:30,4.8
895,895,Hathnikund Barrage,CWC,6,Haryana,76,YAMUNANAGAR,JAGADHRI,-,-,Ganga,Ganga,Yamuna,-,-,Yamuna,30.31444444,77.58500000,17-07-2023 02:30,8
896,896,Hathnikund Barrage,CWC,6,Haryana,76,YAMUNANAGAR,JAGADHRI,-,-,Ganga,Ganga,Yamuna,-,-,Yamuna,30.31444444,77.58500000,17-07-2023 17:30,2
897,897,Hathnikund Barrage,CWC,6,Haryana,76,YAMUNANAGAR,JAGADHRI,-,-,Ganga,Ganga,Yamuna,-,-,Yamuna,30.31444444,77.58500000,18-07-2023 08:30,18
898,898,Hathnikund Barrage,CWC,6,Haryana,76,YAMUNANAGAR,JAGADHRI,-,-,Ganga,Ganga,Yamuna,-,-,Yamuna,30.31444444,77.58500000,22-07-2023 05:30,5
899,899,Hathnikund Barrage,CWC,6,Haryana,76,YAMUNANAGAR,JAGADHRI,-,-,Ganga,Ganga,Yamuna,-,-,Yamuna,30.31444444,77.58500000,22-07-2023 08:30,28
900,900,Hathnikund Barrage,CWC,6,Haryana,76,YAMUNANAGAR,JAGADHRI,-,-,Ganga,Ganga,Yamuna,-,-,Yamuna,30.31444444,77.58500000,22-07-2023 11:30,62
901,901,Hathnikund Barrage,CWC,6,Haryana,76,YAMUNANAGAR,JAGADHRI,-,-,Ganga,Ganga,Yamuna,-,-,Yamuna,30.31444444,77.58500000,23-07-2023 08:30,17
902,902,Hathnikund Barrage,CWC,6,Haryana,76,YAMUNANAGAR,JAGADHRI,-,-,Ganga,Ganga,Yamuna,-,-,Yamuna,30.31444444,77.58500000,24-07-2023 08:30,12
903,903,Hathnikund Barrage,CWC,6,Haryana,76,YAMUNANAGAR,JAGADHRI,-,-,Ganga,Ganga,Yamuna,-,-,Yamuna,30.31444444,77.58500000,24-07-2023 11:30,1.4
904,904,Hathnikund Barrage,CWC,6,Haryana,76,YAMUNANAGAR,JAGADHRI,-,-,Ganga,Ganga,Yamuna,-,-,Yamuna,30.31444444,77.58500000,25-07-2023 20:30,29
905,905,Hathnikund Barrage,CWC,6,Haryana,76,YAMUNANAGAR,JAGADHRI,-,-,Ganga,Ganga,Yamuna,-,-,Yamuna,30.31444444,77.58500000,26-07-2023 02:30,10
906,906,Hathnikund Barrage,CWC,6,Haryana,76,YAMUNANAGAR,JAGADHRI,-,-,Ganga,Ganga,Yamuna,-,-,Yamuna,30.31444444,77.58500000,26-07-2023 05:30,20
907,907,Hathnikund Barrage,CWC,6,Haryana,76,YAMUNANAGAR,JAGADHRI,-,-,Ganga,Ganga,Yamuna,-,-,Yamuna,30.31444444,77.58500000,26-07-2023 08:30,17
908,908,Hathnikund Barrage,CWC,6,Haryana,76,YAMUNANAGAR,JAGADHRI,-,-,Ganga,Ganga,Yamuna,-,-,Yamuna,30.31444444,77.58500000,28-07-2023 08:30,2.4
909,909,Hathnikund Barrage,CWC,6,Haryana,76,YAMUNANAGAR,JAGADHRI,-,-,Ganga,Ganga,Yamuna,-,-,Yamuna,30.31444444,77.58500000,28-07-2023 11:30,4
910,910,Hathnikund Barrage,CWC,6,Haryana,76,YAMUNANAGAR,JAGADHRI,-,-,Ganga,Ganga,Yamuna,-,-,Yamuna,30.31444444,77.58500000,29-07-2023 02:30,1
911,911,Hathnikund Barrage,CWC,6,Haryana,76,YAMUNANAGAR,JAGADHRI,-,-,Ganga,Ganga,Yamuna,-,-,Yamuna,30.31444444,77.58500000,02-08-2023 14:30,53
912,912,Hathnikund Barrage,CWC,6,Haryana,76,YAMUNANAGAR,JAGADHRI,-,-,Ganga,Ganga,Yamuna,-,-,Yamuna,30.31444444,77.58500000,04-08-2023 11:30,8
913,913,Hathnikund Barrage,CWC,6,Haryana,76,YAMUNANAGAR,JAGADHRI,-,-,Ganga,Ganga,Yamuna,-,-,Yamuna,30.31444444,77.58500000,04-08-2023 14:30,22
914,914,Hathnikund Barrage,CWC,6,Haryana,76,YAMUNANAGAR,JAGADHRI,-,-,Ganga,Ganga,Yamuna,-,-,Yamuna,30.31444444,77.58500000,06-08-2023 14:30,5
915,915,Hathnikund Barrage,CWC,6,Haryana,76,YAMUNANAGAR,JAGADHRI,-,-,Ganga,Ganga,Yamuna,-,-,Yamuna,30.31444444,77.58500000,07-08-2023 05:30,2
916,916,Hathnikund Barrage,CWC,6,Haryana,76,YAMUNANAGAR,JAGADHRI,-,-,Ganga,Ganga,Yamuna,-,-,Yamuna,30.31444444,77.58500000,10-08-2023 20:30,2
917,917,Hathnikund Barrage,CWC,6,Haryana,76,YAMUNANAGAR,JAGADHRI,-,-,Ganga,Ganga,Yamuna,-,-,Yamuna,30.31444444,77.58500000,11-08-2023 05:30,35
918,918,Hathnikund Barrage,CWC,6,Haryana,76,YAMUNANAGAR,JAGADHRI,-,-,Ganga,Ganga,Yamuna,-,-,Yamuna,30.31444444,77.58500000,11-08-2023 08:30,38
919,919,Hathnikund Barrage,CWC,6,Haryana,76,YAMUNANAGAR,JAGADHRI,-,-,Ganga,Ganga,Yamuna,-,-,Yamuna,30.31444444,77.58500000,13-08-2023 20:30,110
920,920,Hathnikund Barrage,CWC,6,Haryana,76,YAMUNANAGAR,JAGADHRI,-,-,Ganga,Ganga,Yamuna,-,-,Yamuna,30.31444444,77.58500000,13-08-2023 23:30,17
921,921,Hathnikund Barrage,CWC,6,Haryana,76,YAMUNANAGAR,JAGADHRI,-,-,Ganga,Ganga,Yamuna,-,-,Yamuna,30.31444444,77.58500000,14-08-2023 02:30,15
922,922,Hathnikund Barrage,CWC,6,Haryana,76,YAMUNANAGAR,JAGADHRI,-,-,Ganga,Ganga,Yamuna,-,-,Yamuna,30.31444444,77.58500000,14-08-2023 05:30,20
923,923,Hathnikund Barrage,CWC,6,Haryana,76,YAMUNANAGAR,JAGADHRI,-,-,Ganga,Ganga,Yamuna,-,-,Yamuna,30.31444444,77.58500000,14-08-2023 08:30,150
924,924,Hathnikund Barrage,CWC,6,Haryana,76,YAMUNANAGAR,JAGADHRI,-,-,Ganga,Ganga,Yamuna,-,-,Yamuna,30.31444444,77.58500000,20-08-2023 17:30,4
925,925,Hathnikund Barrage,CWC,6,Haryana,76,YAMUNANAGAR,JAGADHRI,-,-,Ganga,Ganga,Yamuna,-,-,Yamuna,30.31444444,77.58500000,20-08-2023 20:30,20
926,926,Hathnikund Barrage,CWC,6,Haryana,76,YAMUNANAGAR,JAGADHRI,-,-,Ganga,Ganga,Yamuna,-,-,Yamuna,30.31444444,77.58500000,21-08-2023 20:30,20
927,927,Hathnikund Barrage,CWC,6,Haryana,76,YAMUNANAGAR,JAGADHRI,-,-,Ganga,Ganga,Yamuna,-,-,Yamuna,30.31444444,77.58500000,23-08-2023 05:30,15
928,928,Hathnikund Barrage,CWC,6,Haryana,76,YAMUNANAGAR,JAGADHRI,-,-,Ganga,Ganga,Yamuna,-,-,Yamuna,30.31444444,77.58500000,23-08-2023 08:30,5
929,929,Hathnikund Barrage,CWC,6,Haryana,76,YAMUNANAGAR,JAGADHRI,-,-,Ganga,Ganga,Yamuna,-,-,Yamuna,30.31444444,77.58500000,23-08-2023 14:30,10
930,930,Hathnikund Barrage,CWC,6,Haryana,76,YAMUNANAGAR,JAGADHRI,-,-,Ganga,Ganga,Yamuna,-,-,Yamuna,30.31444444,77.58500000,23-08-2023 17:30,15
931,931,Hathnikund Barrage,CWC,6,Haryana,76,YAMUNANAGAR,JAGADHRI,-,-,Ganga,Ganga,Yamuna,-,-,Yamuna,30.31444444,77.58500000,24-08-2023 20:30,5
932,932,Hathnikund Barrage,CWC,6,Haryana,76,YAMUNANAGAR,JAGADHRI,-,-,Ganga,Ganga,Yamuna,-,-,Yamuna,30.31444444,77.58500000,08-09-2023 08:30,10
933,933,Hathnikund Barrage,CWC,6,Haryana,76,YAMUNANAGAR,JAGADHRI,-,-,Ganga,Ganga,Yamuna,-,-,Yamuna,30.31444444,77.58500000,09-09-2023 20:30,12.4
934,934,Hathnikund Barrage,CWC,6,Haryana,76,YAMUNANAGAR,JAGADHRI,-,-,Ganga,Ganga,Yamuna,-,-,Yamuna,30.31444444,77.58500000,09-09-2023 23:30,5
935,935,Hathnikund Barrage,CWC,6,Haryana,76,YAMUNANAGAR,JAGADHRI,-,-,Ganga,Ganga,Yamuna,-,-,Yamuna,30.31444444,77.58500000,10-09-2023 02:30,2.4
936,936,Hathnikund Barrage,CWC,6,Haryana,76,YAMUNANAGAR,JAGADHRI,-,-,Ganga,Ganga,Yamuna,-,-,Yamuna,30.31444444,77.58500000,15-09-2023 08:30,45
937,937,Hathnikund Barrage,CWC,6,Haryana,76,YAMUNANAGAR,JAGADHRI,-,-,Ganga,Ganga,Yamuna,-,-,Yamuna,30.31444444,77.58500000,17-09-2023 14:30,1
938,938,Hathnikund Barrage,CWC,6,Haryana,76,YAMUNANAGAR,JAGADHRI,-,-,Ganga,Ganga,Yamuna,-,-,Yamuna,30.31444444,77.58500000,22-09-2023 20:30,0.8
939,939,Hathnikund Barrage,CWC,6,Haryana,76,YAMUNANAGAR,JAGADHRI,-,-,Ganga,Ganga,Yamuna,-,-,Yamuna,30.31444444,77.58500000,01-02-2024 08:30,4.2
940,940,Hathnikund Barrage,CWC,6,Haryana,76,YAMUNANAGAR,JAGADHRI,-,-,Ganga,Ganga,Yamuna,-,-,Yamuna,30.31444444,77.58500000,02-02-2024 08:30,2.4
941,941,Hathnikund Barrage,CWC,6,Haryana,76,YAMUNANAGAR,JAGADHRI,-,-,Ganga,Ganga,Yamuna,-,-,Yamuna,30.31444444,77.58500000,04-02-2024 08:30,21.2
942,942,Hathnikund Barrage,CWC,6,Haryana,76,YAMUNANAGAR,JAGADHRI,-,-,Ganga,Ganga,Yamuna,-,-,Yamuna,30.31444444,77.58500000,05-02-2024 08:30,41.2
943,943,Hathnikund Barrage,CWC,6,Haryana,76,YAMUNANAGAR,JAGADHRI,-,-,Ganga,Ganga,Yamuna,-,-,Yamuna,30.31444444,77.58500000,20-02-2024 08:30,6
944,944,Hathnikund Barrage,CWC,6,Haryana,76,YAMUNANAGAR,JAGADHRI,-,-,Ganga,Ganga,Yamuna,-,-,Yamuna,30.31444444,77.58500000,02-03-2024 08:30,5.2
945,945,Hathnikund Barrage,CWC,6,Haryana,76,YAMUNANAGAR,JAGADHRI,-,-,Ganga,Ganga,Yamuna,-,-,Yamuna,30.31444444,77.58500000,03-03-2024 08:30,45.2
946,946,Hathnikund Barrage,CWC,6,Haryana,76,YAMUNANAGAR,JAGADHRI,-,-,Ganga,Ganga,Yamuna,-,-,Yamuna,30.31444444,77.58500000,04-03-2024 08:30,2.4
947,947,Hathnikund Barrage,CWC,6,Haryana,76,YAMUNANAGAR,JAGADHRI,-,-,Ganga,Ganga,Yamuna,-,-,Yamuna,30.31444444,77.58500000,30-03-2024 08:30,19.8
948,948,Hathnikund Barrage,CWC,6,Haryana,76,YAMUNANAGAR,JAGADHRI,-,-,Ganga,Ganga,Yamuna,-,-,Yamuna,30.31444444,77.58500000,19-06-2024 20:30,1.8
949,949,Hathnikund Barrage,CWC,6,Haryana,76,YAMUNANAGAR,JAGADHRI,-,-,Ganga,Ganga,Yamuna,-,-,Yamuna,30.31444444,77.58500000,19-06-2024 23:30,6.4
950,950,Hathnikund Barrage,CWC,6,Haryana,76,YAMUNANAGAR,JAGADHRI,-,-,Ganga,Ganga,Yamuna,-,-,Yamuna,30.31444444,77.58500000,20-06-2024 08:30,5
951,951,Hathnikund Barrage,CWC,6,Haryana,76,YAMUNANAGAR,JAGADHRI,-,-,Ganga,Ganga,Yamuna,-,-,Yamuna,30.31444444,77.58500000,23-06-2024 17:30,7.2
952,952,Hathnikund Barrage,CWC,6,Haryana,76,YAMUNANAGAR,JAGADHRI,-,-,Ganga,Ganga,Yamuna,-,-,Yamuna,30.31444444,77.58500000,23-06-2024 20:30,2
953,953,Hathnikund Barrage,CWC,6,Haryana,76,YAMUNANAGAR,JAGADHRI,-,-,Ganga,Ganga,Yamuna,-,-,Yamuna,30.31444444,77.58500000,24-06-2024 17:30,13.2
954,954,Hathnikund Barrage,CWC,6,Haryana,76,YAMUNANAGAR,JAGADHRI,-,-,Ganga,Ganga,Yamuna,-,-,Yamuna,30.31444444,77.58500000,28-06-2024 11:30,6.6
955,955,Hathnikund Barrage,CWC,6,Haryana,76,YAMUNANAGAR,JAGADHRI,-,-,Ganga,Ganga,Yamuna,-,-,Yamuna,30.31444444,77.58500000,01-07-2024 02:30,3
956,956,Hathnikund Barrage,CWC,6,Haryana,76,YAMUNANAGAR,JAGADHRI,-,-,Ganga,Ganga,Yamuna,-,-,Yamuna,30.31444444,77.58500000,01-07-2024 05:30,8.2
957,957,Hathnikund Barrage,CWC,6,Haryana,76,YAMUNANAGAR,JAGADHRI,-,-,Ganga,Ganga,Yamuna,-,-,Yamuna,30.31444444,77.58500000,02-07-2024 11:30,1.4
958,958,Hathnikund Barrage,CWC,6,Haryana,76,YAMUNANAGAR,JAGADHRI,-,-,Ganga,Ganga,Yamuna,-,-,Yamuna,30.31444444,77.58500000,02-07-2024 14:30,10.6
959,959,Hathnikund Barrage,CWC,6,Haryana,76,YAMUNANAGAR,JAGADHRI,-,-,Ganga,Ganga,Yamuna,-,-,Yamuna,30.31444444,77.58500000,04-07-2024 17:30,12.8
960,960,Hathnikund Barrage,CWC,6,Haryana,76,YAMUNANAGAR,JAGADHRI,-,-,Ganga,Ganga,Yamuna,-,-,Yamuna,30.31444444,77.58500000,06-07-2024 08:30,6.4
961,961,Hathnikund Barrage,CWC,6,Haryana,76,YAMUNANAGAR,JAGADHRI,-,-,Ganga,Ganga,Yamuna,-,-,Yamuna,30.31444444,77.58500000,06-07-2024 11:30,0.8
962,962,Hathnikund Barrage,CWC,6,Haryana,76,YAMUNANAGAR,JAGADHRI,-,-,Ganga,Ganga,Yamuna,-,-,Yamuna,30.31444444,77.58500000,08-07-2024 17:30,3.6
963,963,Hathnikund Barrage,CWC,6,Haryana,76,YAMUNANAGAR,JAGADHRI,-,-,Ganga,Ganga,Yamuna,-,-,Yamuna,30.31444444,77.58500000,11-07-2024 08:30,0.6
964,964,Hathnikund Barrage,CWC,6,Haryana,76,YAMUNANAGAR,JAGADHRI,-,-,Ganga,Ganga,Yamuna,-,-,Yamuna,30.31444444,77.58500000,17-07-2024 08:30,2
965,965,Hathnikund Barrage,CWC,6,Haryana,76,YAMUNANAGAR,JAGADHRI,-,-,Ganga,Ganga,Yamuna,-,-,Yamuna,30.31444444,77.58500000,17-07-2024 11:30,12.4
966,966,Hathnikund Barrage,CWC,6,Haryana,76,YAMUNANAGAR,JAGADHRI,-,-,Ganga,Ganga,Yamuna,-,-,Yamuna,30.31444444,77.58500000,17-07-2024 14:30,7
967,967,Hathnikund Barrage,CWC,6,Haryana,76,YAMUNANAGAR,JAGADHRI,-,-,Ganga,Ganga,Yamuna,-,-,Yamuna,30.31444444,77.58500000,17-07-2024 17:30,1.2
968,968,Hathnikund Barrage,CWC,6,Haryana,76,YAMUNANAGAR,JAGADHRI,-,-,Ganga,Ganga,Yamuna,-,-,Yamuna,30.31444444,77.58500000,18-07-2024 05:30,15
969,969,Hathnikund Barrage,CWC,6,Haryana,76,YAMUNANAGAR,JAGADHRI,-,-,Ganga,Ganga,Yamuna,-,-,Yamuna,30.31444444,77.58500000,19-07-2024 20:30,11
970,970,Hathnikund Barrage,CWC,6,Haryana,76,YAMUNANAGAR,JAGADHRI,-,-,Ganga,Ganga,Yamuna,-,-,Yamuna,30.31444444,77.58500000,19-07-2024 23:30,1
971,971,Hathnikund Barrage,CWC,6,Haryana,76,YAMUNANAGAR,JAGADHRI,-,-,Ganga,Ganga,Yamuna,-,-,Yamuna,30.31444444,77.58500000,22-07-2024 05:30,22
972,972,Hathnikund Barrage,CWC,6,Haryana,76,YAMUNANAGAR,JAGADHRI,-,-,Ganga,Ganga,Yamuna,-,-,Yamuna,30.31444444,77.58500000,22-07-2024 08:30,10.6
973,973,Hathnikund Barrage,CWC,6,Haryana,76,YAMUNANAGAR,JAGADHRI,-,-,Ganga,Ganga,Yamuna,-,-,Yamuna,30.31444444,77.58500000,23-07-2024 05:30,65
974,974,Hathnikund Barrage,CWC,6,Haryana,76,YAMUNANAGAR,JAGADHRI,-,-,Ganga,Ganga,Yamuna,-,-,Yamuna,30.31444444,77.58500000,23-07-2024 08:30,4.2
975,975,Hathnikund Barrage,CWC,6,Haryana,76,YAMUNANAGAR,JAGADHRI,-,-,Ganga,Ganga,Yamuna,-,-,Yamuna,30.31444444,77.58500000,24-07-2024 08:30,7.6
976,976,Hathnikund Barrage,CWC,6,Haryana,76,YAMUNANAGAR,JAGADHRI,-,-,Ganga,Ganga,Yamuna,-,-,Yamuna,30.31444444,77.58500000,25-07-2024 05:30,0.8
977,977,Hathnikund Barrage,CWC,6,Haryana,76,YAMUNANAGAR,JAGADHRI,-,-,Ganga,Ganga,Yamuna,-,-,Yamuna,30.31444444,77.58500000,26-07-2024 17:30,0.6
978,978,Hathnikund Barrage,CWC,6,Haryana,76,YAMUNANAGAR,JAGADHRI,-,-,Ganga,Ganga,Yamuna,-,-,Yamuna,30.31444444,77.58500000,27-07-2024 05:30,1.6
979,979,Hathnikund Barrage,CWC,6,Haryana,76,YAMUNANAGAR,JAGADHRI,-,-,Ganga,Ganga,Yamuna,-,-,Yamuna,30.31444444,77.58500000,27-07-2024 11:30,2.4
980,980,Hathnikund Barrage,CWC,6,Haryana,76,YAMUNANAGAR,JAGADHRI,-,-,Ganga,Ganga,Yamuna,-,-,Yamuna,30.31444444,77.58500000,29-07-2024 05:30,1
981,981,Hathnikund Barrage,CWC,6,Haryana,76,YAMUNANAGAR,JAGADHRI,-,-,Ganga,Ganga,Yamuna,-,-,Yamuna,30.31444444,77.58500000,29-07-2024 20:30,22
982,982,Hathnikund Barrage,CWC,6,Haryana,76,YAMUNANAGAR,JAGADHRI,-,-,Ganga,Ganga,Yamuna,-,-,Yamuna,30.31444444,77.58500000,29-07-2024 23:30,18.4
983,983,Hathnikund Barrage,CWC,6,Haryana,76,YAMUNANAGAR,JAGADHRI,-,-,Ganga,Ganga,Yamuna,-,-,Yamuna,30.31444444,77.58500000,30-07-2024 02:30,8
984,984,Hathnikund Barrage,CWC,6,Haryana,76,YAMUNANAGAR,JAGADHRI,-,-,Ganga,Ganga,Yamuna,-,-,Yamuna,30.31444444,77.58500000,31-07-2024 17:30,1.6
985,985,Hathnikund Barrage,CWC,6,Haryana,76,YAMUNANAGAR,JAGADHRI,-,-,Ganga,Ganga,Yamuna,-,-,Yamuna,30.31444444,77.58500000,01-08-2024 02:30,13
986,986,Hathnikund Barrage,CWC,6,Haryana,76,YAMUNANAGAR,JAGADHRI,-,-,Ganga,Ganga,Yamuna,-,-,Yamuna,30.31444444,77.58500000,01-08-2024 05:30,5
987,987,Hathnikund Barrage,CWC,6,Haryana,76,YAMUNANAGAR,JAGADHRI,-,-,Ganga,Ganga,Yamuna,-,-,Yamuna,30.31444444,77.58500000,06-08-2024 23:30,4
988,988,Hathnikund Barrage,CWC,6,Haryana,76,YAMUNANAGAR,JAGADHRI,-,-,Ganga,Ganga,Yamuna,-,-,Yamuna,30.31444444,77.58500000,07-08-2024 02:30,12.4
989,989,Hathnikund Barrage,CWC,6,Haryana,76,YAMUNANAGAR,JAGADHRI,-,-,Ganga,Ganga,Yamuna,-,-,Yamuna,30.31444444,77.58500000,07-08-2024 05:30,14.2
990,990,Hathnikund Barrage,CWC,6,Haryana,76,YAMUNANAGAR,JAGADHRI,-,-,Ganga,Ganga,Yamuna,-,-,Yamuna,30.31444444,77.58500000,07-08-2024 08:30,4.4
991,991,Hathnikund Barrage,CWC,6,Haryana,76,YAMUNANAGAR,JAGADHRI,-,-,Ganga,Ganga,Yamuna,-,-,Yamuna,30.31444444,77.58500000,11-08-2024 14:30,2.4
992,992,Hathnikund Barrage,CWC,6,Haryana,76,YAMUNANAGAR,JAGADHRI,-,-,Ganga,Ganga,Yamuna,-,-,Yamuna,30.31444444,77.58500000,11-08-2024 17:30,2.4
993,993,Hathnikund Barrage,CWC,6,Haryana,76,YAMUNANAGAR,JAGADHRI,-,-,Ganga,Ganga,Yamuna,-,-,Yamuna,30.31444444,77.58500000,15-08-2024 02:30,1
994,994,Hathnikund Barrage,CWC,6,Haryana,76,YAMUNANAGAR,JAGADHRI,-,-,Ganga,Ganga,Yamuna,-,-,Yamuna,30.31444444,77.58500000,15-08-2024 05:30,2
995,995,Hathnikund Barrage,CWC,6,Haryana,76,YAMUNANAGAR,JAGADHRI,-,-,Ganga,Ganga,Yamuna,-,-,Yamuna,30.31444444,77.58500000,16-08-2024 20:30,6
996,996,Hathnikund Barrage,CWC,6,Haryana,76,YAMUNANAGAR,JAGADHRI,-,-,Ganga,Ganga,Yamuna,-,-,Yamuna,30.31444444,77.58500000,19-08-2024 14:30,7.6
997,997,Hathnikund Barrage,CWC,6,Haryana,76,YAMUNANAGAR,JAGADHRI,-,-,Ganga,Ganga,Yamuna,-,-,Yamuna,30.31444444,77.58500000,20-08-2024 17:30,2
998,998,Hathnikund Barrage,CWC,6,Haryana,76,YAMUNANAGAR,JAGADHRI,-,-,Ganga,Ganga,Yamuna,-,-,Yamuna,30.31444444,77.58500000,21-08-2024 05:30,2.4
999,999,Hathnikund Barrage,CWC,6,Haryana,76,YAMUNANAGAR,JAGADHRI,-,-,Ganga,Ganga,Yamuna,-,-,Yamuna,30.31444444,77.58500000,27-08-2024 02:30,14
1000,1000,Hathnikund Barrage,CWC,6,Haryana,76,YAMUNANAGAR,JAGADHRI,-,-,Ganga,Ganga,Yamuna,-,-,Yamuna,30.31444444,77.58500000,27-08-2024 23:30,14.2
1001,1001,Hathnikund Barrage,CWC,6,Haryana,76,YAMUNANAGAR,JAGADHRI,-,-,Ganga,Ganga,Yamuna,-,-,Yamuna,30.31444444,77.58500000,28-08-2024 23:30,1
1002,1002,Hathnikund Barrage,CWC,6,Haryana,76,YAMUNANAGAR,JAGADHRI,-,-,Ganga,Ganga,Yamuna,-,-,Yamuna,30.31444444,77.58500000,29-08-2024 08:30,8
1003,1003,Hathnikund Barrage,CWC,6,Haryana,76,YAMUNANAGAR,JAGADHRI,-,-,Ganga,Ganga,Yamuna,-,-,Yamuna,30.31444444,77.58500000,02-09-2024 08:30,32.6
1004,1004,Hathnikund Barrage,CWC,6,Haryana,76,YAMUNANAGAR,JAGADHRI,-,-,Ganga,Ganga,Yamuna,-,-,Yamuna,30.31444444,77.58500000,02-09-2024 11:30,2.4
1005,1005,Hathnikund Barrage,CWC,6,Haryana,76,YAMUNANAGAR,JAGADHRI,-,-,Ganga,Ganga,Yamuna,-,-,Yamuna,30.31444444,77.58500000,04-09-2024 08:30,25.4
1006,1006,Hathnikund Barrage,CWC,6,Haryana,76,YAMUNANAGAR,JAGADHRI,-,-,Ganga,Ganga,Yamuna,-,-,Yamuna,30.31444444,77.58500000,04-09-2024 11:30,60
1007,1007,Hathnikund Barrage,CWC,6,Haryana,76,YAMUNANAGAR,JAGADHRI,-,-,Ganga,Ganga,Yamuna,-,-,Yamuna,30.31444444,77.58500000,04-09-2024 14:30,4.2
1008,1008,Hathnikund Barrage,CWC,6,Haryana,76,YAMUNANAGAR,JAGADHRI,-,-,Ganga,Ganga,Yamuna,-,-,Yamuna,30.31444444,77.58500000,08-09-2024 05:30,2
1009,1009,Hathnikund Barrage,CWC,6,Haryana,76,YAMUNANAGAR,JAGADHRI,-,-,Ganga,Ganga,Yamuna,-,-,Yamuna,30.31444444,77.58500000,10-09-2024 14:30,41
1010,1010,Hathnikund Barrage,CWC,6,Haryana,76,YAMUNANAGAR,JAGADHRI,-,-,Ganga,Ganga,Yamuna,-,-,Yamuna,30.31444444,77.58500000,12-09-2024 11:30,1.6
1011,1011,Hathnikund Barrage,CWC,6,Haryana,76,YAMUNANAGAR,JAGADHRI,-,-,Ganga,Ganga,Yamuna,-,-,Yamuna,30.31444444,77.58500000,12-09-2024 14:30,1.2
1012,1012,Hathnikund Barrage,CWC,6,Haryana,76,YAMUNANAGAR,JAGADHRI,-,-,Ganga,Ganga,Yamuna,-,-,Yamuna,30.31444444,77.58500000,12-09-2024 17:30,4.2
1013,1013,Hathnikund Barrage,CWC,6,Haryana,76,YAMUNANAGAR,JAGADHRI,-,-,Ganga,Ganga,Yamuna,-,-,Yamuna,30.31444444,77.58500000,13-09-2024 14:30,3.6
1014,1014,Hathnikund Barrage,CWC,6,Haryana,76,YAMUNANAGAR,JAGADHRI,-,-,Ganga,Ganga,Yamuna,-,-,Yamuna,30.31444444,77.58500000,13-09-2024 17:30,6.2
1015,1015,Hathnikund Barrage,CWC,6,Haryana,76,YAMUNANAGAR,JAGADHRI,-,-,Ganga,Ganga,Yamuna,-,-,Yamuna,30.31444444,77.58500000,13-09-2024 20:30,2.4
1016,1016,Hathnikund Barrage,CWC,6,Haryana,76,YAMUNANAGAR,JAGADHRI,-,-,Ganga,Ganga,Yamuna,-,-,Yamuna,30.31444444,77.58500000,14-09-2024 20:30,1.2
1017,1017,Hathnikund Barrage,CWC,6,Haryana,76,YAMUNANAGAR,JAGADHRI,-,-,Ganga,Ganga,Yamuna,-,-,Yamuna,30.31444444,77.58500000,25-09-2024 17:30,2.4
1018,1018,Hathnikund Barrage,CWC,6,Haryana,76,YAMUNANAGAR,JAGADHRI,-,-,Ganga,Ganga,Yamuna,-,-,Yamuna,30.31444444,77.58500000,25-09-2024 20:30,2.6
1019,1019,Hathnikund Barrage,CWC,6,Haryana,76,YAMUNANAGAR,JAGADHRI,-,-,Ganga,Ganga,Yamuna,-,-,Yamuna,30.31444444,77.58500000,26-09-2024 02:30,2
1020,1020,Hathnikund Barrage,CWC,6,Haryana,76,YAMUNANAGAR,JAGADHRI,-,-,Ganga,Ganga,Yamuna,-,-,Yamuna,30.31444444,77.58500000,26-09-2024 05:30,25
1021,1021,Hathnikund Barrage,CWC,6,Haryana,76,YAMUNANAGAR,JAGADHRI,-,-,Ganga,Ganga,Yamuna,-,-,Yamuna,30.31444444,77.58500000,26-09-2024 08:30,6.8
1022,1022,Hathnikund Barrage,CWC,6,Haryana,76,YAMUNANAGAR,JAGADHRI,-,-,Ganga,Ganga,Yamuna,-,-,Yamuna,30.31444444,77.58500000,26-09-2024 11:30,1.8
1023,1023,Hathnikund Barrage,CWC,6,Haryana,76,YAMUNANAGAR,JAGADHRI,-,-,Ganga,Ganga,Yamuna,-,-,Yamuna,30.31444444,77.58500000,27-09-2024 11:30,40
1024,1024,Hathnikund Barrage,CWC,6,Haryana,76,YAMUNANAGAR,JAGADHRI,-,-,Ganga,Ganga,Yamuna,-,-,Yamuna,30.31444444,77.58500000,28-09-2024 02:30,7
1025,1025,Hathnikund Barrage,CWC,6,Haryana,76,YAMUNANAGAR,JAGADHRI,-,-,Ganga,Ganga,Yamuna,-,-,Yamuna,30.31444444,77.58500000,24-12-2024 08:30,0.4
1026,1026,Hathnikund Barrage,CWC,6,Haryana,76,YAMUNANAGAR,JAGADHRI,-,-,Ganga,Ganga,Yamuna,-,-,Yamuna,30.31444444,77.58500000,28-12-2024 08:30,30.6
1027,1027,Hathnikund Barrage,CWC,6,Haryana,76,YAMUNANAGAR,JAGADHRI,-,-,Ganga,Ganga,Yamuna,-,-,Yamuna,30.31444444,77.58500000,29-12-2024 08:30,26.8
1028,1028,Hathnikund Barrage,CWC,6,Haryana,76,YAMUNANAGAR,JAGADHRI,-,-,Ganga,Ganga,Yamuna,-,-,Yamuna,30.31444444,77.58500000,12-01-2025 08:30,1
1029,1029,Hathnikund Barrage,CWC,6,Haryana,76,YAMUNANAGAR,JAGADHRI,-,-,Ganga,Ganga,Yamuna,-,-,Yamuna,30.31444444,77.58500000,13-01-2025 08:30,0.8
1030,1030,Hathnikund Barrage,CWC,6,Haryana,76,YAMUNANAGAR,JAGADHRI,-,-,Ganga,Ganga,Yamuna,-,-,Yamuna,30.31444444,77.58500000,16-01-2025 08:30,5.2
1031,1031,Hathnikund Barrage,CWC,6,Haryana,76,YAMUNANAGAR,JAGADHRI,-,-,Ganga,Ganga,Yamuna,-,-,Yamuna,30.31444444,77.58500000,21-02-2025 08:30,3.2
1032,1032,Hathnikund Barrage,CWC,6,Haryana,76,YAMUNANAGAR,JAGADHRI,-,-,Ganga,Ganga,Yamuna,-,-,Yamuna,30.31444444,77.58500000,28-02-2025 08:30,18
1033,1033,Hathnikund Barrage,CWC,6,Haryana,76,YAMUNANAGAR,JAGADHRI,-,-,Ganga,Ganga,Yamuna,-,-,Yamuna,30.31444444,77.58500000,01-03-2025 08:30,5.8
1034,1034,Hathnikund Barrage,CWC,6,Haryana,76,YAMUNANAGAR,JAGADHRI,-,-,Ganga,Ganga,Yamuna,-,-,Yamuna,30.31444444,77.58500000,15-03-2025 08:30,5.8
1035,1035,Hathnikund Barrage,CWC,6,Haryana,76,YAMUNANAGAR,JAGADHRI,-,-,Ganga,Ganga,Yamuna,-,-,Yamuna,30.31444444,77.58500000,11-04-2025 08:30,2
1036,1036,Hathnikund Barrage,CWC,6,Haryana,76,YAMUNANAGAR,JAGADHRI,-,-,Ganga,Ganga,Yamuna,-,-,Yamuna,30.31444444,77.58500000,12-04-2025 08:30,2.4
1037,1037,Hathnikund Barrage,CWC,6,Haryana,76,YAMUNANAGAR,JAGADHRI,-,-,Ganga,Ganga,Yamuna,-,-,Yamuna,30.31444444,77.58500000,17-04-2025 08:30,18.6
1038,1038,Hathnikund Barrage,CWC,6,Haryana,76,YAMUNANAGAR,JAGADHRI,-,-,Ganga,Ganga,Yamuna,-,-,Yamuna,30.31444444,77.58500000,02-05-2025 08:30,1
1039,1039,Hathnikund Barrage,CWC,6,Haryana,76,YAMUNANAGAR,JAGADHRI,-,-,Ganga,Ganga,Yamuna,-,-,Yamuna,30.31444444,77.58500000,03-05-2025 08:30,1.6
1040,1040,Hathnikund Barrage,CWC,6,Haryana,76,YAMUNANAGAR,JAGADHRI,-,-,Ganga,Ganga,Yamuna,-,-,Yamuna,30.31444444,77.58500000,05-05-2025 08:30,8.6
1041,1041,Hathnikund Barrage,CWC,6,Haryana,76,YAMUNANAGAR,JAGADHRI,-,-,Ganga,Ganga,Yamuna,-,-,Yamuna,30.31444444,77.58500000,10-05-2025 08:30,1
1042,1042,Hathnikund Barrage,CWC,6,Haryana,76,YAMUNANAGAR,JAGADHRI,-,-,Ganga,Ganga,Yamuna,-,-,Yamuna,30.31444444,77.58500000,22-05-2025 08:30,8.2
1043,1043,Hathnikund Barrage,CWC,6,Haryana,76,YAMUNANAGAR,JAGADHRI,-,-,Ganga,Ganga,Yamuna,-,-,Yamuna,30.31444444,77.58500000,25-05-2025 08:30,44.4
1044,1044,Hathnikund Barrage,CWC,6,Haryana,76,YAMUNANAGAR,JAGADHRI,-,-,Ganga,Ganga,Yamuna,-,-,Yamuna,30.31444444,77.58500000,26-05-2025 08:30,1.8
1045,1045,Hathnikund Barrage,CWC,6,Haryana,76,YAMUNANAGAR,JAGADHRI,-,-,Ganga,Ganga,Yamuna,-,-,Yamuna,30.31444444,77.58500000,29-05-2025 08:30,8.8
1046,1046,Hathnikund Barrage,CWC,6,Haryana,76,YAMUNANAGAR,JAGADHRI,-,-,Ganga,Ganga,Yamuna,-,-,Yamuna,30.31444444,77.58500000,02-06-2025 05:30,5.2
1047,1047,Hathnikund Barrage,CWC,6,Haryana,76,YAMUNANAGAR,JAGADHRI,-,-,Ganga,Ganga,Yamuna,-,-,Yamuna,30.31444444,77.58500000,02-06-2025 08:30,2.4
1048,1048,Hathnikund Barrage,CWC,6,Haryana,76,YAMUNANAGAR,JAGADHRI,-,-,Ganga,Ganga,Yamuna,-,-,Yamuna,30.31444444,77.58500000,03-06-2025 11:30,1.4
1049,1049,Hathnikund Barrage,CWC,6,Haryana,76,YAMUNANAGAR,JAGADHRI,-,-,Ganga,Ganga,Yamuna,-,-,Yamuna,30.31444444,77.58500000,04-06-2025 02:30,7.1
1050,1050,Hathnikund Barrage,CWC,6,Haryana,76,YAMUNANAGAR,JAGADHRI,-,-,Ganga,Ganga,Yamuna,-,-,Yamuna,30.31444444,77.58500000,04-06-2025 08:30,6.8
1051,1051,Hathnikund Barrage,CWC,6,Haryana,76,YAMUNANAGAR,JAGADHRI,-,-,Ganga,Ganga,Yamuna,-,-,Yamuna,30.31444444,77.58500000,04-06-2025 14:30,2.4
1052,1052,Hathnikund Barrage,CWC,6,Haryana,76,YAMUNANAGAR,JAGADHRI,-,-,Ganga,Ganga,Yamuna,-,-,Yamuna,30.31444444,77.58500000,13-06-2025 11:30,6.2
1053,1053,Hathnikund Barrage,CWC,6,Haryana,76,YAMUNANAGAR,JAGADHRI,-,-,Ganga,Ganga,Yamuna,-,-,Yamuna,30.31444444,77.58500000,15-06-2025 11:30,46.2
1054,1054,Hathnikund Barrage,CWC,6,Haryana,76,YAMUNANAGAR,JAGADHRI,-,-,Ganga,Ganga,Yamuna,-,-,Yamuna,30.31444444,77.58500000,15-06-2025 14:30,4.6
1055,1055,Hathnikund Barrage,CWC,6,Haryana,76,YAMUNANAGAR,JAGADHRI,-,-,Ganga,Ganga,Yamuna,-,-,Yamuna,30.31444444,77.58500000,18-06-2025 08:30,2.2
1056,1056,Hathnikund Barrage,CWC,6,Haryana,76,YAMUNANAGAR,JAGADHRI,-,-,Ganga,Ganga,Yamuna,-,-,Yamuna,30.31444444,77.58500000,20-06-2025 05:30,3.2
1057,1057,Hathnikund Barrage,CWC,6,Haryana,76,YAMUNANAGAR,JAGADHRI,-,-,Ganga,Ganga,Yamuna,-,-,Yamuna,30.31444444,77.58500000,22-06-2025 11:30,21.4
1058,1058,Hathnikund Barrage,CWC,6,Haryana,76,YAMUNANAGAR,JAGADHRI,-,-,Ganga,Ganga,Yamuna,-,-,Yamuna,30.31444444,77.58500000,23-06-2025 08:30,20
1059,1059,Hathnikund Barrage,CWC,6,Haryana,76,YAMUNANAGAR,JAGADHRI,-,-,Ganga,Ganga,Yamuna,-,-,Yamuna,30.31444444,77.58500000,23-06-2025 11:30,4.6
1060,1060,Hathnikund Barrage,CWC,6,Haryana,76,YAMUNANAGAR,JAGADHRI,-,-,Ganga,Ganga,Yamuna,-,-,Yamuna,30.31444444,77.58500000,24-06-2025 02:30,0.8
1061,1061,Hathnikund Barrage,CWC,6,Haryana,76,YAMUNANAGAR,JAGADHRI,-,-,Ganga,Ganga,Yamuna,-,-,Yamuna,30.31444444,77.58500000,24-06-2025 05:30,42.2
1062,1062,Hathnikund Barrage,CWC,6,Haryana,76,YAMUNANAGAR,JAGADHRI,-,-,Ganga,Ganga,Yamuna,-,-,Yamuna,30.31444444,77.58500000,24-06-2025 08:30,85.4
1063,1063,Hathnikund Barrage,CWC,6,Haryana,76,YAMUNANAGAR,JAGADHRI,-,-,Ganga,Ganga,Yamuna,-,-,Yamuna,30.31444444,77.58500000,24-06-2025 11:30,25.4
1064,1064,Hathnikund Barrage,CWC,6,Haryana,76,YAMUNANAGAR,JAGADHRI,-,-,Ganga,Ganga,Yamuna,-,-,Yamuna,30.31444444,77.58500000,24-06-2025 14:30,3.2
1065,1065,Hathnikund Barrage,CWC,6,Haryana,76,YAMUNANAGAR,JAGADHRI,-,-,Ganga,Ganga,Yamuna,-,-,Yamuna,30.31444444,77.58500000,25-06-2025 05:30,2
1066,1066,Hathnikund Barrage,CWC,6,Haryana,76,YAMUNANAGAR,JAGADHRI,-,-,Ganga,Ganga,Yamuna,-,-,Yamuna,30.31444444,77.58500000,25-06-2025 08:30,57.2
1067,1067,Hathnikund Barrage,CWC,6,Haryana,76,YAMUNANAGAR,JAGADHRI,-,-,Ganga,Ganga,Yamuna,-,-,Yamuna,30.31444444,77.58500000,25-06-2025 11:30,54.4
1068,1068,Hathnikund Barrage,CWC,6,Haryana,76,YAMUNANAGAR,JAGADHRI,-,-,Ganga,Ganga,Yamuna,-,-,Yamuna,30.31444444,77.58500000,25-06-2025 14:30,2.4
1069,1069,Hathnikund Barrage,CWC,6,Haryana,76,YAMUNANAGAR,JAGADHRI,-,-,Ganga,Ganga,Yamuna,-,-,Yamuna,30.31444444,77.58500000,28-06-2025 05:30,85
1070,1070,Hathnikund Barrage,CWC,6,Haryana,76,YAMUNANAGAR,JAGADHRI,-,-,Ganga,Ganga,Yamuna,-,-,Yamuna,30.31444444,77.58500000,28-06-2025 08:30,4.2
1071,1071,Hathnikund Barrage,CWC,6,Haryana,76,YAMUNANAGAR,JAGADHRI,-,-,Ganga,Ganga,Yamuna,-,-,Yamuna,30.31444444,77.58500000,28-06-2025 23:30,11
1072,1072,Hathnikund Barrage,CWC,6,Haryana,76,YAMUNANAGAR,JAGADHRI,-,-,Ganga,Ganga,Yamuna,-,-,Yamuna,30.31444444,77.58500000,29-06-2025 02:30,10
1073,1073,Hathnikund Barrage,CWC,6,Haryana,76,YAMUNANAGAR,JAGADHRI,-,-,Ganga,Ganga,Yamuna,-,-,Yamuna,30.31444444,77.58500000,29-06-2025 05:30,30
1074,1074,Hathnikund Barrage,CWC,6,Haryana,76,YAMUNANAGAR,JAGADHRI,-,-,Ganga,Ganga,Yamuna,-,-,Yamuna,30.31444444,77.58500000,29-06-2025 08:30,5.4
1075,1075,Hathnikund Barrage,CWC,6,Haryana,76,YAMUNANAGAR,JAGADHRI,-,-,Ganga,Ganga,Yamuna,-,-,Yamuna,30.31444444,77.58500000,29-06-2025 11:30,2.2
1076,1076,Hathnikund Barrage,CWC,6,Haryana,76,YAMUNANAGAR,JAGADHRI,-,-,Ganga,Ganga,Yamuna,-,-,Yamuna,30.31444444,77.58500000,30-06-2025 02:30,6
1077,1077,Hathnikund Barrage,CWC,6,Haryana,76,YAMUNANAGAR,JAGADHRI,-,-,Ganga,Ganga,Yamuna,-,-,Yamuna,30.31444444,77.58500000,30-06-2025 05:30,2
1078,1078,Hathnikund Barrage,CWC,6,Haryana,76,YAMUNANAGAR,JAGADHRI,-,-,Ganga,Ganga,Yamuna,-,-,Yamuna,30.31444444,77.58500000,30-06-2025 08:30,12.2
1079,1079,Hathnikund Barrage,CWC,6,Haryana,76,YAMUNANAGAR,JAGADHRI,-,-,Ganga,Ganga,Yamuna,-,-,Yamuna,30.31444444,77.58500000,30-06-2025 11:30,22.6
1080,1080,Hathnikund Barrage,CWC,6,Haryana,76,YAMUNANAGAR,JAGADHRI,-,-,Ganga,Ganga,Yamuna,-,-,Yamuna,30.31444444,77.58500000,30-06-2025 14:30,2.2
1081,1081,Hathnikund Barrage,CWC,6,Haryana,76,YAMUNANAGAR,JAGADHRI,-,-,Ganga,Ganga,Yamuna,-,-,Yamuna,30.31444444,77.58500000,01-07-2025 02:30,2
1082,1082,Hathnikund Barrage,CWC,6,Haryana,76,YAMUNANAGAR,JAGADHRI,-,-,Ganga,Ganga,Yamuna,-,-,Yamuna,30.31444444,77.58500000,03-07-2025 08:30,23.6
1083,1083,Hathnikund Barrage,CWC,6,Haryana,76,YAMUNANAGAR,JAGADHRI,-,-,Ganga,Ganga,Yamuna,-,-,Yamuna,30.31444444,77.58500000,04-07-2025 11:30,10.4
1084,1084,Hathnikund Barrage,CWC,6,Haryana,76,YAMUNANAGAR,JAGADHRI,-,-,Ganga,Ganga,Yamuna,-,-,Yamuna,30.31444444,77.58500000,05-07-2025 14:30,2.2
1085,1085,Hathnikund Barrage,CWC,6,Haryana,76,YAMUNANAGAR,JAGADHRI,-,-,Ganga,Ganga,Yamuna,-,-,Yamuna,30.31444444,77.58500000,07-07-2025 23:30,8
1086,1086,Hathnikund Barrage,CWC,6,Haryana,76,YAMUNANAGAR,JAGADHRI,-,-,Ganga,Ganga,Yamuna,-,-,Yamuna,30.31444444,77.58500000,08-07-2025 02:30,15
1087,1087,Hathnikund Barrage,CWC,6,Haryana,76,YAMUNANAGAR,JAGADHRI,-,-,Ganga,Ganga,Yamuna,-,-,Yamuna,30.31444444,77.58500000,09-07-2025 23:30,47
1088,1088,Hathnikund Barrage,CWC,6,Haryana,76,YAMUNANAGAR,JAGADHRI,-,-,Ganga,Ganga,Yamuna,-,-,Yamuna,30.31444444,77.58500000,10-07-2025 02:30,2.4
1089,1089,Hathnikund Barrage,CWC,6,Haryana,76,YAMUNANAGAR,JAGADHRI,-,-,Ganga,Ganga,Yamuna,-,-,Yamuna,30.31444444,77.58500000,10-07-2025 17:30,2
1090,1090,Hathnikund Barrage,CWC,6,Haryana,76,YAMUNANAGAR,JAGADHRI,-,-,Ganga,Ganga,Yamuna,-,-,Yamuna,30.31444444,77.58500000,11-07-2025 17:30,6
1091,1091,Hathnikund Barrage,CWC,6,Haryana,76,YAMUNANAGAR,JAGADHRI,-,-,Ganga,Ganga,Yamuna,-,-,Yamuna,30.31444444,77.58500000,13-07-2025 20:30,6.8
1092,1092,Hathnikund Barrage,CWC,6,Haryana,76,YAMUNANAGAR,JAGADHRI,-,-,Ganga,Ganga,Yamuna,-,-,Yamuna,30.31444444,77.58500000,14-07-2025 17:30,6
1093,1093,Hathnikund Barrage,CWC,6,Haryana,76,YAMUNANAGAR,JAGADHRI,-,-,Ganga,Ganga,Yamuna,-,-,Yamuna,30.31444444,77.58500000,16-07-2025 08:30,35.4
1094,1094,Hathnikund Barrage,CWC,6,Haryana,76,YAMUNANAGAR,JAGADHRI,-,-,Ganga,Ganga,Yamuna,-,-,Yamuna,30.31444444,77.58500000,16-07-2025 11:30,28.6
1095,1095,Hathnikund Barrage,CWC,6,Haryana,76,YAMUNANAGAR,JAGADHRI,-,-,Ganga,Ganga,Yamuna,-,-,Yamuna,30.31444444,77.58500000,16-07-2025 14:30,7.2
1096,1096,Hathnikund Barrage,CWC,6,Haryana,76,YAMUNANAGAR,JAGADHRI,-,-,Ganga,Ganga,Yamuna,-,-,Yamuna,30.31444444,77.58500000,20-07-2025 20:30,10
1097,1097,Hathnikund Barrage,CWC,6,Haryana,76,YAMUNANAGAR,JAGADHRI,-,-,Ganga,Ganga,Yamuna,-,-,Yamuna,30.31444444,77.58500000,21-07-2025 05:30,4
1098,1098,Hathnikund Barrage,CWC,6,Haryana,76,YAMUNANAGAR,JAGADHRI,-,-,Ganga,Ganga,Yamuna,-,-,Yamuna,30.31444444,77.58500000,21-07-2025 08:30,72
1099,1099,Hathnikund Barrage,CWC,6,Haryana,76,YAMUNANAGAR,JAGADHRI,-,-,Ganga,Ganga,Yamuna,-,-,Yamuna,30.31444444,77.58500000,21-07-2025 11:30,47.4
1100,1100,Hathnikund Barrage,CWC,6,Haryana,76,YAMUNANAGAR,JAGADHRI,-,-,Ganga,Ganga,Yamuna,-,-,Yamuna,30.31444444,77.58500000,21-07-2025 14:30,8.4
1101,1101,Hathnikund Barrage,CWC,6,Haryana,76,YAMUNANAGAR,JAGADHRI,-,-,Ganga,Ganga,Yamuna,-,-,Yamuna,30.31444444,77.58500000,29-07-2025 05:30,15.8
1102,1102,Hathnikund Barrage,CWC,6,Haryana,76,YAMUNANAGAR,JAGADHRI,-,-,Ganga,Ganga,Yamuna,-,-,Yamuna,30.31444444,77.58500000,29-07-2025 08:30,8.8
1103,1103,Hathnikund Barrage,CWC,6,Haryana,76,YAMUNANAGAR,JAGADHRI,-,-,Ganga,Ganga,Yamuna,-,-,Yamuna,30.31444444,77.58500000,30-07-2025 23:30,5
1104,1104,Hathnikund Barrage,CWC,6,Haryana,76,YAMUNANAGAR,JAGADHRI,-,-,Ganga,Ganga,Yamuna,-,-,Yamuna,30.31444444,77.58500000,31-07-2025 02:30,1.6
1105,1105,Hathnikund Barrage,CWC,6,Haryana,76,YAMUNANAGAR,JAGADHRI,-,-,Ganga,Ganga,Yamuna,-,-,Yamuna,30.31444444,77.58500000,31-07-2025 14:30,4.4
1106,1106,Hathnikund Barrage,CWC,6,Haryana,76,YAMUNANAGAR,JAGADHRI,-,-,Ganga,Ganga,Yamuna,-,-,Yamuna,30.31444444,77.58500000,01-08-2025 17:30,4
1107,1107,Hathnikund Barrage,CWC,6,Haryana,76,YAMUNANAGAR,JAGADHRI,-,-,Ganga,Ganga,Yamuna,-,-,Yamuna,30.31444444,77.58500000,01-08-2025 20:30,5
1108,1108,Hathnikund Barrage,CWC,6,Haryana,76,YAMUNANAGAR,JAGADHRI,-,-,Ganga,Ganga,Yamuna,-,-,Yamuna,30.31444444,77.58500000,02-08-2025 05:30,3
1109,1109,Hathnikund Barrage,CWC,6,Haryana,76,YAMUNANAGAR,JAGADHRI,-,-,Ganga,Ganga,Yamuna,-,-,Yamuna,30.31444444,77.58500000,02-08-2025 08:30,3.4
1110,1110,Hathnikund Barrage,CWC,6,Haryana,76,YAMUNANAGAR,JAGADHRI,-,-,Ganga,Ganga,Yamuna,-,-,Yamuna,30.31444444,77.58500000,03-08-2025 20:30,3
1111,1111,Hathnikund Barrage,CWC,6,Haryana,76,YAMUNANAGAR,JAGADHRI,-,-,Ganga,Ganga,Yamuna,-,-,Yamuna,30.31444444,77.58500000,03-08-2025 23:30,43
1112,1112,Hathnikund Barrage,CWC,6,Haryana,76,YAMUNANAGAR,JAGADHRI,-,-,Ganga,Ganga,Yamuna,-,-,Yamuna,30.31444444,77.58500000,04-08-2025 02:30,4
1113,1113,Hathnikund Barrage,CWC,6,Haryana,76,YAMUNANAGAR,JAGADHRI,-,-,Ganga,Ganga,Yamuna,-,-,Yamuna,30.31444444,77.58500000,04-08-2025 17:30,10.6
1114,1114,Hathnikund Barrage,CWC,6,Haryana,76,YAMUNANAGAR,JAGADHRI,-,-,Ganga,Ganga,Yamuna,-,-,Yamuna,30.31444444,77.58500000,05-08-2025 05:30,6.4
1115,1115,Hathnikund Barrage,CWC,6,Haryana,76,YAMUNANAGAR,JAGADHRI,-,-,Ganga,Ganga,Yamuna,-,-,Yamuna,30.31444444,77.58500000,05-08-2025 08:30,2
1116,1116,Hathnikund Barrage,CWC,6,Haryana,76,YAMUNANAGAR,JAGADHRI,-,-,Ganga,Ganga,Yamuna,-,-,Yamuna,30.31444444,77.58500000,05-08-2025 11:30,4.6
1117,1117,Hathnikund Barrage,CWC,6,Haryana,76,YAMUNANAGAR,JAGADHRI,-,-,Ganga,Ganga,Yamuna,-,-,Yamuna,30.31444444,77.58500000,05-08-2025 14:30,32.4
1118,1118,Hathnikund Barrage,CWC,6,Haryana,76,YAMUNANAGAR,JAGADHRI,-,-,Ganga,Ganga,Yamuna,-,-,Yamuna,30.31444444,77.58500000,05-08-2025 17:30,4
1119,1119,Hathnikund Barrage,CWC,6,Haryana,76,YAMUNANAGAR,JAGADHRI,-,-,Ganga,Ganga,Yamuna,-,-,Yamuna,30.31444444,77.58500000,06-08-2025 02:30,2.4
1120,1120,Hathnikund Barrage,CWC,6,Haryana,76,YAMUNANAGAR,JAGADHRI,-,-,Ganga,Ganga,Yamuna,-,-,Yamuna,30.31444444,77.58500000,06-08-2025 05:30,2.6
1121,1121,Hathnikund Barrage,CWC,6,Haryana,76,YAMUNANAGAR,JAGADHRI,-,-,Ganga,Ganga,Yamuna,-,-,Yamuna,30.31444444,77.58500000,06-08-2025 08:30,8.4
1122,1122,Hathnikund Barrage,CWC,6,Haryana,76,YAMUNANAGAR,JAGADHRI,-,-,Ganga,Ganga,Yamuna,-,-,Yamuna,30.31444444,77.58500000,06-08-2025 23:30,10.2
1123,1123,Hathnikund Barrage,CWC,6,Haryana,76,YAMUNANAGAR,JAGADHRI,-,-,Ganga,Ganga,Yamuna,-,-,Yamuna,30.31444444,77.58500000,08-08-2025 17:30,15.4
1124,1124,Hathnikund Barrage,CWC,6,Haryana,76,YAMUNANAGAR,JAGADHRI,-,-,Ganga,Ganga,Yamuna,-,-,Yamuna,30.31444444,77.58500000,08-08-2025 20:30,2.4
1125,1125,Hathnikund Barrage,CWC,6,Haryana,76,YAMUNANAGAR,JAGADHRI,-,-,Ganga,Ganga,Yamuna,-,-,Yamuna,30.31444444,77.58500000,10-08-2025 14:30,3.4
1126,1126,Hathnikund Barrage,CWC,6,Haryana,76,YAMUNANAGAR,JAGADHRI,-,-,Ganga,Ganga,Yamuna,-,-,Yamuna,30.31444444,77.58500000,10-08-2025 20:30,2
1127,1127,Hathnikund Barrage,CWC,6,Haryana,76,YAMUNANAGAR,JAGADHRI,-,-,Ganga,Ganga,Yamuna,-,-,Yamuna,30.31444444,77.58500000,11-08-2025 02:30,3
1128,1128,Hathnikund Barrage,CWC,6,Haryana,76,YAMUNANAGAR,JAGADHRI,-,-,Ganga,Ganga,Yamuna,-,-,Yamuna,30.31444444,77.58500000,11-08-2025 08:30,5.2
1129,1129,Hathnikund Barrage,CWC,6,Haryana,76,YAMUNANAGAR,JAGADHRI,-,-,Ganga,Ganga,Yamuna,-,-,Yamuna,30.31444444,77.58500000,11-08-2025 11:30,2.4
1130,1130,Hathnikund Barrage,CWC,6,Haryana,76,YAMUNANAGAR,JAGADHRI,-,-,Ganga,Ganga,Yamuna,-,-,Yamuna,30.31444444,77.58500000,11-08-2025 14:30,8.8
1131,1131,Hathnikund Barrage,CWC,6,Haryana,76,YAMUNANAGAR,JAGADHRI,-,-,Ganga,Ganga,Yamuna,-,-,Yamuna,30.31444444,77.58500000,11-08-2025 17:30,5.2
1132,1132,Hathnikund Barrage,CWC,6,Haryana,76,YAMUNANAGAR,JAGADHRI,-,-,Ganga,Ganga,Yamuna,-,-,Yamuna,30.31444444,77.58500000,14-08-2025 02:30,8.2
1133,1133,Hathnikund Barrage,CWC,6,Haryana,76,YAMUNANAGAR,JAGADHRI,-,-,Ganga,Ganga,Yamuna,-,-,Yamuna,30.31444444,77.58500000,14-08-2025 11:30,2.2
1134,1134,Hathnikund Barrage,CWC,6,Haryana,76,YAMUNANAGAR,JAGADHRI,-,-,Ganga,Ganga,Yamuna,-,-,Yamuna,30.31444444,77.58500000,16-08-2025 05:30,1.4
1135,1135,Hathnikund Barrage,CWC,6,Haryana,76,YAMUNANAGAR,JAGADHRI,-,-,Ganga,Ganga,Yamuna,-,-,Yamuna,30.31444444,77.58500000,16-08-2025 08:30,64.4
1136,1136,Hathnikund Barrage,CWC,6,Haryana,76,YAMUNANAGAR,JAGADHRI,-,-,Ganga,Ganga,Yamuna,-,-,Yamuna,30.31444444,77.58500000,16-08-2025 11:30,16.8
1137,1137,Hathnikund Barrage,CWC,6,Haryana,76,YAMUNANAGAR,JAGADHRI,-,-,Ganga,Ganga,Yamuna,-,-,Yamuna,30.31444444,77.58500000,16-08-2025 14:30,2.2
1138,1138,Hathnikund Barrage,CWC,6,Haryana,76,YAMUNANAGAR,JAGADHRI,-,-,Ganga,Ganga,Yamuna,-,-,Yamuna,30.31444444,77.58500000,17-08-2025 08:30,4.6
1139,1139,Hathnikund Barrage,CWC,6,Haryana,76,YAMUNANAGAR,JAGADHRI,-,-,Ganga,Ganga,Yamuna,-,-,Yamuna,30.31444444,77.58500000,17-08-2025 11:30,24.6
1140,1140,Hathnikund Barrage,CWC,6,Haryana,76,YAMUNANAGAR,JAGADHRI,-,-,Ganga,Ganga,Yamuna,-,-,Yamuna,30.31444444,77.58500000,17-08-2025 14:30,4.6
1141,1141,Hathnikund Barrage,CWC,6,Haryana,76,YAMUNANAGAR,JAGADHRI,-,-,Ganga,Ganga,Yamuna,-,-,Yamuna,30.31444444,77.58500000,21-08-2025 05:30,19.6
1142,1142,Hathnikund Barrage,CWC,6,Haryana,76,YAMUNANAGAR,JAGADHRI,-,-,Ganga,Ganga,Yamuna,-,-,Yamuna,30.31444444,77.58500000,21-08-2025 08:30,25.4
1143,1143,Hathnikund Barrage,CWC,6,Haryana,76,YAMUNANAGAR,JAGADHRI,-,-,Ganga,Ganga,Yamuna,-,-,Yamuna,30.31444444,77.58500000,22-08-2025 20:30,10
1144,1144,Hathnikund Barrage,CWC,6,Haryana,76,YAMUNANAGAR,JAGADHRI,-,-,Ganga,Ganga,Yamuna,-,-,Yamuna,30.31444444,77.58500000,23-08-2025 02:30,4
1145,1145,Hathnikund Barrage,CWC,6,Haryana,76,YAMUNANAGAR,JAGADHRI,-,-,Ganga,Ganga,Yamuna,-,-,Yamuna,30.31444444,77.58500000,23-08-2025 11:30,2.2
1146,1146,Hathnikund Barrage,CWC,6,Haryana,76,YAMUNANAGAR,JAGADHRI,-,-,Ganga,Ganga,Yamuna,-,-,Yamuna,30.31444444,77.58500000,24-08-2025 23:30,5
1147,1147,Hathnikund Barrage,CWC,6,Haryana,76,YAMUNANAGAR,JAGADHRI,-,-,Ganga,Ganga,Yamuna,-,-,Yamuna,30.31444444,77.58500000,25-08-2025 02:30,1.4
1148,1148,Hathnikund Barrage,CWC,6,Haryana,76,YAMUNANAGAR,JAGADHRI,-,-,Ganga,Ganga,Yamuna,-,-,Yamuna,30.31444444,77.58500000,01-09-2025 02:30,10.8
1149,1149,Hathnikund Barrage,CWC,6,Haryana,76,YAMUNANAGAR,JAGADHRI,-,-,Ganga,Ganga,Yamuna,-,-,Yamuna,30.31444444,77.58500000,01-09-2025 05:30,25.8
1150,1150,Hathnikund Barrage,CWC,6,Haryana,76,YAMUNANAGAR,JAGADHRI,-,-,Ganga,Ganga,Yamuna,-,-,Yamuna,30.31444444,77.58500000,01-09-2025 11:30,6.4
1151,1151,Hathnikund Barrage,CWC,6,Haryana,76,YAMUNANAGAR,JAGADHRI,-,-,Ganga,Ganga,Yamuna,-,-,Yamuna,30.31444444,77.58500000,01-09-2025 14:30,6.8
1152,1152,Hathnikund Barrage,CWC,6,Haryana,76,YAMUNANAGAR,JAGADHRI,-,-,Ganga,Ganga,Yamuna,-,-,Yamuna,30.31444444,77.58500000,01-09-2025 17:30,8.8
1153,1153,Hathnikund Barrage,CWC,6,Haryana,76,YAMUNANAGAR,JAGADHRI,-,-,Ganga,Ganga,Yamuna,-,-,Yamuna,30.31444444,77.58500000,01-09-2025 20:30,1.2
1154,1154,Hathnikund Barrage,CWC,6,Haryana,76,YAMUNANAGAR,JAGADHRI,-,-,Ganga,Ganga,Yamuna,-,-,Yamuna,30.31444444,77.58500000,01-09-2025 23:30,0.8
1155,1155,Hathnikund Barrage,CWC,6,Haryana,76,YAMUNANAGAR,JAGADHRI,-,-,Ganga,Ganga,Yamuna,-,-,Yamuna,30.31444444,77.58500000,02-09-2025 02:30,9
1156,1156,Hathnikund Barrage,CWC,6,Haryana,76,YAMUNANAGAR,JAGADHRI,-,-,Ganga,Ganga,Yamuna,-,-,Yamuna,30.31444444,77.58500000,02-09-2025 05:30,8.8
1157,1157,Hathnikund Barrage,CWC,6,Haryana,76,YAMUNANAGAR,JAGADHRI,-,-,Ganga,Ganga,Yamuna,-,-,Yamuna,30.31444444,77.58500000,02-09-2025 08:30,7.8
1158,1158,Hathnikund Barrage,CWC,6,Haryana,76,YAMUNANAGAR,JAGADHRI,-,-,Ganga,Ganga,Yamuna,-,-,Yamuna,30.31444444,77.58500000,02-09-2025 11:30,2.4
1159,1159,Hathnikund Barrage,CWC,6,Haryana,76,YAMUNANAGAR,JAGADHRI,-,-,Ganga,Ganga,Yamuna,-,-,Yamuna,30.31444444,77.58500000,02-09-2025 14:30,2
1160,1160,Hathnikund Barrage,CWC,6,Haryana,76,YAMUNANAGAR,JAGADHRI,-,-,Ganga,Ganga,Yamuna,-,-,Yamuna,30.31444444,77.58500000,02-09-2025 17:30,2.4
1161,1161,Hathnikund Barrage,CWC,6,Haryana,76,YAMUNANAGAR,JAGADHRI,-,-,Ganga,Ganga,Yamuna,-,-,Yamuna,30.31444444,77.58500000,02-09-2025 23:30,2.8
1162,1162,Hathnikund Barrage,CWC,6,Haryana,76,YAMUNANAGAR,JAGADHRI,-,-,Ganga,Ganga,Yamuna,-,-,Yamuna,30.31444444,77.58500000,03-09-2025 02:30,1
1163,1163,Hathnikund Barrage,CWC,6,Haryana,76,YAMUNANAGAR,JAGADHRI,-,-,Ganga,Ganga,Yamuna,-,-,Yamuna,30.31444444,77.58500000,03-09-2025 05:30,10
1164,1164,Hathnikund Barrage,CWC,6,Haryana,76,YAMUNANAGAR,JAGADHRI,-,-,Ganga,Ganga,Yamuna,-,-,Yamuna,30.31444444,77.58500000,03-09-2025 08:30,4.2
1165,1165,Hathnikund Barrage,CWC,6,Haryana,76,YAMUNANAGAR,JAGADHRI,-,-,Ganga,Ganga,Yamuna,-,-,Yamuna,30.31444444,77.58500000,03-09-2025 17:30,3.2
1166,1166,Hathnikund Barrage,CWC,6,Haryana,76,YAMUNANAGAR,JAGADHRI,-,-,Ganga,Ganga,Yamuna,-,-,Yamuna,30.31444444,77.58500000,03-09-2025 20:30,1.6
1167,1167,Hathnikund Barrage,CWC,6,Haryana,76,YAMUNANAGAR,JAGADHRI,-,-,Ganga,Ganga,Yamuna,-,-,Yamuna,30.31444444,77.58500000,03-09-2025 23:30,2
1168,1168,Hathnikund Barrage,CWC,6,Haryana,76,YAMUNANAGAR,JAGADHRI,-,-,Ganga,Ganga,Yamuna,-,-,Yamuna,30.31444444,77.58500000,04-09-2025 02:30,4.2
1169,1169,Hathnikund Barrage,CWC,6,Haryana,76,YAMUNANAGAR,JAGADHRI,-,-,Ganga,Ganga,Yamuna,-,-,Yamuna,30.31444444,77.58500000,06-09-2025 14:30,4.2
1170,1170,Hathnikund Barrage,CWC,6,Haryana,76,YAMUNANAGAR,JAGADHRI,-,-,Ganga,Ganga,Yamuna,-,-,Yamuna,30.31444444,77.58500000,13-09-2025 05:30,5.6
1171,1171,Hathnikund Barrage,CWC,6,Haryana,76,YAMUNANAGAR,JAGADHRI,-,-,Ganga,Ganga,Yamuna,-,-,Yamuna,30.31444444,77.58500000,14-09-2025 17:30,5.2
1172,1172,Hathnikund Barrage,CWC,6,Haryana,76,YAMUNANAGAR,JAGADHRI,-,-,Ganga,Ganga,Yamuna,-,-,Yamuna,30.31444444,77.58500000,15-09-2025 14:30,15.2
1173,1173,Hathnikund Barrage,CWC,6,Haryana,76,YAMUNANAGAR,JAGADHRI,-,-,Ganga,Ganga,Yamuna,-,-,Yamuna,30.31444444,77.58500000,15-09-2025 17:30,10.2
1174,1174,Hathnikund Barrage,CWC,6,Haryana,76,YAMUNANAGAR,JAGADHRI,-,-,Ganga,Ganga,Yamuna,-,-,Yamuna,30.31444444,77.58500000,16-09-2025 11:30,1.2
1175,1175,Hathnikund Barrage,CWC,6,Haryana,76,YAMUNANAGAR,JAGADHRI,-,-,Ganga,Ganga,Yamuna,-,-,Yamuna,30.31444444,77.58500000,17-09-2025 20:30,10.6
1176,1176,Hathnikund Barrage,CWC,6,Haryana,76,YAMUNANAGAR,JAGADHRI,-,-,Ganga,Ganga,Yamuna,-,-,Yamuna,30.31444444,77.58500000,18-09-2025 02:30,28.8
1177,1177,Hathnikund Barrage,CWC,6,Haryana,76,YAMUNANAGAR,JAGADHRI,-,-,Ganga,Ganga,Yamuna,-,-,Yamuna,30.31444444,77.58500000,18-09-2025 05:30,25.4
1178,1178,Hathnikund Barrage,CWC,6,Haryana,76,YAMUNANAGAR,JAGADHRI,-,-,Ganga,Ganga,Yamuna,-,-,Yamuna,30.31444444,77.58500000,18-09-2025 08:30,62.8
1179,1179,Hathnikund Barrage,CWC,6,Haryana,76,YAMUNANAGAR,JAGADHRI,-,-,Ganga,Ganga,Yamuna,-,-,Yamuna,30.31444444,77.58500000,06-10-2025 02:30,28.4
1180,1180,Hathnikund Barrage,CWC,6,Haryana,76,YAMUNANAGAR,JAGADHRI,-,-,Ganga,Ganga,Yamuna,-,-,Yamuna,30.31444444,77.58500000,06-10-2025 14:30,20.4
1181,1181,Hathnikund Barrage,CWC,6,Haryana,76,YAMUNANAGAR,JAGADHRI,-,-,Ganga,Ganga,Yamuna,-,-,Yamuna,30.31444444,77.58500000,06-10-2025 17:30,16.4
1182,1182,Hathnikund Barrage,CWC,6,Haryana,76,YAMUNANAGAR,JAGADHRI,-,-,Ganga,Ganga,Yamuna,-,-,Yamuna,30.31444444,77.58500000,07-10-2025 08:30,12.2
1183,1183,Karnal,CWC,6,Haryana,67,KARNAL,KARNAL,-,-,Ganga,Ganga,Yamuna,-,-,Yamuna,29.76218333,77.13166667,02-01-2021 08:30,3.2
1184,1184,Karnal,CWC,6,Haryana,67,KARNAL,KARNAL,-,-,Ganga,Ganga,Yamuna,-,-,Yamuna,29.76218333,77.13166667,05-01-2021 08:30,6.6
1185,1185,Karnal,CWC,6,Haryana,67,KARNAL,KARNAL,-,-,Ganga,Ganga,Yamuna,-,-,Yamuna,29.76218333,77.13166667,06-01-2021 08:30,33
1186,1186,Karnal,CWC,6,Haryana,67,KARNAL,KARNAL,-,-,Ganga,Ganga,Yamuna,-,-,Yamuna,29.76218333,77.13166667,04-02-2021 08:30,6.4
1187,1187,Karnal,CWC,6,Haryana,67,KARNAL,KARNAL,-,-,Ganga,Ganga,Yamuna,-,-,Yamuna,29.76218333,77.13166667,05-02-2021 08:30,10.4
1188,1188,Karnal,CWC,6,Haryana,67,KARNAL,KARNAL,-,-,Ganga,Ganga,Yamuna,-,-,Yamuna,29.76218333,77.13166667,07-05-2021 08:30,1.6
1189,1189,Karnal,CWC,6,Haryana,67,KARNAL,KARNAL,-,-,Ganga,Ganga,Yamuna,-,-,Yamuna,29.76218333,77.13166667,20-05-2021 08:30,1.6
1190,1190,Karnal,CWC,6,Haryana,67,KARNAL,KARNAL,-,-,Ganga,Ganga,Yamuna,-,-,Yamuna,29.76218333,77.13166667,21-05-2021 08:30,8.2
1191,1191,Karnal,CWC,6,Haryana,67,KARNAL,KARNAL,-,-,Ganga,Ganga,Yamuna,-,-,Yamuna,29.76218333,77.13166667,30-05-2021 08:30,3.2
1192,1192,Karnal,CWC,6,Haryana,67,KARNAL,KARNAL,-,-,Ganga,Ganga,Yamuna,-,-,Yamuna,29.76218333,77.13166667,01-06-2021 08:30,14.6
1193,1193,Karnal,CWC,6,Haryana,67,KARNAL,KARNAL,-,-,Ganga,Ganga,Yamuna,-,-,Yamuna,29.76218333,77.13166667,03-06-2021 08:30,27
1194,1194,Karnal,CWC,6,Haryana,67,KARNAL,KARNAL,-,-,Ganga,Ganga,Yamuna,-,-,Yamuna,29.76218333,77.13166667,05-06-2021 08:30,23.4
1195,1195,Karnal,CWC,6,Haryana,67,KARNAL,KARNAL,-,-,Ganga,Ganga,Yamuna,-,-,Yamuna,29.76218333,77.13166667,11-06-2021 08:30,20
1196,1196,Karnal,CWC,6,Haryana,67,KARNAL,KARNAL,-,-,Ganga,Ganga,Yamuna,-,-,Yamuna,29.76218333,77.13166667,18-06-2021 08:30,3
1197,1197,Karnal,CWC,6,Haryana,67,KARNAL,KARNAL,-,-,Ganga,Ganga,Yamuna,-,-,Yamuna,29.76218333,77.13166667,25-06-2021 08:30,5
1198,1198,Karnal,CWC,6,Haryana,67,KARNAL,KARNAL,-,-,Ganga,Ganga,Yamuna,-,-,Yamuna,29.76218333,77.13166667,03-07-2021 08:30,2.8
1199,1199,Karnal,CWC,6,Haryana,67,KARNAL,KARNAL,-,-,Ganga,Ganga,Yamuna,-,-,Yamuna,29.76218333,77.13166667,09-07-2021 08:30,6.8
1200,1200,Karnal,CWC,6,Haryana,67,KARNAL,KARNAL,-,-,Ganga,Ganga,Yamuna,-,-,Yamuna,29.76218333,77.13166667,14-07-2021 08:30,208
1201,1201,Karnal,CWC,6,Haryana,67,KARNAL,KARNAL,-,-,Ganga,Ganga,Yamuna,-,-,Yamuna,29.76218333,77.13166667,15-07-2021 08:30,34.4
1202,1202,Karnal,CWC,6,Haryana,67,KARNAL,KARNAL,-,-,Ganga,Ganga,Yamuna,-,-,Yamuna,29.76218333,77.13166667,16-07-2021 08:30,3
1203,1203,Karnal,CWC,6,Haryana,67,KARNAL,KARNAL,-,-,Ganga,Ganga,Yamuna,-,-,Yamuna,29.76218333,77.13166667,19-07-2021 08:30,6
1204,1204,Karnal,CWC,6,Haryana,67,KARNAL,KARNAL,-,-,Ganga,Ganga,Yamuna,-,-,Yamuna,29.76218333,77.13166667,20-07-2021 08:30,2.8
1205,1205,Karnal,CWC,6,Haryana,67,KARNAL,KARNAL,-,-,Ganga,Ganga,Yamuna,-,-,Yamuna,29.76218333,77.13166667,21-07-2021 08:30,28.2
1206,1206,Karnal,CWC,6,Haryana,67,KARNAL,KARNAL,-,-,Ganga,Ganga,Yamuna,-,-,Yamuna,29.76218333,77.13166667,22-07-2021 08:30,22.4
1207,1207,Karnal,CWC,6,Haryana,67,KARNAL,KARNAL,-,-,Ganga,Ganga,Yamuna,-,-,Yamuna,29.76218333,77.13166667,23-07-2021 08:30,7.4
1208,1208,Karnal,CWC,6,Haryana,67,KARNAL,KARNAL,-,-,Ganga,Ganga,Yamuna,-,-,Yamuna,29.76218333,77.13166667,28-07-2021 08:30,45
1209,1209,Karnal,CWC,6,Haryana,67,KARNAL,KARNAL,-,-,Ganga,Ganga,Yamuna,-,-,Yamuna,29.76218333,77.13166667,29-07-2021 08:30,10.6
1210,1210,Karnal,CWC,6,Haryana,67,KARNAL,KARNAL,-,-,Ganga,Ganga,Yamuna,-,-,Yamuna,29.76218333,77.13166667,31-07-2021 08:30,5.4
1211,1211,Karnal,CWC,6,Haryana,67,KARNAL,KARNAL,-,-,Ganga,Ganga,Yamuna,-,-,Yamuna,29.76218333,77.13166667,02-08-2021 08:30,52
1212,1212,Karnal,CWC,6,Haryana,67,KARNAL,KARNAL,-,-,Ganga,Ganga,Yamuna,-,-,Yamuna,29.76218333,77.13166667,07-08-2021 08:30,21
1213,1213,Karnal,CWC,6,Haryana,67,KARNAL,KARNAL,-,-,Ganga,Ganga,Yamuna,-,-,Yamuna,29.76218333,77.13166667,20-08-2021 08:30,6.4
1214,1214,Karnal,CWC,6,Haryana,67,KARNAL,KARNAL,-,-,Ganga,Ganga,Yamuna,-,-,Yamuna,29.76218333,77.13166667,21-08-2021 08:30,28
1215,1215,Karnal,CWC,6,Haryana,67,KARNAL,KARNAL,-,-,Ganga,Ganga,Yamuna,-,-,Yamuna,29.76218333,77.13166667,22-08-2021 08:30,9
1216,1216,Karnal,CWC,6,Haryana,67,KARNAL,KARNAL,-,-,Ganga,Ganga,Yamuna,-,-,Yamuna,29.76218333,77.13166667,23-08-2021 08:30,13.6
1217,1217,Karnal,CWC,6,Haryana,67,KARNAL,KARNAL,-,-,Ganga,Ganga,Yamuna,-,-,Yamuna,29.76218333,77.13166667,02-09-2021 08:30,7.6
1218,1218,Karnal,CWC,6,Haryana,67,KARNAL,KARNAL,-,-,Ganga,Ganga,Yamuna,-,-,Yamuna,29.76218333,77.13166667,03-09-2021 08:30,3.4
1219,1219,Karnal,CWC,6,Haryana,67,KARNAL,KARNAL,-,-,Ganga,Ganga,Yamuna,-,-,Yamuna,29.76218333,77.13166667,04-09-2021 08:30,18
1220,1220,Karnal,CWC,6,Haryana,67,KARNAL,KARNAL,-,-,Ganga,Ganga,Yamuna,-,-,Yamuna,29.76218333,77.13166667,07-09-2021 08:30,14.6
1221,1221,Karnal,CWC,6,Haryana,67,KARNAL,KARNAL,-,-,Ganga,Ganga,Yamuna,-,-,Yamuna,29.76218333,77.13166667,08-09-2021 08:30,3.2
1222,1222,Karnal,CWC,6,Haryana,67,KARNAL,KARNAL,-,-,Ganga,Ganga,Yamuna,-,-,Yamuna,29.76218333,77.13166667,11-09-2021 08:30,4.8
1223,1223,Karnal,CWC,6,Haryana,67,KARNAL,KARNAL,-,-,Ganga,Ganga,Yamuna,-,-,Yamuna,29.76218333,77.13166667,12-09-2021 08:30,11.4
1224,1224,Karnal,CWC,6,Haryana,67,KARNAL,KARNAL,-,-,Ganga,Ganga,Yamuna,-,-,Yamuna,29.76218333,77.13166667,13-09-2021 08:30,5.4
1225,1225,Karnal,CWC,6,Haryana,67,KARNAL,KARNAL,-,-,Ganga,Ganga,Yamuna,-,-,Yamuna,29.76218333,77.13166667,17-09-2021 08:30,84.2
1226,1226,Karnal,CWC,6,Haryana,67,KARNAL,KARNAL,-,-,Ganga,Ganga,Yamuna,-,-,Yamuna,29.76218333,77.13166667,23-09-2021 08:30,3.4
1227,1227,Karnal,CWC,6,Haryana,67,KARNAL,KARNAL,-,-,Ganga,Ganga,Yamuna,-,-,Yamuna,29.76218333,77.13166667,24-09-2021 08:30,42.4
1228,1228,Karnal,CWC,6,Haryana,67,KARNAL,KARNAL,-,-,Ganga,Ganga,Yamuna,-,-,Yamuna,29.76218333,77.13166667,05-10-2021 08:30,14.4
1229,1229,Karnal,CWC,6,Haryana,67,KARNAL,KARNAL,-,-,Ganga,Ganga,Yamuna,-,-,Yamuna,29.76218333,77.13166667,18-10-2021 08:30,8
1230,1230,Karnal,CWC,6,Haryana,67,KARNAL,KARNAL,-,-,Ganga,Ganga,Yamuna,-,-,Yamuna,29.76218333,77.13166667,25-10-2021 08:30,5.8
1231,1231,Karnal,CWC,6,Haryana,67,KARNAL,KARNAL,-,-,Ganga,Ganga,Yamuna,-,-,Yamuna,29.76218333,77.13166667,27-12-2021 08:30,1.8
1232,1232,Karnal,CWC,6,Haryana,67,KARNAL,KARNAL,-,-,Ganga,Ganga,Yamuna,-,-,Yamuna,29.76218333,77.13166667,06-01-2022 08:30,9.2
1233,1233,Karnal,CWC,6,Haryana,67,KARNAL,KARNAL,-,-,Ganga,Ganga,Yamuna,-,-,Yamuna,29.76218333,77.13166667,08-01-2022 08:30,16.4
1234,1234,Karnal,CWC,6,Haryana,67,KARNAL,KARNAL,-,-,Ganga,Ganga,Yamuna,-,-,Yamuna,29.76218333,77.13166667,09-01-2022 08:30,23
1235,1235,Karnal,CWC,6,Haryana,67,KARNAL,KARNAL,-,-,Ganga,Ganga,Yamuna,-,-,Yamuna,29.76218333,77.13166667,10-01-2022 08:30,30
1236,1236,Karnal,CWC,6,Haryana,67,KARNAL,KARNAL,-,-,Ganga,Ganga,Yamuna,-,-,Yamuna,29.76218333,77.13166667,20-01-2022 08:30,3.6
1237,1237,Karnal,CWC,6,Haryana,67,KARNAL,KARNAL,-,-,Ganga,Ganga,Yamuna,-,-,Yamuna,29.76218333,77.13166667,21-01-2022 08:30,3.8
1238,1238,Karnal,CWC,6,Haryana,67,KARNAL,KARNAL,-,-,Ganga,Ganga,Yamuna,-,-,Yamuna,29.76218333,77.13166667,22-01-2022 08:30,1
1239,1239,Karnal,CWC,6,Haryana,67,KARNAL,KARNAL,-,-,Ganga,Ganga,Yamuna,-,-,Yamuna,29.76218333,77.13166667,23-01-2022 08:30,15.8
1240,1240,Karnal,CWC,6,Haryana,67,KARNAL,KARNAL,-,-,Ganga,Ganga,Yamuna,-,-,Yamuna,29.76218333,77.13166667,24-01-2022 08:30,4.5
1241,1241,Karnal,CWC,6,Haryana,67,KARNAL,KARNAL,-,-,Ganga,Ganga,Yamuna,-,-,Yamuna,29.76218333,77.13166667,03-02-2022 08:30,5.2
1242,1242,Karnal,CWC,6,Haryana,67,KARNAL,KARNAL,-,-,Ganga,Ganga,Yamuna,-,-,Yamuna,29.76218333,77.13166667,04-02-2022 08:30,16.8
1243,1243,Karnal,CWC,6,Haryana,67,KARNAL,KARNAL,-,-,Ganga,Ganga,Yamuna,-,-,Yamuna,29.76218333,77.13166667,05-02-2022 08:30,1.2
1244,1244,Karnal,CWC,6,Haryana,67,KARNAL,KARNAL,-,-,Ganga,Ganga,Yamuna,-,-,Yamuna,29.76218333,77.13166667,26-02-2022 08:30,6.2
1245,1245,Karnal,CWC,6,Haryana,67,KARNAL,KARNAL,-,-,Ganga,Ganga,Yamuna,-,-,Yamuna,29.76218333,77.13166667,05-05-2022 08:30,7.2
1246,1246,Karnal,CWC,6,Haryana,67,KARNAL,KARNAL,-,-,Ganga,Ganga,Yamuna,-,-,Yamuna,29.76218333,77.13166667,22-05-2022 08:30,2.4
1247,1247,Karnal,CWC,6,Haryana,67,KARNAL,KARNAL,-,-,Ganga,Ganga,Yamuna,-,-,Yamuna,29.76218333,77.13166667,23-05-2022 08:30,45.4
1248,1248,Karnal,CWC,6,Haryana,67,KARNAL,KARNAL,-,-,Ganga,Ganga,Yamuna,-,-,Yamuna,29.76218333,77.13166667,24-05-2022 08:30,18
1249,1249,Karnal,CWC,6,Haryana,67,KARNAL,KARNAL,-,-,Ganga,Ganga,Yamuna,-,-,Yamuna,29.76218333,77.13166667,28-05-2022 08:30,7.4
1250,1250,Karnal,CWC,6,Haryana,67,KARNAL,KARNAL,-,-,Ganga,Ganga,Yamuna,-,-,Yamuna,29.76218333,77.13166667,29-05-2022 08:30,2.2
1251,1251,Karnal,CWC,6,Haryana,67,KARNAL,KARNAL,-,-,Ganga,Ganga,Yamuna,-,-,Yamuna,29.76218333,77.13166667,16-06-2022 08:30,1.8
1252,1252,Karnal,CWC,6,Haryana,67,KARNAL,KARNAL,-,-,Ganga,Ganga,Yamuna,-,-,Yamuna,29.76218333,77.13166667,17-06-2022 08:30,26.8
1253,1253,Karnal,CWC,6,Haryana,67,KARNAL,KARNAL,-,-,Ganga,Ganga,Yamuna,-,-,Yamuna,29.76218333,77.13166667,18-06-2022 08:30,40.4
1254,1254,Karnal,CWC,6,Haryana,67,KARNAL,KARNAL,-,-,Ganga,Ganga,Yamuna,-,-,Yamuna,29.76218333,77.13166667,01-07-2022 08:30,33
1255,1255,Karnal,CWC,6,Haryana,67,KARNAL,KARNAL,-,-,Ganga,Ganga,Yamuna,-,-,Yamuna,29.76218333,77.13166667,04-07-2022 08:30,2.4
1256,1256,Karnal,CWC,6,Haryana,67,KARNAL,KARNAL,-,-,Ganga,Ganga,Yamuna,-,-,Yamuna,29.76218333,77.13166667,09-07-2022 08:30,2.2
1257,1257,Karnal,CWC,6,Haryana,67,KARNAL,KARNAL,-,-,Ganga,Ganga,Yamuna,-,-,Yamuna,29.76218333,77.13166667,10-07-2022 08:30,2.2
1258,1258,Karnal,CWC,6,Haryana,67,KARNAL,KARNAL,-,-,Ganga,Ganga,Yamuna,-,-,Yamuna,29.76218333,77.13166667,11-07-2022 08:30,19
1259,1259,Karnal,CWC,6,Haryana,67,KARNAL,KARNAL,-,-,Ganga,Ganga,Yamuna,-,-,Yamuna,29.76218333,77.13166667,15-07-2022 08:30,17.6
1260,1260,Karnal,CWC,6,Haryana,67,KARNAL,KARNAL,-,-,Ganga,Ganga,Yamuna,-,-,Yamuna,29.76218333,77.13166667,17-07-2022 08:30,1.4
1261,1261,Karnal,CWC,6,Haryana,67,KARNAL,KARNAL,-,-,Ganga,Ganga,Yamuna,-,-,Yamuna,29.76218333,77.13166667,20-07-2022 08:30,25.8
1262,1262,Karnal,CWC,6,Haryana,67,KARNAL,KARNAL,-,-,Ganga,Ganga,Yamuna,-,-,Yamuna,29.76218333,77.13166667,21-07-2022 08:30,40.6
1263,1263,Karnal,CWC,6,Haryana,67,KARNAL,KARNAL,-,-,Ganga,Ganga,Yamuna,-,-,Yamuna,29.76218333,77.13166667,22-07-2022 08:30,11.6
1264,1264,Karnal,CWC,6,Haryana,67,KARNAL,KARNAL,-,-,Ganga,Ganga,Yamuna,-,-,Yamuna,29.76218333,77.13166667,29-07-2022 08:30,3
1265,1265,Karnal,CWC,6,Haryana,67,KARNAL,KARNAL,-,-,Ganga,Ganga,Yamuna,-,-,Yamuna,29.76218333,77.13166667,30-07-2022 08:30,9.6
1266,1266,Karnal,CWC,6,Haryana,67,KARNAL,KARNAL,-,-,Ganga,Ganga,Yamuna,-,-,Yamuna,29.76218333,77.13166667,31-07-2022 08:30,9.2
1267,1267,Karnal,CWC,6,Haryana,67,KARNAL,KARNAL,-,-,Ganga,Ganga,Yamuna,-,-,Yamuna,29.76218333,77.13166667,01-08-2022 08:30,25.2
1268,1268,Karnal,CWC,6,Haryana,67,KARNAL,KARNAL,-,-,Ganga,Ganga,Yamuna,-,-,Yamuna,29.76218333,77.13166667,05-08-2022 08:30,4.2
1269,1269,Karnal,CWC,6,Haryana,67,KARNAL,KARNAL,-,-,Ganga,Ganga,Yamuna,-,-,Yamuna,29.76218333,77.13166667,06-08-2022 08:30,32.8
1270,1270,Karnal,CWC,6,Haryana,67,KARNAL,KARNAL,-,-,Ganga,Ganga,Yamuna,-,-,Yamuna,29.76218333,77.13166667,07-08-2022 08:30,5.8
1271,1271,Karnal,CWC,6,Haryana,67,KARNAL,KARNAL,-,-,Ganga,Ganga,Yamuna,-,-,Yamuna,29.76218333,77.13166667,15-08-2022 08:30,43.4
1272,1272,Karnal,CWC,6,Haryana,67,KARNAL,KARNAL,-,-,Ganga,Ganga,Yamuna,-,-,Yamuna,29.76218333,77.13166667,16-09-2022 08:30,4
1273,1273,Karnal,CWC,6,Haryana,67,KARNAL,KARNAL,-,-,Ganga,Ganga,Yamuna,-,-,Yamuna,29.76218333,77.13166667,17-09-2022 08:30,12.8
1274,1274,Karnal,CWC,6,Haryana,67,KARNAL,KARNAL,-,-,Ganga,Ganga,Yamuna,-,-,Yamuna,29.76218333,77.13166667,21-09-2022 08:30,16.6
1275,1275,Karnal,CWC,6,Haryana,67,KARNAL,KARNAL,-,-,Ganga,Ganga,Yamuna,-,-,Yamuna,29.76218333,77.13166667,22-09-2022 08:30,10.4
1276,1276,Karnal,CWC,6,Haryana,67,KARNAL,KARNAL,-,-,Ganga,Ganga,Yamuna,-,-,Yamuna,29.76218333,77.13166667,23-09-2022 08:30,45.6
1277,1277,Karnal,CWC,6,Haryana,67,KARNAL,KARNAL,-,-,Ganga,Ganga,Yamuna,-,-,Yamuna,29.76218333,77.13166667,24-09-2022 08:30,48.3
1278,1278,Karnal,CWC,6,Haryana,67,KARNAL,KARNAL,-,-,Ganga,Ganga,Yamuna,-,-,Yamuna,29.76218333,77.13166667,25-09-2022 08:30,41.6
1279,1279,Karnal,CWC,6,Haryana,67,KARNAL,KARNAL,-,-,Ganga,Ganga,Yamuna,-,-,Yamuna,29.76218333,77.13166667,09-10-2022 08:30,4
1280,1280,Karnal,CWC,6,Haryana,67,KARNAL,KARNAL,-,-,Ganga,Ganga,Yamuna,-,-,Yamuna,29.76218333,77.13166667,10-10-2022 08:30,2.8
1281,1281,Karnal,CWC,6,Haryana,67,KARNAL,KARNAL,-,-,Ganga,Ganga,Yamuna,-,-,Yamuna,29.76218333,77.13166667,11-10-2022 08:30,16
1282,1282,Karnal,CWC,6,Haryana,67,KARNAL,KARNAL,-,-,Ganga,Ganga,Yamuna,-,-,Yamuna,29.76218333,77.13166667,20-01-2023 08:30,6
1283,1283,Karnal,CWC,6,Haryana,67,KARNAL,KARNAL,-,-,Ganga,Ganga,Yamuna,-,-,Yamuna,29.76218333,77.13166667,30-01-2023 08:30,9.6
1284,1284,Karnal,CWC,6,Haryana,67,KARNAL,KARNAL,-,-,Ganga,Ganga,Yamuna,-,-,Yamuna,29.76218333,77.13166667,21-03-2023 08:30,44
1285,1285,Karnal,CWC,6,Haryana,67,KARNAL,KARNAL,-,-,Ganga,Ganga,Yamuna,-,-,Yamuna,29.76218333,77.13166667,25-03-2023 08:30,3
1286,1286,Karnal,CWC,6,Haryana,67,KARNAL,KARNAL,-,-,Ganga,Ganga,Yamuna,-,-,Yamuna,29.76218333,77.13166667,31-03-2023 08:30,7
1287,1287,Karnal,CWC,6,Haryana,67,KARNAL,KARNAL,-,-,Ganga,Ganga,Yamuna,-,-,Yamuna,29.76218333,77.13166667,01-04-2023 08:30,3.2
1288,1288,Karnal,CWC,6,Haryana,67,KARNAL,KARNAL,-,-,Ganga,Ganga,Yamuna,-,-,Yamuna,29.76218333,77.13166667,04-04-2023 08:30,2.8
1289,1289,Karnal,CWC,6,Haryana,67,KARNAL,KARNAL,-,-,Ganga,Ganga,Yamuna,-,-,Yamuna,29.76218333,77.13166667,20-04-2023 08:30,3.4
1290,1290,Karnal,CWC,6,Haryana,67,KARNAL,KARNAL,-,-,Ganga,Ganga,Yamuna,-,-,Yamuna,29.76218333,77.13166667,28-04-2023 08:30,2
1291,1291,Karnal,CWC,6,Haryana,67,KARNAL,KARNAL,-,-,Ganga,Ganga,Yamuna,-,-,Yamuna,29.76218333,77.13166667,01-05-2023 08:30,12.8
1292,1292,Karnal,CWC,6,Haryana,67,KARNAL,KARNAL,-,-,Ganga,Ganga,Yamuna,-,-,Yamuna,29.76218333,77.13166667,02-05-2023 08:30,13.2
1293,1293,Karnal,CWC,6,Haryana,67,KARNAL,KARNAL,-,-,Ganga,Ganga,Yamuna,-,-,Yamuna,29.76218333,77.13166667,03-05-2023 08:30,29
1294,1294,Karnal,CWC,6,Haryana,67,KARNAL,KARNAL,-,-,Ganga,Ganga,Yamuna,-,-,Yamuna,29.76218333,77.13166667,04-05-2023 08:30,4.8
1295,1295,Karnal,CWC,6,Haryana,67,KARNAL,KARNAL,-,-,Ganga,Ganga,Yamuna,-,-,Yamuna,29.76218333,77.13166667,18-05-2023 08:30,13
1296,1296,Karnal,CWC,6,Haryana,67,KARNAL,KARNAL,-,-,Ganga,Ganga,Yamuna,-,-,Yamuna,29.76218333,77.13166667,24-05-2023 08:30,5.2
1297,1297,Karnal,CWC,6,Haryana,67,KARNAL,KARNAL,-,-,Ganga,Ganga,Yamuna,-,-,Yamuna,29.76218333,77.13166667,25-05-2023 08:30,3.2
1298,1298,Karnal,CWC,6,Haryana,67,KARNAL,KARNAL,-,-,Ganga,Ganga,Yamuna,-,-,Yamuna,29.76218333,77.13166667,26-05-2023 08:30,2.8
1299,1299,Karnal,CWC,6,Haryana,67,KARNAL,KARNAL,-,-,Ganga,Ganga,Yamuna,-,-,Yamuna,29.76218333,77.13166667,27-05-2023 08:30,2.6
1300,1300,Karnal,CWC,6,Haryana,67,KARNAL,KARNAL,-,-,Ganga,Ganga,Yamuna,-,-,Yamuna,29.76218333,77.13166667,30-05-2023 08:30,10.2
1301,1301,Karnal,CWC,6,Haryana,67,KARNAL,KARNAL,-,-,Ganga,Ganga,Yamuna,-,-,Yamuna,29.76218333,77.13166667,01-06-2023 08:30,4.6
1302,1302,Karnal,CWC,6,Haryana,67,KARNAL,KARNAL,-,-,Ganga,Ganga,Yamuna,-,-,Yamuna,29.76218333,77.13166667,02-06-2023 08:30,2.5
1303,1303,Karnal,CWC,6,Haryana,67,KARNAL,KARNAL,-,-,Ganga,Ganga,Yamuna,-,-,Yamuna,29.76218333,77.13166667,19-06-2023 08:30,2
1304,1304,Karnal,CWC,6,Haryana,67,KARNAL,KARNAL,-,-,Ganga,Ganga,Yamuna,-,-,Yamuna,29.76218333,77.13166667,23-06-2023 08:30,8.2
1305,1305,Karnal,CWC,6,Haryana,67,KARNAL,KARNAL,-,-,Ganga,Ganga,Yamuna,-,-,Yamuna,29.76218333,77.13166667,25-06-2023 08:30,25.4
1306,1306,Karnal,CWC,6,Haryana,67,KARNAL,KARNAL,-,-,Ganga,Ganga,Yamuna,-,-,Yamuna,29.76218333,77.13166667,26-06-2023 08:30,41.4
1307,1307,Karnal,CWC,6,Haryana,67,KARNAL,KARNAL,-,-,Ganga,Ganga,Yamuna,-,-,Yamuna,29.76218333,77.13166667,27-06-2023 08:30,32
1308,1308,Karnal,CWC,6,Haryana,67,KARNAL,KARNAL,-,-,Ganga,Ganga,Yamuna,-,-,Yamuna,29.76218333,77.13166667,29-06-2023 08:30,4.2
1309,1309,Karnal,CWC,6,Haryana,67,KARNAL,KARNAL,-,-,Ganga,Ganga,Yamuna,-,-,Yamuna,29.76218333,77.13166667,30-06-2023 08:30,85
1310,1310,Karnal,CWC,6,Haryana,67,KARNAL,KARNAL,-,-,Ganga,Ganga,Yamuna,-,-,Yamuna,29.76218333,77.13166667,04-07-2023 08:30,2
1311,1311,Karnal,CWC,6,Haryana,67,KARNAL,KARNAL,-,-,Ganga,Ganga,Yamuna,-,-,Yamuna,29.76218333,77.13166667,06-07-2023 08:30,6.2
1312,1312,Karnal,CWC,6,Haryana,67,KARNAL,KARNAL,-,-,Ganga,Ganga,Yamuna,-,-,Yamuna,29.76218333,77.13166667,08-07-2023 05:30,1.5
1313,1313,Karnal,CWC,6,Haryana,67,KARNAL,KARNAL,-,-,Ganga,Ganga,Yamuna,-,-,Yamuna,29.76218333,77.13166667,08-07-2023 08:30,10
1314,1314,Karnal,CWC,6,Haryana,67,KARNAL,KARNAL,-,-,Ganga,Ganga,Yamuna,-,-,Yamuna,29.76218333,77.13166667,08-07-2023 11:30,4.6
1315,1315,Karnal,CWC,6,Haryana,67,KARNAL,KARNAL,-,-,Ganga,Ganga,Yamuna,-,-,Yamuna,29.76218333,77.13166667,08-07-2023 14:30,9.4
1316,1316,Karnal,CWC,6,Haryana,67,KARNAL,KARNAL,-,-,Ganga,Ganga,Yamuna,-,-,Yamuna,29.76218333,77.13166667,08-07-2023 17:30,53
1317,1317,Karnal,CWC,6,Haryana,67,KARNAL,KARNAL,-,-,Ganga,Ganga,Yamuna,-,-,Yamuna,29.76218333,77.13166667,08-07-2023 23:30,40.8
1318,1318,Karnal,CWC,6,Haryana,67,KARNAL,KARNAL,-,-,Ganga,Ganga,Yamuna,-,-,Yamuna,29.76218333,77.13166667,09-07-2023 02:30,7.4
1319,1319,Karnal,CWC,6,Haryana,67,KARNAL,KARNAL,-,-,Ganga,Ganga,Yamuna,-,-,Yamuna,29.76218333,77.13166667,09-07-2023 05:30,7
1320,1320,Karnal,CWC,6,Haryana,67,KARNAL,KARNAL,-,-,Ganga,Ganga,Yamuna,-,-,Yamuna,29.76218333,77.13166667,09-07-2023 11:30,3.8
1321,1321,Karnal,CWC,6,Haryana,67,KARNAL,KARNAL,-,-,Ganga,Ganga,Yamuna,-,-,Yamuna,29.76218333,77.13166667,09-07-2023 14:30,3
1322,1322,Karnal,CWC,6,Haryana,67,KARNAL,KARNAL,-,-,Ganga,Ganga,Yamuna,-,-,Yamuna,29.76218333,77.13166667,09-07-2023 17:30,3
1323,1323,Karnal,CWC,6,Haryana,67,KARNAL,KARNAL,-,-,Ganga,Ganga,Yamuna,-,-,Yamuna,29.76218333,77.13166667,09-07-2023 20:30,1
1324,1324,Karnal,CWC,6,Haryana,67,KARNAL,KARNAL,-,-,Ganga,Ganga,Yamuna,-,-,Yamuna,29.76218333,77.13166667,10-07-2023 05:30,1
1325,1325,Karnal,CWC,6,Haryana,67,KARNAL,KARNAL,-,-,Ganga,Ganga,Yamuna,-,-,Yamuna,29.76218333,77.13166667,10-07-2023 08:30,8
1326,1326,Karnal,CWC,6,Haryana,67,KARNAL,KARNAL,-,-,Ganga,Ganga,Yamuna,-,-,Yamuna,29.76218333,77.13166667,10-07-2023 11:30,3.8
1327,1327,Karnal,CWC,6,Haryana,67,KARNAL,KARNAL,-,-,Ganga,Ganga,Yamuna,-,-,Yamuna,29.76218333,77.13166667,10-07-2023 14:30,25
1328,1328,Karnal,CWC,6,Haryana,67,KARNAL,KARNAL,-,-,Ganga,Ganga,Yamuna,-,-,Yamuna,29.76218333,77.13166667,10-07-2023 17:30,3
1329,1329,Karnal,CWC,6,Haryana,67,KARNAL,KARNAL,-,-,Ganga,Ganga,Yamuna,-,-,Yamuna,29.76218333,77.13166667,12-07-2023 05:30,15
1330,1330,Karnal,CWC,6,Haryana,67,KARNAL,KARNAL,-,-,Ganga,Ganga,Yamuna,-,-,Yamuna,29.76218333,77.13166667,15-07-2023 17:30,10.2
1331,1331,Karnal,CWC,6,Haryana,67,KARNAL,KARNAL,-,-,Ganga,Ganga,Yamuna,-,-,Yamuna,29.76218333,77.13166667,17-07-2023 11:30,9
1332,1332,Karnal,CWC,6,Haryana,67,KARNAL,KARNAL,-,-,Ganga,Ganga,Yamuna,-,-,Yamuna,29.76218333,77.13166667,17-07-2023 14:30,15
1333,1333,Karnal,CWC,6,Haryana,67,KARNAL,KARNAL,-,-,Ganga,Ganga,Yamuna,-,-,Yamuna,29.76218333,77.13166667,24-07-2023 08:30,2
1334,1334,Karnal,CWC,6,Haryana,67,KARNAL,KARNAL,-,-,Ganga,Ganga,Yamuna,-,-,Yamuna,29.76218333,77.13166667,26-07-2023 05:30,28.3
1335,1335,Karnal,CWC,6,Haryana,67,KARNAL,KARNAL,-,-,Ganga,Ganga,Yamuna,-,-,Yamuna,29.76218333,77.13166667,26-07-2023 08:30,8
1336,1336,Karnal,CWC,6,Haryana,67,KARNAL,KARNAL,-,-,Ganga,Ganga,Yamuna,-,-,Yamuna,29.76218333,77.13166667,28-07-2023 08:30,4.8
1337,1337,Karnal,CWC,6,Haryana,67,KARNAL,KARNAL,-,-,Ganga,Ganga,Yamuna,-,-,Yamuna,29.76218333,77.13166667,28-07-2023 23:30,25.4
1338,1338,Karnal,CWC,6,Haryana,67,KARNAL,KARNAL,-,-,Ganga,Ganga,Yamuna,-,-,Yamuna,29.76218333,77.13166667,29-07-2023 14:30,1.4
1339,1339,Karnal,CWC,6,Haryana,67,KARNAL,KARNAL,-,-,Ganga,Ganga,Yamuna,-,-,Yamuna,29.76218333,77.13166667,04-08-2023 11:30,42.6
1340,1340,Karnal,CWC,6,Haryana,67,KARNAL,KARNAL,-,-,Ganga,Ganga,Yamuna,-,-,Yamuna,29.76218333,77.13166667,06-08-2023 08:30,1
1341,1341,Karnal,CWC,6,Haryana,67,KARNAL,KARNAL,-,-,Ganga,Ganga,Yamuna,-,-,Yamuna,29.76218333,77.13166667,06-08-2023 20:30,4
1342,1342,Karnal,CWC,6,Haryana,67,KARNAL,KARNAL,-,-,Ganga,Ganga,Yamuna,-,-,Yamuna,29.76218333,77.13166667,11-08-2023 08:30,1.2
1343,1343,Karnal,CWC,6,Haryana,67,KARNAL,KARNAL,-,-,Ganga,Ganga,Yamuna,-,-,Yamuna,29.76218333,77.13166667,22-08-2023 20:30,1
1344,1344,Karnal,CWC,6,Haryana,67,KARNAL,KARNAL,-,-,Ganga,Ganga,Yamuna,-,-,Yamuna,29.76218333,77.13166667,23-08-2023 08:30,25
1345,1345,Karnal,CWC,6,Haryana,67,KARNAL,KARNAL,-,-,Ganga,Ganga,Yamuna,-,-,Yamuna,29.76218333,77.13166667,23-08-2023 11:30,9.5
1346,1346,Karnal,CWC,6,Haryana,67,KARNAL,KARNAL,-,-,Ganga,Ganga,Yamuna,-,-,Yamuna,29.76218333,77.13166667,09-09-2023 08:30,0.6
1347,1347,Karnal,CWC,6,Haryana,67,KARNAL,KARNAL,-,-,Ganga,Ganga,Yamuna,-,-,Yamuna,29.76218333,77.13166667,17-09-2023 08:30,10
1348,1348,Karnal,CWC,6,Haryana,67,KARNAL,KARNAL,-,-,Ganga,Ganga,Yamuna,-,-,Yamuna,29.76218333,77.13166667,16-10-2023 11:30,15
1349,1349,Karnal,CWC,6,Haryana,67,KARNAL,KARNAL,-,-,Ganga,Ganga,Yamuna,-,-,Yamuna,29.76218333,77.13166667,17-10-2023 05:30,8.2
1350,1350,Karnal,CWC,6,Haryana,67,KARNAL,KARNAL,-,-,Ganga,Ganga,Yamuna,-,-,Yamuna,29.76218333,77.13166667,04-02-2024 08:30,5.2
1351,1351,Karnal,CWC,6,Haryana,67,KARNAL,KARNAL,-,-,Ganga,Ganga,Yamuna,-,-,Yamuna,29.76218333,77.13166667,05-02-2024 08:30,2.2
1352,1352,Karnal,CWC,6,Haryana,67,KARNAL,KARNAL,-,-,Ganga,Ganga,Yamuna,-,-,Yamuna,29.76218333,77.13166667,20-02-2024 08:30,3.6
1353,1353,Karnal,CWC,6,Haryana,67,KARNAL,KARNAL,-,-,Ganga,Ganga,Yamuna,-,-,Yamuna,29.76218333,77.13166667,03-03-2024 08:30,35
1354,1354,Karnal,CWC,6,Haryana,67,KARNAL,KARNAL,-,-,Ganga,Ganga,Yamuna,-,-,Yamuna,29.76218333,77.13166667,03-06-2024 23:30,10.6
1355,1355,Karnal,CWC,6,Haryana,67,KARNAL,KARNAL,-,-,Ganga,Ganga,Yamuna,-,-,Yamuna,29.76218333,77.13166667,05-06-2024 17:30,5.4
1356,1356,Karnal,CWC,6,Haryana,67,KARNAL,KARNAL,-,-,Ganga,Ganga,Yamuna,-,-,Yamuna,29.76218333,77.13166667,19-06-2024 23:30,2.4
1357,1357,Karnal,CWC,6,Haryana,67,KARNAL,KARNAL,-,-,Ganga,Ganga,Yamuna,-,-,Yamuna,29.76218333,77.13166667,20-06-2024 08:30,7.4
1358,1358,Karnal,CWC,6,Haryana,67,KARNAL,KARNAL,-,-,Ganga,Ganga,Yamuna,-,-,Yamuna,29.76218333,77.13166667,01-07-2024 11:30,19.6
1359,1359,Karnal,CWC,6,Haryana,67,KARNAL,KARNAL,-,-,Ganga,Ganga,Yamuna,-,-,Yamuna,29.76218333,77.13166667,15-07-2024 08:30,2
1360,1360,Karnal,CWC,6,Haryana,67,KARNAL,KARNAL,-,-,Ganga,Ganga,Yamuna,-,-,Yamuna,29.76218333,77.13166667,17-07-2024 14:30,7
1361,1361,Karnal,CWC,6,Haryana,67,KARNAL,KARNAL,-,-,Ganga,Ganga,Yamuna,-,-,Yamuna,29.76218333,77.13166667,27-07-2024 08:30,4
1362,1362,Karnal,CWC,6,Haryana,67,KARNAL,KARNAL,-,-,Ganga,Ganga,Yamuna,-,-,Yamuna,29.76218333,77.13166667,30-07-2024 14:30,11.8
1363,1363,Karnal,CWC,6,Haryana,67,KARNAL,KARNAL,-,-,Ganga,Ganga,Yamuna,-,-,Yamuna,29.76218333,77.13166667,31-07-2024 23:30,12
1364,1364,Karnal,CWC,6,Haryana,67,KARNAL,KARNAL,-,-,Ganga,Ganga,Yamuna,-,-,Yamuna,29.76218333,77.13166667,01-08-2024 05:30,19
1365,1365,Karnal,CWC,6,Haryana,67,KARNAL,KARNAL,-,-,Ganga,Ganga,Yamuna,-,-,Yamuna,29.76218333,77.13166667,09-08-2024 23:30,16.8
1366,1366,Karnal,CWC,6,Haryana,67,KARNAL,KARNAL,-,-,Ganga,Ganga,Yamuna,-,-,Yamuna,29.76218333,77.13166667,10-08-2024 11:30,2.2
1367,1367,Karnal,CWC,6,Haryana,67,KARNAL,KARNAL,-,-,Ganga,Ganga,Yamuna,-,-,Yamuna,29.76218333,77.13166667,10-08-2024 20:30,4
1368,1368,Karnal,CWC,6,Haryana,67,KARNAL,KARNAL,-,-,Ganga,Ganga,Yamuna,-,-,Yamuna,29.76218333,77.13166667,10-08-2024 23:30,10.6
1369,1369,Karnal,CWC,6,Haryana,67,KARNAL,KARNAL,-,-,Ganga,Ganga,Yamuna,-,-,Yamuna,29.76218333,77.13166667,11-08-2024 02:30,1.4
1370,1370,Karnal,CWC,6,Haryana,67,KARNAL,KARNAL,-,-,Ganga,Ganga,Yamuna,-,-,Yamuna,29.76218333,77.13166667,11-08-2024 17:30,12.4
1371,1371,Karnal,CWC,6,Haryana,67,KARNAL,KARNAL,-,-,Ganga,Ganga,Yamuna,-,-,Yamuna,29.76218333,77.13166667,12-08-2024 23:30,10.6
1372,1372,Karnal,CWC,6,Haryana,67,KARNAL,KARNAL,-,-,Ganga,Ganga,Yamuna,-,-,Yamuna,29.76218333,77.13166667,13-08-2024 17:30,3.6
1373,1373,Karnal,CWC,6,Haryana,67,KARNAL,KARNAL,-,-,Ganga,Ganga,Yamuna,-,-,Yamuna,29.76218333,77.13166667,16-08-2024 17:30,12.8
1374,1374,Karnal,CWC,6,Haryana,67,KARNAL,KARNAL,-,-,Ganga,Ganga,Yamuna,-,-,Yamuna,29.76218333,77.13166667,29-08-2024 02:30,14.4
1375,1375,Karnal,CWC,6,Haryana,67,KARNAL,KARNAL,-,-,Ganga,Ganga,Yamuna,-,-,Yamuna,29.76218333,77.13166667,29-08-2024 08:30,8.8
1376,1376,Karnal,CWC,6,Haryana,67,KARNAL,KARNAL,-,-,Ganga,Ganga,Yamuna,-,-,Yamuna,29.76218333,77.13166667,29-08-2024 11:30,3.6
1377,1377,Karnal,CWC,6,Haryana,67,KARNAL,KARNAL,-,-,Ganga,Ganga,Yamuna,-,-,Yamuna,29.76218333,77.13166667,02-09-2024 11:30,2
1378,1378,Karnal,CWC,6,Haryana,67,KARNAL,KARNAL,-,-,Ganga,Ganga,Yamuna,-,-,Yamuna,29.76218333,77.13166667,03-09-2024 17:30,20.2
1379,1379,Karnal,CWC,6,Haryana,67,KARNAL,KARNAL,-,-,Ganga,Ganga,Yamuna,-,-,Yamuna,29.76218333,77.13166667,04-09-2024 08:30,34.6
1380,1380,Karnal,CWC,6,Haryana,67,KARNAL,KARNAL,-,-,Ganga,Ganga,Yamuna,-,-,Yamuna,29.76218333,77.13166667,04-09-2024 11:30,12
1381,1381,Karnal,CWC,6,Haryana,67,KARNAL,KARNAL,-,-,Ganga,Ganga,Yamuna,-,-,Yamuna,29.76218333,77.13166667,04-09-2024 14:30,2.6
1382,1382,Karnal,CWC,6,Haryana,67,KARNAL,KARNAL,-,-,Ganga,Ganga,Yamuna,-,-,Yamuna,29.76218333,77.13166667,06-09-2024 17:30,36
1383,1383,Karnal,CWC,6,Haryana,67,KARNAL,KARNAL,-,-,Ganga,Ganga,Yamuna,-,-,Yamuna,29.76218333,77.13166667,07-09-2024 17:30,2
1384,1384,Karnal,CWC,6,Haryana,67,KARNAL,KARNAL,-,-,Ganga,Ganga,Yamuna,-,-,Yamuna,29.76218333,77.13166667,10-09-2024 17:30,20
1385,1385,Karnal,CWC,6,Haryana,67,KARNAL,KARNAL,-,-,Ganga,Ganga,Yamuna,-,-,Yamuna,29.76218333,77.13166667,13-09-2024 08:30,12
1386,1386,Karnal,CWC,6,Haryana,67,KARNAL,KARNAL,-,-,Ganga,Ganga,Yamuna,-,-,Yamuna,29.76218333,77.13166667,13-09-2024 17:30,4
1387,1387,Karnal,CWC,6,Haryana,67,KARNAL,KARNAL,-,-,Ganga,Ganga,Yamuna,-,-,Yamuna,29.76218333,77.13166667,14-09-2024 20:30,11
1388,1388,Karnal,CWC,6,Haryana,67,KARNAL,KARNAL,-,-,Ganga,Ganga,Yamuna,-,-,Yamuna,29.76218333,77.13166667,15-09-2024 17:30,9
1389,1389,Karnal,CWC,6,Haryana,67,KARNAL,KARNAL,-,-,Ganga,Ganga,Yamuna,-,-,Yamuna,29.76218333,77.13166667,24-12-2024 08:30,2
1390,1390,Karnal,CWC,6,Haryana,67,KARNAL,KARNAL,-,-,Ganga,Ganga,Yamuna,-,-,Yamuna,29.76218333,77.13166667,27-12-2024 08:30,2.8
1391,1391,Karnal,CWC,6,Haryana,67,KARNAL,KARNAL,-,-,Ganga,Ganga,Yamuna,-,-,Yamuna,29.76218333,77.13166667,28-12-2024 08:30,22.6
1392,1392,Karnal,CWC,6,Haryana,67,KARNAL,KARNAL,-,-,Ganga,Ganga,Yamuna,-,-,Yamuna,29.76218333,77.13166667,12-01-2025 08:30,5
1393,1393,Karnal,CWC,6,Haryana,67,KARNAL,KARNAL,-,-,Ganga,Ganga,Yamuna,-,-,Yamuna,29.76218333,77.13166667,16-01-2025 08:30,3
1394,1394,Karnal,CWC,6,Haryana,67,KARNAL,KARNAL,-,-,Ganga,Ganga,Yamuna,-,-,Yamuna,29.76218333,77.13166667,20-02-2025 08:30,4.5
1395,1395,Karnal,CWC,6,Haryana,67,KARNAL,KARNAL,-,-,Ganga,Ganga,Yamuna,-,-,Yamuna,29.76218333,77.13166667,28-02-2025 08:30,3
1396,1396,Karnal,CWC,6,Haryana,67,KARNAL,KARNAL,-,-,Ganga,Ganga,Yamuna,-,-,Yamuna,29.76218333,77.13166667,01-03-2025 08:30,3.2
1397,1397,Karnal,CWC,6,Haryana,67,KARNAL,KARNAL,-,-,Ganga,Ganga,Yamuna,-,-,Yamuna,29.76218333,77.13166667,15-03-2025 08:30,4.5
1398,1398,Karnal,CWC,6,Haryana,67,KARNAL,KARNAL,-,-,Ganga,Ganga,Yamuna,-,-,Yamuna,29.76218333,77.13166667,11-04-2025 08:30,1
1399,1399,Karnal,CWC,6,Haryana,67,KARNAL,KARNAL,-,-,Ganga,Ganga,Yamuna,-,-,Yamuna,29.76218333,77.13166667,12-04-2025 08:30,1.4
1400,1400,Karnal,CWC,6,Haryana,67,KARNAL,KARNAL,-,-,Ganga,Ganga,Yamuna,-,-,Yamuna,29.76218333,77.13166667,02-05-2025 08:30,6.2
1401,1401,Karnal,CWC,6,Haryana,67,KARNAL,KARNAL,-,-,Ganga,Ganga,Yamuna,-,-,Yamuna,29.76218333,77.13166667,03-05-2025 08:30,2.8
1402,1402,Karnal,CWC,6,Haryana,67,KARNAL,KARNAL,-,-,Ganga,Ganga,Yamuna,-,-,Yamuna,29.76218333,77.13166667,04-05-2025 08:30,2.8
1403,1403,Karnal,CWC,6,Haryana,67,KARNAL,KARNAL,-,-,Ganga,Ganga,Yamuna,-,-,Yamuna,29.76218333,77.13166667,05-05-2025 08:30,8.2
1404,1404,Karnal,CWC,6,Haryana,67,KARNAL,KARNAL,-,-,Ganga,Ganga,Yamuna,-,-,Yamuna,29.76218333,77.13166667,07-05-2025 08:30,0.4
1405,1405,Karnal,CWC,6,Haryana,67,KARNAL,KARNAL,-,-,Ganga,Ganga,Yamuna,-,-,Yamuna,29.76218333,77.13166667,11-05-2025 08:30,1
1406,1406,Karnal,CWC,6,Haryana,67,KARNAL,KARNAL,-,-,Ganga,Ganga,Yamuna,-,-,Yamuna,29.76218333,77.13166667,25-05-2025 08:30,19
1407,1407,Karnal,CWC,6,Haryana,67,KARNAL,KARNAL,-,-,Ganga,Ganga,Yamuna,-,-,Yamuna,29.76218333,77.13166667,15-06-2025 14:30,10
1408,1408,Karnal,CWC,6,Haryana,67,KARNAL,KARNAL,-,-,Ganga,Ganga,Yamuna,-,-,Yamuna,29.76218333,77.13166667,18-06-2025 05:30,56
1409,1409,Karnal,CWC,6,Haryana,67,KARNAL,KARNAL,-,-,Ganga,Ganga,Yamuna,-,-,Yamuna,29.76218333,77.13166667,18-06-2025 08:30,2
1410,1410,Karnal,CWC,6,Haryana,67,KARNAL,KARNAL,-,-,Ganga,Ganga,Yamuna,-,-,Yamuna,29.76218333,77.13166667,24-06-2025 08:30,14
1411,1411,Karnal,CWC,6,Haryana,67,KARNAL,KARNAL,-,-,Ganga,Ganga,Yamuna,-,-,Yamuna,29.76218333,77.13166667,25-06-2025 05:30,37
1412,1412,Karnal,CWC,6,Haryana,67,KARNAL,KARNAL,-,-,Ganga,Ganga,Yamuna,-,-,Yamuna,29.76218333,77.13166667,25-06-2025 08:30,7
1413,1413,Karnal,CWC,6,Haryana,67,KARNAL,KARNAL,-,-,Ganga,Ganga,Yamuna,-,-,Yamuna,29.76218333,77.13166667,25-06-2025 11:30,36
1414,1414,Karnal,CWC,6,Haryana,67,KARNAL,KARNAL,-,-,Ganga,Ganga,Yamuna,-,-,Yamuna,29.76218333,77.13166667,25-06-2025 14:30,9
1415,1415,Karnal,CWC,6,Haryana,67,KARNAL,KARNAL,-,-,Ganga,Ganga,Yamuna,-,-,Yamuna,29.76218333,77.13166667,29-06-2025 11:30,18.2
1416,1416,Karnal,CWC,6,Haryana,67,KARNAL,KARNAL,-,-,Ganga,Ganga,Yamuna,-,-,Yamuna,29.76218333,77.13166667,30-06-2025 05:30,2
1417,1417,Karnal,CWC,6,Haryana,67,KARNAL,KARNAL,-,-,Ganga,Ganga,Yamuna,-,-,Yamuna,29.76218333,77.13166667,01-07-2025 05:30,4
1418,1418,Karnal,CWC,6,Haryana,67,KARNAL,KARNAL,-,-,Ganga,Ganga,Yamuna,-,-,Yamuna,29.76218333,77.13166667,01-07-2025 08:30,12
1419,1419,Karnal,CWC,6,Haryana,67,KARNAL,KARNAL,-,-,Ganga,Ganga,Yamuna,-,-,Yamuna,29.76218333,77.13166667,09-07-2025 17:30,29
1420,1420,Karnal,CWC,6,Haryana,67,KARNAL,KARNAL,-,-,Ganga,Ganga,Yamuna,-,-,Yamuna,29.76218333,77.13166667,09-07-2025 20:30,15.2
1421,1421,Karnal,CWC,6,Haryana,67,KARNAL,KARNAL,-,-,Ganga,Ganga,Yamuna,-,-,Yamuna,29.76218333,77.13166667,21-07-2025 11:30,5
1422,1422,Karnal,CWC,6,Haryana,67,KARNAL,KARNAL,-,-,Ganga,Ganga,Yamuna,-,-,Yamuna,29.76218333,77.13166667,21-07-2025 14:30,2
1423,1423,Karnal,CWC,6,Haryana,67,KARNAL,KARNAL,-,-,Ganga,Ganga,Yamuna,-,-,Yamuna,29.76218333,77.13166667,30-07-2025 05:30,2
1424,1424,Karnal,CWC,6,Haryana,67,KARNAL,KARNAL,-,-,Ganga,Ganga,Yamuna,-,-,Yamuna,29.76218333,77.13166667,30-07-2025 14:30,3
1425,1425,Karnal,CWC,6,Haryana,67,KARNAL,KARNAL,-,-,Ganga,Ganga,Yamuna,-,-,Yamuna,29.76218333,77.13166667,31-07-2025 08:30,3.4
1426,1426,Karnal,CWC,6,Haryana,67,KARNAL,KARNAL,-,-,Ganga,Ganga,Yamuna,-,-,Yamuna,29.76218333,77.13166667,31-07-2025 11:30,2
1427,1427,Karnal,CWC,6,Haryana,67,KARNAL,KARNAL,-,-,Ganga,Ganga,Yamuna,-,-,Yamuna,29.76218333,77.13166667,31-07-2025 17:30,7
1428,1428,Karnal,CWC,6,Haryana,67,KARNAL,KARNAL,-,-,Ganga,Ganga,Yamuna,-,-,Yamuna,29.76218333,77.13166667,01-08-2025 14:30,5
1429,1429,Karnal,CWC,6,Haryana,67,KARNAL,KARNAL,-,-,Ganga,Ganga,Yamuna,-,-,Yamuna,29.76218333,77.13166667,05-08-2025 02:30,3
1430,1430,Karnal,CWC,6,Haryana,67,KARNAL,KARNAL,-,-,Ganga,Ganga,Yamuna,-,-,Yamuna,29.76218333,77.13166667,05-08-2025 08:30,10
1431,1431,Karnal,CWC,6,Haryana,67,KARNAL,KARNAL,-,-,Ganga,Ganga,Yamuna,-,-,Yamuna,29.76218333,77.13166667,11-08-2025 11:30,1
1432,1432,Karnal,CWC,6,Haryana,67,KARNAL,KARNAL,-,-,Ganga,Ganga,Yamuna,-,-,Yamuna,29.76218333,77.13166667,11-08-2025 14:30,1
1433,1433,Karnal,CWC,6,Haryana,67,KARNAL,KARNAL,-,-,Ganga,Ganga,Yamuna,-,-,Yamuna,29.76218333,77.13166667,11-08-2025 23:30,2.6
1434,1434,Karnal,CWC,6,Haryana,67,KARNAL,KARNAL,-,-,Ganga,Ganga,Yamuna,-,-,Yamuna,29.76218333,77.13166667,12-08-2025 05:30,20.4
1435,1435,Karnal,CWC,6,Haryana,67,KARNAL,KARNAL,-,-,Ganga,Ganga,Yamuna,-,-,Yamuna,29.76218333,77.13166667,12-08-2025 08:30,38
1436,1436,Karnal,CWC,6,Haryana,67,KARNAL,KARNAL,-,-,Ganga,Ganga,Yamuna,-,-,Yamuna,29.76218333,77.13166667,12-08-2025 11:30,1
1437,1437,Karnal,CWC,6,Haryana,67,KARNAL,KARNAL,-,-,Ganga,Ganga,Yamuna,-,-,Yamuna,29.76218333,77.13166667,14-08-2025 05:30,1
1438,1438,Karnal,CWC,6,Haryana,67,KARNAL,KARNAL,-,-,Ganga,Ganga,Yamuna,-,-,Yamuna,29.76218333,77.13166667,14-08-2025 14:30,1
1439,1439,Karnal,CWC,6,Haryana,67,KARNAL,KARNAL,-,-,Ganga,Ganga,Yamuna,-,-,Yamuna,29.76218333,77.13166667,16-08-2025 14:30,1
1440,1440,Karnal,CWC,6,Haryana,67,KARNAL,KARNAL,-,-,Ganga,Ganga,Yamuna,-,-,Yamuna,29.76218333,77.13166667,16-08-2025 17:30,2.3
1441,1441,Karnal,CWC,6,Haryana,67,KARNAL,KARNAL,-,-,Ganga,Ganga,Yamuna,-,-,Yamuna,29.76218333,77.13166667,17-08-2025 14:30,4.3
1442,1442,Karnal,CWC,6,Haryana,67,KARNAL,KARNAL,-,-,Ganga,Ganga,Yamuna,-,-,Yamuna,29.76218333,77.13166667,18-08-2025 11:30,24.5
1443,1443,Karnal,CWC,6,Haryana,67,KARNAL,KARNAL,-,-,Ganga,Ganga,Yamuna,-,-,Yamuna,29.76218333,77.13166667,20-08-2025 17:30,3
1444,1444,Karnal,CWC,6,Haryana,67,KARNAL,KARNAL,-,-,Ganga,Ganga,Yamuna,-,-,Yamuna,29.76218333,77.13166667,23-08-2025 08:30,38
1445,1445,Karnal,CWC,6,Haryana,67,KARNAL,KARNAL,-,-,Ganga,Ganga,Yamuna,-,-,Yamuna,29.76218333,77.13166667,23-08-2025 20:30,0.6
1446,1446,Karnal,CWC,6,Haryana,67,KARNAL,KARNAL,-,-,Ganga,Ganga,Yamuna,-,-,Yamuna,29.76218333,77.13166667,25-08-2025 05:30,8
1447,1447,Karnal,CWC,6,Haryana,67,KARNAL,KARNAL,-,-,Ganga,Ganga,Yamuna,-,-,Yamuna,29.76218333,77.13166667,01-09-2025 08:30,9
1448,1448,Karnal,CWC,6,Haryana,67,KARNAL,KARNAL,-,-,Ganga,Ganga,Yamuna,-,-,Yamuna,29.76218333,77.13166667,01-09-2025 11:30,28
1449,1449,Karnal,CWC,6,Haryana,67,KARNAL,KARNAL,-,-,Ganga,Ganga,Yamuna,-,-,Yamuna,29.76218333,77.13166667,01-09-2025 17:30,1.5
1450,1450,Karnal,CWC,6,Haryana,67,KARNAL,KARNAL,-,-,Ganga,Ganga,Yamuna,-,-,Yamuna,29.76218333,77.13166667,01-09-2025 23:30,4
1451,1451,Karnal,CWC,6,Haryana,67,KARNAL,KARNAL,-,-,Ganga,Ganga,Yamuna,-,-,Yamuna,29.76218333,77.13166667,02-09-2025 05:30,12
1452,1452,Karnal,CWC,6,Haryana,67,KARNAL,KARNAL,-,-,Ganga,Ganga,Yamuna,-,-,Yamuna,29.76218333,77.13166667,02-09-2025 08:30,5.6
1453,1453,Karnal,CWC,6,Haryana,67,KARNAL,KARNAL,-,-,Ganga,Ganga,Yamuna,-,-,Yamuna,29.76218333,77.13166667,02-09-2025 17:30,3
1454,1454,Karnal,CWC,6,Haryana,67,KARNAL,KARNAL,-,-,Ganga,Ganga,Yamuna,-,-,Yamuna,29.76218333,77.13166667,02-09-2025 20:30,2
1455,1455,Karnal,CWC,6,Haryana,67,KARNAL,KARNAL,-,-,Ganga,Ganga,Yamuna,-,-,Yamuna,29.76218333,77.13166667,03-09-2025 02:30,28
1456,1456,Karnal,CWC,6,Haryana,67,KARNAL,KARNAL,-,-,Ganga,Ganga,Yamuna,-,-,Yamuna,29.76218333,77.13166667,03-09-2025 05:30,35
1457,1457,Karnal,CWC,6,Haryana,67,KARNAL,KARNAL,-,-,Ganga,Ganga,Yamuna,-,-,Yamuna,29.76218333,77.13166667,03-09-2025 08:30,30
1458,1458,Karnal,CWC,6,Haryana,67,KARNAL,KARNAL,-,-,Ganga,Ganga,Yamuna,-,-,Yamuna,29.76218333,77.13166667,03-09-2025 17:30,10.4
1459,1459,Karnal,CWC,6,Haryana,67,KARNAL,KARNAL,-,-,Ganga,Ganga,Yamuna,-,-,Yamuna,29.76218333,77.13166667,04-09-2025 17:30,3
1460,1460,Karnal,CWC,6,Haryana,67,KARNAL,KARNAL,-,-,Ganga,Ganga,Yamuna,-,-,Yamuna,29.76218333,77.13166667,04-09-2025 20:30,8.4
1461,1461,Karnal,CWC,6,Haryana,67,KARNAL,KARNAL,-,-,Ganga,Ganga,Yamuna,-,-,Yamuna,29.76218333,77.13166667,06-09-2025 20:30,8
1462,1462,Karnal,CWC,6,Haryana,67,KARNAL,KARNAL,-,-,Ganga,Ganga,Yamuna,-,-,Yamuna,29.76218333,77.13166667,08-09-2025 17:30,10
1463,1463,Karnal,CWC,6,Haryana,67,KARNAL,KARNAL,-,-,Ganga,Ganga,Yamuna,-,-,Yamuna,29.76218333,77.13166667,18-09-2025 17:30,2
1464,1464,Karnal,CWC,6,Haryana,67,KARNAL,KARNAL,-,-,Ganga,Ganga,Yamuna,-,-,Yamuna,29.76218333,77.13166667,02-10-2025 05:30,2
1465,1465,Karnal,CWC,6,Haryana,67,KARNAL,KARNAL,-,-,Ganga,Ganga,Yamuna,-,-,Yamuna,29.76218333,77.13166667,07-10-2025 08:30,1
1466,1466,Manjhawali,CWC,6,Haryana,60,FARIDABAD,BALLABGARH,BALLABGARH,Manjhawali,Ganga,Ganga,Yamuna,Yamuna,Yamuna,Yamuna,28.37333333,77.48837500,04-01-2021 08:30,27.2
1467,1467,Manjhawali,CWC,6,Haryana,60,FARIDABAD,BALLABGARH,BALLABGARH,Manjhawali,Ganga,Ganga,Yamuna,Yamuna,Yamuna,Yamuna,28.37333333,77.48837500,06-01-2021 08:30,5.6
1468,1468,Manjhawali,CWC,6,Haryana,60,FARIDABAD,BALLABGARH,BALLABGARH,Manjhawali,Ganga,Ganga,Yamuna,Yamuna,Yamuna,Yamuna,28.37333333,77.48837500,07-01-2021 08:30,1.8
1469,1469,Manjhawali,CWC,6,Haryana,60,FARIDABAD,BALLABGARH,BALLABGARH,Manjhawali,Ganga,Ganga,Yamuna,Yamuna,Yamuna,Yamuna,28.37333333,77.48837500,05-02-2021 08:30,6.4
1470,1470,Manjhawali,CWC,6,Haryana,60,FARIDABAD,BALLABGARH,BALLABGARH,Manjhawali,Ganga,Ganga,Yamuna,Yamuna,Yamuna,Yamuna,28.37333333,77.48837500,10-03-2021 08:30,14.2
1471,1471,Manjhawali,CWC,6,Haryana,60,FARIDABAD,BALLABGARH,BALLABGARH,Manjhawali,Ganga,Ganga,Yamuna,Yamuna,Yamuna,Yamuna,28.37333333,77.48837500,17-04-2021 08:30,0.2
1472,1472,Manjhawali,CWC,6,Haryana,60,FARIDABAD,BALLABGARH,BALLABGARH,Manjhawali,Ganga,Ganga,Yamuna,Yamuna,Yamuna,Yamuna,28.37333333,77.48837500,07-05-2021 08:30,6.4
1473,1473,Manjhawali,CWC,6,Haryana,60,FARIDABAD,BALLABGARH,BALLABGARH,Manjhawali,Ganga,Ganga,Yamuna,Yamuna,Yamuna,Yamuna,28.37333333,77.48837500,12-05-2021 08:30,3.2
1474,1474,Manjhawali,CWC,6,Haryana,60,FARIDABAD,BALLABGARH,BALLABGARH,Manjhawali,Ganga,Ganga,Yamuna,Yamuna,Yamuna,Yamuna,28.37333333,77.48837500,13-05-2021 08:30,1.2
1475,1475,Manjhawali,CWC,6,Haryana,60,FARIDABAD,BALLABGARH,BALLABGARH,Manjhawali,Ganga,Ganga,Yamuna,Yamuna,Yamuna,Yamuna,28.37333333,77.48837500,19-05-2021 08:30,3.4
1476,1476,Manjhawali,CWC,6,Haryana,60,FARIDABAD,BALLABGARH,BALLABGARH,Manjhawali,Ganga,Ganga,Yamuna,Yamuna,Yamuna,Yamuna,28.37333333,77.48837500,20-05-2021 08:30,58.6
1477,1477,Manjhawali,CWC,6,Haryana,60,FARIDABAD,BALLABGARH,BALLABGARH,Manjhawali,Ganga,Ganga,Yamuna,Yamuna,Yamuna,Yamuna,28.37333333,77.48837500,21-05-2021 08:30,2.4
1478,1478,Manjhawali,CWC,6,Haryana,60,FARIDABAD,BALLABGARH,BALLABGARH,Manjhawali,Ganga,Ganga,Yamuna,Yamuna,Yamuna,Yamuna,28.37333333,77.48837500,22-05-2021 08:30,37.6
1479,1479,Manjhawali,CWC,6,Haryana,60,FARIDABAD,BALLABGARH,BALLABGARH,Manjhawali,Ganga,Ganga,Yamuna,Yamuna,Yamuna,Yamuna,28.37333333,77.48837500,01-06-2021 08:30,20.6
1480,1480,Manjhawali,CWC,6,Haryana,60,FARIDABAD,BALLABGARH,BALLABGARH,Manjhawali,Ganga,Ganga,Yamuna,Yamuna,Yamuna,Yamuna,28.37333333,77.48837500,11-06-2021 08:30,9.6
1481,1481,Manjhawali,CWC,6,Haryana,60,FARIDABAD,BALLABGARH,BALLABGARH,Manjhawali,Ganga,Ganga,Yamuna,Yamuna,Yamuna,Yamuna,28.37333333,77.48837500,18-06-2021 08:30,9.4
1482,1482,Manjhawali,CWC,6,Haryana,60,FARIDABAD,BALLABGARH,BALLABGARH,Manjhawali,Ganga,Ganga,Yamuna,Yamuna,Yamuna,Yamuna,28.37333333,77.48837500,25-06-2021 08:30,1.4
1483,1483,Manjhawali,CWC,6,Haryana,60,FARIDABAD,BALLABGARH,BALLABGARH,Manjhawali,Ganga,Ganga,Yamuna,Yamuna,Yamuna,Yamuna,28.37333333,77.48837500,14-07-2021 08:30,112
1484,1484,Manjhawali,CWC,6,Haryana,60,FARIDABAD,BALLABGARH,BALLABGARH,Manjhawali,Ganga,Ganga,Yamuna,Yamuna,Yamuna,Yamuna,28.37333333,77.48837500,15-07-2021 08:30,34
1485,1485,Manjhawali,CWC,6,Haryana,60,FARIDABAD,BALLABGARH,BALLABGARH,Manjhawali,Ganga,Ganga,Yamuna,Yamuna,Yamuna,Yamuna,28.37333333,77.48837500,19-07-2021 08:30,54
1486,1486,Manjhawali,CWC,6,Haryana,60,FARIDABAD,BALLABGARH,BALLABGARH,Manjhawali,Ganga,Ganga,Yamuna,Yamuna,Yamuna,Yamuna,28.37333333,77.48837500,20-07-2021 08:30,14
1487,1487,Manjhawali,CWC,6,Haryana,60,FARIDABAD,BALLABGARH,BALLABGARH,Manjhawali,Ganga,Ganga,Yamuna,Yamuna,Yamuna,Yamuna,28.37333333,77.48837500,21-07-2021 08:30,8
1488,1488,Manjhawali,CWC,6,Haryana,60,FARIDABAD,BALLABGARH,BALLABGARH,Manjhawali,Ganga,Ganga,Yamuna,Yamuna,Yamuna,Yamuna,28.37333333,77.48837500,24-07-2021 08:30,12.4
1489,1489,Manjhawali,CWC,6,Haryana,60,FARIDABAD,BALLABGARH,BALLABGARH,Manjhawali,Ganga,Ganga,Yamuna,Yamuna,Yamuna,Yamuna,28.37333333,77.48837500,25-07-2021 08:30,4
1490,1490,Manjhawali,CWC,6,Haryana,60,FARIDABAD,BALLABGARH,BALLABGARH,Manjhawali,Ganga,Ganga,Yamuna,Yamuna,Yamuna,Yamuna,28.37333333,77.48837500,27-07-2021 08:30,4
1491,1491,Manjhawali,CWC,6,Haryana,60,FARIDABAD,BALLABGARH,BALLABGARH,Manjhawali,Ganga,Ganga,Yamuna,Yamuna,Yamuna,Yamuna,28.37333333,77.48837500,28-07-2021 08:30,34.6
1492,1492,Manjhawali,CWC,6,Haryana,60,FARIDABAD,BALLABGARH,BALLABGARH,Manjhawali,Ganga,Ganga,Yamuna,Yamuna,Yamuna,Yamuna,28.37333333,77.48837500,30-07-2021 08:30,30
1493,1493,Manjhawali,CWC,6,Haryana,60,FARIDABAD,BALLABGARH,BALLABGARH,Manjhawali,Ganga,Ganga,Yamuna,Yamuna,Yamuna,Yamuna,28.37333333,77.48837500,31-07-2021 08:30,15.6
1494,1494,Manjhawali,CWC,6,Haryana,60,FARIDABAD,BALLABGARH,BALLABGARH,Manjhawali,Ganga,Ganga,Yamuna,Yamuna,Yamuna,Yamuna,28.37333333,77.48837500,01-08-2021 08:30,94
1495,1495,Manjhawali,CWC,6,Haryana,60,FARIDABAD,BALLABGARH,BALLABGARH,Manjhawali,Ganga,Ganga,Yamuna,Yamuna,Yamuna,Yamuna,28.37333333,77.48837500,02-08-2021 08:30,5.4
1496,1496,Manjhawali,CWC,6,Haryana,60,FARIDABAD,BALLABGARH,BALLABGARH,Manjhawali,Ganga,Ganga,Yamuna,Yamuna,Yamuna,Yamuna,28.37333333,77.48837500,03-08-2021 08:30,14
1497,1497,Manjhawali,CWC,6,Haryana,60,FARIDABAD,BALLABGARH,BALLABGARH,Manjhawali,Ganga,Ganga,Yamuna,Yamuna,Yamuna,Yamuna,28.37333333,77.48837500,08-08-2021 08:30,35.6
1498,1498,Manjhawali,CWC,6,Haryana,60,FARIDABAD,BALLABGARH,BALLABGARH,Manjhawali,Ganga,Ganga,Yamuna,Yamuna,Yamuna,Yamuna,28.37333333,77.48837500,09-08-2021 08:30,18.4
1499,1499,Manjhawali,CWC,6,Haryana,60,FARIDABAD,BALLABGARH,BALLABGARH,Manjhawali,Ganga,Ganga,Yamuna,Yamuna,Yamuna,Yamuna,28.37333333,77.48837500,21-08-2021 08:30,72
1500,1500,Manjhawali,CWC,6,Haryana,60,FARIDABAD,BALLABGARH,BALLABGARH,Manjhawali,Ganga,Ganga,Yamuna,Yamuna,Yamuna,Yamuna,28.37333333,77.48837500,22-08-2021 08:30,6
1501,1501,Manjhawali,CWC,6,Haryana,60,FARIDABAD,BALLABGARH,BALLABGARH,Manjhawali,Ganga,Ganga,Yamuna,Yamuna,Yamuna,Yamuna,28.37333333,77.48837500,01-09-2021 08:30,82
1502,1502,Manjhawali,CWC,6,Haryana,60,FARIDABAD,BALLABGARH,BALLABGARH,Manjhawali,Ganga,Ganga,Yamuna,Yamuna,Yamuna,Yamuna,28.37333333,77.48837500,02-09-2021 08:30,12.2
1503,1503,Manjhawali,CWC,6,Haryana,60,FARIDABAD,BALLABGARH,BALLABGARH,Manjhawali,Ganga,Ganga,Yamuna,Yamuna,Yamuna,Yamuna,28.37333333,77.48837500,04-09-2021 08:30,8
1504,1504,Manjhawali,CWC,6,Haryana,60,FARIDABAD,BALLABGARH,BALLABGARH,Manjhawali,Ganga,Ganga,Yamuna,Yamuna,Yamuna,Yamuna,28.37333333,77.48837500,05-09-2021 08:30,12
1505,1505,Manjhawali,CWC,6,Haryana,60,FARIDABAD,BALLABGARH,BALLABGARH,Manjhawali,Ganga,Ganga,Yamuna,Yamuna,Yamuna,Yamuna,28.37333333,77.48837500,10-09-2021 08:30,6
1506,1506,Manjhawali,CWC,6,Haryana,60,FARIDABAD,BALLABGARH,BALLABGARH,Manjhawali,Ganga,Ganga,Yamuna,Yamuna,Yamuna,Yamuna,28.37333333,77.48837500,11-09-2021 08:30,43
1507,1507,Manjhawali,CWC,6,Haryana,60,FARIDABAD,BALLABGARH,BALLABGARH,Manjhawali,Ganga,Ganga,Yamuna,Yamuna,Yamuna,Yamuna,28.37333333,77.48837500,12-09-2021 08:30,66
1508,1508,Manjhawali,CWC,6,Haryana,60,FARIDABAD,BALLABGARH,BALLABGARH,Manjhawali,Ganga,Ganga,Yamuna,Yamuna,Yamuna,Yamuna,28.37333333,77.48837500,14-09-2021 08:30,36.8
1509,1509,Manjhawali,CWC,6,Haryana,60,FARIDABAD,BALLABGARH,BALLABGARH,Manjhawali,Ganga,Ganga,Yamuna,Yamuna,Yamuna,Yamuna,28.37333333,77.48837500,15-09-2021 08:30,2
1510,1510,Manjhawali,CWC,6,Haryana,60,FARIDABAD,BALLABGARH,BALLABGARH,Manjhawali,Ganga,Ganga,Yamuna,Yamuna,Yamuna,Yamuna,28.37333333,77.48837500,16-09-2021 08:30,16
1511,1511,Manjhawali,CWC,6,Haryana,60,FARIDABAD,BALLABGARH,BALLABGARH,Manjhawali,Ganga,Ganga,Yamuna,Yamuna,Yamuna,Yamuna,28.37333333,77.48837500,17-09-2021 08:30,12
1512,1512,Manjhawali,CWC,6,Haryana,60,FARIDABAD,BALLABGARH,BALLABGARH,Manjhawali,Ganga,Ganga,Yamuna,Yamuna,Yamuna,Yamuna,28.37333333,77.48837500,25-09-2021 08:30,2
1513,1513,Manjhawali,CWC,6,Haryana,60,FARIDABAD,BALLABGARH,BALLABGARH,Manjhawali,Ganga,Ganga,Yamuna,Yamuna,Yamuna,Yamuna,28.37333333,77.48837500,18-10-2021 08:30,87.2
1514,1514,Manjhawali,CWC,6,Haryana,60,FARIDABAD,BALLABGARH,BALLABGARH,Manjhawali,Ganga,Ganga,Yamuna,Yamuna,Yamuna,Yamuna,28.37333333,77.48837500,19-10-2021 08:30,8
1515,1515,Manjhawali,CWC,6,Haryana,60,FARIDABAD,BALLABGARH,BALLABGARH,Manjhawali,Ganga,Ganga,Yamuna,Yamuna,Yamuna,Yamuna,28.37333333,77.48837500,25-10-2021 08:30,18.8
1516,1516,Manjhawali,CWC,6,Haryana,60,FARIDABAD,BALLABGARH,BALLABGARH,Manjhawali,Ganga,Ganga,Yamuna,Yamuna,Yamuna,Yamuna,28.37333333,77.48837500,03-12-2021 08:30,1
1517,1517,Manjhawali,CWC,6,Haryana,60,FARIDABAD,BALLABGARH,BALLABGARH,Manjhawali,Ganga,Ganga,Yamuna,Yamuna,Yamuna,Yamuna,28.37333333,77.48837500,27-12-2021 08:30,2.4
1518,1518,Manjhawali,CWC,6,Haryana,60,FARIDABAD,BALLABGARH,BALLABGARH,Manjhawali,Ganga,Ganga,Yamuna,Yamuna,Yamuna,Yamuna,28.37333333,77.48837500,06-01-2022 08:30,5.4
1519,1519,Manjhawali,CWC,6,Haryana,60,FARIDABAD,BALLABGARH,BALLABGARH,Manjhawali,Ganga,Ganga,Yamuna,Yamuna,Yamuna,Yamuna,28.37333333,77.48837500,08-01-2022 08:30,43.2
1520,1520,Manjhawali,CWC,6,Haryana,60,FARIDABAD,BALLABGARH,BALLABGARH,Manjhawali,Ganga,Ganga,Yamuna,Yamuna,Yamuna,Yamuna,28.37333333,77.48837500,09-01-2022 08:30,54.2
1521,1521,Manjhawali,CWC,6,Haryana,60,FARIDABAD,BALLABGARH,BALLABGARH,Manjhawali,Ganga,Ganga,Yamuna,Yamuna,Yamuna,Yamuna,28.37333333,77.48837500,22-01-2022 08:30,5.8
1522,1522,Manjhawali,CWC,6,Haryana,60,FARIDABAD,BALLABGARH,BALLABGARH,Manjhawali,Ganga,Ganga,Yamuna,Yamuna,Yamuna,Yamuna,28.37333333,77.48837500,23-01-2022 08:30,10.2
1523,1523,Manjhawali,CWC,6,Haryana,60,FARIDABAD,BALLABGARH,BALLABGARH,Manjhawali,Ganga,Ganga,Yamuna,Yamuna,Yamuna,Yamuna,28.37333333,77.48837500,03-02-2022 08:30,2.2
1524,1524,Manjhawali,CWC,6,Haryana,60,FARIDABAD,BALLABGARH,BALLABGARH,Manjhawali,Ganga,Ganga,Yamuna,Yamuna,Yamuna,Yamuna,28.37333333,77.48837500,04-02-2022 08:30,1
1525,1525,Manjhawali,CWC,6,Haryana,60,FARIDABAD,BALLABGARH,BALLABGARH,Manjhawali,Ganga,Ganga,Yamuna,Yamuna,Yamuna,Yamuna,28.37333333,77.48837500,09-02-2022 08:30,8.6
1526,1526,Manjhawali,CWC,6,Haryana,60,FARIDABAD,BALLABGARH,BALLABGARH,Manjhawali,Ganga,Ganga,Yamuna,Yamuna,Yamuna,Yamuna,28.37333333,77.48837500,26-02-2022 08:30,2
1527,1527,Manjhawali,CWC,6,Haryana,60,FARIDABAD,BALLABGARH,BALLABGARH,Manjhawali,Ganga,Ganga,Yamuna,Yamuna,Yamuna,Yamuna,28.37333333,77.48837500,27-02-2022 08:30,5
1528,1528,Manjhawali,CWC,6,Haryana,60,FARIDABAD,BALLABGARH,BALLABGARH,Manjhawali,Ganga,Ganga,Yamuna,Yamuna,Yamuna,Yamuna,28.37333333,77.48837500,05-05-2022 08:30,4
1529,1529,Manjhawali,CWC,6,Haryana,60,FARIDABAD,BALLABGARH,BALLABGARH,Manjhawali,Ganga,Ganga,Yamuna,Yamuna,Yamuna,Yamuna,28.37333333,77.48837500,22-05-2022 08:30,3
1530,1530,Manjhawali,CWC,6,Haryana,60,FARIDABAD,BALLABGARH,BALLABGARH,Manjhawali,Ganga,Ganga,Yamuna,Yamuna,Yamuna,Yamuna,28.37333333,77.48837500,23-05-2022 08:30,34
1531,1531,Manjhawali,CWC,6,Haryana,60,FARIDABAD,BALLABGARH,BALLABGARH,Manjhawali,Ganga,Ganga,Yamuna,Yamuna,Yamuna,Yamuna,28.37333333,77.48837500,24-05-2022 08:30,30
1532,1532,Manjhawali,CWC,6,Haryana,60,FARIDABAD,BALLABGARH,BALLABGARH,Manjhawali,Ganga,Ganga,Yamuna,Yamuna,Yamuna,Yamuna,28.37333333,77.48837500,30-05-2022 08:30,3
1533,1533,Manjhawali,CWC,6,Haryana,60,FARIDABAD,BALLABGARH,BALLABGARH,Manjhawali,Ganga,Ganga,Yamuna,Yamuna,Yamuna,Yamuna,28.37333333,77.48837500,31-05-2022 08:30,2
1534,1534,Manjhawali,CWC,6,Haryana,60,FARIDABAD,BALLABGARH,BALLABGARH,Manjhawali,Ganga,Ganga,Yamuna,Yamuna,Yamuna,Yamuna,28.37333333,77.48837500,17-06-2022 08:30,4
1535,1535,Manjhawali,CWC,6,Haryana,60,FARIDABAD,BALLABGARH,BALLABGARH,Manjhawali,Ganga,Ganga,Yamuna,Yamuna,Yamuna,Yamuna,28.37333333,77.48837500,18-06-2022 08:30,14
1536,1536,Manjhawali,CWC,6,Haryana,60,FARIDABAD,BALLABGARH,BALLABGARH,Manjhawali,Ganga,Ganga,Yamuna,Yamuna,Yamuna,Yamuna,28.37333333,77.48837500,19-06-2022 08:30,4.2
1537,1537,Manjhawali,CWC,6,Haryana,60,FARIDABAD,BALLABGARH,BALLABGARH,Manjhawali,Ganga,Ganga,Yamuna,Yamuna,Yamuna,Yamuna,28.37333333,77.48837500,20-06-2022 08:30,2.4
1538,1538,Manjhawali,CWC,6,Haryana,60,FARIDABAD,BALLABGARH,BALLABGARH,Manjhawali,Ganga,Ganga,Yamuna,Yamuna,Yamuna,Yamuna,28.37333333,77.48837500,22-06-2022 08:30,14
1539,1539,Manjhawali,CWC,6,Haryana,60,FARIDABAD,BALLABGARH,BALLABGARH,Manjhawali,Ganga,Ganga,Yamuna,Yamuna,Yamuna,Yamuna,28.37333333,77.48837500,01-07-2022 08:30,91.2
1540,1540,Manjhawali,CWC,6,Haryana,60,FARIDABAD,BALLABGARH,BALLABGARH,Manjhawali,Ganga,Ganga,Yamuna,Yamuna,Yamuna,Yamuna,28.37333333,77.48837500,13-07-2022 08:30,6.4
1541,1541,Manjhawali,CWC,6,Haryana,60,FARIDABAD,BALLABGARH,BALLABGARH,Manjhawali,Ganga,Ganga,Yamuna,Yamuna,Yamuna,Yamuna,28.37333333,77.48837500,17-07-2022 08:30,50.4
1542,1542,Manjhawali,CWC,6,Haryana,60,FARIDABAD,BALLABGARH,BALLABGARH,Manjhawali,Ganga,Ganga,Yamuna,Yamuna,Yamuna,Yamuna,28.37333333,77.48837500,21-07-2022 08:30,29
1543,1543,Manjhawali,CWC,6,Haryana,60,FARIDABAD,BALLABGARH,BALLABGARH,Manjhawali,Ganga,Ganga,Yamuna,Yamuna,Yamuna,Yamuna,28.37333333,77.48837500,23-07-2022 08:30,17.4
1544,1544,Manjhawali,CWC,6,Haryana,60,FARIDABAD,BALLABGARH,BALLABGARH,Manjhawali,Ganga,Ganga,Yamuna,Yamuna,Yamuna,Yamuna,28.37333333,77.48837500,26-07-2022 08:30,8
1545,1545,Manjhawali,CWC,6,Haryana,60,FARIDABAD,BALLABGARH,BALLABGARH,Manjhawali,Ganga,Ganga,Yamuna,Yamuna,Yamuna,Yamuna,28.37333333,77.48837500,28-07-2022 08:30,3
1546,1546,Manjhawali,CWC,6,Haryana,60,FARIDABAD,BALLABGARH,BALLABGARH,Manjhawali,Ganga,Ganga,Yamuna,Yamuna,Yamuna,Yamuna,28.37333333,77.48837500,29-07-2022 08:30,2
1547,1547,Manjhawali,CWC,6,Haryana,60,FARIDABAD,BALLABGARH,BALLABGARH,Manjhawali,Ganga,Ganga,Yamuna,Yamuna,Yamuna,Yamuna,28.37333333,77.48837500,30-07-2022 08:30,35.6
1548,1548,Manjhawali,CWC,6,Haryana,60,FARIDABAD,BALLABGARH,BALLABGARH,Manjhawali,Ganga,Ganga,Yamuna,Yamuna,Yamuna,Yamuna,28.37333333,77.48837500,31-07-2022 08:30,24.8
1549,1549,Manjhawali,CWC,6,Haryana,60,FARIDABAD,BALLABGARH,BALLABGARH,Manjhawali,Ganga,Ganga,Yamuna,Yamuna,Yamuna,Yamuna,28.37333333,77.48837500,06-08-2022 08:30,15
1550,1550,Manjhawali,CWC,6,Haryana,60,FARIDABAD,BALLABGARH,BALLABGARH,Manjhawali,Ganga,Ganga,Yamuna,Yamuna,Yamuna,Yamuna,28.37333333,77.48837500,08-08-2022 08:30,6.2
1551,1551,Manjhawali,CWC,6,Haryana,60,FARIDABAD,BALLABGARH,BALLABGARH,Manjhawali,Ganga,Ganga,Yamuna,Yamuna,Yamuna,Yamuna,28.37333333,77.48837500,15-08-2022 08:30,18.6
1552,1552,Manjhawali,CWC,6,Haryana,60,FARIDABAD,BALLABGARH,BALLABGARH,Manjhawali,Ganga,Ganga,Yamuna,Yamuna,Yamuna,Yamuna,28.37333333,77.48837500,17-08-2022 08:30,2
1553,1553,Manjhawali,CWC,6,Haryana,60,FARIDABAD,BALLABGARH,BALLABGARH,Manjhawali,Ganga,Ganga,Yamuna,Yamuna,Yamuna,Yamuna,28.37333333,77.48837500,20-08-2022 08:30,2
1554,1554,Manjhawali,CWC,6,Haryana,60,FARIDABAD,BALLABGARH,BALLABGARH,Manjhawali,Ganga,Ganga,Yamuna,Yamuna,Yamuna,Yamuna,28.37333333,77.48837500,21-08-2022 08:30,34.6
1555,1555,Manjhawali,CWC,6,Haryana,60,FARIDABAD,BALLABGARH,BALLABGARH,Manjhawali,Ganga,Ganga,Yamuna,Yamuna,Yamuna,Yamuna,28.37333333,77.48837500,22-08-2022 08:30,2.4
1556,1556,Manjhawali,CWC,6,Haryana,60,FARIDABAD,BALLABGARH,BALLABGARH,Manjhawali,Ganga,Ganga,Yamuna,Yamuna,Yamuna,Yamuna,28.37333333,77.48837500,29-08-2022 08:30,1.2
1557,1557,Manjhawali,CWC,6,Haryana,60,FARIDABAD,BALLABGARH,BALLABGARH,Manjhawali,Ganga,Ganga,Yamuna,Yamuna,Yamuna,Yamuna,28.37333333,77.48837500,15-09-2022 08:30,1.2
1558,1558,Manjhawali,CWC,6,Haryana,60,FARIDABAD,BALLABGARH,BALLABGARH,Manjhawali,Ganga,Ganga,Yamuna,Yamuna,Yamuna,Yamuna,28.37333333,77.48837500,16-09-2022 08:30,1.4
1559,1559,Manjhawali,CWC,6,Haryana,60,FARIDABAD,BALLABGARH,BALLABGARH,Manjhawali,Ganga,Ganga,Yamuna,Yamuna,Yamuna,Yamuna,28.37333333,77.48837500,17-09-2022 08:30,1.2
1560,1560,Manjhawali,CWC,6,Haryana,60,FARIDABAD,BALLABGARH,BALLABGARH,Manjhawali,Ganga,Ganga,Yamuna,Yamuna,Yamuna,Yamuna,28.37333333,77.48837500,22-09-2022 08:30,13.8
1561,1561,Manjhawali,CWC,6,Haryana,60,FARIDABAD,BALLABGARH,BALLABGARH,Manjhawali,Ganga,Ganga,Yamuna,Yamuna,Yamuna,Yamuna,28.37333333,77.48837500,23-09-2022 08:30,220
1562,1562,Manjhawali,CWC,6,Haryana,60,FARIDABAD,BALLABGARH,BALLABGARH,Manjhawali,Ganga,Ganga,Yamuna,Yamuna,Yamuna,Yamuna,28.37333333,77.48837500,24-09-2022 08:30,19
1563,1563,Manjhawali,CWC,6,Haryana,60,FARIDABAD,BALLABGARH,BALLABGARH,Manjhawali,Ganga,Ganga,Yamuna,Yamuna,Yamuna,Yamuna,28.37333333,77.48837500,25-09-2022 08:30,13.2
1564,1564,Manjhawali,CWC,6,Haryana,60,FARIDABAD,BALLABGARH,BALLABGARH,Manjhawali,Ganga,Ganga,Yamuna,Yamuna,Yamuna,Yamuna,28.37333333,77.48837500,06-10-2022 08:30,3
1565,1565,Manjhawali,CWC,6,Haryana,60,FARIDABAD,BALLABGARH,BALLABGARH,Manjhawali,Ganga,Ganga,Yamuna,Yamuna,Yamuna,Yamuna,28.37333333,77.48837500,07-10-2022 08:30,3.8
1566,1566,Manjhawali,CWC,6,Haryana,60,FARIDABAD,BALLABGARH,BALLABGARH,Manjhawali,Ganga,Ganga,Yamuna,Yamuna,Yamuna,Yamuna,28.37333333,77.48837500,08-10-2022 08:30,14.2
1567,1567,Manjhawali,CWC,6,Haryana,60,FARIDABAD,BALLABGARH,BALLABGARH,Manjhawali,Ganga,Ganga,Yamuna,Yamuna,Yamuna,Yamuna,28.37333333,77.48837500,09-10-2022 08:30,87
1568,1568,Manjhawali,CWC,6,Haryana,60,FARIDABAD,BALLABGARH,BALLABGARH,Manjhawali,Ganga,Ganga,Yamuna,Yamuna,Yamuna,Yamuna,28.37333333,77.48837500,10-10-2022 08:30,19.8
1569,1569,Manjhawali,CWC,6,Haryana,60,FARIDABAD,BALLABGARH,BALLABGARH,Manjhawali,Ganga,Ganga,Yamuna,Yamuna,Yamuna,Yamuna,28.37333333,77.48837500,12-10-2022 08:30,15
1570,1570,Manjhawali,CWC,6,Haryana,60,FARIDABAD,BALLABGARH,BALLABGARH,Manjhawali,Ganga,Ganga,Yamuna,Yamuna,Yamuna,Yamuna,28.37333333,77.48837500,30-01-2023 08:30,15
1571,1571,Manjhawali,CWC,6,Haryana,60,FARIDABAD,BALLABGARH,BALLABGARH,Manjhawali,Ganga,Ganga,Yamuna,Yamuna,Yamuna,Yamuna,28.37333333,77.48837500,19-03-2023 08:30,1.8
1572,1572,Manjhawali,CWC,6,Haryana,60,FARIDABAD,BALLABGARH,BALLABGARH,Manjhawali,Ganga,Ganga,Yamuna,Yamuna,Yamuna,Yamuna,28.37333333,77.48837500,21-03-2023 08:30,2.2
1573,1573,Manjhawali,CWC,6,Haryana,60,FARIDABAD,BALLABGARH,BALLABGARH,Manjhawali,Ganga,Ganga,Yamuna,Yamuna,Yamuna,Yamuna,28.37333333,77.48837500,25-03-2023 08:30,20.6
1574,1574,Manjhawali,CWC,6,Haryana,60,FARIDABAD,BALLABGARH,BALLABGARH,Manjhawali,Ganga,Ganga,Yamuna,Yamuna,Yamuna,Yamuna,28.37333333,77.48837500,30-03-2023 08:30,1.6
1575,1575,Manjhawali,CWC,6,Haryana,60,FARIDABAD,BALLABGARH,BALLABGARH,Manjhawali,Ganga,Ganga,Yamuna,Yamuna,Yamuna,Yamuna,28.37333333,77.48837500,31-03-2023 08:30,24.8
1576,1576,Manjhawali,CWC,6,Haryana,60,FARIDABAD,BALLABGARH,BALLABGARH,Manjhawali,Ganga,Ganga,Yamuna,Yamuna,Yamuna,Yamuna,28.37333333,77.48837500,02-04-2023 08:30,1.2
1577,1577,Manjhawali,CWC,6,Haryana,60,FARIDABAD,BALLABGARH,BALLABGARH,Manjhawali,Ganga,Ganga,Yamuna,Yamuna,Yamuna,Yamuna,28.37333333,77.48837500,04-04-2023 08:30,2
1578,1578,Manjhawali,CWC,6,Haryana,60,FARIDABAD,BALLABGARH,BALLABGARH,Manjhawali,Ganga,Ganga,Yamuna,Yamuna,Yamuna,Yamuna,28.37333333,77.48837500,02-05-2023 08:30,4
1579,1579,Manjhawali,CWC,6,Haryana,60,FARIDABAD,BALLABGARH,BALLABGARH,Manjhawali,Ganga,Ganga,Yamuna,Yamuna,Yamuna,Yamuna,28.37333333,77.48837500,04-05-2023 08:30,6
1580,1580,Manjhawali,CWC,6,Haryana,60,FARIDABAD,BALLABGARH,BALLABGARH,Manjhawali,Ganga,Ganga,Yamuna,Yamuna,Yamuna,Yamuna,28.37333333,77.48837500,08-05-2023 08:30,8
1581,1581,Manjhawali,CWC,6,Haryana,60,FARIDABAD,BALLABGARH,BALLABGARH,Manjhawali,Ganga,Ganga,Yamuna,Yamuna,Yamuna,Yamuna,28.37333333,77.48837500,18-05-2023 08:30,2
1582,1582,Manjhawali,CWC,6,Haryana,60,FARIDABAD,BALLABGARH,BALLABGARH,Manjhawali,Ganga,Ganga,Yamuna,Yamuna,Yamuna,Yamuna,28.37333333,77.48837500,26-05-2023 08:30,4.8
1583,1583,Manjhawali,CWC,6,Haryana,60,FARIDABAD,BALLABGARH,BALLABGARH,Manjhawali,Ganga,Ganga,Yamuna,Yamuna,Yamuna,Yamuna,28.37333333,77.48837500,27-05-2023 08:30,27
1584,1584,Manjhawali,CWC,6,Haryana,60,FARIDABAD,BALLABGARH,BALLABGARH,Manjhawali,Ganga,Ganga,Yamuna,Yamuna,Yamuna,Yamuna,28.37333333,77.48837500,30-05-2023 08:30,2
1585,1585,Manjhawali,CWC,6,Haryana,60,FARIDABAD,BALLABGARH,BALLABGARH,Manjhawali,Ganga,Ganga,Yamuna,Yamuna,Yamuna,Yamuna,28.37333333,77.48837500,31-05-2023 08:30,18
1586,1586,Manjhawali,CWC,6,Haryana,60,FARIDABAD,BALLABGARH,BALLABGARH,Manjhawali,Ganga,Ganga,Yamuna,Yamuna,Yamuna,Yamuna,28.37333333,77.48837500,06-06-2023 08:30,4
1587,1587,Manjhawali,CWC,6,Haryana,60,FARIDABAD,BALLABGARH,BALLABGARH,Manjhawali,Ganga,Ganga,Yamuna,Yamuna,Yamuna,Yamuna,28.37333333,77.48837500,17-06-2023 08:30,6
1588,1588,Manjhawali,CWC,6,Haryana,60,FARIDABAD,BALLABGARH,BALLABGARH,Manjhawali,Ganga,Ganga,Yamuna,Yamuna,Yamuna,Yamuna,28.37333333,77.48837500,19-06-2023 08:30,3.2
1589,1589,Manjhawali,CWC,6,Haryana,60,FARIDABAD,BALLABGARH,BALLABGARH,Manjhawali,Ganga,Ganga,Yamuna,Yamuna,Yamuna,Yamuna,28.37333333,77.48837500,21-06-2023 08:30,4
1590,1590,Manjhawali,CWC,6,Haryana,60,FARIDABAD,BALLABGARH,BALLABGARH,Manjhawali,Ganga,Ganga,Yamuna,Yamuna,Yamuna,Yamuna,28.37333333,77.48837500,25-06-2023 08:30,4
1591,1591,Manjhawali,CWC,6,Haryana,60,FARIDABAD,BALLABGARH,BALLABGARH,Manjhawali,Ganga,Ganga,Yamuna,Yamuna,Yamuna,Yamuna,28.37333333,77.48837500,28-06-2023 08:30,2
1592,1592,Manjhawali,CWC,6,Haryana,60,FARIDABAD,BALLABGARH,BALLABGARH,Manjhawali,Ganga,Ganga,Yamuna,Yamuna,Yamuna,Yamuna,28.37333333,77.48837500,29-06-2023 08:30,2
1593,1593,Manjhawali,CWC,6,Haryana,60,FARIDABAD,BALLABGARH,BALLABGARH,Manjhawali,Ganga,Ganga,Yamuna,Yamuna,Yamuna,Yamuna,28.37333333,77.48837500,30-06-2023 08:30,6
1594,1594,Manjhawali,CWC,6,Haryana,60,FARIDABAD,BALLABGARH,BALLABGARH,Manjhawali,Ganga,Ganga,Yamuna,Yamuna,Yamuna,Yamuna,28.37333333,77.48837500,05-07-2023 08:30,4
1595,1595,Manjhawali,CWC,6,Haryana,60,FARIDABAD,BALLABGARH,BALLABGARH,Manjhawali,Ganga,Ganga,Yamuna,Yamuna,Yamuna,Yamuna,28.37333333,77.48837500,06-07-2023 11:30,22
1596,1596,Manjhawali,CWC,6,Haryana,60,FARIDABAD,BALLABGARH,BALLABGARH,Manjhawali,Ganga,Ganga,Yamuna,Yamuna,Yamuna,Yamuna,28.37333333,77.48837500,08-07-2023 11:30,16
1597,1597,Manjhawali,CWC,6,Haryana,60,FARIDABAD,BALLABGARH,BALLABGARH,Manjhawali,Ganga,Ganga,Yamuna,Yamuna,Yamuna,Yamuna,28.37333333,77.48837500,08-07-2023 14:30,15
1598,1598,Manjhawali,CWC,6,Haryana,60,FARIDABAD,BALLABGARH,BALLABGARH,Manjhawali,Ganga,Ganga,Yamuna,Yamuna,Yamuna,Yamuna,28.37333333,77.48837500,08-07-2023 17:30,10
1599,1599,Manjhawali,CWC,6,Haryana,60,FARIDABAD,BALLABGARH,BALLABGARH,Manjhawali,Ganga,Ganga,Yamuna,Yamuna,Yamuna,Yamuna,28.37333333,77.48837500,08-07-2023 20:30,6
1600,1600,Manjhawali,CWC,6,Haryana,60,FARIDABAD,BALLABGARH,BALLABGARH,Manjhawali,Ganga,Ganga,Yamuna,Yamuna,Yamuna,Yamuna,28.37333333,77.48837500,09-07-2023 11:30,1.4
1601,1601,Manjhawali,CWC,6,Haryana,60,FARIDABAD,BALLABGARH,BALLABGARH,Manjhawali,Ganga,Ganga,Yamuna,Yamuna,Yamuna,Yamuna,28.37333333,77.48837500,09-07-2023 14:30,6.4
1602,1602,Manjhawali,CWC,6,Haryana,60,FARIDABAD,BALLABGARH,BALLABGARH,Manjhawali,Ganga,Ganga,Yamuna,Yamuna,Yamuna,Yamuna,28.37333333,77.48837500,09-07-2023 17:30,10
1603,1603,Manjhawali,CWC,6,Haryana,60,FARIDABAD,BALLABGARH,BALLABGARH,Manjhawali,Ganga,Ganga,Yamuna,Yamuna,Yamuna,Yamuna,28.37333333,77.48837500,10-07-2023 14:30,6.4
1604,1604,Manjhawali,CWC,6,Haryana,60,FARIDABAD,BALLABGARH,BALLABGARH,Manjhawali,Ganga,Ganga,Yamuna,Yamuna,Yamuna,Yamuna,28.37333333,77.48837500,17-07-2023 11:30,6.2
1605,1605,Manjhawali,CWC,6,Haryana,60,FARIDABAD,BALLABGARH,BALLABGARH,Manjhawali,Ganga,Ganga,Yamuna,Yamuna,Yamuna,Yamuna,28.37333333,77.48837500,17-07-2023 14:30,1.2
1606,1606,Manjhawali,CWC,6,Haryana,60,FARIDABAD,BALLABGARH,BALLABGARH,Manjhawali,Ganga,Ganga,Yamuna,Yamuna,Yamuna,Yamuna,28.37333333,77.48837500,26-07-2023 08:30,8.2
1607,1607,Manjhawali,CWC,6,Haryana,60,FARIDABAD,BALLABGARH,BALLABGARH,Manjhawali,Ganga,Ganga,Yamuna,Yamuna,Yamuna,Yamuna,28.37333333,77.48837500,26-07-2023 11:30,4.2
1608,1608,Manjhawali,CWC,6,Haryana,60,FARIDABAD,BALLABGARH,BALLABGARH,Manjhawali,Ganga,Ganga,Yamuna,Yamuna,Yamuna,Yamuna,28.37333333,77.48837500,28-07-2023 23:30,4
1609,1609,Manjhawali,CWC,6,Haryana,60,FARIDABAD,BALLABGARH,BALLABGARH,Manjhawali,Ganga,Ganga,Yamuna,Yamuna,Yamuna,Yamuna,28.37333333,77.48837500,29-07-2023 05:30,3
1610,1610,Manjhawali,CWC,6,Haryana,60,FARIDABAD,BALLABGARH,BALLABGARH,Manjhawali,Ganga,Ganga,Yamuna,Yamuna,Yamuna,Yamuna,28.37333333,77.48837500,29-07-2023 08:30,56
1611,1611,Manjhawali,CWC,6,Haryana,60,FARIDABAD,BALLABGARH,BALLABGARH,Manjhawali,Ganga,Ganga,Yamuna,Yamuna,Yamuna,Yamuna,28.37333333,77.48837500,29-07-2023 11:30,3.2
1612,1612,Manjhawali,CWC,6,Haryana,60,FARIDABAD,BALLABGARH,BALLABGARH,Manjhawali,Ganga,Ganga,Yamuna,Yamuna,Yamuna,Yamuna,28.37333333,77.48837500,05-08-2023 05:30,6
1613,1613,Manjhawali,CWC,6,Haryana,60,FARIDABAD,BALLABGARH,BALLABGARH,Manjhawali,Ganga,Ganga,Yamuna,Yamuna,Yamuna,Yamuna,28.37333333,77.48837500,05-08-2023 08:30,20.6
1614,1614,Manjhawali,CWC,6,Haryana,60,FARIDABAD,BALLABGARH,BALLABGARH,Manjhawali,Ganga,Ganga,Yamuna,Yamuna,Yamuna,Yamuna,28.37333333,77.48837500,10-08-2023 20:30,3
1615,1615,Manjhawali,CWC,6,Haryana,60,FARIDABAD,BALLABGARH,BALLABGARH,Manjhawali,Ganga,Ganga,Yamuna,Yamuna,Yamuna,Yamuna,28.37333333,77.48837500,19-08-2023 11:30,4.2
1616,1616,Manjhawali,CWC,6,Haryana,60,FARIDABAD,BALLABGARH,BALLABGARH,Manjhawali,Ganga,Ganga,Yamuna,Yamuna,Yamuna,Yamuna,28.37333333,77.48837500,22-08-2023 17:30,40
1617,1617,Manjhawali,CWC,6,Haryana,60,FARIDABAD,BALLABGARH,BALLABGARH,Manjhawali,Ganga,Ganga,Yamuna,Yamuna,Yamuna,Yamuna,28.37333333,77.48837500,23-08-2023 08:30,4
1618,1618,Manjhawali,CWC,6,Haryana,60,FARIDABAD,BALLABGARH,BALLABGARH,Manjhawali,Ganga,Ganga,Yamuna,Yamuna,Yamuna,Yamuna,28.37333333,77.48837500,23-08-2023 11:30,3
1619,1619,Manjhawali,CWC,6,Haryana,60,FARIDABAD,BALLABGARH,BALLABGARH,Manjhawali,Ganga,Ganga,Yamuna,Yamuna,Yamuna,Yamuna,28.37333333,77.48837500,23-08-2023 17:30,16
1620,1620,Manjhawali,CWC,6,Haryana,60,FARIDABAD,BALLABGARH,BALLABGARH,Manjhawali,Ganga,Ganga,Yamuna,Yamuna,Yamuna,Yamuna,28.37333333,77.48837500,23-08-2023 20:30,10
1621,1621,Manjhawali,CWC,6,Haryana,60,FARIDABAD,BALLABGARH,BALLABGARH,Manjhawali,Ganga,Ganga,Yamuna,Yamuna,Yamuna,Yamuna,28.37333333,77.48837500,09-09-2023 23:30,1.2
1622,1622,Manjhawali,CWC,6,Haryana,60,FARIDABAD,BALLABGARH,BALLABGARH,Manjhawali,Ganga,Ganga,Yamuna,Yamuna,Yamuna,Yamuna,28.37333333,77.48837500,10-09-2023 02:30,8
1623,1623,Manjhawali,CWC,6,Haryana,60,FARIDABAD,BALLABGARH,BALLABGARH,Manjhawali,Ganga,Ganga,Yamuna,Yamuna,Yamuna,Yamuna,28.37333333,77.48837500,10-09-2023 05:30,16
1624,1624,Manjhawali,CWC,6,Haryana,60,FARIDABAD,BALLABGARH,BALLABGARH,Manjhawali,Ganga,Ganga,Yamuna,Yamuna,Yamuna,Yamuna,28.37333333,77.48837500,10-09-2023 08:30,42.4
1625,1625,Manjhawali,CWC,6,Haryana,60,FARIDABAD,BALLABGARH,BALLABGARH,Manjhawali,Ganga,Ganga,Yamuna,Yamuna,Yamuna,Yamuna,28.37333333,77.48837500,10-09-2023 11:30,18.4
1626,1626,Manjhawali,CWC,6,Haryana,60,FARIDABAD,BALLABGARH,BALLABGARH,Manjhawali,Ganga,Ganga,Yamuna,Yamuna,Yamuna,Yamuna,28.37333333,77.48837500,15-09-2023 08:30,2
1627,1627,Manjhawali,CWC,6,Haryana,60,FARIDABAD,BALLABGARH,BALLABGARH,Manjhawali,Ganga,Ganga,Yamuna,Yamuna,Yamuna,Yamuna,28.37333333,77.48837500,15-09-2023 11:30,2
1628,1628,Manjhawali,CWC,6,Haryana,60,FARIDABAD,BALLABGARH,BALLABGARH,Manjhawali,Ganga,Ganga,Yamuna,Yamuna,Yamuna,Yamuna,28.37333333,77.48837500,16-09-2023 17:30,1.2
1629,1629,Manjhawali,CWC,6,Haryana,60,FARIDABAD,BALLABGARH,BALLABGARH,Manjhawali,Ganga,Ganga,Yamuna,Yamuna,Yamuna,Yamuna,28.37333333,77.48837500,23-09-2023 14:30,1.2
1630,1630,Manjhawali,CWC,6,Haryana,60,FARIDABAD,BALLABGARH,BALLABGARH,Manjhawali,Ganga,Ganga,Yamuna,Yamuna,Yamuna,Yamuna,28.37333333,77.48837500,28-11-2023 08:30,3
1631,1631,Manjhawali,CWC,6,Haryana,60,FARIDABAD,BALLABGARH,BALLABGARH,Manjhawali,Ganga,Ganga,Yamuna,Yamuna,Yamuna,Yamuna,28.37333333,77.48837500,04-12-2023 08:30,1
1632,1632,Manjhawali,CWC,6,Haryana,60,FARIDABAD,BALLABGARH,BALLABGARH,Manjhawali,Ganga,Ganga,Yamuna,Yamuna,Yamuna,Yamuna,28.37333333,77.48837500,01-02-2024 08:30,32.4
1633,1633,Manjhawali,CWC,6,Haryana,60,FARIDABAD,BALLABGARH,BALLABGARH,Manjhawali,Ganga,Ganga,Yamuna,Yamuna,Yamuna,Yamuna,28.37333333,77.48837500,04-02-2024 08:30,1.8
1634,1634,Manjhawali,CWC,6,Haryana,60,FARIDABAD,BALLABGARH,BALLABGARH,Manjhawali,Ganga,Ganga,Yamuna,Yamuna,Yamuna,Yamuna,28.37333333,77.48837500,20-02-2024 08:30,3
1635,1635,Manjhawali,CWC,6,Haryana,60,FARIDABAD,BALLABGARH,BALLABGARH,Manjhawali,Ganga,Ganga,Yamuna,Yamuna,Yamuna,Yamuna,28.37333333,77.48837500,02-03-2024 08:30,0.2
1636,1636,Manjhawali,CWC,6,Haryana,60,FARIDABAD,BALLABGARH,BALLABGARH,Manjhawali,Ganga,Ganga,Yamuna,Yamuna,Yamuna,Yamuna,28.37333333,77.48837500,04-03-2024 08:30,18.2
1637,1637,Manjhawali,CWC,6,Haryana,60,FARIDABAD,BALLABGARH,BALLABGARH,Manjhawali,Ganga,Ganga,Yamuna,Yamuna,Yamuna,Yamuna,28.37333333,77.48837500,24-04-2024 08:30,1
1638,1638,Manjhawali,CWC,6,Haryana,60,FARIDABAD,BALLABGARH,BALLABGARH,Manjhawali,Ganga,Ganga,Yamuna,Yamuna,Yamuna,Yamuna,28.37333333,77.48837500,14-05-2024 08:30,2.4
1639,1639,Manjhawali,CWC,6,Haryana,60,FARIDABAD,BALLABGARH,BALLABGARH,Manjhawali,Ganga,Ganga,Yamuna,Yamuna,Yamuna,Yamuna,28.37333333,77.48837500,06-06-2024 08:30,1
1640,1640,Manjhawali,CWC,6,Haryana,60,FARIDABAD,BALLABGARH,BALLABGARH,Manjhawali,Ganga,Ganga,Yamuna,Yamuna,Yamuna,Yamuna,28.37333333,77.48837500,14-06-2024 20:30,6.4
1641,1641,Manjhawali,CWC,6,Haryana,60,FARIDABAD,BALLABGARH,BALLABGARH,Manjhawali,Ganga,Ganga,Yamuna,Yamuna,Yamuna,Yamuna,28.37333333,77.48837500,21-06-2024 17:30,2.4
1642,1642,Manjhawali,CWC,6,Haryana,60,FARIDABAD,BALLABGARH,BALLABGARH,Manjhawali,Ganga,Ganga,Yamuna,Yamuna,Yamuna,Yamuna,28.37333333,77.48837500,24-06-2024 14:30,10.2
1643,1643,Manjhawali,CWC,6,Haryana,60,FARIDABAD,BALLABGARH,BALLABGARH,Manjhawali,Ganga,Ganga,Yamuna,Yamuna,Yamuna,Yamuna,28.37333333,77.48837500,28-06-2024 05:30,30
1644,1644,Manjhawali,CWC,6,Haryana,60,FARIDABAD,BALLABGARH,BALLABGARH,Manjhawali,Ganga,Ganga,Yamuna,Yamuna,Yamuna,Yamuna,28.37333333,77.48837500,28-06-2024 08:30,25.4
1645,1645,Manjhawali,CWC,6,Haryana,60,FARIDABAD,BALLABGARH,BALLABGARH,Manjhawali,Ganga,Ganga,Yamuna,Yamuna,Yamuna,Yamuna,28.37333333,77.48837500,30-06-2024 02:30,16
1646,1646,Manjhawali,CWC,6,Haryana,60,FARIDABAD,BALLABGARH,BALLABGARH,Manjhawali,Ganga,Ganga,Yamuna,Yamuna,Yamuna,Yamuna,28.37333333,77.48837500,04-07-2024 11:30,10
1647,1647,Manjhawali,CWC,6,Haryana,60,FARIDABAD,BALLABGARH,BALLABGARH,Manjhawali,Ganga,Ganga,Yamuna,Yamuna,Yamuna,Yamuna,28.37333333,77.48837500,05-07-2024 14:30,8
1648,1648,Manjhawali,CWC,6,Haryana,60,FARIDABAD,BALLABGARH,BALLABGARH,Manjhawali,Ganga,Ganga,Yamuna,Yamuna,Yamuna,Yamuna,28.37333333,77.48837500,09-07-2024 14:30,3.4
1649,1649,Manjhawali,CWC,6,Haryana,60,FARIDABAD,BALLABGARH,BALLABGARH,Manjhawali,Ganga,Ganga,Yamuna,Yamuna,Yamuna,Yamuna,28.37333333,77.48837500,13-07-2024 08:30,12.6
1650,1650,Manjhawali,CWC,6,Haryana,60,FARIDABAD,BALLABGARH,BALLABGARH,Manjhawali,Ganga,Ganga,Yamuna,Yamuna,Yamuna,Yamuna,28.37333333,77.48837500,15-07-2024 14:30,8
1651,1651,Manjhawali,CWC,6,Haryana,60,FARIDABAD,BALLABGARH,BALLABGARH,Manjhawali,Ganga,Ganga,Yamuna,Yamuna,Yamuna,Yamuna,28.37333333,77.48837500,18-07-2024 20:30,14
1652,1652,Manjhawali,CWC,6,Haryana,60,FARIDABAD,BALLABGARH,BALLABGARH,Manjhawali,Ganga,Ganga,Yamuna,Yamuna,Yamuna,Yamuna,28.37333333,77.48837500,31-07-2024 23:30,93.8
1653,1653,Manjhawali,CWC,6,Haryana,60,FARIDABAD,BALLABGARH,BALLABGARH,Manjhawali,Ganga,Ganga,Yamuna,Yamuna,Yamuna,Yamuna,28.37333333,77.48837500,01-08-2024 02:30,8.2
1654,1654,Manjhawali,CWC,6,Haryana,60,FARIDABAD,BALLABGARH,BALLABGARH,Manjhawali,Ganga,Ganga,Yamuna,Yamuna,Yamuna,Yamuna,28.37333333,77.48837500,02-08-2024 02:30,6.2
1655,1655,Manjhawali,CWC,6,Haryana,60,FARIDABAD,BALLABGARH,BALLABGARH,Manjhawali,Ganga,Ganga,Yamuna,Yamuna,Yamuna,Yamuna,28.37333333,77.48837500,02-08-2024 14:30,12
1656,1656,Manjhawali,CWC,6,Haryana,60,FARIDABAD,BALLABGARH,BALLABGARH,Manjhawali,Ganga,Ganga,Yamuna,Yamuna,Yamuna,Yamuna,28.37333333,77.48837500,07-08-2024 20:30,2
1657,1657,Manjhawali,CWC,6,Haryana,60,FARIDABAD,BALLABGARH,BALLABGARH,Manjhawali,Ganga,Ganga,Yamuna,Yamuna,Yamuna,Yamuna,28.37333333,77.48837500,09-08-2024 20:30,1.5
1658,1658,Manjhawali,CWC,6,Haryana,60,FARIDABAD,BALLABGARH,BALLABGARH,Manjhawali,Ganga,Ganga,Yamuna,Yamuna,Yamuna,Yamuna,28.37333333,77.48837500,10-08-2024 05:30,2
1659,1659,Manjhawali,CWC,6,Haryana,60,FARIDABAD,BALLABGARH,BALLABGARH,Manjhawali,Ganga,Ganga,Yamuna,Yamuna,Yamuna,Yamuna,28.37333333,77.48837500,11-08-2024 02:30,3.2
1660,1660,Manjhawali,CWC,6,Haryana,60,FARIDABAD,BALLABGARH,BALLABGARH,Manjhawali,Ganga,Ganga,Yamuna,Yamuna,Yamuna,Yamuna,28.37333333,77.48837500,11-08-2024 05:30,1.2
1661,1661,Manjhawali,CWC,6,Haryana,60,FARIDABAD,BALLABGARH,BALLABGARH,Manjhawali,Ganga,Ganga,Yamuna,Yamuna,Yamuna,Yamuna,28.37333333,77.48837500,11-08-2024 20:30,5
1662,1662,Manjhawali,CWC,6,Haryana,60,FARIDABAD,BALLABGARH,BALLABGARH,Manjhawali,Ganga,Ganga,Yamuna,Yamuna,Yamuna,Yamuna,28.37333333,77.48837500,11-08-2024 23:30,32.2
1663,1663,Manjhawali,CWC,6,Haryana,60,FARIDABAD,BALLABGARH,BALLABGARH,Manjhawali,Ganga,Ganga,Yamuna,Yamuna,Yamuna,Yamuna,28.37333333,77.48837500,12-08-2024 08:30,6.8
1664,1664,Manjhawali,CWC,6,Haryana,60,FARIDABAD,BALLABGARH,BALLABGARH,Manjhawali,Ganga,Ganga,Yamuna,Yamuna,Yamuna,Yamuna,28.37333333,77.48837500,12-08-2024 11:30,2
1665,1665,Manjhawali,CWC,6,Haryana,60,FARIDABAD,BALLABGARH,BALLABGARH,Manjhawali,Ganga,Ganga,Yamuna,Yamuna,Yamuna,Yamuna,28.37333333,77.48837500,25-08-2024 02:30,1.4
1666,1666,Manjhawali,CWC,6,Haryana,60,FARIDABAD,BALLABGARH,BALLABGARH,Manjhawali,Ganga,Ganga,Yamuna,Yamuna,Yamuna,Yamuna,28.37333333,77.48837500,27-08-2024 02:30,16.2
1667,1667,Manjhawali,CWC,6,Haryana,60,FARIDABAD,BALLABGARH,BALLABGARH,Manjhawali,Ganga,Ganga,Yamuna,Yamuna,Yamuna,Yamuna,28.37333333,77.48837500,28-08-2024 02:30,16.2
1668,1668,Manjhawali,CWC,6,Haryana,60,FARIDABAD,BALLABGARH,BALLABGARH,Manjhawali,Ganga,Ganga,Yamuna,Yamuna,Yamuna,Yamuna,28.37333333,77.48837500,29-08-2024 02:30,32
1669,1669,Manjhawali,CWC,6,Haryana,60,FARIDABAD,BALLABGARH,BALLABGARH,Manjhawali,Ganga,Ganga,Yamuna,Yamuna,Yamuna,Yamuna,28.37333333,77.48837500,29-08-2024 05:30,28
1670,1670,Manjhawali,CWC,6,Haryana,60,FARIDABAD,BALLABGARH,BALLABGARH,Manjhawali,Ganga,Ganga,Yamuna,Yamuna,Yamuna,Yamuna,28.37333333,77.48837500,29-08-2024 11:30,16.2
1671,1671,Manjhawali,CWC,6,Haryana,60,FARIDABAD,BALLABGARH,BALLABGARH,Manjhawali,Ganga,Ganga,Yamuna,Yamuna,Yamuna,Yamuna,28.37333333,77.48837500,04-09-2024 02:30,25.2
1672,1672,Manjhawali,CWC,6,Haryana,60,FARIDABAD,BALLABGARH,BALLABGARH,Manjhawali,Ganga,Ganga,Yamuna,Yamuna,Yamuna,Yamuna,28.37333333,77.48837500,04-09-2024 17:30,26.2
1673,1673,Manjhawali,CWC,6,Haryana,60,FARIDABAD,BALLABGARH,BALLABGARH,Manjhawali,Ganga,Ganga,Yamuna,Yamuna,Yamuna,Yamuna,28.37333333,77.48837500,06-09-2024 08:30,12.6
1674,1674,Manjhawali,CWC,6,Haryana,60,FARIDABAD,BALLABGARH,BALLABGARH,Manjhawali,Ganga,Ganga,Yamuna,Yamuna,Yamuna,Yamuna,28.37333333,77.48837500,06-09-2024 11:30,2.4
1675,1675,Manjhawali,CWC,6,Haryana,60,FARIDABAD,BALLABGARH,BALLABGARH,Manjhawali,Ganga,Ganga,Yamuna,Yamuna,Yamuna,Yamuna,28.37333333,77.48837500,07-09-2024 11:30,2
1676,1676,Manjhawali,CWC,6,Haryana,60,FARIDABAD,BALLABGARH,BALLABGARH,Manjhawali,Ganga,Ganga,Yamuna,Yamuna,Yamuna,Yamuna,28.37333333,77.48837500,07-09-2024 17:30,1.2
1677,1677,Manjhawali,CWC,6,Haryana,60,FARIDABAD,BALLABGARH,BALLABGARH,Manjhawali,Ganga,Ganga,Yamuna,Yamuna,Yamuna,Yamuna,28.37333333,77.48837500,10-09-2024 02:30,1.2
1678,1678,Manjhawali,CWC,6,Haryana,60,FARIDABAD,BALLABGARH,BALLABGARH,Manjhawali,Ganga,Ganga,Yamuna,Yamuna,Yamuna,Yamuna,28.37333333,77.48837500,10-09-2024 20:30,82.8
1679,1679,Manjhawali,CWC,6,Haryana,60,FARIDABAD,BALLABGARH,BALLABGARH,Manjhawali,Ganga,Ganga,Yamuna,Yamuna,Yamuna,Yamuna,28.37333333,77.48837500,11-09-2024 11:30,2.4
1680,1680,Manjhawali,CWC,6,Haryana,60,FARIDABAD,BALLABGARH,BALLABGARH,Manjhawali,Ganga,Ganga,Yamuna,Yamuna,Yamuna,Yamuna,28.37333333,77.48837500,12-09-2024 02:30,3.2
1681,1681,Manjhawali,CWC,6,Haryana,60,FARIDABAD,BALLABGARH,BALLABGARH,Manjhawali,Ganga,Ganga,Yamuna,Yamuna,Yamuna,Yamuna,28.37333333,77.48837500,12-09-2024 05:30,28.4
1682,1682,Manjhawali,CWC,6,Haryana,60,FARIDABAD,BALLABGARH,BALLABGARH,Manjhawali,Ganga,Ganga,Yamuna,Yamuna,Yamuna,Yamuna,28.37333333,77.48837500,12-09-2024 08:30,1.8
1683,1683,Manjhawali,CWC,6,Haryana,60,FARIDABAD,BALLABGARH,BALLABGARH,Manjhawali,Ganga,Ganga,Yamuna,Yamuna,Yamuna,Yamuna,28.37333333,77.48837500,12-09-2024 11:30,6.4
1684,1684,Manjhawali,CWC,6,Haryana,60,FARIDABAD,BALLABGARH,BALLABGARH,Manjhawali,Ganga,Ganga,Yamuna,Yamuna,Yamuna,Yamuna,28.37333333,77.48837500,12-09-2024 14:30,2
1685,1685,Manjhawali,CWC,6,Haryana,60,FARIDABAD,BALLABGARH,BALLABGARH,Manjhawali,Ganga,Ganga,Yamuna,Yamuna,Yamuna,Yamuna,28.37333333,77.48837500,12-09-2024 17:30,2
1686,1686,Manjhawali,CWC,6,Haryana,60,FARIDABAD,BALLABGARH,BALLABGARH,Manjhawali,Ganga,Ganga,Yamuna,Yamuna,Yamuna,Yamuna,28.37333333,77.48837500,12-09-2024 20:30,2
1687,1687,Manjhawali,CWC,6,Haryana,60,FARIDABAD,BALLABGARH,BALLABGARH,Manjhawali,Ganga,Ganga,Yamuna,Yamuna,Yamuna,Yamuna,28.37333333,77.48837500,12-09-2024 23:30,2.5
1688,1688,Manjhawali,CWC,6,Haryana,60,FARIDABAD,BALLABGARH,BALLABGARH,Manjhawali,Ganga,Ganga,Yamuna,Yamuna,Yamuna,Yamuna,28.37333333,77.48837500,13-09-2024 02:30,6.2
1689,1689,Manjhawali,CWC,6,Haryana,60,FARIDABAD,BALLABGARH,BALLABGARH,Manjhawali,Ganga,Ganga,Yamuna,Yamuna,Yamuna,Yamuna,28.37333333,77.48837500,13-09-2024 05:30,20.4
1690,1690,Manjhawali,CWC,6,Haryana,60,FARIDABAD,BALLABGARH,BALLABGARH,Manjhawali,Ganga,Ganga,Yamuna,Yamuna,Yamuna,Yamuna,28.37333333,77.48837500,13-09-2024 08:30,3
1691,1691,Manjhawali,CWC,6,Haryana,60,FARIDABAD,BALLABGARH,BALLABGARH,Manjhawali,Ganga,Ganga,Yamuna,Yamuna,Yamuna,Yamuna,28.37333333,77.48837500,13-09-2024 14:30,16
1692,1692,Manjhawali,CWC,6,Haryana,60,FARIDABAD,BALLABGARH,BALLABGARH,Manjhawali,Ganga,Ganga,Yamuna,Yamuna,Yamuna,Yamuna,28.37333333,77.48837500,13-09-2024 17:30,8.6
1693,1693,Manjhawali,CWC,6,Haryana,60,FARIDABAD,BALLABGARH,BALLABGARH,Manjhawali,Ganga,Ganga,Yamuna,Yamuna,Yamuna,Yamuna,28.37333333,77.48837500,13-09-2024 20:30,15.8
1694,1694,Manjhawali,CWC,6,Haryana,60,FARIDABAD,BALLABGARH,BALLABGARH,Manjhawali,Ganga,Ganga,Yamuna,Yamuna,Yamuna,Yamuna,28.37333333,77.48837500,18-09-2024 17:30,6.2
1695,1695,Manjhawali,CWC,6,Haryana,60,FARIDABAD,BALLABGARH,BALLABGARH,Manjhawali,Ganga,Ganga,Yamuna,Yamuna,Yamuna,Yamuna,28.37333333,77.48837500,19-09-2024 02:30,1.4
1696,1696,Manjhawali,CWC,6,Haryana,60,FARIDABAD,BALLABGARH,BALLABGARH,Manjhawali,Ganga,Ganga,Yamuna,Yamuna,Yamuna,Yamuna,28.37333333,77.48837500,09-12-2024 08:30,0.8
1697,1697,Manjhawali,CWC,6,Haryana,60,FARIDABAD,BALLABGARH,BALLABGARH,Manjhawali,Ganga,Ganga,Yamuna,Yamuna,Yamuna,Yamuna,28.37333333,77.48837500,28-12-2024 08:30,8.8
1698,1698,Manjhawali,CWC,6,Haryana,60,FARIDABAD,BALLABGARH,BALLABGARH,Manjhawali,Ganga,Ganga,Yamuna,Yamuna,Yamuna,Yamuna,28.37333333,77.48837500,12-01-2025 08:30,4.2
1699,1699,Manjhawali,CWC,6,Haryana,60,FARIDABAD,BALLABGARH,BALLABGARH,Manjhawali,Ganga,Ganga,Yamuna,Yamuna,Yamuna,Yamuna,28.37333333,77.48837500,16-01-2025 08:30,4.8
1700,1700,Manjhawali,CWC,6,Haryana,60,FARIDABAD,BALLABGARH,BALLABGARH,Manjhawali,Ganga,Ganga,Yamuna,Yamuna,Yamuna,Yamuna,28.37333333,77.48837500,23-01-2025 08:30,1.2
1701,1701,Manjhawali,CWC,6,Haryana,60,FARIDABAD,BALLABGARH,BALLABGARH,Manjhawali,Ganga,Ganga,Yamuna,Yamuna,Yamuna,Yamuna,28.37333333,77.48837500,20-02-2025 08:30,2.6
1702,1702,Manjhawali,CWC,6,Haryana,60,FARIDABAD,BALLABGARH,BALLABGARH,Manjhawali,Ganga,Ganga,Yamuna,Yamuna,Yamuna,Yamuna,28.37333333,77.48837500,01-03-2025 08:30,1.2
1703,1703,Manjhawali,CWC,6,Haryana,60,FARIDABAD,BALLABGARH,BALLABGARH,Manjhawali,Ganga,Ganga,Yamuna,Yamuna,Yamuna,Yamuna,28.37333333,77.48837500,12-04-2025 08:30,1.2
1704,1704,Manjhawali,CWC,6,Haryana,60,FARIDABAD,BALLABGARH,BALLABGARH,Manjhawali,Ganga,Ganga,Yamuna,Yamuna,Yamuna,Yamuna,28.37333333,77.48837500,02-05-2025 08:30,44
1705,1705,Manjhawali,CWC,6,Haryana,60,FARIDABAD,BALLABGARH,BALLABGARH,Manjhawali,Ganga,Ganga,Yamuna,Yamuna,Yamuna,Yamuna,28.37333333,77.48837500,06-05-2025 08:30,4.8
1706,1706,Manjhawali,CWC,6,Haryana,60,FARIDABAD,BALLABGARH,BALLABGARH,Manjhawali,Ganga,Ganga,Yamuna,Yamuna,Yamuna,Yamuna,28.37333333,77.48837500,08-05-2025 08:30,3.8
1707,1707,Manjhawali,CWC,6,Haryana,60,FARIDABAD,BALLABGARH,BALLABGARH,Manjhawali,Ganga,Ganga,Yamuna,Yamuna,Yamuna,Yamuna,28.37333333,77.48837500,14-05-2025 08:30,16.2
1708,1708,Manjhawali,CWC,6,Haryana,60,FARIDABAD,BALLABGARH,BALLABGARH,Manjhawali,Ganga,Ganga,Yamuna,Yamuna,Yamuna,Yamuna,28.37333333,77.48837500,17-05-2025 08:30,19.2
1709,1709,Manjhawali,CWC,6,Haryana,60,FARIDABAD,BALLABGARH,BALLABGARH,Manjhawali,Ganga,Ganga,Yamuna,Yamuna,Yamuna,Yamuna,28.37333333,77.48837500,18-05-2025 08:30,4.2
1710,1710,Manjhawali,CWC,6,Haryana,60,FARIDABAD,BALLABGARH,BALLABGARH,Manjhawali,Ganga,Ganga,Yamuna,Yamuna,Yamuna,Yamuna,28.37333333,77.48837500,22-05-2025 08:30,11.2
1711,1711,Manjhawali,CWC,6,Haryana,60,FARIDABAD,BALLABGARH,BALLABGARH,Manjhawali,Ganga,Ganga,Yamuna,Yamuna,Yamuna,Yamuna,28.37333333,77.48837500,25-05-2025 08:30,26.4
1712,1712,Manjhawali,CWC,6,Haryana,60,FARIDABAD,BALLABGARH,BALLABGARH,Manjhawali,Ganga,Ganga,Yamuna,Yamuna,Yamuna,Yamuna,28.37333333,77.48837500,26-05-2025 08:30,11.4
1713,1713,Manjhawali,CWC,6,Haryana,60,FARIDABAD,BALLABGARH,BALLABGARH,Manjhawali,Ganga,Ganga,Yamuna,Yamuna,Yamuna,Yamuna,28.37333333,77.48837500,17-06-2025 17:30,2
1714,1714,Manjhawali,CWC,6,Haryana,60,FARIDABAD,BALLABGARH,BALLABGARH,Manjhawali,Ganga,Ganga,Yamuna,Yamuna,Yamuna,Yamuna,28.37333333,77.48837500,17-06-2025 20:30,1
1715,1715,Manjhawali,CWC,6,Haryana,60,FARIDABAD,BALLABGARH,BALLABGARH,Manjhawali,Ganga,Ganga,Yamuna,Yamuna,Yamuna,Yamuna,28.37333333,77.48837500,28-06-2025 17:30,13.2
1716,1716,Manjhawali,CWC,6,Haryana,60,FARIDABAD,BALLABGARH,BALLABGARH,Manjhawali,Ganga,Ganga,Yamuna,Yamuna,Yamuna,Yamuna,28.37333333,77.48837500,29-06-2025 20:30,6
1717,1717,Manjhawali,CWC,6,Haryana,60,FARIDABAD,BALLABGARH,BALLABGARH,Manjhawali,Ganga,Ganga,Yamuna,Yamuna,Yamuna,Yamuna,28.37333333,77.48837500,04-07-2025 20:30,2.8
1718,1718,Manjhawali,CWC,6,Haryana,60,FARIDABAD,BALLABGARH,BALLABGARH,Manjhawali,Ganga,Ganga,Yamuna,Yamuna,Yamuna,Yamuna,28.37333333,77.48837500,07-07-2025 05:30,1.8
1719,1719,Manjhawali,CWC,6,Haryana,60,FARIDABAD,BALLABGARH,BALLABGARH,Manjhawali,Ganga,Ganga,Yamuna,Yamuna,Yamuna,Yamuna,28.37333333,77.48837500,07-07-2025 08:30,22
1720,1720,Manjhawali,CWC,6,Haryana,60,FARIDABAD,BALLABGARH,BALLABGARH,Manjhawali,Ganga,Ganga,Yamuna,Yamuna,Yamuna,Yamuna,28.37333333,77.48837500,09-07-2025 20:30,2
1721,1721,Manjhawali,CWC,6,Haryana,60,FARIDABAD,BALLABGARH,BALLABGARH,Manjhawali,Ganga,Ganga,Yamuna,Yamuna,Yamuna,Yamuna,28.37333333,77.48837500,09-07-2025 23:30,16
1722,1722,Manjhawali,CWC,6,Haryana,60,FARIDABAD,BALLABGARH,BALLABGARH,Manjhawali,Ganga,Ganga,Yamuna,Yamuna,Yamuna,Yamuna,28.37333333,77.48837500,10-07-2025 02:30,6
1723,1723,Manjhawali,CWC,6,Haryana,60,FARIDABAD,BALLABGARH,BALLABGARH,Manjhawali,Ganga,Ganga,Yamuna,Yamuna,Yamuna,Yamuna,28.37333333,77.48837500,10-07-2025 11:30,1.2
1724,1724,Manjhawali,CWC,6,Haryana,60,FARIDABAD,BALLABGARH,BALLABGARH,Manjhawali,Ganga,Ganga,Yamuna,Yamuna,Yamuna,Yamuna,28.37333333,77.48837500,11-07-2025 14:30,8.6
1725,1725,Manjhawali,CWC,6,Haryana,60,FARIDABAD,BALLABGARH,BALLABGARH,Manjhawali,Ganga,Ganga,Yamuna,Yamuna,Yamuna,Yamuna,28.37333333,77.48837500,13-07-2025 20:30,26.4
1726,1726,Manjhawali,CWC,6,Haryana,60,FARIDABAD,BALLABGARH,BALLABGARH,Manjhawali,Ganga,Ganga,Yamuna,Yamuna,Yamuna,Yamuna,28.37333333,77.48837500,13-07-2025 23:30,1.2
1727,1727,Manjhawali,CWC,6,Haryana,60,FARIDABAD,BALLABGARH,BALLABGARH,Manjhawali,Ganga,Ganga,Yamuna,Yamuna,Yamuna,Yamuna,28.37333333,77.48837500,14-07-2025 20:30,28.4
1728,1728,Manjhawali,CWC,6,Haryana,60,FARIDABAD,BALLABGARH,BALLABGARH,Manjhawali,Ganga,Ganga,Yamuna,Yamuna,Yamuna,Yamuna,28.37333333,77.48837500,16-07-2025 17:30,1.4
1729,1729,Manjhawali,CWC,6,Haryana,60,FARIDABAD,BALLABGARH,BALLABGARH,Manjhawali,Ganga,Ganga,Yamuna,Yamuna,Yamuna,Yamuna,28.37333333,77.48837500,23-07-2025 08:30,28.6
1730,1730,Manjhawali,CWC,6,Haryana,60,FARIDABAD,BALLABGARH,BALLABGARH,Manjhawali,Ganga,Ganga,Yamuna,Yamuna,Yamuna,Yamuna,28.37333333,77.48837500,23-07-2025 11:30,16
1731,1731,Manjhawali,CWC,6,Haryana,60,FARIDABAD,BALLABGARH,BALLABGARH,Manjhawali,Ganga,Ganga,Yamuna,Yamuna,Yamuna,Yamuna,28.37333333,77.48837500,23-07-2025 14:30,4.4
1732,1732,Manjhawali,CWC,6,Haryana,60,FARIDABAD,BALLABGARH,BALLABGARH,Manjhawali,Ganga,Ganga,Yamuna,Yamuna,Yamuna,Yamuna,28.37333333,77.48837500,28-07-2025 20:30,32.8
1733,1733,Manjhawali,CWC,6,Haryana,60,FARIDABAD,BALLABGARH,BALLABGARH,Manjhawali,Ganga,Ganga,Yamuna,Yamuna,Yamuna,Yamuna,28.37333333,77.48837500,29-07-2025 14:30,36.8
1734,1734,Manjhawali,CWC,6,Haryana,60,FARIDABAD,BALLABGARH,BALLABGARH,Manjhawali,Ganga,Ganga,Yamuna,Yamuna,Yamuna,Yamuna,28.37333333,77.48837500,30-07-2025 17:30,5.6
1735,1735,Manjhawali,CWC,6,Haryana,60,FARIDABAD,BALLABGARH,BALLABGARH,Manjhawali,Ganga,Ganga,Yamuna,Yamuna,Yamuna,Yamuna,28.37333333,77.48837500,31-07-2025 02:30,18.6
1736,1736,Manjhawali,CWC,6,Haryana,60,FARIDABAD,BALLABGARH,BALLABGARH,Manjhawali,Ganga,Ganga,Yamuna,Yamuna,Yamuna,Yamuna,28.37333333,77.48837500,31-07-2025 05:30,15.6
1737,1737,Manjhawali,CWC,6,Haryana,60,FARIDABAD,BALLABGARH,BALLABGARH,Manjhawali,Ganga,Ganga,Yamuna,Yamuna,Yamuna,Yamuna,28.37333333,77.48837500,31-07-2025 08:30,5.4
1738,1738,Manjhawali,CWC,6,Haryana,60,FARIDABAD,BALLABGARH,BALLABGARH,Manjhawali,Ganga,Ganga,Yamuna,Yamuna,Yamuna,Yamuna,28.37333333,77.48837500,31-07-2025 11:30,3.8
1739,1739,Manjhawali,CWC,6,Haryana,60,FARIDABAD,BALLABGARH,BALLABGARH,Manjhawali,Ganga,Ganga,Yamuna,Yamuna,Yamuna,Yamuna,28.37333333,77.48837500,31-07-2025 17:30,2.4
1740,1740,Manjhawali,CWC,6,Haryana,60,FARIDABAD,BALLABGARH,BALLABGARH,Manjhawali,Ganga,Ganga,Yamuna,Yamuna,Yamuna,Yamuna,28.37333333,77.48837500,31-07-2025 20:30,3.2
1741,1741,Manjhawali,CWC,6,Haryana,60,FARIDABAD,BALLABGARH,BALLABGARH,Manjhawali,Ganga,Ganga,Yamuna,Yamuna,Yamuna,Yamuna,28.37333333,77.48837500,31-07-2025 23:30,2.3
1742,1742,Manjhawali,CWC,6,Haryana,60,FARIDABAD,BALLABGARH,BALLABGARH,Manjhawali,Ganga,Ganga,Yamuna,Yamuna,Yamuna,Yamuna,28.37333333,77.48837500,01-08-2025 05:30,2.4
1743,1743,Manjhawali,CWC,6,Haryana,60,FARIDABAD,BALLABGARH,BALLABGARH,Manjhawali,Ganga,Ganga,Yamuna,Yamuna,Yamuna,Yamuna,28.37333333,77.48837500,03-08-2025 02:30,3.5
1744,1744,Manjhawali,CWC,6,Haryana,60,FARIDABAD,BALLABGARH,BALLABGARH,Manjhawali,Ganga,Ganga,Yamuna,Yamuna,Yamuna,Yamuna,28.37333333,77.48837500,03-08-2025 05:30,6.5
1745,1745,Manjhawali,CWC,6,Haryana,60,FARIDABAD,BALLABGARH,BALLABGARH,Manjhawali,Ganga,Ganga,Yamuna,Yamuna,Yamuna,Yamuna,28.37333333,77.48837500,03-08-2025 08:30,1.2
1746,1746,Manjhawali,CWC,6,Haryana,60,FARIDABAD,BALLABGARH,BALLABGARH,Manjhawali,Ganga,Ganga,Yamuna,Yamuna,Yamuna,Yamuna,28.37333333,77.48837500,03-08-2025 23:30,1.2
1747,1747,Manjhawali,CWC,6,Haryana,60,FARIDABAD,BALLABGARH,BALLABGARH,Manjhawali,Ganga,Ganga,Yamuna,Yamuna,Yamuna,Yamuna,28.37333333,77.48837500,04-08-2025 05:30,3.1
1748,1748,Manjhawali,CWC,6,Haryana,60,FARIDABAD,BALLABGARH,BALLABGARH,Manjhawali,Ganga,Ganga,Yamuna,Yamuna,Yamuna,Yamuna,28.37333333,77.48837500,04-08-2025 08:30,4.2
1749,1749,Manjhawali,CWC,6,Haryana,60,FARIDABAD,BALLABGARH,BALLABGARH,Manjhawali,Ganga,Ganga,Yamuna,Yamuna,Yamuna,Yamuna,28.37333333,77.48837500,09-08-2025 02:30,12.5
1750,1750,Manjhawali,CWC,6,Haryana,60,FARIDABAD,BALLABGARH,BALLABGARH,Manjhawali,Ganga,Ganga,Yamuna,Yamuna,Yamuna,Yamuna,28.37333333,77.48837500,09-08-2025 05:30,6.4
1751,1751,Manjhawali,CWC,6,Haryana,60,FARIDABAD,BALLABGARH,BALLABGARH,Manjhawali,Ganga,Ganga,Yamuna,Yamuna,Yamuna,Yamuna,28.37333333,77.48837500,09-08-2025 08:30,40.6
1752,1752,Manjhawali,CWC,6,Haryana,60,FARIDABAD,BALLABGARH,BALLABGARH,Manjhawali,Ganga,Ganga,Yamuna,Yamuna,Yamuna,Yamuna,28.37333333,77.48837500,09-08-2025 11:30,65.4
1753,1753,Manjhawali,CWC,6,Haryana,60,FARIDABAD,BALLABGARH,BALLABGARH,Manjhawali,Ganga,Ganga,Yamuna,Yamuna,Yamuna,Yamuna,28.37333333,77.48837500,09-08-2025 17:30,8.4
1754,1754,Manjhawali,CWC,6,Haryana,60,FARIDABAD,BALLABGARH,BALLABGARH,Manjhawali,Ganga,Ganga,Yamuna,Yamuna,Yamuna,Yamuna,28.37333333,77.48837500,12-08-2025 05:30,2.5
1755,1755,Manjhawali,CWC,6,Haryana,60,FARIDABAD,BALLABGARH,BALLABGARH,Manjhawali,Ganga,Ganga,Yamuna,Yamuna,Yamuna,Yamuna,28.37333333,77.48837500,12-08-2025 08:30,4.2
1756,1756,Manjhawali,CWC,6,Haryana,60,FARIDABAD,BALLABGARH,BALLABGARH,Manjhawali,Ganga,Ganga,Yamuna,Yamuna,Yamuna,Yamuna,28.37333333,77.48837500,14-08-2025 02:30,2.5
1757,1757,Manjhawali,CWC,6,Haryana,60,FARIDABAD,BALLABGARH,BALLABGARH,Manjhawali,Ganga,Ganga,Yamuna,Yamuna,Yamuna,Yamuna,28.37333333,77.48837500,14-08-2025 05:30,2.6
1758,1758,Manjhawali,CWC,6,Haryana,60,FARIDABAD,BALLABGARH,BALLABGARH,Manjhawali,Ganga,Ganga,Yamuna,Yamuna,Yamuna,Yamuna,28.37333333,77.48837500,14-08-2025 08:30,1.2
1759,1759,Manjhawali,CWC,6,Haryana,60,FARIDABAD,BALLABGARH,BALLABGARH,Manjhawali,Ganga,Ganga,Yamuna,Yamuna,Yamuna,Yamuna,28.37333333,77.48837500,14-08-2025 11:30,42.8
1760,1760,Manjhawali,CWC,6,Haryana,60,FARIDABAD,BALLABGARH,BALLABGARH,Manjhawali,Ganga,Ganga,Yamuna,Yamuna,Yamuna,Yamuna,28.37333333,77.48837500,14-08-2025 14:30,2.4
1761,1761,Manjhawali,CWC,6,Haryana,60,FARIDABAD,BALLABGARH,BALLABGARH,Manjhawali,Ganga,Ganga,Yamuna,Yamuna,Yamuna,Yamuna,28.37333333,77.48837500,23-08-2025 17:30,2.4
1762,1762,Manjhawali,CWC,6,Haryana,60,FARIDABAD,BALLABGARH,BALLABGARH,Manjhawali,Ganga,Ganga,Yamuna,Yamuna,Yamuna,Yamuna,28.37333333,77.48837500,25-08-2025 08:30,5.6
1763,1763,Manjhawali,CWC,6,Haryana,60,FARIDABAD,BALLABGARH,BALLABGARH,Manjhawali,Ganga,Ganga,Yamuna,Yamuna,Yamuna,Yamuna,28.37333333,77.48837500,25-08-2025 14:30,3.2
1764,1764,Manjhawali,CWC,6,Haryana,60,FARIDABAD,BALLABGARH,BALLABGARH,Manjhawali,Ganga,Ganga,Yamuna,Yamuna,Yamuna,Yamuna,28.37333333,77.48837500,01-09-2025 14:30,2.5
1765,1765,Manjhawali,CWC,6,Haryana,60,FARIDABAD,BALLABGARH,BALLABGARH,Manjhawali,Ganga,Ganga,Yamuna,Yamuna,Yamuna,Yamuna,28.37333333,77.48837500,01-09-2025 17:30,2.5
1766,1766,Manjhawali,CWC,6,Haryana,60,FARIDABAD,BALLABGARH,BALLABGARH,Manjhawali,Ganga,Ganga,Yamuna,Yamuna,Yamuna,Yamuna,28.37333333,77.48837500,01-09-2025 20:30,2.5
1767,1767,Manjhawali,CWC,6,Haryana,60,FARIDABAD,BALLABGARH,BALLABGARH,Manjhawali,Ganga,Ganga,Yamuna,Yamuna,Yamuna,Yamuna,28.37333333,77.48837500,01-09-2025 23:30,6.8
1768,1768,Manjhawali,CWC,6,Haryana,60,FARIDABAD,BALLABGARH,BALLABGARH,Manjhawali,Ganga,Ganga,Yamuna,Yamuna,Yamuna,Yamuna,28.37333333,77.48837500,02-09-2025 02:30,3.4
1769,1769,Manjhawali,CWC,6,Haryana,60,FARIDABAD,BALLABGARH,BALLABGARH,Manjhawali,Ganga,Ganga,Yamuna,Yamuna,Yamuna,Yamuna,28.37333333,77.48837500,02-09-2025 05:30,2.2
1770,1770,Manjhawali,CWC,6,Haryana,60,FARIDABAD,BALLABGARH,BALLABGARH,Manjhawali,Ganga,Ganga,Yamuna,Yamuna,Yamuna,Yamuna,28.37333333,77.48837500,02-09-2025 17:30,8
1771,1771,Manjhawali,CWC,6,Haryana,60,FARIDABAD,BALLABGARH,BALLABGARH,Manjhawali,Ganga,Ganga,Yamuna,Yamuna,Yamuna,Yamuna,28.37333333,77.48837500,02-09-2025 20:30,1.2
1772,1772,Manjhawali,CWC,6,Haryana,60,FARIDABAD,BALLABGARH,BALLABGARH,Manjhawali,Ganga,Ganga,Yamuna,Yamuna,Yamuna,Yamuna,28.37333333,77.48837500,03-09-2025 14:30,6.8
1773,1773,Manjhawali,CWC,6,Haryana,60,FARIDABAD,BALLABGARH,BALLABGARH,Manjhawali,Ganga,Ganga,Yamuna,Yamuna,Yamuna,Yamuna,28.37333333,77.48837500,03-09-2025 17:30,12.2
1774,1774,Manjhawali,CWC,6,Haryana,60,FARIDABAD,BALLABGARH,BALLABGARH,Manjhawali,Ganga,Ganga,Yamuna,Yamuna,Yamuna,Yamuna,28.37333333,77.48837500,03-09-2025 20:30,4
1775,1775,Manjhawali,CWC,6,Haryana,60,FARIDABAD,BALLABGARH,BALLABGARH,Manjhawali,Ganga,Ganga,Yamuna,Yamuna,Yamuna,Yamuna,28.37333333,77.48837500,04-09-2025 20:30,2
1776,1776,Manjhawali,CWC,6,Haryana,60,FARIDABAD,BALLABGARH,BALLABGARH,Manjhawali,Ganga,Ganga,Yamuna,Yamuna,Yamuna,Yamuna,28.37333333,77.48837500,05-09-2025 17:30,1
1777,1777,Manjhawali,CWC,6,Haryana,60,FARIDABAD,BALLABGARH,BALLABGARH,Manjhawali,Ganga,Ganga,Yamuna,Yamuna,Yamuna,Yamuna,28.37333333,77.48837500,06-10-2025 14:30,1.8
1778,1778,Manjhawali,CWC,6,Haryana,60,FARIDABAD,BALLABGARH,BALLABGARH,Manjhawali,Ganga,Ganga,Yamuna,Yamuna,Yamuna,Yamuna,28.37333333,77.48837500,06-10-2025 17:30,32
1779,1779,Manjhawali,CWC,6,Haryana,60,FARIDABAD,BALLABGARH,BALLABGARH,Manjhawali,Ganga,Ganga,Yamuna,Yamuna,Yamuna,Yamuna,28.37333333,77.48837500,07-10-2025 05:30,2
1780,1780,Manjhawali,CWC,6,Haryana,60,FARIDABAD,BALLABGARH,BALLABGARH,Manjhawali,Ganga,Ganga,Yamuna,Yamuna,Yamuna,Yamuna,28.37333333,77.48837500,07-10-2025 08:30,15
1781,1781,Manjhawali,CWC,6,Haryana,60,FARIDABAD,BALLABGARH,BALLABGARH,Manjhawali,Ganga,Ganga,Yamuna,Yamuna,Yamuna,Yamuna,28.37333333,77.48837500,07-10-2025 20:30,24.6
1782,1782,Masani,CWC,6,Haryana,72,REWARI,REWARI,-,-,Ganga,Ganga,Yamuna,Sahibi,-,Sahibi,28.20138889,76.74388889,19-07-2021 08:30,73.8
1783,1783,Masani,CWC,6,Haryana,72,REWARI,REWARI,-,-,Ganga,Ganga,Yamuna,Sahibi,-,Sahibi,28.20138889,76.74388889,20-07-2021 08:30,107.4
1784,1784,Masani,CWC,6,Haryana,72,REWARI,REWARI,-,-,Ganga,Ganga,Yamuna,Sahibi,-,Sahibi,28.20138889,76.74388889,21-07-2021 08:30,10
1785,1785,Masani,CWC,6,Haryana,72,REWARI,REWARI,-,-,Ganga,Ganga,Yamuna,Sahibi,-,Sahibi,28.20138889,76.74388889,23-07-2021 08:30,8.2
1786,1786,Masani,CWC,6,Haryana,72,REWARI,REWARI,-,-,Ganga,Ganga,Yamuna,Sahibi,-,Sahibi,28.20138889,76.74388889,27-07-2021 08:30,28.2
1787,1787,Masani,CWC,6,Haryana,72,REWARI,REWARI,-,-,Ganga,Ganga,Yamuna,Sahibi,-,Sahibi,28.20138889,76.74388889,28-07-2021 08:30,38
1788,1788,Masani,CWC,6,Haryana,72,REWARI,REWARI,-,-,Ganga,Ganga,Yamuna,Sahibi,-,Sahibi,28.20138889,76.74388889,29-07-2021 08:30,54
1789,1789,Masani,CWC,6,Haryana,72,REWARI,REWARI,-,-,Ganga,Ganga,Yamuna,Sahibi,-,Sahibi,28.20138889,76.74388889,30-07-2021 08:30,8
1790,1790,Masani,CWC,6,Haryana,72,REWARI,REWARI,-,-,Ganga,Ganga,Yamuna,Sahibi,-,Sahibi,28.20138889,76.74388889,31-07-2021 08:30,34
1791,1791,Masani,CWC,6,Haryana,72,REWARI,REWARI,-,-,Ganga,Ganga,Yamuna,Sahibi,-,Sahibi,28.20138889,76.74388889,02-08-2021 08:30,36
1792,1792,Masani,CWC,6,Haryana,72,REWARI,REWARI,-,-,Ganga,Ganga,Yamuna,Sahibi,-,Sahibi,28.20138889,76.74388889,04-08-2021 08:30,4
1793,1793,Masani,CWC,6,Haryana,72,REWARI,REWARI,-,-,Ganga,Ganga,Yamuna,Sahibi,-,Sahibi,28.20138889,76.74388889,08-08-2021 08:30,23
1794,1794,Masani,CWC,6,Haryana,72,REWARI,REWARI,-,-,Ganga,Ganga,Yamuna,Sahibi,-,Sahibi,28.20138889,76.74388889,22-08-2021 08:30,14
1795,1795,Masani,CWC,6,Haryana,72,REWARI,REWARI,-,-,Ganga,Ganga,Yamuna,Sahibi,-,Sahibi,28.20138889,76.74388889,01-09-2021 08:30,46
1796,1796,Masani,CWC,6,Haryana,72,REWARI,REWARI,-,-,Ganga,Ganga,Yamuna,Sahibi,-,Sahibi,28.20138889,76.74388889,02-09-2021 08:30,88
1797,1797,Masani,CWC,6,Haryana,72,REWARI,REWARI,-,-,Ganga,Ganga,Yamuna,Sahibi,-,Sahibi,28.20138889,76.74388889,04-09-2021 08:30,25
1798,1798,Masani,CWC,6,Haryana,72,REWARI,REWARI,-,-,Ganga,Ganga,Yamuna,Sahibi,-,Sahibi,28.20138889,76.74388889,11-09-2021 08:30,20
1799,1799,Masani,CWC,6,Haryana,72,REWARI,REWARI,-,-,Ganga,Ganga,Yamuna,Sahibi,-,Sahibi,28.20138889,76.74388889,12-09-2021 08:30,34
1800,1800,Masani,CWC,6,Haryana,72,REWARI,REWARI,-,-,Ganga,Ganga,Yamuna,Sahibi,-,Sahibi,28.20138889,76.74388889,13-09-2021 08:30,13
1801,1801,Masani,CWC,6,Haryana,72,REWARI,REWARI,-,-,Ganga,Ganga,Yamuna,Sahibi,-,Sahibi,28.20138889,76.74388889,24-09-2021 08:30,73
1802,1802,Masani,CWC,6,Haryana,72,REWARI,REWARI,-,-,Ganga,Ganga,Yamuna,Sahibi,-,Sahibi,28.20138889,76.74388889,25-09-2021 08:30,87
1803,1803,Masani,CWC,6,Haryana,72,REWARI,REWARI,-,-,Ganga,Ganga,Yamuna,Sahibi,-,Sahibi,28.20138889,76.74388889,27-09-2021 08:30,8
1804,1804,Masani,CWC,6,Haryana,72,REWARI,REWARI,-,-,Ganga,Ganga,Yamuna,Sahibi,-,Sahibi,28.20138889,76.74388889,01-10-2021 08:30,12
1805,1805,Masani,CWC,6,Haryana,72,REWARI,REWARI,-,-,Ganga,Ganga,Yamuna,Sahibi,-,Sahibi,28.20138889,76.74388889,18-10-2021 08:30,18
1806,1806,Masani,CWC,6,Haryana,72,REWARI,REWARI,-,-,Ganga,Ganga,Yamuna,Sahibi,-,Sahibi,28.20138889,76.74388889,18-06-2022 08:30,4
1807,1807,Masani,CWC,6,Haryana,72,REWARI,REWARI,-,-,Ganga,Ganga,Yamuna,Sahibi,-,Sahibi,28.20138889,76.74388889,19-06-2022 08:30,10
1808,1808,Masani,CWC,6,Haryana,72,REWARI,REWARI,-,-,Ganga,Ganga,Yamuna,Sahibi,-,Sahibi,28.20138889,76.74388889,22-06-2022 08:30,18.6
1809,1809,Masani,CWC,6,Haryana,72,REWARI,REWARI,-,-,Ganga,Ganga,Yamuna,Sahibi,-,Sahibi,28.20138889,76.74388889,30-06-2022 08:30,50
1810,1810,Masani,CWC,6,Haryana,72,REWARI,REWARI,-,-,Ganga,Ganga,Yamuna,Sahibi,-,Sahibi,28.20138889,76.74388889,01-07-2022 08:30,48.4
1811,1811,Masani,CWC,6,Haryana,72,REWARI,REWARI,-,-,Ganga,Ganga,Yamuna,Sahibi,-,Sahibi,28.20138889,76.74388889,02-07-2022 08:30,6
1812,1812,Masani,CWC,6,Haryana,72,REWARI,REWARI,-,-,Ganga,Ganga,Yamuna,Sahibi,-,Sahibi,28.20138889,76.74388889,11-07-2022 08:30,22
1813,1813,Masani,CWC,6,Haryana,72,REWARI,REWARI,-,-,Ganga,Ganga,Yamuna,Sahibi,-,Sahibi,28.20138889,76.74388889,13-07-2022 08:30,66.2
1814,1814,Masani,CWC,6,Haryana,72,REWARI,REWARI,-,-,Ganga,Ganga,Yamuna,Sahibi,-,Sahibi,28.20138889,76.74388889,16-07-2022 08:30,8
1815,1815,Masani,CWC,6,Haryana,72,REWARI,REWARI,-,-,Ganga,Ganga,Yamuna,Sahibi,-,Sahibi,28.20138889,76.74388889,20-07-2022 08:30,51.6
1816,1816,Masani,CWC,6,Haryana,72,REWARI,REWARI,-,-,Ganga,Ganga,Yamuna,Sahibi,-,Sahibi,28.20138889,76.74388889,21-07-2022 08:30,13.6
1817,1817,Masani,CWC,6,Haryana,72,REWARI,REWARI,-,-,Ganga,Ganga,Yamuna,Sahibi,-,Sahibi,28.20138889,76.74388889,23-07-2022 08:30,6
1818,1818,Masani,CWC,6,Haryana,72,REWARI,REWARI,-,-,Ganga,Ganga,Yamuna,Sahibi,-,Sahibi,28.20138889,76.74388889,26-07-2022 08:30,25
1819,1819,Masani,CWC,6,Haryana,72,REWARI,REWARI,-,-,Ganga,Ganga,Yamuna,Sahibi,-,Sahibi,28.20138889,76.74388889,28-07-2022 08:30,15
1820,1820,Masani,CWC,6,Haryana,72,REWARI,REWARI,-,-,Ganga,Ganga,Yamuna,Sahibi,-,Sahibi,28.20138889,76.74388889,29-07-2022 08:30,38.6
1821,1821,Masani,CWC,6,Haryana,72,REWARI,REWARI,-,-,Ganga,Ganga,Yamuna,Sahibi,-,Sahibi,28.20138889,76.74388889,30-07-2022 08:30,4.8
1822,1822,Masani,CWC,6,Haryana,72,REWARI,REWARI,-,-,Ganga,Ganga,Yamuna,Sahibi,-,Sahibi,28.20138889,76.74388889,05-08-2022 08:30,40
1823,1823,Masani,CWC,6,Haryana,72,REWARI,REWARI,-,-,Ganga,Ganga,Yamuna,Sahibi,-,Sahibi,28.20138889,76.74388889,06-08-2022 08:30,24
1824,1824,Masani,CWC,6,Haryana,72,REWARI,REWARI,-,-,Ganga,Ganga,Yamuna,Sahibi,-,Sahibi,28.20138889,76.74388889,08-08-2022 08:30,2.2
1825,1825,Masani,CWC,6,Haryana,72,REWARI,REWARI,-,-,Ganga,Ganga,Yamuna,Sahibi,-,Sahibi,28.20138889,76.74388889,15-08-2022 08:30,1.6
1826,1826,Masani,CWC,6,Haryana,72,REWARI,REWARI,-,-,Ganga,Ganga,Yamuna,Sahibi,-,Sahibi,28.20138889,76.74388889,16-08-2022 08:30,5.4
1827,1827,Masani,CWC,6,Haryana,72,REWARI,REWARI,-,-,Ganga,Ganga,Yamuna,Sahibi,-,Sahibi,28.20138889,76.74388889,17-08-2022 08:30,3.6
1828,1828,Masani,CWC,6,Haryana,72,REWARI,REWARI,-,-,Ganga,Ganga,Yamuna,Sahibi,-,Sahibi,28.20138889,76.74388889,21-08-2022 08:30,8.4
1829,1829,Masani,CWC,6,Haryana,72,REWARI,REWARI,-,-,Ganga,Ganga,Yamuna,Sahibi,-,Sahibi,28.20138889,76.74388889,15-09-2022 08:30,11.4
1830,1830,Masani,CWC,6,Haryana,72,REWARI,REWARI,-,-,Ganga,Ganga,Yamuna,Sahibi,-,Sahibi,28.20138889,76.74388889,21-09-2022 08:30,9.8
1831,1831,Masani,CWC,6,Haryana,72,REWARI,REWARI,-,-,Ganga,Ganga,Yamuna,Sahibi,-,Sahibi,28.20138889,76.74388889,23-09-2022 08:30,71.6
1832,1832,Masani,CWC,6,Haryana,72,REWARI,REWARI,-,-,Ganga,Ganga,Yamuna,Sahibi,-,Sahibi,28.20138889,76.74388889,24-09-2022 08:30,92.4
1833,1833,Masani,CWC,6,Haryana,72,REWARI,REWARI,-,-,Ganga,Ganga,Yamuna,Sahibi,-,Sahibi,28.20138889,76.74388889,25-09-2022 08:30,17.6
1834,1834,Masani,CWC,6,Haryana,72,REWARI,REWARI,-,-,Ganga,Ganga,Yamuna,Sahibi,-,Sahibi,28.20138889,76.74388889,19-06-2023 08:30,7
1835,1835,Masani,CWC,6,Haryana,72,REWARI,REWARI,-,-,Ganga,Ganga,Yamuna,Sahibi,-,Sahibi,28.20138889,76.74388889,20-06-2023 08:30,13
1836,1836,Masani,CWC,6,Haryana,72,REWARI,REWARI,-,-,Ganga,Ganga,Yamuna,Sahibi,-,Sahibi,28.20138889,76.74388889,25-06-2023 08:30,28
1837,1837,Masani,CWC,6,Haryana,72,REWARI,REWARI,-,-,Ganga,Ganga,Yamuna,Sahibi,-,Sahibi,28.20138889,76.74388889,26-06-2023 08:30,15.4
1838,1838,Masani,CWC,6,Haryana,72,REWARI,REWARI,-,-,Ganga,Ganga,Yamuna,Sahibi,-,Sahibi,28.20138889,76.74388889,30-06-2023 08:30,18
1839,1839,Masani,CWC,6,Haryana,72,REWARI,REWARI,-,-,Ganga,Ganga,Yamuna,Sahibi,-,Sahibi,28.20138889,76.74388889,08-07-2023 08:30,18.4
1840,1840,Masani,CWC,6,Haryana,72,REWARI,REWARI,-,-,Ganga,Ganga,Yamuna,Sahibi,-,Sahibi,28.20138889,76.74388889,09-07-2023 14:30,42.4
1841,1841,Masani,CWC,6,Haryana,72,REWARI,REWARI,-,-,Ganga,Ganga,Yamuna,Sahibi,-,Sahibi,28.20138889,76.74388889,10-07-2023 14:30,7.2
1842,1842,Masani,CWC,6,Haryana,72,REWARI,REWARI,-,-,Ganga,Ganga,Yamuna,Sahibi,-,Sahibi,28.20138889,76.74388889,15-07-2023 17:30,10.2
1843,1843,Masani,CWC,6,Haryana,72,REWARI,REWARI,-,-,Ganga,Ganga,Yamuna,Sahibi,-,Sahibi,28.20138889,76.74388889,16-07-2023 08:30,42.4
1844,1844,Masani,CWC,6,Haryana,72,REWARI,REWARI,-,-,Ganga,Ganga,Yamuna,Sahibi,-,Sahibi,28.20138889,76.74388889,16-07-2023 11:30,8.6
1845,1845,Masani,CWC,6,Haryana,72,REWARI,REWARI,-,-,Ganga,Ganga,Yamuna,Sahibi,-,Sahibi,28.20138889,76.74388889,18-07-2023 08:30,10.4
1846,1846,Masani,CWC,6,Haryana,72,REWARI,REWARI,-,-,Ganga,Ganga,Yamuna,Sahibi,-,Sahibi,28.20138889,76.74388889,27-07-2023 17:30,2
1847,1847,Masani,CWC,6,Haryana,72,REWARI,REWARI,-,-,Ganga,Ganga,Yamuna,Sahibi,-,Sahibi,28.20138889,76.74388889,28-07-2023 20:30,12.4
1848,1848,Masani,CWC,6,Haryana,72,REWARI,REWARI,-,-,Ganga,Ganga,Yamuna,Sahibi,-,Sahibi,28.20138889,76.74388889,29-07-2023 11:30,14.4
1849,1849,Masani,CWC,6,Haryana,72,REWARI,REWARI,-,-,Ganga,Ganga,Yamuna,Sahibi,-,Sahibi,28.20138889,76.74388889,03-08-2023 08:30,19.2
1850,1850,Masani,CWC,6,Haryana,72,REWARI,REWARI,-,-,Ganga,Ganga,Yamuna,Sahibi,-,Sahibi,28.20138889,76.74388889,19-08-2023 08:30,8.4
1851,1851,Masani,CWC,6,Haryana,72,REWARI,REWARI,-,-,Ganga,Ganga,Yamuna,Sahibi,-,Sahibi,28.20138889,76.74388889,22-08-2023 20:30,22.4
1852,1852,Masani,CWC,6,Haryana,72,REWARI,REWARI,-,-,Ganga,Ganga,Yamuna,Sahibi,-,Sahibi,28.20138889,76.74388889,10-09-2023 14:30,18.6
1853,1853,Masani,CWC,6,Haryana,72,REWARI,REWARI,-,-,Ganga,Ganga,Yamuna,Sahibi,-,Sahibi,28.20138889,76.74388889,16-09-2023 14:30,6.8
1854,1854,Masani,CWC,6,Haryana,72,REWARI,REWARI,-,-,Ganga,Ganga,Yamuna,Sahibi,-,Sahibi,28.20138889,76.74388889,16-09-2023 17:30,28.6
1855,1855,Masani,CWC,6,Haryana,72,REWARI,REWARI,-,-,Ganga,Ganga,Yamuna,Sahibi,-,Sahibi,28.20138889,76.74388889,21-09-2023 17:30,34.6
1856,1856,Masani,CWC,6,Haryana,72,REWARI,REWARI,-,-,Ganga,Ganga,Yamuna,Sahibi,-,Sahibi,28.20138889,76.74388889,23-09-2023 14:30,37.8
1857,1857,Masani,CWC,6,Haryana,72,REWARI,REWARI,-,-,Ganga,Ganga,Yamuna,Sahibi,-,Sahibi,28.20138889,76.74388889,24-06-2024 17:30,17.8
1858,1858,Masani,CWC,6,Haryana,72,REWARI,REWARI,-,-,Ganga,Ganga,Yamuna,Sahibi,-,Sahibi,28.20138889,76.74388889,26-06-2024 17:30,5.8
1859,1859,Masani,CWC,6,Haryana,72,REWARI,REWARI,-,-,Ganga,Ganga,Yamuna,Sahibi,-,Sahibi,28.20138889,76.74388889,30-06-2024 20:30,45.6
1860,1860,Masani,CWC,6,Haryana,72,REWARI,REWARI,-,-,Ganga,Ganga,Yamuna,Sahibi,-,Sahibi,28.20138889,76.74388889,13-07-2024 20:30,2
1861,1861,Masani,CWC,6,Haryana,72,REWARI,REWARI,-,-,Ganga,Ganga,Yamuna,Sahibi,-,Sahibi,28.20138889,76.74388889,18-07-2024 14:30,16.8
1862,1862,Masani,CWC,6,Haryana,72,REWARI,REWARI,-,-,Ganga,Ganga,Yamuna,Sahibi,-,Sahibi,28.20138889,76.74388889,18-07-2024 17:30,8.6
1863,1863,Masani,CWC,6,Haryana,72,REWARI,REWARI,-,-,Ganga,Ganga,Yamuna,Sahibi,-,Sahibi,28.20138889,76.74388889,18-07-2024 20:30,4.6
1864,1864,Masani,CWC,6,Haryana,72,REWARI,REWARI,-,-,Ganga,Ganga,Yamuna,Sahibi,-,Sahibi,28.20138889,76.74388889,25-07-2024 11:30,5.4
1865,1865,Masani,CWC,6,Haryana,72,REWARI,REWARI,-,-,Ganga,Ganga,Yamuna,Sahibi,-,Sahibi,28.20138889,76.74388889,25-07-2024 17:30,2.4
1866,1866,Masani,CWC,6,Haryana,72,REWARI,REWARI,-,-,Ganga,Ganga,Yamuna,Sahibi,-,Sahibi,28.20138889,76.74388889,27-07-2024 17:30,25.2
1867,1867,Masani,CWC,6,Haryana,72,REWARI,REWARI,-,-,Ganga,Ganga,Yamuna,Sahibi,-,Sahibi,28.20138889,76.74388889,31-07-2024 20:30,13.8
1868,1868,Masani,CWC,6,Haryana,72,REWARI,REWARI,-,-,Ganga,Ganga,Yamuna,Sahibi,-,Sahibi,28.20138889,76.74388889,31-07-2024 23:30,26.4
1869,1869,Masani,CWC,6,Haryana,72,REWARI,REWARI,-,-,Ganga,Ganga,Yamuna,Sahibi,-,Sahibi,28.20138889,76.74388889,01-08-2024 02:30,10.2
1870,1870,Masani,CWC,6,Haryana,72,REWARI,REWARI,-,-,Ganga,Ganga,Yamuna,Sahibi,-,Sahibi,28.20138889,76.74388889,01-08-2024 05:30,2.2
1871,1871,Masani,CWC,6,Haryana,72,REWARI,REWARI,-,-,Ganga,Ganga,Yamuna,Sahibi,-,Sahibi,28.20138889,76.74388889,01-08-2024 08:30,30.4
1872,1872,Masani,CWC,6,Haryana,72,REWARI,REWARI,-,-,Ganga,Ganga,Yamuna,Sahibi,-,Sahibi,28.20138889,76.74388889,01-08-2024 23:30,15.8
1873,1873,Masani,CWC,6,Haryana,72,REWARI,REWARI,-,-,Ganga,Ganga,Yamuna,Sahibi,-,Sahibi,28.20138889,76.74388889,02-08-2024 02:30,10.4
1874,1874,Masani,CWC,6,Haryana,72,REWARI,REWARI,-,-,Ganga,Ganga,Yamuna,Sahibi,-,Sahibi,28.20138889,76.74388889,02-08-2024 05:30,1.2
1875,1875,Masani,CWC,6,Haryana,72,REWARI,REWARI,-,-,Ganga,Ganga,Yamuna,Sahibi,-,Sahibi,28.20138889,76.74388889,04-08-2024 20:30,2.2
1876,1876,Masani,CWC,6,Haryana,72,REWARI,REWARI,-,-,Ganga,Ganga,Yamuna,Sahibi,-,Sahibi,28.20138889,76.74388889,04-08-2024 23:30,10.4
1877,1877,Masani,CWC,6,Haryana,72,REWARI,REWARI,-,-,Ganga,Ganga,Yamuna,Sahibi,-,Sahibi,28.20138889,76.74388889,05-08-2024 08:30,4.6
1878,1878,Masani,CWC,6,Haryana,72,REWARI,REWARI,-,-,Ganga,Ganga,Yamuna,Sahibi,-,Sahibi,28.20138889,76.74388889,05-08-2024 14:30,3.2
1879,1879,Masani,CWC,6,Haryana,72,REWARI,REWARI,-,-,Ganga,Ganga,Yamuna,Sahibi,-,Sahibi,28.20138889,76.74388889,08-08-2024 08:30,5.8
1880,1880,Masani,CWC,6,Haryana,72,REWARI,REWARI,-,-,Ganga,Ganga,Yamuna,Sahibi,-,Sahibi,28.20138889,76.74388889,08-08-2024 11:30,4.8
1881,1881,Masani,CWC,6,Haryana,72,REWARI,REWARI,-,-,Ganga,Ganga,Yamuna,Sahibi,-,Sahibi,28.20138889,76.74388889,09-08-2024 08:30,8.6
1882,1882,Masani,CWC,6,Haryana,72,REWARI,REWARI,-,-,Ganga,Ganga,Yamuna,Sahibi,-,Sahibi,28.20138889,76.74388889,10-08-2024 14:30,11.2
1883,1883,Masani,CWC,6,Haryana,72,REWARI,REWARI,-,-,Ganga,Ganga,Yamuna,Sahibi,-,Sahibi,28.20138889,76.74388889,11-08-2024 08:30,15.6
1884,1884,Masani,CWC,6,Haryana,72,REWARI,REWARI,-,-,Ganga,Ganga,Yamuna,Sahibi,-,Sahibi,28.20138889,76.74388889,11-08-2024 11:30,24.2
1885,1885,Masani,CWC,6,Haryana,72,REWARI,REWARI,-,-,Ganga,Ganga,Yamuna,Sahibi,-,Sahibi,28.20138889,76.74388889,11-08-2024 14:30,2
1886,1886,Masani,CWC,6,Haryana,72,REWARI,REWARI,-,-,Ganga,Ganga,Yamuna,Sahibi,-,Sahibi,28.20138889,76.74388889,11-08-2024 20:30,1.8
1887,1887,Masani,CWC,6,Haryana,72,REWARI,REWARI,-,-,Ganga,Ganga,Yamuna,Sahibi,-,Sahibi,28.20138889,76.74388889,12-08-2024 11:30,3.6
1888,1888,Masani,CWC,6,Haryana,72,REWARI,REWARI,-,-,Ganga,Ganga,Yamuna,Sahibi,-,Sahibi,28.20138889,76.74388889,12-08-2024 14:30,18.4
1889,1889,Masani,CWC,6,Haryana,72,REWARI,REWARI,-,-,Ganga,Ganga,Yamuna,Sahibi,-,Sahibi,28.20138889,76.74388889,13-08-2024 05:30,2.4
1890,1890,Masani,CWC,6,Haryana,72,REWARI,REWARI,-,-,Ganga,Ganga,Yamuna,Sahibi,-,Sahibi,28.20138889,76.74388889,13-08-2024 08:30,7.6
1891,1891,Masani,CWC,6,Haryana,72,REWARI,REWARI,-,-,Ganga,Ganga,Yamuna,Sahibi,-,Sahibi,28.20138889,76.74388889,13-08-2024 17:30,5.4
1892,1892,Masani,CWC,6,Haryana,72,REWARI,REWARI,-,-,Ganga,Ganga,Yamuna,Sahibi,-,Sahibi,28.20138889,76.74388889,15-08-2024 08:30,37.8
1893,1893,Masani,CWC,6,Haryana,72,REWARI,REWARI,-,-,Ganga,Ganga,Yamuna,Sahibi,-,Sahibi,28.20138889,76.74388889,15-08-2024 23:30,8.4
1894,1894,Masani,CWC,6,Haryana,72,REWARI,REWARI,-,-,Ganga,Ganga,Yamuna,Sahibi,-,Sahibi,28.20138889,76.74388889,19-08-2024 23:30,4.2
1895,1895,Masani,CWC,6,Haryana,72,REWARI,REWARI,-,-,Ganga,Ganga,Yamuna,Sahibi,-,Sahibi,28.20138889,76.74388889,20-08-2024 08:30,7.6
1896,1896,Masani,CWC,6,Haryana,72,REWARI,REWARI,-,-,Ganga,Ganga,Yamuna,Sahibi,-,Sahibi,28.20138889,76.74388889,25-08-2024 17:30,17.6
1897,1897,Masani,CWC,6,Haryana,72,REWARI,REWARI,-,-,Ganga,Ganga,Yamuna,Sahibi,-,Sahibi,28.20138889,76.74388889,26-08-2024 17:30,12.8
1898,1898,Masani,CWC,6,Haryana,72,REWARI,REWARI,-,-,Ganga,Ganga,Yamuna,Sahibi,-,Sahibi,28.20138889,76.74388889,27-08-2024 08:30,18.4
1899,1899,Masani,CWC,6,Haryana,72,REWARI,REWARI,-,-,Ganga,Ganga,Yamuna,Sahibi,-,Sahibi,28.20138889,76.74388889,27-08-2024 20:30,2.4
1900,1900,Masani,CWC,6,Haryana,72,REWARI,REWARI,-,-,Ganga,Ganga,Yamuna,Sahibi,-,Sahibi,28.20138889,76.74388889,28-08-2024 08:30,3.4
1901,1901,Masani,CWC,6,Haryana,72,REWARI,REWARI,-,-,Ganga,Ganga,Yamuna,Sahibi,-,Sahibi,28.20138889,76.74388889,29-08-2024 08:30,1.8
1902,1902,Masani,CWC,6,Haryana,72,REWARI,REWARI,-,-,Ganga,Ganga,Yamuna,Sahibi,-,Sahibi,28.20138889,76.74388889,29-08-2024 11:30,3.6
1903,1903,Masani,CWC,6,Haryana,72,REWARI,REWARI,-,-,Ganga,Ganga,Yamuna,Sahibi,-,Sahibi,28.20138889,76.74388889,30-08-2024 17:30,32.4
1904,1904,Masani,CWC,6,Haryana,72,REWARI,REWARI,-,-,Ganga,Ganga,Yamuna,Sahibi,-,Sahibi,28.20138889,76.74388889,03-09-2024 23:30,12.8
1905,1905,Masani,CWC,6,Haryana,72,REWARI,REWARI,-,-,Ganga,Ganga,Yamuna,Sahibi,-,Sahibi,28.20138889,76.74388889,04-09-2024 14:30,21.4
1906,1906,Masani,CWC,6,Haryana,72,REWARI,REWARI,-,-,Ganga,Ganga,Yamuna,Sahibi,-,Sahibi,28.20138889,76.74388889,04-09-2024 17:30,10.2
1907,1907,Masani,CWC,6,Haryana,72,REWARI,REWARI,-,-,Ganga,Ganga,Yamuna,Sahibi,-,Sahibi,28.20138889,76.74388889,07-09-2024 17:30,19.6
1908,1908,Masani,CWC,6,Haryana,72,REWARI,REWARI,-,-,Ganga,Ganga,Yamuna,Sahibi,-,Sahibi,28.20138889,76.74388889,07-09-2024 20:30,6.4
1909,1909,Masani,CWC,6,Haryana,72,REWARI,REWARI,-,-,Ganga,Ganga,Yamuna,Sahibi,-,Sahibi,28.20138889,76.74388889,08-09-2024 08:30,14.8
1910,1910,Masani,CWC,6,Haryana,72,REWARI,REWARI,-,-,Ganga,Ganga,Yamuna,Sahibi,-,Sahibi,28.20138889,76.74388889,08-09-2024 11:30,12.4
1911,1911,Masani,CWC,6,Haryana,72,REWARI,REWARI,-,-,Ganga,Ganga,Yamuna,Sahibi,-,Sahibi,28.20138889,76.74388889,08-09-2024 14:30,6.4
1912,1912,Masani,CWC,6,Haryana,72,REWARI,REWARI,-,-,Ganga,Ganga,Yamuna,Sahibi,-,Sahibi,28.20138889,76.74388889,13-09-2024 17:30,10.4
1913,1913,Masani,CWC,6,Haryana,72,REWARI,REWARI,-,-,Ganga,Ganga,Yamuna,Sahibi,-,Sahibi,28.20138889,76.74388889,13-09-2024 20:30,6.8
1914,1914,Masani,CWC,6,Haryana,72,REWARI,REWARI,-,-,Ganga,Ganga,Yamuna,Sahibi,-,Sahibi,28.20138889,76.74388889,14-09-2024 02:30,8
1915,1915,Masani,CWC,6,Haryana,72,REWARI,REWARI,-,-,Ganga,Ganga,Yamuna,Sahibi,-,Sahibi,28.20138889,76.74388889,18-09-2024 17:30,4.6
1916,1916,Masani,CWC,6,Haryana,72,REWARI,REWARI,-,-,Ganga,Ganga,Yamuna,Sahibi,-,Sahibi,28.20138889,76.74388889,17-06-2025 08:30,6.8
1917,1917,Masani,CWC,6,Haryana,72,REWARI,REWARI,-,-,Ganga,Ganga,Yamuna,Sahibi,-,Sahibi,28.20138889,76.74388889,17-06-2025 17:30,1.4
1918,1918,Masani,CWC,6,Haryana,72,REWARI,REWARI,-,-,Ganga,Ganga,Yamuna,Sahibi,-,Sahibi,28.20138889,76.74388889,17-06-2025 20:30,4.6
1919,1919,Masani,CWC,6,Haryana,72,REWARI,REWARI,-,-,Ganga,Ganga,Yamuna,Sahibi,-,Sahibi,28.20138889,76.74388889,19-06-2025 11:30,2.2
1920,1920,Masani,CWC,6,Haryana,72,REWARI,REWARI,-,-,Ganga,Ganga,Yamuna,Sahibi,-,Sahibi,28.20138889,76.74388889,23-06-2025 20:30,1.8
1921,1921,Masani,CWC,6,Haryana,72,REWARI,REWARI,-,-,Ganga,Ganga,Yamuna,Sahibi,-,Sahibi,28.20138889,76.74388889,30-06-2025 17:30,18.4
1922,1922,Masani,CWC,6,Haryana,72,REWARI,REWARI,-,-,Ganga,Ganga,Yamuna,Sahibi,-,Sahibi,28.20138889,76.74388889,01-07-2025 05:30,22.4
1923,1923,Masani,CWC,6,Haryana,72,REWARI,REWARI,-,-,Ganga,Ganga,Yamuna,Sahibi,-,Sahibi,28.20138889,76.74388889,01-07-2025 08:30,3.6
1924,1924,Masani,CWC,6,Haryana,72,REWARI,REWARI,-,-,Ganga,Ganga,Yamuna,Sahibi,-,Sahibi,28.20138889,76.74388889,07-07-2025 08:30,3.6
1925,1925,Masani,CWC,6,Haryana,72,REWARI,REWARI,-,-,Ganga,Ganga,Yamuna,Sahibi,-,Sahibi,28.20138889,76.74388889,09-07-2025 02:30,12.6
1926,1926,Masani,CWC,6,Haryana,72,REWARI,REWARI,-,-,Ganga,Ganga,Yamuna,Sahibi,-,Sahibi,28.20138889,76.74388889,09-07-2025 08:30,23.4
1927,1927,Masani,CWC,6,Haryana,72,REWARI,REWARI,-,-,Ganga,Ganga,Yamuna,Sahibi,-,Sahibi,28.20138889,76.74388889,10-07-2025 05:30,8.6
1928,1928,Masani,CWC,6,Haryana,72,REWARI,REWARI,-,-,Ganga,Ganga,Yamuna,Sahibi,-,Sahibi,28.20138889,76.74388889,10-07-2025 08:30,13.2
1929,1929,Masani,CWC,6,Haryana,72,REWARI,REWARI,-,-,Ganga,Ganga,Yamuna,Sahibi,-,Sahibi,28.20138889,76.74388889,13-07-2025 11:30,28.6
1930,1930,Masani,CWC,6,Haryana,72,REWARI,REWARI,-,-,Ganga,Ganga,Yamuna,Sahibi,-,Sahibi,28.20138889,76.74388889,13-07-2025 20:30,10.2
1931,1931,Masani,CWC,6,Haryana,72,REWARI,REWARI,-,-,Ganga,Ganga,Yamuna,Sahibi,-,Sahibi,28.20138889,76.74388889,22-07-2025 20:30,12.6
1932,1932,Masani,CWC,6,Haryana,72,REWARI,REWARI,-,-,Ganga,Ganga,Yamuna,Sahibi,-,Sahibi,28.20138889,76.74388889,24-07-2025 05:30,4.4
1933,1933,Masani,CWC,6,Haryana,72,REWARI,REWARI,-,-,Ganga,Ganga,Yamuna,Sahibi,-,Sahibi,28.20138889,76.74388889,30-07-2025 20:30,15.2
1934,1934,Masani,CWC,6,Haryana,72,REWARI,REWARI,-,-,Ganga,Ganga,Yamuna,Sahibi,-,Sahibi,28.20138889,76.74388889,31-07-2025 08:30,6.8
1935,1935,Masani,CWC,6,Haryana,72,REWARI,REWARI,-,-,Ganga,Ganga,Yamuna,Sahibi,-,Sahibi,28.20138889,76.74388889,31-07-2025 11:30,24.2
1936,1936,Masani,CWC,6,Haryana,72,REWARI,REWARI,-,-,Ganga,Ganga,Yamuna,Sahibi,-,Sahibi,28.20138889,76.74388889,01-08-2025 14:30,11.2
1937,1937,Masani,CWC,6,Haryana,72,REWARI,REWARI,-,-,Ganga,Ganga,Yamuna,Sahibi,-,Sahibi,28.20138889,76.74388889,09-08-2025 11:30,6.4
1938,1938,Masani,CWC,6,Haryana,72,REWARI,REWARI,-,-,Ganga,Ganga,Yamuna,Sahibi,-,Sahibi,28.20138889,76.74388889,14-08-2025 08:30,11.4
1939,1939,Masani,CWC,6,Haryana,72,REWARI,REWARI,-,-,Ganga,Ganga,Yamuna,Sahibi,-,Sahibi,28.20138889,76.74388889,24-08-2025 08:30,18.4
1940,1940,Masani,CWC,6,Haryana,72,REWARI,REWARI,-,-,Ganga,Ganga,Yamuna,Sahibi,-,Sahibi,28.20138889,76.74388889,24-08-2025 23:30,16.4
1941,1941,Masani,CWC,6,Haryana,72,REWARI,REWARI,-,-,Ganga,Ganga,Yamuna,Sahibi,-,Sahibi,28.20138889,76.74388889,01-09-2025 08:30,15.2
1942,1942,Masani,CWC,6,Haryana,72,REWARI,REWARI,-,-,Ganga,Ganga,Yamuna,Sahibi,-,Sahibi,28.20138889,76.74388889,01-09-2025 14:30,44.8
1943,1943,Masani,CWC,6,Haryana,72,REWARI,REWARI,-,-,Ganga,Ganga,Yamuna,Sahibi,-,Sahibi,28.20138889,76.74388889,02-09-2025 08:30,28.6
1944,1944,Masani,CWC,6,Haryana,72,REWARI,REWARI,-,-,Ganga,Ganga,Yamuna,Sahibi,-,Sahibi,28.20138889,76.74388889,02-09-2025 11:30,8.2
1945,1945,Masani,CWC,6,Haryana,72,REWARI,REWARI,-,-,Ganga,Ganga,Yamuna,Sahibi,-,Sahibi,28.20138889,76.74388889,05-09-2025 17:30,6.8
1946,1946,Masani,CWC,6,Haryana,72,REWARI,REWARI,-,-,Ganga,Ganga,Yamuna,Sahibi,-,Sahibi,28.20138889,76.74388889,05-09-2025 20:30,3.4
1947,1947,Masani,CWC,6,Haryana,72,REWARI,REWARI,-,-,Ganga,Ganga,Yamuna,Sahibi,-,Sahibi,28.20138889,76.74388889,07-10-2025 17:30,28.4
1948,1948,Mohna,CWC,6,Haryana,60,FARIDABAD,BALLABGARH,-,-,Ganga,Ganga,Yamuna,Yamuna,Yamuna,Yamuna,28.22361111,77.45583333,04-01-2021 08:30,27
1949,1949,Mohna,CWC,6,Haryana,60,FARIDABAD,BALLABGARH,-,-,Ganga,Ganga,Yamuna,Yamuna,Yamuna,Yamuna,28.22361111,77.45583333,05-01-2021 08:30,1
1950,1950,Mohna,CWC,6,Haryana,60,FARIDABAD,BALLABGARH,-,-,Ganga,Ganga,Yamuna,Yamuna,Yamuna,Yamuna,28.22361111,77.45583333,06-01-2021 08:30,2
1951,1951,Mohna,CWC,6,Haryana,60,FARIDABAD,BALLABGARH,-,-,Ganga,Ganga,Yamuna,Yamuna,Yamuna,Yamuna,28.22361111,77.45583333,07-01-2021 08:30,1
1952,1952,Mohna,CWC,6,Haryana,60,FARIDABAD,BALLABGARH,-,-,Ganga,Ganga,Yamuna,Yamuna,Yamuna,Yamuna,28.22361111,77.45583333,09-01-2021 08:30,2
1953,1953,Mohna,CWC,6,Haryana,60,FARIDABAD,BALLABGARH,-,-,Ganga,Ganga,Yamuna,Yamuna,Yamuna,Yamuna,28.22361111,77.45583333,05-02-2021 08:30,8
1954,1954,Mohna,CWC,6,Haryana,60,FARIDABAD,BALLABGARH,-,-,Ganga,Ganga,Yamuna,Yamuna,Yamuna,Yamuna,28.22361111,77.45583333,10-03-2021 08:30,8
1955,1955,Mohna,CWC,6,Haryana,60,FARIDABAD,BALLABGARH,-,-,Ganga,Ganga,Yamuna,Yamuna,Yamuna,Yamuna,28.22361111,77.45583333,17-04-2021 08:30,0.5
1956,1956,Mohna,CWC,6,Haryana,60,FARIDABAD,BALLABGARH,-,-,Ganga,Ganga,Yamuna,Yamuna,Yamuna,Yamuna,28.22361111,77.45583333,07-05-2021 08:30,41
1957,1957,Mohna,CWC,6,Haryana,60,FARIDABAD,BALLABGARH,-,-,Ganga,Ganga,Yamuna,Yamuna,Yamuna,Yamuna,28.22361111,77.45583333,10-05-2021 08:30,1
1958,1958,Mohna,CWC,6,Haryana,60,FARIDABAD,BALLABGARH,-,-,Ganga,Ganga,Yamuna,Yamuna,Yamuna,Yamuna,28.22361111,77.45583333,12-05-2021 08:30,23.5
1959,1959,Mohna,CWC,6,Haryana,60,FARIDABAD,BALLABGARH,-,-,Ganga,Ganga,Yamuna,Yamuna,Yamuna,Yamuna,28.22361111,77.45583333,19-05-2021 08:30,4.2
1960,1960,Mohna,CWC,6,Haryana,60,FARIDABAD,BALLABGARH,-,-,Ganga,Ganga,Yamuna,Yamuna,Yamuna,Yamuna,28.22361111,77.45583333,20-05-2021 08:30,50.8
1961,1961,Mohna,CWC,6,Haryana,60,FARIDABAD,BALLABGARH,-,-,Ganga,Ganga,Yamuna,Yamuna,Yamuna,Yamuna,28.22361111,77.45583333,21-05-2021 08:30,1
1962,1962,Mohna,CWC,6,Haryana,60,FARIDABAD,BALLABGARH,-,-,Ganga,Ganga,Yamuna,Yamuna,Yamuna,Yamuna,28.22361111,77.45583333,22-05-2021 08:30,7
1963,1963,Mohna,CWC,6,Haryana,60,FARIDABAD,BALLABGARH,-,-,Ganga,Ganga,Yamuna,Yamuna,Yamuna,Yamuna,28.22361111,77.45583333,11-06-2021 08:30,4.2
1964,1964,Mohna,CWC,6,Haryana,60,FARIDABAD,BALLABGARH,-,-,Ganga,Ganga,Yamuna,Yamuna,Yamuna,Yamuna,28.22361111,77.45583333,16-06-2021 08:30,7
1965,1965,Mohna,CWC,6,Haryana,60,FARIDABAD,BALLABGARH,-,-,Ganga,Ganga,Yamuna,Yamuna,Yamuna,Yamuna,28.22361111,77.45583333,26-06-2021 08:30,2
1966,1966,Mohna,CWC,6,Haryana,60,FARIDABAD,BALLABGARH,-,-,Ganga,Ganga,Yamuna,Yamuna,Yamuna,Yamuna,28.22361111,77.45583333,14-07-2021 08:30,2
1967,1967,Mohna,CWC,6,Haryana,60,FARIDABAD,BALLABGARH,-,-,Ganga,Ganga,Yamuna,Yamuna,Yamuna,Yamuna,28.22361111,77.45583333,19-07-2021 08:30,110
1968,1968,Mohna,CWC,6,Haryana,60,FARIDABAD,BALLABGARH,-,-,Ganga,Ganga,Yamuna,Yamuna,Yamuna,Yamuna,28.22361111,77.45583333,20-07-2021 08:30,11
1969,1969,Mohna,CWC,6,Haryana,60,FARIDABAD,BALLABGARH,-,-,Ganga,Ganga,Yamuna,Yamuna,Yamuna,Yamuna,28.22361111,77.45583333,21-07-2021 08:30,16
1970,1970,Mohna,CWC,6,Haryana,60,FARIDABAD,BALLABGARH,-,-,Ganga,Ganga,Yamuna,Yamuna,Yamuna,Yamuna,28.22361111,77.45583333,28-07-2021 08:30,4
1971,1971,Mohna,CWC,6,Haryana,60,FARIDABAD,BALLABGARH,-,-,Ganga,Ganga,Yamuna,Yamuna,Yamuna,Yamuna,28.22361111,77.45583333,29-07-2021 08:30,1
1972,1972,Mohna,CWC,6,Haryana,60,FARIDABAD,BALLABGARH,-,-,Ganga,Ganga,Yamuna,Yamuna,Yamuna,Yamuna,28.22361111,77.45583333,30-07-2021 08:30,13
1973,1973,Mohna,CWC,6,Haryana,60,FARIDABAD,BALLABGARH,-,-,Ganga,Ganga,Yamuna,Yamuna,Yamuna,Yamuna,28.22361111,77.45583333,31-07-2021 08:30,64
1974,1974,Mohna,CWC,6,Haryana,60,FARIDABAD,BALLABGARH,-,-,Ganga,Ganga,Yamuna,Yamuna,Yamuna,Yamuna,28.22361111,77.45583333,01-08-2021 08:30,19
1975,1975,Mohna,CWC,6,Haryana,60,FARIDABAD,BALLABGARH,-,-,Ganga,Ganga,Yamuna,Yamuna,Yamuna,Yamuna,28.22361111,77.45583333,02-08-2021 08:30,6
1976,1976,Mohna,CWC,6,Haryana,60,FARIDABAD,BALLABGARH,-,-,Ganga,Ganga,Yamuna,Yamuna,Yamuna,Yamuna,28.22361111,77.45583333,03-08-2021 08:30,1.5
1977,1977,Mohna,CWC,6,Haryana,60,FARIDABAD,BALLABGARH,-,-,Ganga,Ganga,Yamuna,Yamuna,Yamuna,Yamuna,28.22361111,77.45583333,08-08-2021 08:30,2
1978,1978,Mohna,CWC,6,Haryana,60,FARIDABAD,BALLABGARH,-,-,Ganga,Ganga,Yamuna,Yamuna,Yamuna,Yamuna,28.22361111,77.45583333,09-08-2021 08:30,1.5
1979,1979,Mohna,CWC,6,Haryana,60,FARIDABAD,BALLABGARH,-,-,Ganga,Ganga,Yamuna,Yamuna,Yamuna,Yamuna,28.22361111,77.45583333,10-08-2021 08:30,12
1980,1980,Mohna,CWC,6,Haryana,60,FARIDABAD,BALLABGARH,-,-,Ganga,Ganga,Yamuna,Yamuna,Yamuna,Yamuna,28.22361111,77.45583333,14-08-2021 08:30,2
1981,1981,Mohna,CWC,6,Haryana,60,FARIDABAD,BALLABGARH,-,-,Ganga,Ganga,Yamuna,Yamuna,Yamuna,Yamuna,28.22361111,77.45583333,20-08-2021 08:30,5
1982,1982,Mohna,CWC,6,Haryana,60,FARIDABAD,BALLABGARH,-,-,Ganga,Ganga,Yamuna,Yamuna,Yamuna,Yamuna,28.22361111,77.45583333,21-08-2021 08:30,128
1983,1983,Mohna,CWC,6,Haryana,60,FARIDABAD,BALLABGARH,-,-,Ganga,Ganga,Yamuna,Yamuna,Yamuna,Yamuna,28.22361111,77.45583333,22-08-2021 08:30,24.6
1984,1984,Mohna,CWC,6,Haryana,60,FARIDABAD,BALLABGARH,-,-,Ganga,Ganga,Yamuna,Yamuna,Yamuna,Yamuna,28.22361111,77.45583333,01-09-2021 08:30,70.4
1985,1985,Mohna,CWC,6,Haryana,60,FARIDABAD,BALLABGARH,-,-,Ganga,Ganga,Yamuna,Yamuna,Yamuna,Yamuna,28.22361111,77.45583333,02-09-2021 08:30,3.6
1986,1986,Mohna,CWC,6,Haryana,60,FARIDABAD,BALLABGARH,-,-,Ganga,Ganga,Yamuna,Yamuna,Yamuna,Yamuna,28.22361111,77.45583333,03-09-2021 08:30,5.4
1987,1987,Mohna,CWC,6,Haryana,60,FARIDABAD,BALLABGARH,-,-,Ganga,Ganga,Yamuna,Yamuna,Yamuna,Yamuna,28.22361111,77.45583333,04-09-2021 08:30,13.6
1988,1988,Mohna,CWC,6,Haryana,60,FARIDABAD,BALLABGARH,-,-,Ganga,Ganga,Yamuna,Yamuna,Yamuna,Yamuna,28.22361111,77.45583333,08-09-2021 08:30,3.8
1989,1989,Mohna,CWC,6,Haryana,60,FARIDABAD,BALLABGARH,-,-,Ganga,Ganga,Yamuna,Yamuna,Yamuna,Yamuna,28.22361111,77.45583333,11-09-2021 08:30,17
1990,1990,Mohna,CWC,6,Haryana,60,FARIDABAD,BALLABGARH,-,-,Ganga,Ganga,Yamuna,Yamuna,Yamuna,Yamuna,28.22361111,77.45583333,12-09-2021 08:30,48
1991,1991,Mohna,CWC,6,Haryana,60,FARIDABAD,BALLABGARH,-,-,Ganga,Ganga,Yamuna,Yamuna,Yamuna,Yamuna,28.22361111,77.45583333,14-09-2021 08:30,47.8
1992,1992,Mohna,CWC,6,Haryana,60,FARIDABAD,BALLABGARH,-,-,Ganga,Ganga,Yamuna,Yamuna,Yamuna,Yamuna,28.22361111,77.45583333,16-09-2021 08:30,4.4
1993,1993,Mohna,CWC,6,Haryana,60,FARIDABAD,BALLABGARH,-,-,Ganga,Ganga,Yamuna,Yamuna,Yamuna,Yamuna,28.22361111,77.45583333,17-09-2021 08:30,11
1994,1994,Mohna,CWC,6,Haryana,60,FARIDABAD,BALLABGARH,-,-,Ganga,Ganga,Yamuna,Yamuna,Yamuna,Yamuna,28.22361111,77.45583333,18-09-2021 08:30,1
1995,1995,Mohna,CWC,6,Haryana,60,FARIDABAD,BALLABGARH,-,-,Ganga,Ganga,Yamuna,Yamuna,Yamuna,Yamuna,28.22361111,77.45583333,22-09-2021 08:30,1.2
1996,1996,Mohna,CWC,6,Haryana,60,FARIDABAD,BALLABGARH,-,-,Ganga,Ganga,Yamuna,Yamuna,Yamuna,Yamuna,28.22361111,77.45583333,23-09-2021 08:30,2
1997,1997,Mohna,CWC,6,Haryana,60,FARIDABAD,BALLABGARH,-,-,Ganga,Ganga,Yamuna,Yamuna,Yamuna,Yamuna,28.22361111,77.45583333,06-10-2021 08:30,1.4
1998,1998,Mohna,CWC,6,Haryana,60,FARIDABAD,BALLABGARH,-,-,Ganga,Ganga,Yamuna,Yamuna,Yamuna,Yamuna,28.22361111,77.45583333,18-10-2021 08:30,70.2
1999,1999,Mohna,CWC,6,Haryana,60,FARIDABAD,BALLABGARH,-,-,Ganga,Ganga,Yamuna,Yamuna,Yamuna,Yamuna,28.22361111,77.45583333,19-10-2021 08:30,2
2000,2000,Mohna,CWC,6,Haryana,60,FARIDABAD,BALLABGARH,-,-,Ganga,Ganga,Yamuna,Yamuna,Yamuna,Yamuna,28.22361111,77.45583333,27-12-2021 08:30,1
2001,2001,Mohna,CWC,6,Haryana,60,FARIDABAD,BALLABGARH,-,-,Ganga,Ganga,Yamuna,Yamuna,Yamuna,Yamuna,28.22361111,77.45583333,06-01-2022 08:30,5
2002,2002,Mohna,CWC,6,Haryana,60,FARIDABAD,BALLABGARH,-,-,Ganga,Ganga,Yamuna,Yamuna,Yamuna,Yamuna,28.22361111,77.45583333,08-01-2022 08:30,22
2003,2003,Mohna,CWC,6,Haryana,60,FARIDABAD,BALLABGARH,-,-,Ganga,Ganga,Yamuna,Yamuna,Yamuna,Yamuna,28.22361111,77.45583333,09-01-2022 08:30,29
2004,2004,Mohna,CWC,6,Haryana,60,FARIDABAD,BALLABGARH,-,-,Ganga,Ganga,Yamuna,Yamuna,Yamuna,Yamuna,28.22361111,77.45583333,22-01-2022 08:30,24
2005,2005,Mohna,CWC,6,Haryana,60,FARIDABAD,BALLABGARH,-,-,Ganga,Ganga,Yamuna,Yamuna,Yamuna,Yamuna,28.22361111,77.45583333,23-01-2022 08:30,4
2006,2006,Mohna,CWC,6,Haryana,60,FARIDABAD,BALLABGARH,-,-,Ganga,Ganga,Yamuna,Yamuna,Yamuna,Yamuna,28.22361111,77.45583333,04-02-2022 08:30,6
2007,2007,Mohna,CWC,6,Haryana,60,FARIDABAD,BALLABGARH,-,-,Ganga,Ganga,Yamuna,Yamuna,Yamuna,Yamuna,28.22361111,77.45583333,09-02-2022 08:30,4
2008,2008,Mohna,CWC,6,Haryana,60,FARIDABAD,BALLABGARH,-,-,Ganga,Ganga,Yamuna,Yamuna,Yamuna,Yamuna,28.22361111,77.45583333,26-02-2022 08:30,2
2009,2009,Mohna,CWC,6,Haryana,60,FARIDABAD,BALLABGARH,-,-,Ganga,Ganga,Yamuna,Yamuna,Yamuna,Yamuna,28.22361111,77.45583333,27-02-2022 08:30,5
2010,2010,Mohna,CWC,6,Haryana,60,FARIDABAD,BALLABGARH,-,-,Ganga,Ganga,Yamuna,Yamuna,Yamuna,Yamuna,28.22361111,77.45583333,22-05-2022 08:30,3
2011,2011,Mohna,CWC,6,Haryana,60,FARIDABAD,BALLABGARH,-,-,Ganga,Ganga,Yamuna,Yamuna,Yamuna,Yamuna,28.22361111,77.45583333,23-05-2022 08:30,32
2012,2012,Mohna,CWC,6,Haryana,60,FARIDABAD,BALLABGARH,-,-,Ganga,Ganga,Yamuna,Yamuna,Yamuna,Yamuna,28.22361111,77.45583333,24-05-2022 08:30,26
2013,2013,Mohna,CWC,6,Haryana,60,FARIDABAD,BALLABGARH,-,-,Ganga,Ganga,Yamuna,Yamuna,Yamuna,Yamuna,28.22361111,77.45583333,30-05-2022 08:30,1
2014,2014,Mohna,CWC,6,Haryana,60,FARIDABAD,BALLABGARH,-,-,Ganga,Ganga,Yamuna,Yamuna,Yamuna,Yamuna,28.22361111,77.45583333,17-06-2022 08:30,16
2015,2015,Mohna,CWC,6,Haryana,60,FARIDABAD,BALLABGARH,-,-,Ganga,Ganga,Yamuna,Yamuna,Yamuna,Yamuna,28.22361111,77.45583333,18-06-2022 08:30,61
2016,2016,Mohna,CWC,6,Haryana,60,FARIDABAD,BALLABGARH,-,-,Ganga,Ganga,Yamuna,Yamuna,Yamuna,Yamuna,28.22361111,77.45583333,19-06-2022 08:30,9
2017,2017,Mohna,CWC,6,Haryana,60,FARIDABAD,BALLABGARH,-,-,Ganga,Ganga,Yamuna,Yamuna,Yamuna,Yamuna,28.22361111,77.45583333,01-07-2022 08:30,33
2018,2018,Mohna,CWC,6,Haryana,60,FARIDABAD,BALLABGARH,-,-,Ganga,Ganga,Yamuna,Yamuna,Yamuna,Yamuna,28.22361111,77.45583333,14-07-2022 08:30,50
2019,2019,Mohna,CWC,6,Haryana,60,FARIDABAD,BALLABGARH,-,-,Ganga,Ganga,Yamuna,Yamuna,Yamuna,Yamuna,28.22361111,77.45583333,17-07-2022 08:30,205
2020,2020,Mohna,CWC,6,Haryana,60,FARIDABAD,BALLABGARH,-,-,Ganga,Ganga,Yamuna,Yamuna,Yamuna,Yamuna,28.22361111,77.45583333,21-07-2022 08:30,10
2021,2021,Mohna,CWC,6,Haryana,60,FARIDABAD,BALLABGARH,-,-,Ganga,Ganga,Yamuna,Yamuna,Yamuna,Yamuna,28.22361111,77.45583333,23-07-2022 08:30,1.2
2022,2022,Mohna,CWC,6,Haryana,60,FARIDABAD,BALLABGARH,-,-,Ganga,Ganga,Yamuna,Yamuna,Yamuna,Yamuna,28.22361111,77.45583333,24-07-2022 08:30,1
2023,2023,Mohna,CWC,6,Haryana,60,FARIDABAD,BALLABGARH,-,-,Ganga,Ganga,Yamuna,Yamuna,Yamuna,Yamuna,28.22361111,77.45583333,25-07-2022 08:30,2
2024,2024,Mohna,CWC,6,Haryana,60,FARIDABAD,BALLABGARH,-,-,Ganga,Ganga,Yamuna,Yamuna,Yamuna,Yamuna,28.22361111,77.45583333,26-07-2022 08:30,1.2
2025,2025,Mohna,CWC,6,Haryana,60,FARIDABAD,BALLABGARH,-,-,Ganga,Ganga,Yamuna,Yamuna,Yamuna,Yamuna,28.22361111,77.45583333,29-07-2022 08:30,3
2026,2026,Mohna,CWC,6,Haryana,60,FARIDABAD,BALLABGARH,-,-,Ganga,Ganga,Yamuna,Yamuna,Yamuna,Yamuna,28.22361111,77.45583333,30-07-2022 08:30,20
2027,2027,Mohna,CWC,6,Haryana,60,FARIDABAD,BALLABGARH,-,-,Ganga,Ganga,Yamuna,Yamuna,Yamuna,Yamuna,28.22361111,77.45583333,31-07-2022 08:30,10
2028,2028,Mohna,CWC,6,Haryana,60,FARIDABAD,BALLABGARH,-,-,Ganga,Ganga,Yamuna,Yamuna,Yamuna,Yamuna,28.22361111,77.45583333,01-08-2022 08:30,16
2029,2029,Mohna,CWC,6,Haryana,60,FARIDABAD,BALLABGARH,-,-,Ganga,Ganga,Yamuna,Yamuna,Yamuna,Yamuna,28.22361111,77.45583333,05-08-2022 08:30,0.8
2030,2030,Mohna,CWC,6,Haryana,60,FARIDABAD,BALLABGARH,-,-,Ganga,Ganga,Yamuna,Yamuna,Yamuna,Yamuna,28.22361111,77.45583333,06-08-2022 08:30,41.4
2031,2031,Mohna,CWC,6,Haryana,60,FARIDABAD,BALLABGARH,-,-,Ganga,Ganga,Yamuna,Yamuna,Yamuna,Yamuna,28.22361111,77.45583333,07-08-2022 08:30,6.4
2032,2032,Mohna,CWC,6,Haryana,60,FARIDABAD,BALLABGARH,-,-,Ganga,Ganga,Yamuna,Yamuna,Yamuna,Yamuna,28.22361111,77.45583333,08-08-2022 08:30,14
2033,2033,Mohna,CWC,6,Haryana,60,FARIDABAD,BALLABGARH,-,-,Ganga,Ganga,Yamuna,Yamuna,Yamuna,Yamuna,28.22361111,77.45583333,15-08-2022 08:30,11
2034,2034,Mohna,CWC,6,Haryana,60,FARIDABAD,BALLABGARH,-,-,Ganga,Ganga,Yamuna,Yamuna,Yamuna,Yamuna,28.22361111,77.45583333,16-08-2022 08:30,2
2035,2035,Mohna,CWC,6,Haryana,60,FARIDABAD,BALLABGARH,-,-,Ganga,Ganga,Yamuna,Yamuna,Yamuna,Yamuna,28.22361111,77.45583333,21-08-2022 08:30,4
2036,2036,Mohna,CWC,6,Haryana,60,FARIDABAD,BALLABGARH,-,-,Ganga,Ganga,Yamuna,Yamuna,Yamuna,Yamuna,28.22361111,77.45583333,22-09-2022 08:30,26
2037,2037,Mohna,CWC,6,Haryana,60,FARIDABAD,BALLABGARH,-,-,Ganga,Ganga,Yamuna,Yamuna,Yamuna,Yamuna,28.22361111,77.45583333,23-09-2022 08:30,352
2038,2038,Mohna,CWC,6,Haryana,60,FARIDABAD,BALLABGARH,-,-,Ganga,Ganga,Yamuna,Yamuna,Yamuna,Yamuna,28.22361111,77.45583333,24-09-2022 08:30,72
2039,2039,Mohna,CWC,6,Haryana,60,FARIDABAD,BALLABGARH,-,-,Ganga,Ganga,Yamuna,Yamuna,Yamuna,Yamuna,28.22361111,77.45583333,06-10-2022 08:30,41
2040,2040,Mohna,CWC,6,Haryana,60,FARIDABAD,BALLABGARH,-,-,Ganga,Ganga,Yamuna,Yamuna,Yamuna,Yamuna,28.22361111,77.45583333,07-10-2022 08:30,1
2041,2041,Mohna,CWC,6,Haryana,60,FARIDABAD,BALLABGARH,-,-,Ganga,Ganga,Yamuna,Yamuna,Yamuna,Yamuna,28.22361111,77.45583333,08-10-2022 08:30,1.2
2042,2042,Mohna,CWC,6,Haryana,60,FARIDABAD,BALLABGARH,-,-,Ganga,Ganga,Yamuna,Yamuna,Yamuna,Yamuna,28.22361111,77.45583333,09-10-2022 08:30,88.7
2043,2043,Mohna,CWC,6,Haryana,60,FARIDABAD,BALLABGARH,-,-,Ganga,Ganga,Yamuna,Yamuna,Yamuna,Yamuna,28.22361111,77.45583333,10-10-2022 08:30,33
2044,2044,Mohna,CWC,6,Haryana,60,FARIDABAD,BALLABGARH,-,-,Ganga,Ganga,Yamuna,Yamuna,Yamuna,Yamuna,28.22361111,77.45583333,30-01-2023 08:30,16
2045,2045,Mohna,CWC,6,Haryana,60,FARIDABAD,BALLABGARH,-,-,Ganga,Ganga,Yamuna,Yamuna,Yamuna,Yamuna,28.22361111,77.45583333,09-03-2023 08:30,4.6
2046,2046,Mohna,CWC,6,Haryana,60,FARIDABAD,BALLABGARH,-,-,Ganga,Ganga,Yamuna,Yamuna,Yamuna,Yamuna,28.22361111,77.45583333,10-03-2023 08:30,1.2
2047,2047,Mohna,CWC,6,Haryana,60,FARIDABAD,BALLABGARH,-,-,Ganga,Ganga,Yamuna,Yamuna,Yamuna,Yamuna,28.22361111,77.45583333,19-03-2023 08:30,2.6
2048,2048,Mohna,CWC,6,Haryana,60,FARIDABAD,BALLABGARH,-,-,Ganga,Ganga,Yamuna,Yamuna,Yamuna,Yamuna,28.22361111,77.45583333,21-03-2023 08:30,1.2
2049,2049,Mohna,CWC,6,Haryana,60,FARIDABAD,BALLABGARH,-,-,Ganga,Ganga,Yamuna,Yamuna,Yamuna,Yamuna,28.22361111,77.45583333,26-03-2023 08:30,12.6
2050,2050,Mohna,CWC,6,Haryana,60,FARIDABAD,BALLABGARH,-,-,Ganga,Ganga,Yamuna,Yamuna,Yamuna,Yamuna,28.22361111,77.45583333,30-03-2023 08:30,10.6
2051,2051,Mohna,CWC,6,Haryana,60,FARIDABAD,BALLABGARH,-,-,Ganga,Ganga,Yamuna,Yamuna,Yamuna,Yamuna,28.22361111,77.45583333,31-03-2023 08:30,19.6
2052,2052,Mohna,CWC,6,Haryana,60,FARIDABAD,BALLABGARH,-,-,Ganga,Ganga,Yamuna,Yamuna,Yamuna,Yamuna,28.22361111,77.45583333,04-04-2023 08:30,3.4
2053,2053,Mohna,CWC,6,Haryana,60,FARIDABAD,BALLABGARH,-,-,Ganga,Ganga,Yamuna,Yamuna,Yamuna,Yamuna,28.22361111,77.45583333,30-04-2023 08:30,1
2054,2054,Mohna,CWC,6,Haryana,60,FARIDABAD,BALLABGARH,-,-,Ganga,Ganga,Yamuna,Yamuna,Yamuna,Yamuna,28.22361111,77.45583333,02-05-2023 08:30,5.4
2055,2055,Mohna,CWC,6,Haryana,60,FARIDABAD,BALLABGARH,-,-,Ganga,Ganga,Yamuna,Yamuna,Yamuna,Yamuna,28.22361111,77.45583333,04-05-2023 08:30,18
2056,2056,Mohna,CWC,6,Haryana,60,FARIDABAD,BALLABGARH,-,-,Ganga,Ganga,Yamuna,Yamuna,Yamuna,Yamuna,28.22361111,77.45583333,09-05-2023 08:30,0.8
2057,2057,Mohna,CWC,6,Haryana,60,FARIDABAD,BALLABGARH,-,-,Ganga,Ganga,Yamuna,Yamuna,Yamuna,Yamuna,28.22361111,77.45583333,18-05-2023 08:30,3.8
2058,2058,Mohna,CWC,6,Haryana,60,FARIDABAD,BALLABGARH,-,-,Ganga,Ganga,Yamuna,Yamuna,Yamuna,Yamuna,28.22361111,77.45583333,26-05-2023 08:30,12.8
2059,2059,Mohna,CWC,6,Haryana,60,FARIDABAD,BALLABGARH,-,-,Ganga,Ganga,Yamuna,Yamuna,Yamuna,Yamuna,28.22361111,77.45583333,27-05-2023 08:30,21
2060,2060,Mohna,CWC,6,Haryana,60,FARIDABAD,BALLABGARH,-,-,Ganga,Ganga,Yamuna,Yamuna,Yamuna,Yamuna,28.22361111,77.45583333,30-05-2023 08:30,8.8
2061,2061,Mohna,CWC,6,Haryana,60,FARIDABAD,BALLABGARH,-,-,Ganga,Ganga,Yamuna,Yamuna,Yamuna,Yamuna,28.22361111,77.45583333,31-05-2023 08:30,31
2062,2062,Mohna,CWC,6,Haryana,60,FARIDABAD,BALLABGARH,-,-,Ganga,Ganga,Yamuna,Yamuna,Yamuna,Yamuna,28.22361111,77.45583333,04-06-2023 08:30,8
2063,2063,Mohna,CWC,6,Haryana,60,FARIDABAD,BALLABGARH,-,-,Ganga,Ganga,Yamuna,Yamuna,Yamuna,Yamuna,28.22361111,77.45583333,19-06-2023 08:30,5
2064,2064,Mohna,CWC,6,Haryana,60,FARIDABAD,BALLABGARH,-,-,Ganga,Ganga,Yamuna,Yamuna,Yamuna,Yamuna,28.22361111,77.45583333,25-06-2023 08:30,72.8
2065,2065,Mohna,CWC,6,Haryana,60,FARIDABAD,BALLABGARH,-,-,Ganga,Ganga,Yamuna,Yamuna,Yamuna,Yamuna,28.22361111,77.45583333,29-06-2023 08:30,2.4
2066,2066,Mohna,CWC,6,Haryana,60,FARIDABAD,BALLABGARH,-,-,Ganga,Ganga,Yamuna,Yamuna,Yamuna,Yamuna,28.22361111,77.45583333,01-07-2023 08:30,1
2067,2067,Mohna,CWC,6,Haryana,60,FARIDABAD,BALLABGARH,-,-,Ganga,Ganga,Yamuna,Yamuna,Yamuna,Yamuna,28.22361111,77.45583333,06-07-2023 11:30,17
2068,2068,Mohna,CWC,6,Haryana,60,FARIDABAD,BALLABGARH,-,-,Ganga,Ganga,Yamuna,Yamuna,Yamuna,Yamuna,28.22361111,77.45583333,06-07-2023 14:30,5
2069,2069,Mohna,CWC,6,Haryana,60,FARIDABAD,BALLABGARH,-,-,Ganga,Ganga,Yamuna,Yamuna,Yamuna,Yamuna,28.22361111,77.45583333,08-07-2023 11:30,8
2070,2070,Mohna,CWC,6,Haryana,60,FARIDABAD,BALLABGARH,-,-,Ganga,Ganga,Yamuna,Yamuna,Yamuna,Yamuna,28.22361111,77.45583333,08-07-2023 14:30,1
2071,2071,Mohna,CWC,6,Haryana,60,FARIDABAD,BALLABGARH,-,-,Ganga,Ganga,Yamuna,Yamuna,Yamuna,Yamuna,28.22361111,77.45583333,08-07-2023 17:30,1.2
2072,2072,Mohna,CWC,6,Haryana,60,FARIDABAD,BALLABGARH,-,-,Ganga,Ganga,Yamuna,Yamuna,Yamuna,Yamuna,28.22361111,77.45583333,09-07-2023 08:30,10.2
2073,2073,Mohna,CWC,6,Haryana,60,FARIDABAD,BALLABGARH,-,-,Ganga,Ganga,Yamuna,Yamuna,Yamuna,Yamuna,28.22361111,77.45583333,09-07-2023 11:30,1.6
2074,2074,Mohna,CWC,6,Haryana,60,FARIDABAD,BALLABGARH,-,-,Ganga,Ganga,Yamuna,Yamuna,Yamuna,Yamuna,28.22361111,77.45583333,10-07-2023 14:30,10
2075,2075,Mohna,CWC,6,Haryana,60,FARIDABAD,BALLABGARH,-,-,Ganga,Ganga,Yamuna,Yamuna,Yamuna,Yamuna,28.22361111,77.45583333,11-07-2023 08:30,3
2076,2076,Mohna,CWC,6,Haryana,60,FARIDABAD,BALLABGARH,-,-,Ganga,Ganga,Yamuna,Yamuna,Yamuna,Yamuna,28.22361111,77.45583333,26-07-2023 08:30,15
2077,2077,Mohna,CWC,6,Haryana,60,FARIDABAD,BALLABGARH,-,-,Ganga,Ganga,Yamuna,Yamuna,Yamuna,Yamuna,28.22361111,77.45583333,26-07-2023 11:30,51
2078,2078,Mohna,CWC,6,Haryana,60,FARIDABAD,BALLABGARH,-,-,Ganga,Ganga,Yamuna,Yamuna,Yamuna,Yamuna,28.22361111,77.45583333,26-07-2023 14:30,1
2079,2079,Mohna,CWC,6,Haryana,60,FARIDABAD,BALLABGARH,-,-,Ganga,Ganga,Yamuna,Yamuna,Yamuna,Yamuna,28.22361111,77.45583333,29-07-2023 02:30,5
2080,2080,Mohna,CWC,6,Haryana,60,FARIDABAD,BALLABGARH,-,-,Ganga,Ganga,Yamuna,Yamuna,Yamuna,Yamuna,28.22361111,77.45583333,29-07-2023 08:30,1.4
2081,2081,Mohna,CWC,6,Haryana,60,FARIDABAD,BALLABGARH,-,-,Ganga,Ganga,Yamuna,Yamuna,Yamuna,Yamuna,28.22361111,77.45583333,29-07-2023 11:30,3.6
2082,2082,Mohna,CWC,6,Haryana,60,FARIDABAD,BALLABGARH,-,-,Ganga,Ganga,Yamuna,Yamuna,Yamuna,Yamuna,28.22361111,77.45583333,04-08-2023 02:30,2
2083,2083,Mohna,CWC,6,Haryana,60,FARIDABAD,BALLABGARH,-,-,Ganga,Ganga,Yamuna,Yamuna,Yamuna,Yamuna,28.22361111,77.45583333,04-08-2023 23:30,16
2084,2084,Mohna,CWC,6,Haryana,60,FARIDABAD,BALLABGARH,-,-,Ganga,Ganga,Yamuna,Yamuna,Yamuna,Yamuna,28.22361111,77.45583333,05-08-2023 08:30,44.4
2085,2085,Mohna,CWC,6,Haryana,60,FARIDABAD,BALLABGARH,-,-,Ganga,Ganga,Yamuna,Yamuna,Yamuna,Yamuna,28.22361111,77.45583333,19-08-2023 05:30,8.2
2086,2086,Mohna,CWC,6,Haryana,60,FARIDABAD,BALLABGARH,-,-,Ganga,Ganga,Yamuna,Yamuna,Yamuna,Yamuna,28.22361111,77.45583333,19-08-2023 08:30,18.6
2087,2087,Mohna,CWC,6,Haryana,60,FARIDABAD,BALLABGARH,-,-,Ganga,Ganga,Yamuna,Yamuna,Yamuna,Yamuna,28.22361111,77.45583333,19-08-2023 11:30,3.6
2088,2088,Mohna,CWC,6,Haryana,60,FARIDABAD,BALLABGARH,-,-,Ganga,Ganga,Yamuna,Yamuna,Yamuna,Yamuna,28.22361111,77.45583333,22-08-2023 17:30,4.6
2089,2089,Mohna,CWC,6,Haryana,60,FARIDABAD,BALLABGARH,-,-,Ganga,Ganga,Yamuna,Yamuna,Yamuna,Yamuna,28.22361111,77.45583333,22-08-2023 23:30,0.6
2090,2090,Mohna,CWC,6,Haryana,60,FARIDABAD,BALLABGARH,-,-,Ganga,Ganga,Yamuna,Yamuna,Yamuna,Yamuna,28.22361111,77.45583333,23-08-2023 08:30,4.2
2091,2091,Mohna,CWC,6,Haryana,60,FARIDABAD,BALLABGARH,-,-,Ganga,Ganga,Yamuna,Yamuna,Yamuna,Yamuna,28.22361111,77.45583333,23-08-2023 11:30,1.2
2092,2092,Mohna,CWC,6,Haryana,60,FARIDABAD,BALLABGARH,-,-,Ganga,Ganga,Yamuna,Yamuna,Yamuna,Yamuna,28.22361111,77.45583333,23-08-2023 14:30,4.6
2093,2093,Mohna,CWC,6,Haryana,60,FARIDABAD,BALLABGARH,-,-,Ganga,Ganga,Yamuna,Yamuna,Yamuna,Yamuna,28.22361111,77.45583333,23-08-2023 17:30,5.2
2094,2094,Mohna,CWC,6,Haryana,60,FARIDABAD,BALLABGARH,-,-,Ganga,Ganga,Yamuna,Yamuna,Yamuna,Yamuna,28.22361111,77.45583333,23-08-2023 20:30,1.2
2095,2095,Mohna,CWC,6,Haryana,60,FARIDABAD,BALLABGARH,-,-,Ganga,Ganga,Yamuna,Yamuna,Yamuna,Yamuna,28.22361111,77.45583333,06-09-2023 08:30,16.8
2096,2096,Mohna,CWC,6,Haryana,60,FARIDABAD,BALLABGARH,-,-,Ganga,Ganga,Yamuna,Yamuna,Yamuna,Yamuna,28.22361111,77.45583333,08-09-2023 20:30,3.8
2097,2097,Mohna,CWC,6,Haryana,60,FARIDABAD,BALLABGARH,-,-,Ganga,Ganga,Yamuna,Yamuna,Yamuna,Yamuna,28.22361111,77.45583333,09-09-2023 23:30,2.2
2098,2098,Mohna,CWC,6,Haryana,60,FARIDABAD,BALLABGARH,-,-,Ganga,Ganga,Yamuna,Yamuna,Yamuna,Yamuna,28.22361111,77.45583333,10-09-2023 08:30,29.6
2099,2099,Mohna,CWC,6,Haryana,60,FARIDABAD,BALLABGARH,-,-,Ganga,Ganga,Yamuna,Yamuna,Yamuna,Yamuna,28.22361111,77.45583333,10-09-2023 11:30,15.2
2100,2100,Mohna,CWC,6,Haryana,60,FARIDABAD,BALLABGARH,-,-,Ganga,Ganga,Yamuna,Yamuna,Yamuna,Yamuna,28.22361111,77.45583333,10-09-2023 14:30,4
2101,2101,Mohna,CWC,6,Haryana,60,FARIDABAD,BALLABGARH,-,-,Ganga,Ganga,Yamuna,Yamuna,Yamuna,Yamuna,28.22361111,77.45583333,15-09-2023 11:30,14.2
2102,2102,Mohna,CWC,6,Haryana,60,FARIDABAD,BALLABGARH,-,-,Ganga,Ganga,Yamuna,Yamuna,Yamuna,Yamuna,28.22361111,77.45583333,16-09-2023 14:30,1.2
2103,2103,Mohna,CWC,6,Haryana,60,FARIDABAD,BALLABGARH,-,-,Ganga,Ganga,Yamuna,Yamuna,Yamuna,Yamuna,28.22361111,77.45583333,16-09-2023 17:30,1.6
2104,2104,Mohna,CWC,6,Haryana,60,FARIDABAD,BALLABGARH,-,-,Ganga,Ganga,Yamuna,Yamuna,Yamuna,Yamuna,28.22361111,77.45583333,21-09-2023 17:30,3
2105,2105,Mohna,CWC,6,Haryana,60,FARIDABAD,BALLABGARH,-,-,Ganga,Ganga,Yamuna,Yamuna,Yamuna,Yamuna,28.22361111,77.45583333,23-09-2023 14:30,1
2106,2106,Mohna,CWC,6,Haryana,60,FARIDABAD,BALLABGARH,-,-,Ganga,Ganga,Yamuna,Yamuna,Yamuna,Yamuna,28.22361111,77.45583333,17-10-2023 05:30,13
2107,2107,Mohna,CWC,6,Haryana,60,FARIDABAD,BALLABGARH,-,-,Ganga,Ganga,Yamuna,Yamuna,Yamuna,Yamuna,28.22361111,77.45583333,28-11-2023 08:30,2
2108,2108,Mohna,CWC,6,Haryana,60,FARIDABAD,BALLABGARH,-,-,Ganga,Ganga,Yamuna,Yamuna,Yamuna,Yamuna,28.22361111,77.45583333,04-12-2023 08:30,1.4
2109,2109,Mohna,CWC,6,Haryana,60,FARIDABAD,BALLABGARH,-,-,Ganga,Ganga,Yamuna,Yamuna,Yamuna,Yamuna,28.22361111,77.45583333,01-02-2024 08:30,7
2110,2110,Mohna,CWC,6,Haryana,60,FARIDABAD,BALLABGARH,-,-,Ganga,Ganga,Yamuna,Yamuna,Yamuna,Yamuna,28.22361111,77.45583333,04-02-2024 08:30,4.2
2111,2111,Mohna,CWC,6,Haryana,60,FARIDABAD,BALLABGARH,-,-,Ganga,Ganga,Yamuna,Yamuna,Yamuna,Yamuna,28.22361111,77.45583333,27-02-2024 08:30,0.8
2112,2112,Mohna,CWC,6,Haryana,60,FARIDABAD,BALLABGARH,-,-,Ganga,Ganga,Yamuna,Yamuna,Yamuna,Yamuna,28.22361111,77.45583333,02-03-2024 08:30,2
2113,2113,Mohna,CWC,6,Haryana,60,FARIDABAD,BALLABGARH,-,-,Ganga,Ganga,Yamuna,Yamuna,Yamuna,Yamuna,28.22361111,77.45583333,04-03-2024 08:30,20.4
2114,2114,Mohna,CWC,6,Haryana,60,FARIDABAD,BALLABGARH,-,-,Ganga,Ganga,Yamuna,Yamuna,Yamuna,Yamuna,28.22361111,77.45583333,30-03-2024 08:30,1.2
2115,2115,Mohna,CWC,6,Haryana,60,FARIDABAD,BALLABGARH,-,-,Ganga,Ganga,Yamuna,Yamuna,Yamuna,Yamuna,28.22361111,77.45583333,24-04-2024 08:30,0.8
2116,2116,Mohna,CWC,6,Haryana,60,FARIDABAD,BALLABGARH,-,-,Ganga,Ganga,Yamuna,Yamuna,Yamuna,Yamuna,28.22361111,77.45583333,27-04-2024 08:30,0.4
2117,2117,Mohna,CWC,6,Haryana,60,FARIDABAD,BALLABGARH,-,-,Ganga,Ganga,Yamuna,Yamuna,Yamuna,Yamuna,28.22361111,77.45583333,14-05-2024 08:30,1.8
2118,2118,Mohna,CWC,6,Haryana,60,FARIDABAD,BALLABGARH,-,-,Ganga,Ganga,Yamuna,Yamuna,Yamuna,Yamuna,28.22361111,77.45583333,04-06-2024 08:30,0.3
2119,2119,Mohna,CWC,6,Haryana,60,FARIDABAD,BALLABGARH,-,-,Ganga,Ganga,Yamuna,Yamuna,Yamuna,Yamuna,28.22361111,77.45583333,06-06-2024 08:30,4
2120,2120,Mohna,CWC,6,Haryana,60,FARIDABAD,BALLABGARH,-,-,Ganga,Ganga,Yamuna,Yamuna,Yamuna,Yamuna,28.22361111,77.45583333,21-06-2024 20:30,3
2121,2121,Mohna,CWC,6,Haryana,60,FARIDABAD,BALLABGARH,-,-,Ganga,Ganga,Yamuna,Yamuna,Yamuna,Yamuna,28.22361111,77.45583333,28-06-2024 05:30,3.6
2122,2122,Mohna,CWC,6,Haryana,60,FARIDABAD,BALLABGARH,-,-,Ganga,Ganga,Yamuna,Yamuna,Yamuna,Yamuna,28.22361111,77.45583333,28-06-2024 08:30,2.2
2123,2123,Mohna,CWC,6,Haryana,60,FARIDABAD,BALLABGARH,-,-,Ganga,Ganga,Yamuna,Yamuna,Yamuna,Yamuna,28.22361111,77.45583333,30-06-2024 05:30,2
2124,2124,Mohna,CWC,6,Haryana,60,FARIDABAD,BALLABGARH,-,-,Ganga,Ganga,Yamuna,Yamuna,Yamuna,Yamuna,28.22361111,77.45583333,03-07-2024 17:30,0.2
2125,2125,Mohna,CWC,6,Haryana,60,FARIDABAD,BALLABGARH,-,-,Ganga,Ganga,Yamuna,Yamuna,Yamuna,Yamuna,28.22361111,77.45583333,03-07-2024 20:30,1
2126,2126,Mohna,CWC,6,Haryana,60,FARIDABAD,BALLABGARH,-,-,Ganga,Ganga,Yamuna,Yamuna,Yamuna,Yamuna,28.22361111,77.45583333,04-07-2024 08:30,3.2
2127,2127,Mohna,CWC,6,Haryana,60,FARIDABAD,BALLABGARH,-,-,Ganga,Ganga,Yamuna,Yamuna,Yamuna,Yamuna,28.22361111,77.45583333,04-07-2024 11:30,5
2128,2128,Mohna,CWC,6,Haryana,60,FARIDABAD,BALLABGARH,-,-,Ganga,Ganga,Yamuna,Yamuna,Yamuna,Yamuna,28.22361111,77.45583333,04-07-2024 17:30,3.2
2129,2129,Mohna,CWC,6,Haryana,60,FARIDABAD,BALLABGARH,-,-,Ganga,Ganga,Yamuna,Yamuna,Yamuna,Yamuna,28.22361111,77.45583333,05-07-2024 14:30,1.6
2130,2130,Mohna,CWC,6,Haryana,60,FARIDABAD,BALLABGARH,-,-,Ganga,Ganga,Yamuna,Yamuna,Yamuna,Yamuna,28.22361111,77.45583333,13-07-2024 17:30,41.6
2131,2131,Mohna,CWC,6,Haryana,60,FARIDABAD,BALLABGARH,-,-,Ganga,Ganga,Yamuna,Yamuna,Yamuna,Yamuna,28.22361111,77.45583333,15-07-2024 14:30,14.2
2132,2132,Mohna,CWC,6,Haryana,60,FARIDABAD,BALLABGARH,-,-,Ganga,Ganga,Yamuna,Yamuna,Yamuna,Yamuna,28.22361111,77.45583333,18-07-2024 20:30,24
2133,2133,Mohna,CWC,6,Haryana,60,FARIDABAD,BALLABGARH,-,-,Ganga,Ganga,Yamuna,Yamuna,Yamuna,Yamuna,28.22361111,77.45583333,18-07-2024 23:30,25.6
2134,2134,Mohna,CWC,6,Haryana,60,FARIDABAD,BALLABGARH,-,-,Ganga,Ganga,Yamuna,Yamuna,Yamuna,Yamuna,28.22361111,77.45583333,21-07-2024 17:30,0.2
2135,2135,Mohna,CWC,6,Haryana,60,FARIDABAD,BALLABGARH,-,-,Ganga,Ganga,Yamuna,Yamuna,Yamuna,Yamuna,28.22361111,77.45583333,23-07-2024 17:30,0.2
2136,2136,Mohna,CWC,6,Haryana,60,FARIDABAD,BALLABGARH,-,-,Ganga,Ganga,Yamuna,Yamuna,Yamuna,Yamuna,28.22361111,77.45583333,24-07-2024 08:30,6
2137,2137,Mohna,CWC,6,Haryana,60,FARIDABAD,BALLABGARH,-,-,Ganga,Ganga,Yamuna,Yamuna,Yamuna,Yamuna,28.22361111,77.45583333,24-07-2024 11:30,1
2138,2138,Mohna,CWC,6,Haryana,60,FARIDABAD,BALLABGARH,-,-,Ganga,Ganga,Yamuna,Yamuna,Yamuna,Yamuna,28.22361111,77.45583333,25-07-2024 08:30,20.6
2139,2139,Mohna,CWC,6,Haryana,60,FARIDABAD,BALLABGARH,-,-,Ganga,Ganga,Yamuna,Yamuna,Yamuna,Yamuna,28.22361111,77.45583333,31-07-2024 20:30,25.6
2140,2140,Mohna,CWC,6,Haryana,60,FARIDABAD,BALLABGARH,-,-,Ganga,Ganga,Yamuna,Yamuna,Yamuna,Yamuna,28.22361111,77.45583333,01-08-2024 05:30,30.2
2141,2141,Mohna,CWC,6,Haryana,60,FARIDABAD,BALLABGARH,-,-,Ganga,Ganga,Yamuna,Yamuna,Yamuna,Yamuna,28.22361111,77.45583333,03-08-2024 17:30,12.2
2142,2142,Mohna,CWC,6,Haryana,60,FARIDABAD,BALLABGARH,-,-,Ganga,Ganga,Yamuna,Yamuna,Yamuna,Yamuna,28.22361111,77.45583333,07-08-2024 23:30,19.2
2143,2143,Mohna,CWC,6,Haryana,60,FARIDABAD,BALLABGARH,-,-,Ganga,Ganga,Yamuna,Yamuna,Yamuna,Yamuna,28.22361111,77.45583333,08-08-2024 02:30,2
2144,2144,Mohna,CWC,6,Haryana,60,FARIDABAD,BALLABGARH,-,-,Ganga,Ganga,Yamuna,Yamuna,Yamuna,Yamuna,28.22361111,77.45583333,09-08-2024 08:30,2
2145,2145,Mohna,CWC,6,Haryana,60,FARIDABAD,BALLABGARH,-,-,Ganga,Ganga,Yamuna,Yamuna,Yamuna,Yamuna,28.22361111,77.45583333,09-08-2024 11:30,1.2
2146,2146,Mohna,CWC,6,Haryana,60,FARIDABAD,BALLABGARH,-,-,Ganga,Ganga,Yamuna,Yamuna,Yamuna,Yamuna,28.22361111,77.45583333,11-08-2024 05:30,1
2147,2147,Mohna,CWC,6,Haryana,60,FARIDABAD,BALLABGARH,-,-,Ganga,Ganga,Yamuna,Yamuna,Yamuna,Yamuna,28.22361111,77.45583333,11-08-2024 08:30,13.4
2148,2148,Mohna,CWC,6,Haryana,60,FARIDABAD,BALLABGARH,-,-,Ganga,Ganga,Yamuna,Yamuna,Yamuna,Yamuna,28.22361111,77.45583333,11-08-2024 20:30,11.2
2149,2149,Mohna,CWC,6,Haryana,60,FARIDABAD,BALLABGARH,-,-,Ganga,Ganga,Yamuna,Yamuna,Yamuna,Yamuna,28.22361111,77.45583333,12-08-2024 05:30,4.4
2150,2150,Mohna,CWC,6,Haryana,60,FARIDABAD,BALLABGARH,-,-,Ganga,Ganga,Yamuna,Yamuna,Yamuna,Yamuna,28.22361111,77.45583333,12-08-2024 20:30,19.2
2151,2151,Mohna,CWC,6,Haryana,60,FARIDABAD,BALLABGARH,-,-,Ganga,Ganga,Yamuna,Yamuna,Yamuna,Yamuna,28.22361111,77.45583333,12-08-2024 23:30,1.8
2152,2152,Mohna,CWC,6,Haryana,60,FARIDABAD,BALLABGARH,-,-,Ganga,Ganga,Yamuna,Yamuna,Yamuna,Yamuna,28.22361111,77.45583333,17-08-2024 20:30,2.2
2153,2153,Mohna,CWC,6,Haryana,60,FARIDABAD,BALLABGARH,-,-,Ganga,Ganga,Yamuna,Yamuna,Yamuna,Yamuna,28.22361111,77.45583333,19-08-2024 17:30,9
2154,2154,Mohna,CWC,6,Haryana,60,FARIDABAD,BALLABGARH,-,-,Ganga,Ganga,Yamuna,Yamuna,Yamuna,Yamuna,28.22361111,77.45583333,21-08-2024 17:30,1
2155,2155,Mohna,CWC,6,Haryana,60,FARIDABAD,BALLABGARH,-,-,Ganga,Ganga,Yamuna,Yamuna,Yamuna,Yamuna,28.22361111,77.45583333,23-08-2024 08:30,0.8
2156,2156,Mohna,CWC,6,Haryana,60,FARIDABAD,BALLABGARH,-,-,Ganga,Ganga,Yamuna,Yamuna,Yamuna,Yamuna,28.22361111,77.45583333,23-08-2024 11:30,8.2
2157,2157,Mohna,CWC,6,Haryana,60,FARIDABAD,BALLABGARH,-,-,Ganga,Ganga,Yamuna,Yamuna,Yamuna,Yamuna,28.22361111,77.45583333,25-08-2024 17:30,2
2158,2158,Mohna,CWC,6,Haryana,60,FARIDABAD,BALLABGARH,-,-,Ganga,Ganga,Yamuna,Yamuna,Yamuna,Yamuna,28.22361111,77.45583333,27-08-2024 08:30,3
2159,2159,Mohna,CWC,6,Haryana,60,FARIDABAD,BALLABGARH,-,-,Ganga,Ganga,Yamuna,Yamuna,Yamuna,Yamuna,28.22361111,77.45583333,27-08-2024 20:30,4
2160,2160,Mohna,CWC,6,Haryana,60,FARIDABAD,BALLABGARH,-,-,Ganga,Ganga,Yamuna,Yamuna,Yamuna,Yamuna,28.22361111,77.45583333,28-08-2024 08:30,5
2161,2161,Mohna,CWC,6,Haryana,60,FARIDABAD,BALLABGARH,-,-,Ganga,Ganga,Yamuna,Yamuna,Yamuna,Yamuna,28.22361111,77.45583333,28-08-2024 20:30,14
2162,2162,Mohna,CWC,6,Haryana,60,FARIDABAD,BALLABGARH,-,-,Ganga,Ganga,Yamuna,Yamuna,Yamuna,Yamuna,28.22361111,77.45583333,29-08-2024 05:30,4.2
2163,2163,Mohna,CWC,6,Haryana,60,FARIDABAD,BALLABGARH,-,-,Ganga,Ganga,Yamuna,Yamuna,Yamuna,Yamuna,28.22361111,77.45583333,29-08-2024 08:30,30.6
2164,2164,Mohna,CWC,6,Haryana,60,FARIDABAD,BALLABGARH,-,-,Ganga,Ganga,Yamuna,Yamuna,Yamuna,Yamuna,28.22361111,77.45583333,29-08-2024 14:30,16.6
2165,2165,Mohna,CWC,6,Haryana,60,FARIDABAD,BALLABGARH,-,-,Ganga,Ganga,Yamuna,Yamuna,Yamuna,Yamuna,28.22361111,77.45583333,04-09-2024 02:30,2
2166,2166,Mohna,CWC,6,Haryana,60,FARIDABAD,BALLABGARH,-,-,Ganga,Ganga,Yamuna,Yamuna,Yamuna,Yamuna,28.22361111,77.45583333,04-09-2024 08:30,3.4
2167,2167,Mohna,CWC,6,Haryana,60,FARIDABAD,BALLABGARH,-,-,Ganga,Ganga,Yamuna,Yamuna,Yamuna,Yamuna,28.22361111,77.45583333,04-09-2024 17:30,5.8
2168,2168,Mohna,CWC,6,Haryana,60,FARIDABAD,BALLABGARH,-,-,Ganga,Ganga,Yamuna,Yamuna,Yamuna,Yamuna,28.22361111,77.45583333,06-09-2024 08:30,23
2169,2169,Mohna,CWC,6,Haryana,60,FARIDABAD,BALLABGARH,-,-,Ganga,Ganga,Yamuna,Yamuna,Yamuna,Yamuna,28.22361111,77.45583333,06-09-2024 11:30,1
2170,2170,Mohna,CWC,6,Haryana,60,FARIDABAD,BALLABGARH,-,-,Ganga,Ganga,Yamuna,Yamuna,Yamuna,Yamuna,28.22361111,77.45583333,06-09-2024 14:30,1
2171,2171,Mohna,CWC,6,Haryana,60,FARIDABAD,BALLABGARH,-,-,Ganga,Ganga,Yamuna,Yamuna,Yamuna,Yamuna,28.22361111,77.45583333,06-09-2024 17:30,44.4
2172,2172,Mohna,CWC,6,Haryana,60,FARIDABAD,BALLABGARH,-,-,Ganga,Ganga,Yamuna,Yamuna,Yamuna,Yamuna,28.22361111,77.45583333,07-09-2024 08:30,3.6
2173,2173,Mohna,CWC,6,Haryana,60,FARIDABAD,BALLABGARH,-,-,Ganga,Ganga,Yamuna,Yamuna,Yamuna,Yamuna,28.22361111,77.45583333,07-09-2024 14:30,2
2174,2174,Mohna,CWC,6,Haryana,60,FARIDABAD,BALLABGARH,-,-,Ganga,Ganga,Yamuna,Yamuna,Yamuna,Yamuna,28.22361111,77.45583333,08-09-2024 08:30,1
2175,2175,Mohna,CWC,6,Haryana,60,FARIDABAD,BALLABGARH,-,-,Ganga,Ganga,Yamuna,Yamuna,Yamuna,Yamuna,28.22361111,77.45583333,08-09-2024 11:30,2
2176,2176,Mohna,CWC,6,Haryana,60,FARIDABAD,BALLABGARH,-,-,Ganga,Ganga,Yamuna,Yamuna,Yamuna,Yamuna,28.22361111,77.45583333,08-09-2024 14:30,0.2
2177,2177,Mohna,CWC,6,Haryana,60,FARIDABAD,BALLABGARH,-,-,Ganga,Ganga,Yamuna,Yamuna,Yamuna,Yamuna,28.22361111,77.45583333,10-09-2024 20:30,2.2
2178,2178,Mohna,CWC,6,Haryana,60,FARIDABAD,BALLABGARH,-,-,Ganga,Ganga,Yamuna,Yamuna,Yamuna,Yamuna,28.22361111,77.45583333,11-09-2024 11:30,4.6
2179,2179,Mohna,CWC,6,Haryana,60,FARIDABAD,BALLABGARH,-,-,Ganga,Ganga,Yamuna,Yamuna,Yamuna,Yamuna,28.22361111,77.45583333,11-09-2024 23:30,5
2180,2180,Mohna,CWC,6,Haryana,60,FARIDABAD,BALLABGARH,-,-,Ganga,Ganga,Yamuna,Yamuna,Yamuna,Yamuna,28.22361111,77.45583333,12-09-2024 05:30,22.2
2181,2181,Mohna,CWC,6,Haryana,60,FARIDABAD,BALLABGARH,-,-,Ganga,Ganga,Yamuna,Yamuna,Yamuna,Yamuna,28.22361111,77.45583333,12-09-2024 08:30,8.8
2182,2182,Mohna,CWC,6,Haryana,60,FARIDABAD,BALLABGARH,-,-,Ganga,Ganga,Yamuna,Yamuna,Yamuna,Yamuna,28.22361111,77.45583333,12-09-2024 11:30,2.6
2183,2183,Mohna,CWC,6,Haryana,60,FARIDABAD,BALLABGARH,-,-,Ganga,Ganga,Yamuna,Yamuna,Yamuna,Yamuna,28.22361111,77.45583333,12-09-2024 14:30,3.2
2184,2184,Mohna,CWC,6,Haryana,60,FARIDABAD,BALLABGARH,-,-,Ganga,Ganga,Yamuna,Yamuna,Yamuna,Yamuna,28.22361111,77.45583333,12-09-2024 17:30,65
2185,2185,Mohna,CWC,6,Haryana,60,FARIDABAD,BALLABGARH,-,-,Ganga,Ganga,Yamuna,Yamuna,Yamuna,Yamuna,28.22361111,77.45583333,12-09-2024 20:30,1.2
2186,2186,Mohna,CWC,6,Haryana,60,FARIDABAD,BALLABGARH,-,-,Ganga,Ganga,Yamuna,Yamuna,Yamuna,Yamuna,28.22361111,77.45583333,12-09-2024 23:30,1
2187,2187,Mohna,CWC,6,Haryana,60,FARIDABAD,BALLABGARH,-,-,Ganga,Ganga,Yamuna,Yamuna,Yamuna,Yamuna,28.22361111,77.45583333,13-09-2024 08:30,10
2188,2188,Mohna,CWC,6,Haryana,60,FARIDABAD,BALLABGARH,-,-,Ganga,Ganga,Yamuna,Yamuna,Yamuna,Yamuna,28.22361111,77.45583333,13-09-2024 14:30,18.4
2189,2189,Mohna,CWC,6,Haryana,60,FARIDABAD,BALLABGARH,-,-,Ganga,Ganga,Yamuna,Yamuna,Yamuna,Yamuna,28.22361111,77.45583333,13-09-2024 17:30,17
2190,2190,Mohna,CWC,6,Haryana,60,FARIDABAD,BALLABGARH,-,-,Ganga,Ganga,Yamuna,Yamuna,Yamuna,Yamuna,28.22361111,77.45583333,13-09-2024 20:30,19.2
2191,2191,Mohna,CWC,6,Haryana,60,FARIDABAD,BALLABGARH,-,-,Ganga,Ganga,Yamuna,Yamuna,Yamuna,Yamuna,28.22361111,77.45583333,14-09-2024 11:30,3.6
2192,2192,Mohna,CWC,6,Haryana,60,FARIDABAD,BALLABGARH,-,-,Ganga,Ganga,Yamuna,Yamuna,Yamuna,Yamuna,28.22361111,77.45583333,17-09-2024 17:30,3.2
2193,2193,Mohna,CWC,6,Haryana,60,FARIDABAD,BALLABGARH,-,-,Ganga,Ganga,Yamuna,Yamuna,Yamuna,Yamuna,28.22361111,77.45583333,18-09-2024 11:30,1
2194,2194,Mohna,CWC,6,Haryana,60,FARIDABAD,BALLABGARH,-,-,Ganga,Ganga,Yamuna,Yamuna,Yamuna,Yamuna,28.22361111,77.45583333,18-09-2024 14:30,5
2195,2195,Mohna,CWC,6,Haryana,60,FARIDABAD,BALLABGARH,-,-,Ganga,Ganga,Yamuna,Yamuna,Yamuna,Yamuna,28.22361111,77.45583333,18-09-2024 17:30,9.2
2196,2196,Mohna,CWC,6,Haryana,60,FARIDABAD,BALLABGARH,-,-,Ganga,Ganga,Yamuna,Yamuna,Yamuna,Yamuna,28.22361111,77.45583333,19-09-2024 08:30,0.8
2197,2197,Mohna,CWC,6,Haryana,60,FARIDABAD,BALLABGARH,-,-,Ganga,Ganga,Yamuna,Yamuna,Yamuna,Yamuna,28.22361111,77.45583333,25-09-2024 17:30,2
2198,2198,Mohna,CWC,6,Haryana,60,FARIDABAD,BALLABGARH,-,-,Ganga,Ganga,Yamuna,Yamuna,Yamuna,Yamuna,28.22361111,77.45583333,28-12-2024 08:30,10.2
2199,2199,Mohna,CWC,6,Haryana,60,FARIDABAD,BALLABGARH,-,-,Ganga,Ganga,Yamuna,Yamuna,Yamuna,Yamuna,28.22361111,77.45583333,12-01-2025 08:30,6.6
2200,2200,Mohna,CWC,6,Haryana,60,FARIDABAD,BALLABGARH,-,-,Ganga,Ganga,Yamuna,Yamuna,Yamuna,Yamuna,28.22361111,77.45583333,16-01-2025 08:30,1.6
2201,2201,Mohna,CWC,6,Haryana,60,FARIDABAD,BALLABGARH,-,-,Ganga,Ganga,Yamuna,Yamuna,Yamuna,Yamuna,28.22361111,77.45583333,23-01-2025 08:30,4.4
2202,2202,Mohna,CWC,6,Haryana,60,FARIDABAD,BALLABGARH,-,-,Ganga,Ganga,Yamuna,Yamuna,Yamuna,Yamuna,28.22361111,77.45583333,20-02-2025 08:30,2
2203,2203,Mohna,CWC,6,Haryana,60,FARIDABAD,BALLABGARH,-,-,Ganga,Ganga,Yamuna,Yamuna,Yamuna,Yamuna,28.22361111,77.45583333,01-03-2025 08:30,8.4
2204,2204,Mohna,CWC,6,Haryana,60,FARIDABAD,BALLABGARH,-,-,Ganga,Ganga,Yamuna,Yamuna,Yamuna,Yamuna,28.22361111,77.45583333,11-04-2025 08:30,2
2205,2205,Mohna,CWC,6,Haryana,60,FARIDABAD,BALLABGARH,-,-,Ganga,Ganga,Yamuna,Yamuna,Yamuna,Yamuna,28.22361111,77.45583333,12-04-2025 08:30,1.5
2206,2206,Mohna,CWC,6,Haryana,60,FARIDABAD,BALLABGARH,-,-,Ganga,Ganga,Yamuna,Yamuna,Yamuna,Yamuna,28.22361111,77.45583333,02-05-2025 08:30,15.2
2207,2207,Mohna,CWC,6,Haryana,60,FARIDABAD,BALLABGARH,-,-,Ganga,Ganga,Yamuna,Yamuna,Yamuna,Yamuna,28.22361111,77.45583333,05-05-2025 08:30,1
2208,2208,Mohna,CWC,6,Haryana,60,FARIDABAD,BALLABGARH,-,-,Ganga,Ganga,Yamuna,Yamuna,Yamuna,Yamuna,28.22361111,77.45583333,08-05-2025 08:30,3.6
2209,2209,Mohna,CWC,6,Haryana,60,FARIDABAD,BALLABGARH,-,-,Ganga,Ganga,Yamuna,Yamuna,Yamuna,Yamuna,28.22361111,77.45583333,10-05-2025 08:30,8.4
2210,2210,Mohna,CWC,6,Haryana,60,FARIDABAD,BALLABGARH,-,-,Ganga,Ganga,Yamuna,Yamuna,Yamuna,Yamuna,28.22361111,77.45583333,22-05-2025 08:30,9.2
2211,2211,Mohna,CWC,6,Haryana,60,FARIDABAD,BALLABGARH,-,-,Ganga,Ganga,Yamuna,Yamuna,Yamuna,Yamuna,28.22361111,77.45583333,25-05-2025 08:30,28.4
2212,2212,Mohna,CWC,6,Haryana,60,FARIDABAD,BALLABGARH,-,-,Ganga,Ganga,Yamuna,Yamuna,Yamuna,Yamuna,28.22361111,77.45583333,26-05-2025 08:30,9.2
2213,2213,Mohna,CWC,6,Haryana,60,FARIDABAD,BALLABGARH,-,-,Ganga,Ganga,Yamuna,Yamuna,Yamuna,Yamuna,28.22361111,77.45583333,30-05-2025 08:30,10.2
2214,2214,Mohna,CWC,6,Haryana,60,FARIDABAD,BALLABGARH,-,-,Ganga,Ganga,Yamuna,Yamuna,Yamuna,Yamuna,28.22361111,77.45583333,01-06-2025 02:30,1
2215,2215,Mohna,CWC,6,Haryana,60,FARIDABAD,BALLABGARH,-,-,Ganga,Ganga,Yamuna,Yamuna,Yamuna,Yamuna,28.22361111,77.45583333,01-06-2025 08:30,2.6
2216,2216,Mohna,CWC,6,Haryana,60,FARIDABAD,BALLABGARH,-,-,Ganga,Ganga,Yamuna,Yamuna,Yamuna,Yamuna,28.22361111,77.45583333,01-06-2025 20:30,2.8
2217,2217,Mohna,CWC,6,Haryana,60,FARIDABAD,BALLABGARH,-,-,Ganga,Ganga,Yamuna,Yamuna,Yamuna,Yamuna,28.22361111,77.45583333,01-06-2025 23:30,1.2
2218,2218,Mohna,CWC,6,Haryana,60,FARIDABAD,BALLABGARH,-,-,Ganga,Ganga,Yamuna,Yamuna,Yamuna,Yamuna,28.22361111,77.45583333,15-06-2025 08:30,33.6
2219,2219,Mohna,CWC,6,Haryana,60,FARIDABAD,BALLABGARH,-,-,Ganga,Ganga,Yamuna,Yamuna,Yamuna,Yamuna,28.22361111,77.45583333,20-06-2025 17:30,3.2
2220,2220,Mohna,CWC,6,Haryana,60,FARIDABAD,BALLABGARH,-,-,Ganga,Ganga,Yamuna,Yamuna,Yamuna,Yamuna,28.22361111,77.45583333,22-06-2025 17:30,7
2221,2221,Mohna,CWC,6,Haryana,60,FARIDABAD,BALLABGARH,-,-,Ganga,Ganga,Yamuna,Yamuna,Yamuna,Yamuna,28.22361111,77.45583333,28-06-2025 17:30,1.2
2222,2222,Mohna,CWC,6,Haryana,60,FARIDABAD,BALLABGARH,-,-,Ganga,Ganga,Yamuna,Yamuna,Yamuna,Yamuna,28.22361111,77.45583333,29-06-2025 14:30,33
2223,2223,Mohna,CWC,6,Haryana,60,FARIDABAD,BALLABGARH,-,-,Ganga,Ganga,Yamuna,Yamuna,Yamuna,Yamuna,28.22361111,77.45583333,29-06-2025 20:30,3.2
2224,2224,Mohna,CWC,6,Haryana,60,FARIDABAD,BALLABGARH,-,-,Ganga,Ganga,Yamuna,Yamuna,Yamuna,Yamuna,28.22361111,77.45583333,30-06-2025 08:30,1.4
2225,2225,Mohna,CWC,6,Haryana,60,FARIDABAD,BALLABGARH,-,-,Ganga,Ganga,Yamuna,Yamuna,Yamuna,Yamuna,28.22361111,77.45583333,30-06-2025 11:30,0.6
2226,2226,Mohna,CWC,6,Haryana,60,FARIDABAD,BALLABGARH,-,-,Ganga,Ganga,Yamuna,Yamuna,Yamuna,Yamuna,28.22361111,77.45583333,30-06-2025 20:30,15
2227,2227,Mohna,CWC,6,Haryana,60,FARIDABAD,BALLABGARH,-,-,Ganga,Ganga,Yamuna,Yamuna,Yamuna,Yamuna,28.22361111,77.45583333,30-06-2025 23:30,5.2
2228,2228,Mohna,CWC,6,Haryana,60,FARIDABAD,BALLABGARH,-,-,Ganga,Ganga,Yamuna,Yamuna,Yamuna,Yamuna,28.22361111,77.45583333,04-07-2025 20:30,6.4
2229,2229,Mohna,CWC,6,Haryana,60,FARIDABAD,BALLABGARH,-,-,Ganga,Ganga,Yamuna,Yamuna,Yamuna,Yamuna,28.22361111,77.45583333,07-07-2025 05:30,5
2230,2230,Mohna,CWC,6,Haryana,60,FARIDABAD,BALLABGARH,-,-,Ganga,Ganga,Yamuna,Yamuna,Yamuna,Yamuna,28.22361111,77.45583333,07-07-2025 08:30,18
2231,2231,Mohna,CWC,6,Haryana,60,FARIDABAD,BALLABGARH,-,-,Ganga,Ganga,Yamuna,Yamuna,Yamuna,Yamuna,28.22361111,77.45583333,07-07-2025 11:30,5.6
2232,2232,Mohna,CWC,6,Haryana,60,FARIDABAD,BALLABGARH,-,-,Ganga,Ganga,Yamuna,Yamuna,Yamuna,Yamuna,28.22361111,77.45583333,09-07-2025 23:30,16.2
2233,2233,Mohna,CWC,6,Haryana,60,FARIDABAD,BALLABGARH,-,-,Ganga,Ganga,Yamuna,Yamuna,Yamuna,Yamuna,28.22361111,77.45583333,10-07-2025 02:30,0.8
2234,2234,Mohna,CWC,6,Haryana,60,FARIDABAD,BALLABGARH,-,-,Ganga,Ganga,Yamuna,Yamuna,Yamuna,Yamuna,28.22361111,77.45583333,10-07-2025 11:30,8.4
2235,2235,Mohna,CWC,6,Haryana,60,FARIDABAD,BALLABGARH,-,-,Ganga,Ganga,Yamuna,Yamuna,Yamuna,Yamuna,28.22361111,77.45583333,10-07-2025 14:30,0.6
2236,2236,Mohna,CWC,6,Haryana,60,FARIDABAD,BALLABGARH,-,-,Ganga,Ganga,Yamuna,Yamuna,Yamuna,Yamuna,28.22361111,77.45583333,12-07-2025 17:30,3.2
2237,2237,Mohna,CWC,6,Haryana,60,FARIDABAD,BALLABGARH,-,-,Ganga,Ganga,Yamuna,Yamuna,Yamuna,Yamuna,28.22361111,77.45583333,13-07-2025 20:30,46.2
2238,2238,Mohna,CWC,6,Haryana,60,FARIDABAD,BALLABGARH,-,-,Ganga,Ganga,Yamuna,Yamuna,Yamuna,Yamuna,28.22361111,77.45583333,14-07-2025 20:30,17.6
2239,2239,Mohna,CWC,6,Haryana,60,FARIDABAD,BALLABGARH,-,-,Ganga,Ganga,Yamuna,Yamuna,Yamuna,Yamuna,28.22361111,77.45583333,14-07-2025 23:30,3
2240,2240,Mohna,CWC,6,Haryana,60,FARIDABAD,BALLABGARH,-,-,Ganga,Ganga,Yamuna,Yamuna,Yamuna,Yamuna,28.22361111,77.45583333,15-07-2025 02:30,1
2241,2241,Mohna,CWC,6,Haryana,60,FARIDABAD,BALLABGARH,-,-,Ganga,Ganga,Yamuna,Yamuna,Yamuna,Yamuna,28.22361111,77.45583333,15-07-2025 17:30,4.2
2242,2242,Mohna,CWC,6,Haryana,60,FARIDABAD,BALLABGARH,-,-,Ganga,Ganga,Yamuna,Yamuna,Yamuna,Yamuna,28.22361111,77.45583333,16-07-2025 14:30,2
2243,2243,Mohna,CWC,6,Haryana,60,FARIDABAD,BALLABGARH,-,-,Ganga,Ganga,Yamuna,Yamuna,Yamuna,Yamuna,28.22361111,77.45583333,22-07-2025 14:30,20.4
2244,2244,Mohna,CWC,6,Haryana,60,FARIDABAD,BALLABGARH,-,-,Ganga,Ganga,Yamuna,Yamuna,Yamuna,Yamuna,28.22361111,77.45583333,23-07-2025 08:30,35
2245,2245,Mohna,CWC,6,Haryana,60,FARIDABAD,BALLABGARH,-,-,Ganga,Ganga,Yamuna,Yamuna,Yamuna,Yamuna,28.22361111,77.45583333,23-07-2025 11:30,65
2246,2246,Mohna,CWC,6,Haryana,60,FARIDABAD,BALLABGARH,-,-,Ganga,Ganga,Yamuna,Yamuna,Yamuna,Yamuna,28.22361111,77.45583333,23-07-2025 14:30,5.6
2247,2247,Mohna,CWC,6,Haryana,60,FARIDABAD,BALLABGARH,-,-,Ganga,Ganga,Yamuna,Yamuna,Yamuna,Yamuna,28.22361111,77.45583333,23-07-2025 17:30,7.4
2248,2248,Mohna,CWC,6,Haryana,60,FARIDABAD,BALLABGARH,-,-,Ganga,Ganga,Yamuna,Yamuna,Yamuna,Yamuna,28.22361111,77.45583333,28-07-2025 17:30,20.2
2249,2249,Mohna,CWC,6,Haryana,60,FARIDABAD,BALLABGARH,-,-,Ganga,Ganga,Yamuna,Yamuna,Yamuna,Yamuna,28.22361111,77.45583333,29-07-2025 08:30,40.4
2250,2250,Mohna,CWC,6,Haryana,60,FARIDABAD,BALLABGARH,-,-,Ganga,Ganga,Yamuna,Yamuna,Yamuna,Yamuna,28.22361111,77.45583333,29-07-2025 11:30,49.8
2251,2251,Mohna,CWC,6,Haryana,60,FARIDABAD,BALLABGARH,-,-,Ganga,Ganga,Yamuna,Yamuna,Yamuna,Yamuna,28.22361111,77.45583333,29-07-2025 14:30,53.4
2252,2252,Mohna,CWC,6,Haryana,60,FARIDABAD,BALLABGARH,-,-,Ganga,Ganga,Yamuna,Yamuna,Yamuna,Yamuna,28.22361111,77.45583333,30-07-2025 17:30,3
2253,2253,Mohna,CWC,6,Haryana,60,FARIDABAD,BALLABGARH,-,-,Ganga,Ganga,Yamuna,Yamuna,Yamuna,Yamuna,28.22361111,77.45583333,30-07-2025 20:30,42.8
2254,2254,Mohna,CWC,6,Haryana,60,FARIDABAD,BALLABGARH,-,-,Ganga,Ganga,Yamuna,Yamuna,Yamuna,Yamuna,28.22361111,77.45583333,31-07-2025 08:30,16
2255,2255,Mohna,CWC,6,Haryana,60,FARIDABAD,BALLABGARH,-,-,Ganga,Ganga,Yamuna,Yamuna,Yamuna,Yamuna,28.22361111,77.45583333,31-07-2025 17:30,55.4
2256,2256,Mohna,CWC,6,Haryana,60,FARIDABAD,BALLABGARH,-,-,Ganga,Ganga,Yamuna,Yamuna,Yamuna,Yamuna,28.22361111,77.45583333,03-08-2025 05:30,0.6
2257,2257,Mohna,CWC,6,Haryana,60,FARIDABAD,BALLABGARH,-,-,Ganga,Ganga,Yamuna,Yamuna,Yamuna,Yamuna,28.22361111,77.45583333,03-08-2025 08:30,85.6
2258,2258,Mohna,CWC,6,Haryana,60,FARIDABAD,BALLABGARH,-,-,Ganga,Ganga,Yamuna,Yamuna,Yamuna,Yamuna,28.22361111,77.45583333,03-08-2025 11:30,18.8
2259,2259,Mohna,CWC,6,Haryana,60,FARIDABAD,BALLABGARH,-,-,Ganga,Ganga,Yamuna,Yamuna,Yamuna,Yamuna,28.22361111,77.45583333,04-08-2025 08:30,2
2260,2260,Mohna,CWC,6,Haryana,60,FARIDABAD,BALLABGARH,-,-,Ganga,Ganga,Yamuna,Yamuna,Yamuna,Yamuna,28.22361111,77.45583333,04-08-2025 20:30,3.2
2261,2261,Mohna,CWC,6,Haryana,60,FARIDABAD,BALLABGARH,-,-,Ganga,Ganga,Yamuna,Yamuna,Yamuna,Yamuna,28.22361111,77.45583333,05-08-2025 20:30,9.8
2262,2262,Mohna,CWC,6,Haryana,60,FARIDABAD,BALLABGARH,-,-,Ganga,Ganga,Yamuna,Yamuna,Yamuna,Yamuna,28.22361111,77.45583333,09-08-2025 05:30,15.8
2263,2263,Mohna,CWC,6,Haryana,60,FARIDABAD,BALLABGARH,-,-,Ganga,Ganga,Yamuna,Yamuna,Yamuna,Yamuna,28.22361111,77.45583333,09-08-2025 08:30,23.4
2264,2264,Mohna,CWC,6,Haryana,60,FARIDABAD,BALLABGARH,-,-,Ganga,Ganga,Yamuna,Yamuna,Yamuna,Yamuna,28.22361111,77.45583333,09-08-2025 11:30,65.4
2265,2265,Mohna,CWC,6,Haryana,60,FARIDABAD,BALLABGARH,-,-,Ganga,Ganga,Yamuna,Yamuna,Yamuna,Yamuna,28.22361111,77.45583333,12-08-2025 08:30,12
2266,2266,Mohna,CWC,6,Haryana,60,FARIDABAD,BALLABGARH,-,-,Ganga,Ganga,Yamuna,Yamuna,Yamuna,Yamuna,28.22361111,77.45583333,14-08-2025 08:30,7.2
2267,2267,Mohna,CWC,6,Haryana,60,FARIDABAD,BALLABGARH,-,-,Ganga,Ganga,Yamuna,Yamuna,Yamuna,Yamuna,28.22361111,77.45583333,14-08-2025 11:30,5.2
2268,2268,Mohna,CWC,6,Haryana,60,FARIDABAD,BALLABGARH,-,-,Ganga,Ganga,Yamuna,Yamuna,Yamuna,Yamuna,28.22361111,77.45583333,15-08-2025 14:30,17.2
2269,2269,Mohna,CWC,6,Haryana,60,FARIDABAD,BALLABGARH,-,-,Ganga,Ganga,Yamuna,Yamuna,Yamuna,Yamuna,28.22361111,77.45583333,23-08-2025 17:30,2.4
2270,2270,Mohna,CWC,6,Haryana,60,FARIDABAD,BALLABGARH,-,-,Ganga,Ganga,Yamuna,Yamuna,Yamuna,Yamuna,28.22361111,77.45583333,23-08-2025 20:30,7.2
2271,2271,Mohna,CWC,6,Haryana,60,FARIDABAD,BALLABGARH,-,-,Ganga,Ganga,Yamuna,Yamuna,Yamuna,Yamuna,28.22361111,77.45583333,25-08-2025 08:30,15
2272,2272,Mohna,CWC,6,Haryana,60,FARIDABAD,BALLABGARH,-,-,Ganga,Ganga,Yamuna,Yamuna,Yamuna,Yamuna,28.22361111,77.45583333,25-08-2025 14:30,6.4
2273,2273,Mohna,CWC,6,Haryana,60,FARIDABAD,BALLABGARH,-,-,Ganga,Ganga,Yamuna,Yamuna,Yamuna,Yamuna,28.22361111,77.45583333,27-08-2025 11:30,16.8
2274,2274,Mohna,CWC,6,Haryana,60,FARIDABAD,BALLABGARH,-,-,Ganga,Ganga,Yamuna,Yamuna,Yamuna,Yamuna,28.22361111,77.45583333,27-08-2025 14:30,3.2
2275,2275,Mohna,CWC,6,Haryana,60,FARIDABAD,BALLABGARH,-,-,Ganga,Ganga,Yamuna,Yamuna,Yamuna,Yamuna,28.22361111,77.45583333,01-09-2025 14:30,8.2
2276,2276,Mohna,CWC,6,Haryana,60,FARIDABAD,BALLABGARH,-,-,Ganga,Ganga,Yamuna,Yamuna,Yamuna,Yamuna,28.22361111,77.45583333,01-09-2025 17:30,6
2277,2277,Mohna,CWC,6,Haryana,60,FARIDABAD,BALLABGARH,-,-,Ganga,Ganga,Yamuna,Yamuna,Yamuna,Yamuna,28.22361111,77.45583333,01-09-2025 20:30,5.2
2278,2278,Mohna,CWC,6,Haryana,60,FARIDABAD,BALLABGARH,-,-,Ganga,Ganga,Yamuna,Yamuna,Yamuna,Yamuna,28.22361111,77.45583333,01-09-2025 23:30,40
2279,2279,Mohna,CWC,6,Haryana,60,FARIDABAD,BALLABGARH,-,-,Ganga,Ganga,Yamuna,Yamuna,Yamuna,Yamuna,28.22361111,77.45583333,02-09-2025 02:30,15
2280,2280,Mohna,CWC,6,Haryana,60,FARIDABAD,BALLABGARH,-,-,Ganga,Ganga,Yamuna,Yamuna,Yamuna,Yamuna,28.22361111,77.45583333,02-09-2025 05:30,20.2
2281,2281,Mohna,CWC,6,Haryana,60,FARIDABAD,BALLABGARH,-,-,Ganga,Ganga,Yamuna,Yamuna,Yamuna,Yamuna,28.22361111,77.45583333,02-09-2025 17:30,1.4
2282,2282,Mohna,CWC,6,Haryana,60,FARIDABAD,BALLABGARH,-,-,Ganga,Ganga,Yamuna,Yamuna,Yamuna,Yamuna,28.22361111,77.45583333,03-09-2025 14:30,2.2
2283,2283,Mohna,CWC,6,Haryana,60,FARIDABAD,BALLABGARH,-,-,Ganga,Ganga,Yamuna,Yamuna,Yamuna,Yamuna,28.22361111,77.45583333,03-09-2025 17:30,4.8
2284,2284,Mohna,CWC,6,Haryana,60,FARIDABAD,BALLABGARH,-,-,Ganga,Ganga,Yamuna,Yamuna,Yamuna,Yamuna,28.22361111,77.45583333,04-09-2025 08:30,4.6
2285,2285,Mohna,CWC,6,Haryana,60,FARIDABAD,BALLABGARH,-,-,Ganga,Ganga,Yamuna,Yamuna,Yamuna,Yamuna,28.22361111,77.45583333,04-09-2025 17:30,4
2286,2286,Mohna,CWC,6,Haryana,60,FARIDABAD,BALLABGARH,-,-,Ganga,Ganga,Yamuna,Yamuna,Yamuna,Yamuna,28.22361111,77.45583333,05-09-2025 20:30,12.4
2287,2287,Mohna,CWC,6,Haryana,60,FARIDABAD,BALLABGARH,-,-,Ganga,Ganga,Yamuna,Yamuna,Yamuna,Yamuna,28.22361111,77.45583333,07-09-2025 17:30,1
2288,2288,Mohna,CWC,6,Haryana,60,FARIDABAD,BALLABGARH,-,-,Ganga,Ganga,Yamuna,Yamuna,Yamuna,Yamuna,28.22361111,77.45583333,17-09-2025 14:30,19.2
2289,2289,Mohna,CWC,6,Haryana,60,FARIDABAD,BALLABGARH,-,-,Ganga,Ganga,Yamuna,Yamuna,Yamuna,Yamuna,28.22361111,77.45583333,06-10-2025 14:30,4.2
2290,2290,Mohna,CWC,6,Haryana,60,FARIDABAD,BALLABGARH,-,-,Ganga,Ganga,Yamuna,Yamuna,Yamuna,Yamuna,28.22361111,77.45583333,06-10-2025 17:30,0.1
2291,2291,Mohna,CWC,6,Haryana,60,FARIDABAD,BALLABGARH,-,-,Ganga,Ganga,Yamuna,Yamuna,Yamuna,Yamuna,28.22361111,77.45583333,06-10-2025 20:30,2
2292,2292,Mohna,CWC,6,Haryana,60,FARIDABAD,BALLABGARH,-,-,Ganga,Ganga,Yamuna,Yamuna,Yamuna,Yamuna,28.22361111,77.45583333,07-10-2025 02:30,4
2293,2293,Mohna,CWC,6,Haryana,60,FARIDABAD,BALLABGARH,-,-,Ganga,Ganga,Yamuna,Yamuna,Yamuna,Yamuna,28.22361111,77.45583333,07-10-2025 05:30,15.2
2294,2294,Mohna,CWC,6,Haryana,60,FARIDABAD,BALLABGARH,-,-,Ganga,Ganga,Yamuna,Yamuna,Yamuna,Yamuna,28.22361111,77.45583333,07-10-2025 08:30,24.8
2295,2295,Mohna,CWC,6,Haryana,60,FARIDABAD,BALLABGARH,-,-,Ganga,Ganga,Yamuna,Yamuna,Yamuna,Yamuna,28.22361111,77.45583333,07-10-2025 20:30,1
2296,2296,Mohna,CWC,6,Haryana,60,FARIDABAD,BALLABGARH,-,-,Ganga,Ganga,Yamuna,Yamuna,Yamuna,Yamuna,28.22361111,77.45583333,07-10-2025 23:30,4.2
2297,2297,Piprauli,CWC,6,Haryana,604,Nuh,FEROZPUR JHIRKA,-,-,Ganga,Ganga,Yamuna,Ujjina(U.D.D),-,Ujjina(U.D.D),27.82805556,77.15805556,04-01-2021 08:30,8.4
2298,2298,Piprauli,CWC,6,Haryana,604,Nuh,FEROZPUR JHIRKA,-,-,Ganga,Ganga,Yamuna,Ujjina(U.D.D),-,Ujjina(U.D.D),27.82805556,77.15805556,06-01-2021 08:30,4.2
2299,2299,Piprauli,CWC,6,Haryana,604,Nuh,FEROZPUR JHIRKA,-,-,Ganga,Ganga,Yamuna,Ujjina(U.D.D),-,Ujjina(U.D.D),27.82805556,77.15805556,12-05-2021 08:30,3.2
2300,2300,Piprauli,CWC,6,Haryana,604,Nuh,FEROZPUR JHIRKA,-,-,Ganga,Ganga,Yamuna,Ujjina(U.D.D),-,Ujjina(U.D.D),27.82805556,77.15805556,15-05-2021 08:30,4.5
2301,2301,Piprauli,CWC,6,Haryana,604,Nuh,FEROZPUR JHIRKA,-,-,Ganga,Ganga,Yamuna,Ujjina(U.D.D),-,Ujjina(U.D.D),27.82805556,77.15805556,19-05-2021 08:30,6.2
2302,2302,Piprauli,CWC,6,Haryana,604,Nuh,FEROZPUR JHIRKA,-,-,Ganga,Ganga,Yamuna,Ujjina(U.D.D),-,Ujjina(U.D.D),27.82805556,77.15805556,20-05-2021 08:30,5.3
2303,2303,Piprauli,CWC,6,Haryana,604,Nuh,FEROZPUR JHIRKA,-,-,Ganga,Ganga,Yamuna,Ujjina(U.D.D),-,Ujjina(U.D.D),27.82805556,77.15805556,21-05-2021 08:30,2.4
2304,2304,Piprauli,CWC,6,Haryana,604,Nuh,FEROZPUR JHIRKA,-,-,Ganga,Ganga,Yamuna,Ujjina(U.D.D),-,Ujjina(U.D.D),27.82805556,77.15805556,25-06-2021 08:30,2
2305,2305,Piprauli,CWC,6,Haryana,604,Nuh,FEROZPUR JHIRKA,-,-,Ganga,Ganga,Yamuna,Ujjina(U.D.D),-,Ujjina(U.D.D),27.82805556,77.15805556,19-07-2021 08:30,38.2
2306,2306,Piprauli,CWC,6,Haryana,604,Nuh,FEROZPUR JHIRKA,-,-,Ganga,Ganga,Yamuna,Ujjina(U.D.D),-,Ujjina(U.D.D),27.82805556,77.15805556,20-07-2021 08:30,25.4
2307,2307,Piprauli,CWC,6,Haryana,604,Nuh,FEROZPUR JHIRKA,-,-,Ganga,Ganga,Yamuna,Ujjina(U.D.D),-,Ujjina(U.D.D),27.82805556,77.15805556,28-07-2021 08:30,75.6
2308,2308,Piprauli,CWC,6,Haryana,604,Nuh,FEROZPUR JHIRKA,-,-,Ganga,Ganga,Yamuna,Ujjina(U.D.D),-,Ujjina(U.D.D),27.82805556,77.15805556,31-07-2021 08:30,20.4
2309,2309,Piprauli,CWC,6,Haryana,604,Nuh,FEROZPUR JHIRKA,-,-,Ganga,Ganga,Yamuna,Ujjina(U.D.D),-,Ujjina(U.D.D),27.82805556,77.15805556,01-08-2021 08:30,38.6
2310,2310,Piprauli,CWC,6,Haryana,604,Nuh,FEROZPUR JHIRKA,-,-,Ganga,Ganga,Yamuna,Ujjina(U.D.D),-,Ujjina(U.D.D),27.82805556,77.15805556,22-08-2021 08:30,70.6
2311,2311,Piprauli,CWC,6,Haryana,604,Nuh,FEROZPUR JHIRKA,-,-,Ganga,Ganga,Yamuna,Ujjina(U.D.D),-,Ujjina(U.D.D),27.82805556,77.15805556,01-09-2021 08:30,80.4
2312,2312,Piprauli,CWC,6,Haryana,604,Nuh,FEROZPUR JHIRKA,-,-,Ganga,Ganga,Yamuna,Ujjina(U.D.D),-,Ujjina(U.D.D),27.82805556,77.15805556,02-09-2021 08:30,40.8
2313,2313,Piprauli,CWC,6,Haryana,604,Nuh,FEROZPUR JHIRKA,-,-,Ganga,Ganga,Yamuna,Ujjina(U.D.D),-,Ujjina(U.D.D),27.82805556,77.15805556,05-09-2021 08:30,60.8
2314,2314,Piprauli,CWC,6,Haryana,604,Nuh,FEROZPUR JHIRKA,-,-,Ganga,Ganga,Yamuna,Ujjina(U.D.D),-,Ujjina(U.D.D),27.82805556,77.15805556,12-09-2021 08:30,30.6
2315,2315,Piprauli,CWC,6,Haryana,604,Nuh,FEROZPUR JHIRKA,-,-,Ganga,Ganga,Yamuna,Ujjina(U.D.D),-,Ujjina(U.D.D),27.82805556,77.15805556,17-09-2021 08:30,4.4
2316,2316,Piprauli,CWC,6,Haryana,604,Nuh,FEROZPUR JHIRKA,-,-,Ganga,Ganga,Yamuna,Ujjina(U.D.D),-,Ujjina(U.D.D),27.82805556,77.15805556,18-10-2021 08:30,25.4
2317,2317,Piprauli,CWC,6,Haryana,604,Nuh,FEROZPUR JHIRKA,-,-,Ganga,Ganga,Yamuna,Ujjina(U.D.D),-,Ujjina(U.D.D),27.82805556,77.15805556,06-01-2022 08:30,4
2318,2318,Piprauli,CWC,6,Haryana,604,Nuh,FEROZPUR JHIRKA,-,-,Ganga,Ganga,Yamuna,Ujjina(U.D.D),-,Ujjina(U.D.D),27.82805556,77.15805556,08-01-2022 08:30,6.4
2319,2319,Piprauli,CWC,6,Haryana,604,Nuh,FEROZPUR JHIRKA,-,-,Ganga,Ganga,Yamuna,Ujjina(U.D.D),-,Ujjina(U.D.D),27.82805556,77.15805556,09-01-2022 08:30,20
2320,2320,Piprauli,CWC,6,Haryana,604,Nuh,FEROZPUR JHIRKA,-,-,Ganga,Ganga,Yamuna,Ujjina(U.D.D),-,Ujjina(U.D.D),27.82805556,77.15805556,23-01-2022 08:30,10.2
2321,2321,Piprauli,CWC,6,Haryana,604,Nuh,FEROZPUR JHIRKA,-,-,Ganga,Ganga,Yamuna,Ujjina(U.D.D),-,Ujjina(U.D.D),27.82805556,77.15805556,09-02-2022 08:30,6.4
2322,2322,Piprauli,CWC,6,Haryana,604,Nuh,FEROZPUR JHIRKA,-,-,Ganga,Ganga,Yamuna,Ujjina(U.D.D),-,Ujjina(U.D.D),27.82805556,77.15805556,26-02-2022 08:30,2
2323,2323,Piprauli,CWC,6,Haryana,604,Nuh,FEROZPUR JHIRKA,-,-,Ganga,Ganga,Yamuna,Ujjina(U.D.D),-,Ujjina(U.D.D),27.82805556,77.15805556,23-04-2022 08:30,8.4
2324,2324,Piprauli,CWC,6,Haryana,604,Nuh,FEROZPUR JHIRKA,-,-,Ganga,Ganga,Yamuna,Ujjina(U.D.D),-,Ujjina(U.D.D),27.82805556,77.15805556,28-04-2022 08:30,32.6
2325,2325,Piprauli,CWC,6,Haryana,604,Nuh,FEROZPUR JHIRKA,-,-,Ganga,Ganga,Yamuna,Ujjina(U.D.D),-,Ujjina(U.D.D),27.82805556,77.15805556,23-05-2022 08:30,8.4
2326,2326,Piprauli,CWC,6,Haryana,604,Nuh,FEROZPUR JHIRKA,-,-,Ganga,Ganga,Yamuna,Ujjina(U.D.D),-,Ujjina(U.D.D),27.82805556,77.15805556,28-05-2022 08:30,32.6
2327,2327,Piprauli,CWC,6,Haryana,604,Nuh,FEROZPUR JHIRKA,-,-,Ganga,Ganga,Yamuna,Ujjina(U.D.D),-,Ujjina(U.D.D),27.82805556,77.15805556,13-06-2022 08:30,20
2328,2328,Piprauli,CWC,6,Haryana,604,Nuh,FEROZPUR JHIRKA,-,-,Ganga,Ganga,Yamuna,Ujjina(U.D.D),-,Ujjina(U.D.D),27.82805556,77.15805556,17-06-2022 08:30,26.4
2329,2329,Piprauli,CWC,6,Haryana,604,Nuh,FEROZPUR JHIRKA,-,-,Ganga,Ganga,Yamuna,Ujjina(U.D.D),-,Ujjina(U.D.D),27.82805556,77.15805556,18-06-2022 08:30,54.6
2330,2330,Piprauli,CWC,6,Haryana,604,Nuh,FEROZPUR JHIRKA,-,-,Ganga,Ganga,Yamuna,Ujjina(U.D.D),-,Ujjina(U.D.D),27.82805556,77.15805556,29-06-2022 08:30,4
2331,2331,Piprauli,CWC,6,Haryana,604,Nuh,FEROZPUR JHIRKA,-,-,Ganga,Ganga,Yamuna,Ujjina(U.D.D),-,Ujjina(U.D.D),27.82805556,77.15805556,03-07-2022 08:30,6.4
2332,2332,Piprauli,CWC,6,Haryana,604,Nuh,FEROZPUR JHIRKA,-,-,Ganga,Ganga,Yamuna,Ujjina(U.D.D),-,Ujjina(U.D.D),27.82805556,77.15805556,13-07-2022 08:30,6.4
2333,2333,Piprauli,CWC,6,Haryana,604,Nuh,FEROZPUR JHIRKA,-,-,Ganga,Ganga,Yamuna,Ujjina(U.D.D),-,Ujjina(U.D.D),27.82805556,77.15805556,17-07-2022 08:30,4.4
2334,2334,Piprauli,CWC,6,Haryana,604,Nuh,FEROZPUR JHIRKA,-,-,Ganga,Ganga,Yamuna,Ujjina(U.D.D),-,Ujjina(U.D.D),27.82805556,77.15805556,27-07-2022 08:30,8.4
2335,2335,Piprauli,CWC,6,Haryana,604,Nuh,FEROZPUR JHIRKA,-,-,Ganga,Ganga,Yamuna,Ujjina(U.D.D),-,Ujjina(U.D.D),27.82805556,77.15805556,28-07-2022 08:30,12.6
2336,2336,Piprauli,CWC,6,Haryana,604,Nuh,FEROZPUR JHIRKA,-,-,Ganga,Ganga,Yamuna,Ujjina(U.D.D),-,Ujjina(U.D.D),27.82805556,77.15805556,30-07-2022 08:30,25.2
2337,2337,Piprauli,CWC,6,Haryana,604,Nuh,FEROZPUR JHIRKA,-,-,Ganga,Ganga,Yamuna,Ujjina(U.D.D),-,Ujjina(U.D.D),27.82805556,77.15805556,04-08-2022 08:30,4
2338,2338,Piprauli,CWC,6,Haryana,604,Nuh,FEROZPUR JHIRKA,-,-,Ganga,Ganga,Yamuna,Ujjina(U.D.D),-,Ujjina(U.D.D),27.82805556,77.15805556,06-08-2022 08:30,5.4
2339,2339,Piprauli,CWC,6,Haryana,604,Nuh,FEROZPUR JHIRKA,-,-,Ganga,Ganga,Yamuna,Ujjina(U.D.D),-,Ujjina(U.D.D),27.82805556,77.15805556,07-08-2022 08:30,70.2
2340,2340,Piprauli,CWC,6,Haryana,604,Nuh,FEROZPUR JHIRKA,-,-,Ganga,Ganga,Yamuna,Ujjina(U.D.D),-,Ujjina(U.D.D),27.82805556,77.15805556,18-08-2022 08:30,4
2341,2341,Piprauli,CWC,6,Haryana,604,Nuh,FEROZPUR JHIRKA,-,-,Ganga,Ganga,Yamuna,Ujjina(U.D.D),-,Ujjina(U.D.D),27.82805556,77.15805556,22-08-2022 08:30,3
2342,2342,Piprauli,CWC,6,Haryana,604,Nuh,FEROZPUR JHIRKA,-,-,Ganga,Ganga,Yamuna,Ujjina(U.D.D),-,Ujjina(U.D.D),27.82805556,77.15805556,15-09-2022 08:30,8.4
2343,2343,Piprauli,CWC,6,Haryana,604,Nuh,FEROZPUR JHIRKA,-,-,Ganga,Ganga,Yamuna,Ujjina(U.D.D),-,Ujjina(U.D.D),27.82805556,77.15805556,16-09-2022 08:30,3.2
2344,2344,Piprauli,CWC,6,Haryana,604,Nuh,FEROZPUR JHIRKA,-,-,Ganga,Ganga,Yamuna,Ujjina(U.D.D),-,Ujjina(U.D.D),27.82805556,77.15805556,21-09-2022 08:30,8.6
2345,2345,Piprauli,CWC,6,Haryana,604,Nuh,FEROZPUR JHIRKA,-,-,Ganga,Ganga,Yamuna,Ujjina(U.D.D),-,Ujjina(U.D.D),27.82805556,77.15805556,22-09-2022 08:30,18.2
2346,2346,Piprauli,CWC,6,Haryana,604,Nuh,FEROZPUR JHIRKA,-,-,Ganga,Ganga,Yamuna,Ujjina(U.D.D),-,Ujjina(U.D.D),27.82805556,77.15805556,23-09-2022 08:30,64
2347,2347,Piprauli,CWC,6,Haryana,604,Nuh,FEROZPUR JHIRKA,-,-,Ganga,Ganga,Yamuna,Ujjina(U.D.D),-,Ujjina(U.D.D),27.82805556,77.15805556,24-09-2022 08:30,24.2
2348,2348,Piprauli,CWC,6,Haryana,604,Nuh,FEROZPUR JHIRKA,-,-,Ganga,Ganga,Yamuna,Ujjina(U.D.D),-,Ujjina(U.D.D),27.82805556,77.15805556,25-09-2022 08:30,12.4
2349,2349,Piprauli,CWC,6,Haryana,604,Nuh,FEROZPUR JHIRKA,-,-,Ganga,Ganga,Yamuna,Ujjina(U.D.D),-,Ujjina(U.D.D),27.82805556,77.15805556,09-10-2022 08:30,70.2
2350,2350,Piprauli,CWC,6,Haryana,604,Nuh,FEROZPUR JHIRKA,-,-,Ganga,Ganga,Yamuna,Ujjina(U.D.D),-,Ujjina(U.D.D),27.82805556,77.15805556,10-10-2022 08:30,18.4
2351,2351,Piprauli,CWC,6,Haryana,604,Nuh,FEROZPUR JHIRKA,-,-,Ganga,Ganga,Yamuna,Ujjina(U.D.D),-,Ujjina(U.D.D),27.82805556,77.15805556,30-01-2023 08:30,25.4
2352,2352,Piprauli,CWC,6,Haryana,604,Nuh,FEROZPUR JHIRKA,-,-,Ganga,Ganga,Yamuna,Ujjina(U.D.D),-,Ujjina(U.D.D),27.82805556,77.15805556,19-03-2023 08:30,22.2
2353,2353,Piprauli,CWC,6,Haryana,604,Nuh,FEROZPUR JHIRKA,-,-,Ganga,Ganga,Yamuna,Ujjina(U.D.D),-,Ujjina(U.D.D),27.82805556,77.15805556,21-03-2023 08:30,24.4
2354,2354,Piprauli,CWC,6,Haryana,604,Nuh,FEROZPUR JHIRKA,-,-,Ganga,Ganga,Yamuna,Ujjina(U.D.D),-,Ujjina(U.D.D),27.82805556,77.15805556,25-03-2023 08:30,4.2
2355,2355,Piprauli,CWC,6,Haryana,604,Nuh,FEROZPUR JHIRKA,-,-,Ganga,Ganga,Yamuna,Ujjina(U.D.D),-,Ujjina(U.D.D),27.82805556,77.15805556,31-03-2023 08:30,16.2
2356,2356,Piprauli,CWC,6,Haryana,604,Nuh,FEROZPUR JHIRKA,-,-,Ganga,Ganga,Yamuna,Ujjina(U.D.D),-,Ujjina(U.D.D),27.82805556,77.15805556,01-04-2023 08:30,8.6
2357,2357,Piprauli,CWC,6,Haryana,604,Nuh,FEROZPUR JHIRKA,-,-,Ganga,Ganga,Yamuna,Ujjina(U.D.D),-,Ujjina(U.D.D),27.82805556,77.15805556,21-06-2023 08:30,12.2
2358,2358,Piprauli,CWC,6,Haryana,604,Nuh,FEROZPUR JHIRKA,-,-,Ganga,Ganga,Yamuna,Ujjina(U.D.D),-,Ujjina(U.D.D),27.82805556,77.15805556,25-06-2023 08:30,18.2
2359,2359,Piprauli,CWC,6,Haryana,604,Nuh,FEROZPUR JHIRKA,-,-,Ganga,Ganga,Yamuna,Ujjina(U.D.D),-,Ujjina(U.D.D),27.82805556,77.15805556,26-06-2023 08:30,14.6
2360,2360,Piprauli,CWC,6,Haryana,604,Nuh,FEROZPUR JHIRKA,-,-,Ganga,Ganga,Yamuna,Ujjina(U.D.D),-,Ujjina(U.D.D),27.82805556,77.15805556,27-06-2023 08:30,6.4
2361,2361,Piprauli,CWC,6,Haryana,604,Nuh,FEROZPUR JHIRKA,-,-,Ganga,Ganga,Yamuna,Ujjina(U.D.D),-,Ujjina(U.D.D),27.82805556,77.15805556,05-07-2023 08:30,6.2
2362,2362,Piprauli,CWC,6,Haryana,604,Nuh,FEROZPUR JHIRKA,-,-,Ganga,Ganga,Yamuna,Ujjina(U.D.D),-,Ujjina(U.D.D),27.82805556,77.15805556,07-07-2023 20:30,12.4
2363,2363,Piprauli,CWC,6,Haryana,604,Nuh,FEROZPUR JHIRKA,-,-,Ganga,Ganga,Yamuna,Ujjina(U.D.D),-,Ujjina(U.D.D),27.82805556,77.15805556,08-07-2023 08:30,24.2
2364,2364,Piprauli,CWC,6,Haryana,604,Nuh,FEROZPUR JHIRKA,-,-,Ganga,Ganga,Yamuna,Ujjina(U.D.D),-,Ujjina(U.D.D),27.82805556,77.15805556,09-07-2023 08:30,4.4
2365,2365,Piprauli,CWC,6,Haryana,604,Nuh,FEROZPUR JHIRKA,-,-,Ganga,Ganga,Yamuna,Ujjina(U.D.D),-,Ujjina(U.D.D),27.82805556,77.15805556,09-07-2023 20:30,25.6
2366,2366,Piprauli,CWC,6,Haryana,604,Nuh,FEROZPUR JHIRKA,-,-,Ganga,Ganga,Yamuna,Ujjina(U.D.D),-,Ujjina(U.D.D),27.82805556,77.15805556,10-07-2023 20:30,32.4
2367,2367,Piprauli,CWC,6,Haryana,604,Nuh,FEROZPUR JHIRKA,-,-,Ganga,Ganga,Yamuna,Ujjina(U.D.D),-,Ujjina(U.D.D),27.82805556,77.15805556,26-07-2023 08:30,6.2
2368,2368,Piprauli,CWC,6,Haryana,604,Nuh,FEROZPUR JHIRKA,-,-,Ganga,Ganga,Yamuna,Ujjina(U.D.D),-,Ujjina(U.D.D),27.82805556,77.15805556,28-07-2023 20:30,12.4
2369,2369,Piprauli,CWC,6,Haryana,604,Nuh,FEROZPUR JHIRKA,-,-,Ganga,Ganga,Yamuna,Ujjina(U.D.D),-,Ujjina(U.D.D),27.82805556,77.15805556,29-07-2023 08:30,6.2
2370,2370,Piprauli,CWC,6,Haryana,604,Nuh,FEROZPUR JHIRKA,-,-,Ganga,Ganga,Yamuna,Ujjina(U.D.D),-,Ujjina(U.D.D),27.82805556,77.15805556,29-07-2023 17:30,32.4
2371,2371,Piprauli,CWC,6,Haryana,604,Nuh,FEROZPUR JHIRKA,-,-,Ganga,Ganga,Yamuna,Ujjina(U.D.D),-,Ujjina(U.D.D),27.82805556,77.15805556,03-08-2023 20:30,30.2
2372,2372,Piprauli,CWC,6,Haryana,604,Nuh,FEROZPUR JHIRKA,-,-,Ganga,Ganga,Yamuna,Ujjina(U.D.D),-,Ujjina(U.D.D),27.82805556,77.15805556,04-08-2023 08:30,10.4
2373,2373,Piprauli,CWC,6,Haryana,604,Nuh,FEROZPUR JHIRKA,-,-,Ganga,Ganga,Yamuna,Ujjina(U.D.D),-,Ujjina(U.D.D),27.82805556,77.15805556,23-08-2023 08:30,22.4
2374,2374,Piprauli,CWC,6,Haryana,604,Nuh,FEROZPUR JHIRKA,-,-,Ganga,Ganga,Yamuna,Ujjina(U.D.D),-,Ujjina(U.D.D),27.82805556,77.15805556,06-09-2023 08:30,2.2
2375,2375,Piprauli,CWC,6,Haryana,604,Nuh,FEROZPUR JHIRKA,-,-,Ganga,Ganga,Yamuna,Ujjina(U.D.D),-,Ujjina(U.D.D),27.82805556,77.15805556,16-09-2023 17:30,18.2
2376,2376,Piprauli,CWC,6,Haryana,604,Nuh,FEROZPUR JHIRKA,-,-,Ganga,Ganga,Yamuna,Ujjina(U.D.D),-,Ujjina(U.D.D),27.82805556,77.15805556,04-03-2024 08:30,6.4
2377,2377,Piprauli,CWC,6,Haryana,604,Nuh,FEROZPUR JHIRKA,-,-,Ganga,Ganga,Yamuna,Ujjina(U.D.D),-,Ujjina(U.D.D),27.82805556,77.15805556,28-06-2024 05:30,32.2
2378,2378,Piprauli,CWC,6,Haryana,604,Nuh,FEROZPUR JHIRKA,-,-,Ganga,Ganga,Yamuna,Ujjina(U.D.D),-,Ujjina(U.D.D),27.82805556,77.15805556,29-06-2024 08:30,28.6
2379,2379,Piprauli,CWC,6,Haryana,604,Nuh,FEROZPUR JHIRKA,-,-,Ganga,Ganga,Yamuna,Ujjina(U.D.D),-,Ujjina(U.D.D),27.82805556,77.15805556,29-06-2024 11:30,16.2
2380,2380,Piprauli,CWC,6,Haryana,604,Nuh,FEROZPUR JHIRKA,-,-,Ganga,Ganga,Yamuna,Ujjina(U.D.D),-,Ujjina(U.D.D),27.82805556,77.15805556,03-07-2024 20:30,26.4
2381,2381,Piprauli,CWC,6,Haryana,604,Nuh,FEROZPUR JHIRKA,-,-,Ganga,Ganga,Yamuna,Ujjina(U.D.D),-,Ujjina(U.D.D),27.82805556,77.15805556,09-07-2024 08:30,24.6
2382,2382,Piprauli,CWC,6,Haryana,604,Nuh,FEROZPUR JHIRKA,-,-,Ganga,Ganga,Yamuna,Ujjina(U.D.D),-,Ujjina(U.D.D),27.82805556,77.15805556,16-07-2024 08:30,30.4
2383,2383,Piprauli,CWC,6,Haryana,604,Nuh,FEROZPUR JHIRKA,-,-,Ganga,Ganga,Yamuna,Ujjina(U.D.D),-,Ujjina(U.D.D),27.82805556,77.15805556,24-07-2024 11:30,26.2
2384,2384,Piprauli,CWC,6,Haryana,604,Nuh,FEROZPUR JHIRKA,-,-,Ganga,Ganga,Yamuna,Ujjina(U.D.D),-,Ujjina(U.D.D),27.82805556,77.15805556,26-07-2024 08:30,6.2
2385,2385,Piprauli,CWC,6,Haryana,604,Nuh,FEROZPUR JHIRKA,-,-,Ganga,Ganga,Yamuna,Ujjina(U.D.D),-,Ujjina(U.D.D),27.82805556,77.15805556,28-07-2024 08:30,12.2
2386,2386,Piprauli,CWC,6,Haryana,604,Nuh,FEROZPUR JHIRKA,-,-,Ganga,Ganga,Yamuna,Ujjina(U.D.D),-,Ujjina(U.D.D),27.82805556,77.15805556,01-08-2024 08:30,28.4
2387,2387,Piprauli,CWC,6,Haryana,604,Nuh,FEROZPUR JHIRKA,-,-,Ganga,Ganga,Yamuna,Ujjina(U.D.D),-,Ujjina(U.D.D),27.82805556,77.15805556,08-08-2024 08:30,20.2
2388,2388,Piprauli,CWC,6,Haryana,604,Nuh,FEROZPUR JHIRKA,-,-,Ganga,Ganga,Yamuna,Ujjina(U.D.D),-,Ujjina(U.D.D),27.82805556,77.15805556,08-08-2024 11:30,6.2
2389,2389,Piprauli,CWC,6,Haryana,604,Nuh,FEROZPUR JHIRKA,-,-,Ganga,Ganga,Yamuna,Ujjina(U.D.D),-,Ujjina(U.D.D),27.82805556,77.15805556,09-08-2024 02:30,30.2
2390,2390,Piprauli,CWC,6,Haryana,604,Nuh,FEROZPUR JHIRKA,-,-,Ganga,Ganga,Yamuna,Ujjina(U.D.D),-,Ujjina(U.D.D),27.82805556,77.15805556,09-08-2024 05:30,15.4
2391,2391,Piprauli,CWC,6,Haryana,604,Nuh,FEROZPUR JHIRKA,-,-,Ganga,Ganga,Yamuna,Ujjina(U.D.D),-,Ujjina(U.D.D),27.82805556,77.15805556,09-08-2024 08:30,14.6
2392,2392,Piprauli,CWC,6,Haryana,604,Nuh,FEROZPUR JHIRKA,-,-,Ganga,Ganga,Yamuna,Ujjina(U.D.D),-,Ujjina(U.D.D),27.82805556,77.15805556,10-08-2024 08:30,18.2
2393,2393,Piprauli,CWC,6,Haryana,604,Nuh,FEROZPUR JHIRKA,-,-,Ganga,Ganga,Yamuna,Ujjina(U.D.D),-,Ujjina(U.D.D),27.82805556,77.15805556,11-08-2024 11:30,8.2
2394,2394,Piprauli,CWC,6,Haryana,604,Nuh,FEROZPUR JHIRKA,-,-,Ganga,Ganga,Yamuna,Ujjina(U.D.D),-,Ujjina(U.D.D),27.82805556,77.15805556,12-08-2024 08:30,12.2
2395,2395,Piprauli,CWC,6,Haryana,604,Nuh,FEROZPUR JHIRKA,-,-,Ganga,Ganga,Yamuna,Ujjina(U.D.D),-,Ujjina(U.D.D),27.82805556,77.15805556,15-08-2024 20:30,30.6
2396,2396,Piprauli,CWC,6,Haryana,604,Nuh,FEROZPUR JHIRKA,-,-,Ganga,Ganga,Yamuna,Ujjina(U.D.D),-,Ujjina(U.D.D),27.82805556,77.15805556,26-08-2024 20:30,6.2
2397,2397,Piprauli,CWC,6,Haryana,604,Nuh,FEROZPUR JHIRKA,-,-,Ganga,Ganga,Yamuna,Ujjina(U.D.D),-,Ujjina(U.D.D),27.82805556,77.15805556,27-08-2024 08:30,8.4
2398,2398,Piprauli,CWC,6,Haryana,604,Nuh,FEROZPUR JHIRKA,-,-,Ganga,Ganga,Yamuna,Ujjina(U.D.D),-,Ujjina(U.D.D),27.82805556,77.15805556,29-08-2024 05:30,10.2
2399,2399,Piprauli,CWC,6,Haryana,604,Nuh,FEROZPUR JHIRKA,-,-,Ganga,Ganga,Yamuna,Ujjina(U.D.D),-,Ujjina(U.D.D),27.82805556,77.15805556,29-08-2024 08:30,4.2
2400,2400,Piprauli,CWC,6,Haryana,604,Nuh,FEROZPUR JHIRKA,-,-,Ganga,Ganga,Yamuna,Ujjina(U.D.D),-,Ujjina(U.D.D),27.82805556,77.15805556,07-09-2024 08:30,4.2
2401,2401,Piprauli,CWC,6,Haryana,604,Nuh,FEROZPUR JHIRKA,-,-,Ganga,Ganga,Yamuna,Ujjina(U.D.D),-,Ujjina(U.D.D),27.82805556,77.15805556,07-09-2024 20:30,20.4
2402,2402,Piprauli,CWC,6,Haryana,604,Nuh,FEROZPUR JHIRKA,-,-,Ganga,Ganga,Yamuna,Ujjina(U.D.D),-,Ujjina(U.D.D),27.82805556,77.15805556,08-09-2024 11:30,25.6
2403,2403,Piprauli,CWC,6,Haryana,604,Nuh,FEROZPUR JHIRKA,-,-,Ganga,Ganga,Yamuna,Ujjina(U.D.D),-,Ujjina(U.D.D),27.82805556,77.15805556,08-09-2024 14:30,15.2
2404,2404,Piprauli,CWC,6,Haryana,604,Nuh,FEROZPUR JHIRKA,-,-,Ganga,Ganga,Yamuna,Ujjina(U.D.D),-,Ujjina(U.D.D),27.82805556,77.15805556,08-09-2024 17:30,18.2
2405,2405,Piprauli,CWC,6,Haryana,604,Nuh,FEROZPUR JHIRKA,-,-,Ganga,Ganga,Yamuna,Ujjina(U.D.D),-,Ujjina(U.D.D),27.82805556,77.15805556,12-09-2024 05:30,30.2
2406,2406,Piprauli,CWC,6,Haryana,604,Nuh,FEROZPUR JHIRKA,-,-,Ganga,Ganga,Yamuna,Ujjina(U.D.D),-,Ujjina(U.D.D),27.82805556,77.15805556,17-09-2024 20:30,20.2
2407,2407,Piprauli,CWC,6,Haryana,604,Nuh,FEROZPUR JHIRKA,-,-,Ganga,Ganga,Yamuna,Ujjina(U.D.D),-,Ujjina(U.D.D),27.82805556,77.15805556,18-09-2024 20:30,16.6
2408,2408,Piprauli,CWC,6,Haryana,604,Nuh,FEROZPUR JHIRKA,-,-,Ganga,Ganga,Yamuna,Ujjina(U.D.D),-,Ujjina(U.D.D),27.82805556,77.15805556,28-12-2024 08:30,4.2
2409,2409,Piprauli,CWC,6,Haryana,604,Nuh,FEROZPUR JHIRKA,-,-,Ganga,Ganga,Yamuna,Ujjina(U.D.D),-,Ujjina(U.D.D),27.82805556,77.15805556,12-01-2025 08:30,2
2410,2410,Piprauli,CWC,6,Haryana,604,Nuh,FEROZPUR JHIRKA,-,-,Ganga,Ganga,Yamuna,Ujjina(U.D.D),-,Ujjina(U.D.D),27.82805556,77.15805556,02-05-2025 08:30,8.4
2411,2411,Piprauli,CWC,6,Haryana,604,Nuh,FEROZPUR JHIRKA,-,-,Ganga,Ganga,Yamuna,Ujjina(U.D.D),-,Ujjina(U.D.D),27.82805556,77.15805556,03-05-2025 08:30,6.2
2412,2412,Piprauli,CWC,6,Haryana,604,Nuh,FEROZPUR JHIRKA,-,-,Ganga,Ganga,Yamuna,Ujjina(U.D.D),-,Ujjina(U.D.D),27.82805556,77.15805556,08-05-2025 08:30,4.2
2413,2413,Piprauli,CWC,6,Haryana,604,Nuh,FEROZPUR JHIRKA,-,-,Ganga,Ganga,Yamuna,Ujjina(U.D.D),-,Ujjina(U.D.D),27.82805556,77.15805556,01-06-2025 08:30,6.4
2414,2414,Piprauli,CWC,6,Haryana,604,Nuh,FEROZPUR JHIRKA,-,-,Ganga,Ganga,Yamuna,Ujjina(U.D.D),-,Ujjina(U.D.D),27.82805556,77.15805556,17-06-2025 08:30,2.4
2415,2415,Piprauli,CWC,6,Haryana,604,Nuh,FEROZPUR JHIRKA,-,-,Ganga,Ganga,Yamuna,Ujjina(U.D.D),-,Ujjina(U.D.D),27.82805556,77.15805556,18-06-2025 11:30,40.4
2416,2416,Piprauli,CWC,6,Haryana,604,Nuh,FEROZPUR JHIRKA,-,-,Ganga,Ganga,Yamuna,Ujjina(U.D.D),-,Ujjina(U.D.D),27.82805556,77.15805556,19-06-2025 08:30,20.2
2417,2417,Piprauli,CWC,6,Haryana,604,Nuh,FEROZPUR JHIRKA,-,-,Ganga,Ganga,Yamuna,Ujjina(U.D.D),-,Ujjina(U.D.D),27.82805556,77.15805556,01-07-2025 05:30,2.2
2418,2418,Piprauli,CWC,6,Haryana,604,Nuh,FEROZPUR JHIRKA,-,-,Ganga,Ganga,Yamuna,Ujjina(U.D.D),-,Ujjina(U.D.D),27.82805556,77.15805556,07-07-2025 08:30,25.4
2419,2419,Piprauli,CWC,6,Haryana,604,Nuh,FEROZPUR JHIRKA,-,-,Ganga,Ganga,Yamuna,Ujjina(U.D.D),-,Ujjina(U.D.D),27.82805556,77.15805556,10-07-2025 08:30,42.4
2420,2420,Piprauli,CWC,6,Haryana,604,Nuh,FEROZPUR JHIRKA,-,-,Ganga,Ganga,Yamuna,Ujjina(U.D.D),-,Ujjina(U.D.D),27.82805556,77.15805556,13-07-2025 08:30,42.4
2421,2421,Piprauli,CWC,6,Haryana,604,Nuh,FEROZPUR JHIRKA,-,-,Ganga,Ganga,Yamuna,Ujjina(U.D.D),-,Ujjina(U.D.D),27.82805556,77.15805556,13-07-2025 20:30,20.2
2422,2422,Piprauli,CWC,6,Haryana,604,Nuh,FEROZPUR JHIRKA,-,-,Ganga,Ganga,Yamuna,Ujjina(U.D.D),-,Ujjina(U.D.D),27.82805556,77.15805556,16-07-2025 05:30,6.2
2423,2423,Piprauli,CWC,6,Haryana,604,Nuh,FEROZPUR JHIRKA,-,-,Ganga,Ganga,Yamuna,Ujjina(U.D.D),-,Ujjina(U.D.D),27.82805556,77.15805556,23-07-2025 11:30,16.6
2424,2424,Piprauli,CWC,6,Haryana,604,Nuh,FEROZPUR JHIRKA,-,-,Ganga,Ganga,Yamuna,Ujjina(U.D.D),-,Ujjina(U.D.D),27.82805556,77.15805556,29-07-2025 14:30,20.2
2425,2425,Piprauli,CWC,6,Haryana,604,Nuh,FEROZPUR JHIRKA,-,-,Ganga,Ganga,Yamuna,Ujjina(U.D.D),-,Ujjina(U.D.D),27.82805556,77.15805556,01-08-2025 17:30,20.2
2426,2426,Piprauli,CWC,6,Haryana,604,Nuh,FEROZPUR JHIRKA,-,-,Ganga,Ganga,Yamuna,Ujjina(U.D.D),-,Ujjina(U.D.D),27.82805556,77.15805556,04-08-2025 08:30,20.2
2427,2427,Piprauli,CWC,6,Haryana,604,Nuh,FEROZPUR JHIRKA,-,-,Ganga,Ganga,Yamuna,Ujjina(U.D.D),-,Ujjina(U.D.D),27.82805556,77.15805556,09-08-2025 02:30,20.2
2428,2428,Piprauli,CWC,6,Haryana,604,Nuh,FEROZPUR JHIRKA,-,-,Ganga,Ganga,Yamuna,Ujjina(U.D.D),-,Ujjina(U.D.D),27.82805556,77.15805556,09-08-2025 08:30,8.4
2429,2429,Piprauli,CWC,6,Haryana,604,Nuh,FEROZPUR JHIRKA,-,-,Ganga,Ganga,Yamuna,Ujjina(U.D.D),-,Ujjina(U.D.D),27.82805556,77.15805556,14-08-2025 08:30,5
2430,2430,Piprauli,CWC,6,Haryana,604,Nuh,FEROZPUR JHIRKA,-,-,Ganga,Ganga,Yamuna,Ujjina(U.D.D),-,Ujjina(U.D.D),27.82805556,77.15805556,15-08-2025 08:30,34.4
2431,2431,Piprauli,CWC,6,Haryana,604,Nuh,FEROZPUR JHIRKA,-,-,Ganga,Ganga,Yamuna,Ujjina(U.D.D),-,Ujjina(U.D.D),27.82805556,77.15805556,22-08-2025 08:30,12.06
2432,2432,Piprauli,CWC,6,Haryana,604,Nuh,FEROZPUR JHIRKA,-,-,Ganga,Ganga,Yamuna,Ujjina(U.D.D),-,Ujjina(U.D.D),27.82805556,77.15805556,23-08-2025 17:30,10.2
2433,2433,Piprauli,CWC,6,Haryana,604,Nuh,FEROZPUR JHIRKA,-,-,Ganga,Ganga,Yamuna,Ujjina(U.D.D),-,Ujjina(U.D.D),27.82805556,77.15805556,25-08-2025 08:30,6.4
2434,2434,Piprauli,CWC,6,Haryana,604,Nuh,FEROZPUR JHIRKA,-,-,Ganga,Ganga,Yamuna,Ujjina(U.D.D),-,Ujjina(U.D.D),27.82805556,77.15805556,01-09-2025 08:30,4.2
2435,2435,Piprauli,CWC,6,Haryana,604,Nuh,FEROZPUR JHIRKA,-,-,Ganga,Ganga,Yamuna,Ujjina(U.D.D),-,Ujjina(U.D.D),27.82805556,77.15805556,01-09-2025 17:30,16.4
2436,2436,Piprauli,CWC,6,Haryana,604,Nuh,FEROZPUR JHIRKA,-,-,Ganga,Ganga,Yamuna,Ujjina(U.D.D),-,Ujjina(U.D.D),27.82805556,77.15805556,02-09-2025 08:30,6.2
2437,2437,Piprauli,CWC,6,Haryana,604,Nuh,FEROZPUR JHIRKA,-,-,Ganga,Ganga,Yamuna,Ujjina(U.D.D),-,Ujjina(U.D.D),27.82805556,77.15805556,02-09-2025 11:30,30.2
2438,2438,Piprauli,CWC,6,Haryana,604,Nuh,FEROZPUR JHIRKA,-,-,Ganga,Ganga,Yamuna,Ujjina(U.D.D),-,Ujjina(U.D.D),27.82805556,77.15805556,02-09-2025 14:30,25.6
2439,2439,Piprauli,CWC,6,Haryana,604,Nuh,FEROZPUR JHIRKA,-,-,Ganga,Ganga,Yamuna,Ujjina(U.D.D),-,Ujjina(U.D.D),27.82805556,77.15805556,05-09-2025 17:30,16.2
2440,2440,Piprauli,CWC,6,Haryana,604,Nuh,FEROZPUR JHIRKA,-,-,Ganga,Ganga,Yamuna,Ujjina(U.D.D),-,Ujjina(U.D.D),27.82805556,77.15805556,06-10-2025 14:30,12.2
2441,2441,Piprauli,CWC,6,Haryana,604,Nuh,FEROZPUR JHIRKA,-,-,Ganga,Ganga,Yamuna,Ujjina(U.D.D),-,Ujjina(U.D.D),27.82805556,77.15805556,07-10-2025 05:30,16.4
2442,2442,Rahimpur,CWC,6,Haryana,619,Palwal,PALWAL,-,-,Ganga,Ganga,Yamuna,Yamuna,Yamuna,Yamuna,28.09472222,77.47722222,04-01-2021 08:30,47
2443,2443,Rahimpur,CWC,6,Haryana,619,Palwal,PALWAL,-,-,Ganga,Ganga,Yamuna,Yamuna,Yamuna,Yamuna,28.09472222,77.47722222,06-01-2021 08:30,5
2444,2444,Rahimpur,CWC,6,Haryana,619,Palwal,PALWAL,-,-,Ganga,Ganga,Yamuna,Yamuna,Yamuna,Yamuna,28.09472222,77.47722222,05-02-2021 08:30,4
2445,2445,Rahimpur,CWC,6,Haryana,619,Palwal,PALWAL,-,-,Ganga,Ganga,Yamuna,Yamuna,Yamuna,Yamuna,28.09472222,77.47722222,06-05-2021 08:30,1.5
2446,2446,Rahimpur,CWC,6,Haryana,619,Palwal,PALWAL,-,-,Ganga,Ganga,Yamuna,Yamuna,Yamuna,Yamuna,28.09472222,77.47722222,10-05-2021 08:30,3.5
2447,2447,Rahimpur,CWC,6,Haryana,619,Palwal,PALWAL,-,-,Ganga,Ganga,Yamuna,Yamuna,Yamuna,Yamuna,28.09472222,77.47722222,12-05-2021 08:30,1.3
2448,2448,Rahimpur,CWC,6,Haryana,619,Palwal,PALWAL,-,-,Ganga,Ganga,Yamuna,Yamuna,Yamuna,Yamuna,28.09472222,77.47722222,19-05-2021 08:30,21.2
2449,2449,Rahimpur,CWC,6,Haryana,619,Palwal,PALWAL,-,-,Ganga,Ganga,Yamuna,Yamuna,Yamuna,Yamuna,28.09472222,77.47722222,20-05-2021 08:30,40
2450,2450,Rahimpur,CWC,6,Haryana,619,Palwal,PALWAL,-,-,Ganga,Ganga,Yamuna,Yamuna,Yamuna,Yamuna,28.09472222,77.47722222,22-05-2021 08:30,7.4
2451,2451,Rahimpur,CWC,6,Haryana,619,Palwal,PALWAL,-,-,Ganga,Ganga,Yamuna,Yamuna,Yamuna,Yamuna,28.09472222,77.47722222,01-06-2021 08:30,6.3
2452,2452,Rahimpur,CWC,6,Haryana,619,Palwal,PALWAL,-,-,Ganga,Ganga,Yamuna,Yamuna,Yamuna,Yamuna,28.09472222,77.47722222,06-06-2021 08:30,3.1
2453,2453,Rahimpur,CWC,6,Haryana,619,Palwal,PALWAL,-,-,Ganga,Ganga,Yamuna,Yamuna,Yamuna,Yamuna,28.09472222,77.47722222,16-06-2021 08:30,17
2454,2454,Rahimpur,CWC,6,Haryana,619,Palwal,PALWAL,-,-,Ganga,Ganga,Yamuna,Yamuna,Yamuna,Yamuna,28.09472222,77.47722222,26-06-2021 08:30,3.1
2455,2455,Rahimpur,CWC,6,Haryana,619,Palwal,PALWAL,-,-,Ganga,Ganga,Yamuna,Yamuna,Yamuna,Yamuna,28.09472222,77.47722222,04-07-2021 08:30,13.2
2456,2456,Rahimpur,CWC,6,Haryana,619,Palwal,PALWAL,-,-,Ganga,Ganga,Yamuna,Yamuna,Yamuna,Yamuna,28.09472222,77.47722222,14-07-2021 08:30,3.1
2457,2457,Rahimpur,CWC,6,Haryana,619,Palwal,PALWAL,-,-,Ganga,Ganga,Yamuna,Yamuna,Yamuna,Yamuna,28.09472222,77.47722222,18-07-2021 08:30,8
2458,2458,Rahimpur,CWC,6,Haryana,619,Palwal,PALWAL,-,-,Ganga,Ganga,Yamuna,Yamuna,Yamuna,Yamuna,28.09472222,77.47722222,19-07-2021 08:30,107
2459,2459,Rahimpur,CWC,6,Haryana,619,Palwal,PALWAL,-,-,Ganga,Ganga,Yamuna,Yamuna,Yamuna,Yamuna,28.09472222,77.47722222,21-07-2021 08:30,40
2460,2460,Rahimpur,CWC,6,Haryana,619,Palwal,PALWAL,-,-,Ganga,Ganga,Yamuna,Yamuna,Yamuna,Yamuna,28.09472222,77.47722222,28-07-2021 08:30,30
2461,2461,Rahimpur,CWC,6,Haryana,619,Palwal,PALWAL,-,-,Ganga,Ganga,Yamuna,Yamuna,Yamuna,Yamuna,28.09472222,77.47722222,30-07-2021 08:30,64
2462,2462,Rahimpur,CWC,6,Haryana,619,Palwal,PALWAL,-,-,Ganga,Ganga,Yamuna,Yamuna,Yamuna,Yamuna,28.09472222,77.47722222,31-07-2021 08:30,7
2463,2463,Rahimpur,CWC,6,Haryana,619,Palwal,PALWAL,-,-,Ganga,Ganga,Yamuna,Yamuna,Yamuna,Yamuna,28.09472222,77.47722222,09-08-2021 08:30,7
2464,2464,Rahimpur,CWC,6,Haryana,619,Palwal,PALWAL,-,-,Ganga,Ganga,Yamuna,Yamuna,Yamuna,Yamuna,28.09472222,77.47722222,21-08-2021 08:30,80
2465,2465,Rahimpur,CWC,6,Haryana,619,Palwal,PALWAL,-,-,Ganga,Ganga,Yamuna,Yamuna,Yamuna,Yamuna,28.09472222,77.47722222,22-08-2021 08:30,30
2466,2466,Rahimpur,CWC,6,Haryana,619,Palwal,PALWAL,-,-,Ganga,Ganga,Yamuna,Yamuna,Yamuna,Yamuna,28.09472222,77.47722222,01-09-2021 08:30,132
2467,2467,Rahimpur,CWC,6,Haryana,619,Palwal,PALWAL,-,-,Ganga,Ganga,Yamuna,Yamuna,Yamuna,Yamuna,28.09472222,77.47722222,02-09-2021 08:30,12
2468,2468,Rahimpur,CWC,6,Haryana,619,Palwal,PALWAL,-,-,Ganga,Ganga,Yamuna,Yamuna,Yamuna,Yamuna,28.09472222,77.47722222,03-09-2021 08:30,8.5
2469,2469,Rahimpur,CWC,6,Haryana,619,Palwal,PALWAL,-,-,Ganga,Ganga,Yamuna,Yamuna,Yamuna,Yamuna,28.09472222,77.47722222,11-09-2021 08:30,26.02
2470,2470,Rahimpur,CWC,6,Haryana,619,Palwal,PALWAL,-,-,Ganga,Ganga,Yamuna,Yamuna,Yamuna,Yamuna,28.09472222,77.47722222,12-09-2021 08:30,20
2471,2471,Rahimpur,CWC,6,Haryana,619,Palwal,PALWAL,-,-,Ganga,Ganga,Yamuna,Yamuna,Yamuna,Yamuna,28.09472222,77.47722222,14-09-2021 08:30,10
2472,2472,Rahimpur,CWC,6,Haryana,619,Palwal,PALWAL,-,-,Ganga,Ganga,Yamuna,Yamuna,Yamuna,Yamuna,28.09472222,77.47722222,16-09-2021 08:30,4
2473,2473,Rahimpur,CWC,6,Haryana,619,Palwal,PALWAL,-,-,Ganga,Ganga,Yamuna,Yamuna,Yamuna,Yamuna,28.09472222,77.47722222,17-09-2021 08:30,4
2474,2474,Rahimpur,CWC,6,Haryana,619,Palwal,PALWAL,-,-,Ganga,Ganga,Yamuna,Yamuna,Yamuna,Yamuna,28.09472222,77.47722222,18-09-2021 08:30,17.01
2475,2475,Rahimpur,CWC,6,Haryana,619,Palwal,PALWAL,-,-,Ganga,Ganga,Yamuna,Yamuna,Yamuna,Yamuna,28.09472222,77.47722222,22-09-2021 08:30,10
2476,2476,Rahimpur,CWC,6,Haryana,619,Palwal,PALWAL,-,-,Ganga,Ganga,Yamuna,Yamuna,Yamuna,Yamuna,28.09472222,77.47722222,18-10-2021 08:30,80
2477,2477,Rahimpur,CWC,6,Haryana,619,Palwal,PALWAL,-,-,Ganga,Ganga,Yamuna,Yamuna,Yamuna,Yamuna,28.09472222,77.47722222,19-10-2021 08:30,1.3
2478,2478,Rahimpur,CWC,6,Haryana,619,Palwal,PALWAL,-,-,Ganga,Ganga,Yamuna,Yamuna,Yamuna,Yamuna,28.09472222,77.47722222,27-12-2021 08:30,3
2479,2479,Rahimpur,CWC,6,Haryana,619,Palwal,PALWAL,-,-,Ganga,Ganga,Yamuna,Yamuna,Yamuna,Yamuna,28.09472222,77.47722222,06-01-2022 08:30,7
2480,2480,Rahimpur,CWC,6,Haryana,619,Palwal,PALWAL,-,-,Ganga,Ganga,Yamuna,Yamuna,Yamuna,Yamuna,28.09472222,77.47722222,08-01-2022 08:30,5
2481,2481,Rahimpur,CWC,6,Haryana,619,Palwal,PALWAL,-,-,Ganga,Ganga,Yamuna,Yamuna,Yamuna,Yamuna,28.09472222,77.47722222,09-01-2022 08:30,42
2482,2482,Rahimpur,CWC,6,Haryana,619,Palwal,PALWAL,-,-,Ganga,Ganga,Yamuna,Yamuna,Yamuna,Yamuna,28.09472222,77.47722222,22-01-2022 08:30,7
2483,2483,Rahimpur,CWC,6,Haryana,619,Palwal,PALWAL,-,-,Ganga,Ganga,Yamuna,Yamuna,Yamuna,Yamuna,28.09472222,77.47722222,23-01-2022 08:30,4.5
2484,2484,Rahimpur,CWC,6,Haryana,619,Palwal,PALWAL,-,-,Ganga,Ganga,Yamuna,Yamuna,Yamuna,Yamuna,28.09472222,77.47722222,09-02-2022 08:30,21
2485,2485,Rahimpur,CWC,6,Haryana,619,Palwal,PALWAL,-,-,Ganga,Ganga,Yamuna,Yamuna,Yamuna,Yamuna,28.09472222,77.47722222,26-02-2022 08:30,8.2
2486,2486,Rahimpur,CWC,6,Haryana,619,Palwal,PALWAL,-,-,Ganga,Ganga,Yamuna,Yamuna,Yamuna,Yamuna,28.09472222,77.47722222,27-02-2022 08:30,5
2487,2487,Rahimpur,CWC,6,Haryana,619,Palwal,PALWAL,-,-,Ganga,Ganga,Yamuna,Yamuna,Yamuna,Yamuna,28.09472222,77.47722222,05-05-2022 08:30,15
2488,2488,Rahimpur,CWC,6,Haryana,619,Palwal,PALWAL,-,-,Ganga,Ganga,Yamuna,Yamuna,Yamuna,Yamuna,28.09472222,77.47722222,23-05-2022 08:30,14
2489,2489,Rahimpur,CWC,6,Haryana,619,Palwal,PALWAL,-,-,Ganga,Ganga,Yamuna,Yamuna,Yamuna,Yamuna,28.09472222,77.47722222,24-05-2022 08:30,29
2490,2490,Rahimpur,CWC,6,Haryana,619,Palwal,PALWAL,-,-,Ganga,Ganga,Yamuna,Yamuna,Yamuna,Yamuna,28.09472222,77.47722222,17-06-2022 08:30,15
2491,2491,Rahimpur,CWC,6,Haryana,619,Palwal,PALWAL,-,-,Ganga,Ganga,Yamuna,Yamuna,Yamuna,Yamuna,28.09472222,77.47722222,18-06-2022 08:30,13
2492,2492,Rahimpur,CWC,6,Haryana,619,Palwal,PALWAL,-,-,Ganga,Ganga,Yamuna,Yamuna,Yamuna,Yamuna,28.09472222,77.47722222,19-06-2022 08:30,2
2493,2493,Rahimpur,CWC,6,Haryana,619,Palwal,PALWAL,-,-,Ganga,Ganga,Yamuna,Yamuna,Yamuna,Yamuna,28.09472222,77.47722222,01-07-2022 08:30,62
2494,2494,Rahimpur,CWC,6,Haryana,619,Palwal,PALWAL,-,-,Ganga,Ganga,Yamuna,Yamuna,Yamuna,Yamuna,28.09472222,77.47722222,12-07-2022 08:30,9
2495,2495,Rahimpur,CWC,6,Haryana,619,Palwal,PALWAL,-,-,Ganga,Ganga,Yamuna,Yamuna,Yamuna,Yamuna,28.09472222,77.47722222,16-07-2022 08:30,8
2496,2496,Rahimpur,CWC,6,Haryana,619,Palwal,PALWAL,-,-,Ganga,Ganga,Yamuna,Yamuna,Yamuna,Yamuna,28.09472222,77.47722222,17-07-2022 08:30,75
2497,2497,Rahimpur,CWC,6,Haryana,619,Palwal,PALWAL,-,-,Ganga,Ganga,Yamuna,Yamuna,Yamuna,Yamuna,28.09472222,77.47722222,21-07-2022 08:30,2
2498,2498,Rahimpur,CWC,6,Haryana,619,Palwal,PALWAL,-,-,Ganga,Ganga,Yamuna,Yamuna,Yamuna,Yamuna,28.09472222,77.47722222,23-07-2022 08:30,22
2499,2499,Rahimpur,CWC,6,Haryana,619,Palwal,PALWAL,-,-,Ganga,Ganga,Yamuna,Yamuna,Yamuna,Yamuna,28.09472222,77.47722222,25-07-2022 08:30,11
2500,2500,Rahimpur,CWC,6,Haryana,619,Palwal,PALWAL,-,-,Ganga,Ganga,Yamuna,Yamuna,Yamuna,Yamuna,28.09472222,77.47722222,28-07-2022 08:30,5
2501,2501,Rahimpur,CWC,6,Haryana,619,Palwal,PALWAL,-,-,Ganga,Ganga,Yamuna,Yamuna,Yamuna,Yamuna,28.09472222,77.47722222,29-07-2022 08:30,73
2502,2502,Rahimpur,CWC,6,Haryana,619,Palwal,PALWAL,-,-,Ganga,Ganga,Yamuna,Yamuna,Yamuna,Yamuna,28.09472222,77.47722222,30-07-2022 08:30,149
2503,2503,Rahimpur,CWC,6,Haryana,619,Palwal,PALWAL,-,-,Ganga,Ganga,Yamuna,Yamuna,Yamuna,Yamuna,28.09472222,77.47722222,04-08-2022 08:30,11.4
2504,2504,Rahimpur,CWC,6,Haryana,619,Palwal,PALWAL,-,-,Ganga,Ganga,Yamuna,Yamuna,Yamuna,Yamuna,28.09472222,77.47722222,05-08-2022 08:30,9
2505,2505,Rahimpur,CWC,6,Haryana,619,Palwal,PALWAL,-,-,Ganga,Ganga,Yamuna,Yamuna,Yamuna,Yamuna,28.09472222,77.47722222,06-08-2022 08:30,63
2506,2506,Rahimpur,CWC,6,Haryana,619,Palwal,PALWAL,-,-,Ganga,Ganga,Yamuna,Yamuna,Yamuna,Yamuna,28.09472222,77.47722222,07-08-2022 08:30,31
2507,2507,Rahimpur,CWC,6,Haryana,619,Palwal,PALWAL,-,-,Ganga,Ganga,Yamuna,Yamuna,Yamuna,Yamuna,28.09472222,77.47722222,08-08-2022 08:30,55
2508,2508,Rahimpur,CWC,6,Haryana,619,Palwal,PALWAL,-,-,Ganga,Ganga,Yamuna,Yamuna,Yamuna,Yamuna,28.09472222,77.47722222,15-08-2022 08:30,25
2509,2509,Rahimpur,CWC,6,Haryana,619,Palwal,PALWAL,-,-,Ganga,Ganga,Yamuna,Yamuna,Yamuna,Yamuna,28.09472222,77.47722222,21-08-2022 08:30,9
2510,2510,Rahimpur,CWC,6,Haryana,619,Palwal,PALWAL,-,-,Ganga,Ganga,Yamuna,Yamuna,Yamuna,Yamuna,28.09472222,77.47722222,22-08-2022 08:30,6
2511,2511,Rahimpur,CWC,6,Haryana,619,Palwal,PALWAL,-,-,Ganga,Ganga,Yamuna,Yamuna,Yamuna,Yamuna,28.09472222,77.47722222,25-08-2022 08:30,10
2512,2512,Rahimpur,CWC,6,Haryana,619,Palwal,PALWAL,-,-,Ganga,Ganga,Yamuna,Yamuna,Yamuna,Yamuna,28.09472222,77.47722222,16-09-2022 08:30,1
2513,2513,Rahimpur,CWC,6,Haryana,619,Palwal,PALWAL,-,-,Ganga,Ganga,Yamuna,Yamuna,Yamuna,Yamuna,28.09472222,77.47722222,22-09-2022 08:30,28
2514,2514,Rahimpur,CWC,6,Haryana,619,Palwal,PALWAL,-,-,Ganga,Ganga,Yamuna,Yamuna,Yamuna,Yamuna,28.09472222,77.47722222,23-09-2022 08:30,227
2515,2515,Rahimpur,CWC,6,Haryana,619,Palwal,PALWAL,-,-,Ganga,Ganga,Yamuna,Yamuna,Yamuna,Yamuna,28.09472222,77.47722222,24-09-2022 08:30,100
2516,2516,Rahimpur,CWC,6,Haryana,619,Palwal,PALWAL,-,-,Ganga,Ganga,Yamuna,Yamuna,Yamuna,Yamuna,28.09472222,77.47722222,25-09-2022 08:30,71
2517,2517,Rahimpur,CWC,6,Haryana,619,Palwal,PALWAL,-,-,Ganga,Ganga,Yamuna,Yamuna,Yamuna,Yamuna,28.09472222,77.47722222,08-10-2022 08:30,7
2518,2518,Rahimpur,CWC,6,Haryana,619,Palwal,PALWAL,-,-,Ganga,Ganga,Yamuna,Yamuna,Yamuna,Yamuna,28.09472222,77.47722222,09-10-2022 08:30,131
2519,2519,Rahimpur,CWC,6,Haryana,619,Palwal,PALWAL,-,-,Ganga,Ganga,Yamuna,Yamuna,Yamuna,Yamuna,28.09472222,77.47722222,10-10-2022 08:30,95
2520,2520,Rahimpur,CWC,6,Haryana,619,Palwal,PALWAL,-,-,Ganga,Ganga,Yamuna,Yamuna,Yamuna,Yamuna,28.09472222,77.47722222,30-01-2023 08:30,12
2521,2521,Rahimpur,CWC,6,Haryana,619,Palwal,PALWAL,-,-,Ganga,Ganga,Yamuna,Yamuna,Yamuna,Yamuna,28.09472222,77.47722222,09-03-2023 08:30,8
2522,2522,Rahimpur,CWC,6,Haryana,619,Palwal,PALWAL,-,-,Ganga,Ganga,Yamuna,Yamuna,Yamuna,Yamuna,28.09472222,77.47722222,19-03-2023 08:30,3
2523,2523,Rahimpur,CWC,6,Haryana,619,Palwal,PALWAL,-,-,Ganga,Ganga,Yamuna,Yamuna,Yamuna,Yamuna,28.09472222,77.47722222,21-03-2023 08:30,8
2524,2524,Rahimpur,CWC,6,Haryana,619,Palwal,PALWAL,-,-,Ganga,Ganga,Yamuna,Yamuna,Yamuna,Yamuna,28.09472222,77.47722222,25-03-2023 08:30,8
2525,2525,Rahimpur,CWC,6,Haryana,619,Palwal,PALWAL,-,-,Ganga,Ganga,Yamuna,Yamuna,Yamuna,Yamuna,28.09472222,77.47722222,31-03-2023 08:30,18
2526,2526,Rahimpur,CWC,6,Haryana,619,Palwal,PALWAL,-,-,Ganga,Ganga,Yamuna,Yamuna,Yamuna,Yamuna,28.09472222,77.47722222,01-04-2023 08:30,4
2527,2527,Rahimpur,CWC,6,Haryana,619,Palwal,PALWAL,-,-,Ganga,Ganga,Yamuna,Yamuna,Yamuna,Yamuna,28.09472222,77.47722222,04-04-2023 08:30,1
2528,2528,Rahimpur,CWC,6,Haryana,619,Palwal,PALWAL,-,-,Ganga,Ganga,Yamuna,Yamuna,Yamuna,Yamuna,28.09472222,77.47722222,01-05-2023 08:30,78
2529,2529,Rahimpur,CWC,6,Haryana,619,Palwal,PALWAL,-,-,Ganga,Ganga,Yamuna,Yamuna,Yamuna,Yamuna,28.09472222,77.47722222,02-05-2023 08:30,55
2530,2530,Rahimpur,CWC,6,Haryana,619,Palwal,PALWAL,-,-,Ganga,Ganga,Yamuna,Yamuna,Yamuna,Yamuna,28.09472222,77.47722222,04-05-2023 08:30,8
2531,2531,Rahimpur,CWC,6,Haryana,619,Palwal,PALWAL,-,-,Ganga,Ganga,Yamuna,Yamuna,Yamuna,Yamuna,28.09472222,77.47722222,09-05-2023 08:30,34
2532,2532,Rahimpur,CWC,6,Haryana,619,Palwal,PALWAL,-,-,Ganga,Ganga,Yamuna,Yamuna,Yamuna,Yamuna,28.09472222,77.47722222,26-05-2023 08:30,24
2533,2533,Rahimpur,CWC,6,Haryana,619,Palwal,PALWAL,-,-,Ganga,Ganga,Yamuna,Yamuna,Yamuna,Yamuna,28.09472222,77.47722222,19-06-2023 08:30,5
2534,2534,Rahimpur,CWC,6,Haryana,619,Palwal,PALWAL,-,-,Ganga,Ganga,Yamuna,Yamuna,Yamuna,Yamuna,28.09472222,77.47722222,25-06-2023 08:30,33
2535,2535,Rahimpur,CWC,6,Haryana,619,Palwal,PALWAL,-,-,Ganga,Ganga,Yamuna,Yamuna,Yamuna,Yamuna,28.09472222,77.47722222,30-06-2023 08:30,33
2536,2536,Rahimpur,CWC,6,Haryana,619,Palwal,PALWAL,-,-,Ganga,Ganga,Yamuna,Yamuna,Yamuna,Yamuna,28.09472222,77.47722222,01-07-2023 08:30,7
2537,2537,Rahimpur,CWC,6,Haryana,619,Palwal,PALWAL,-,-,Ganga,Ganga,Yamuna,Yamuna,Yamuna,Yamuna,28.09472222,77.47722222,07-07-2023 11:30,3
2538,2538,Rahimpur,CWC,6,Haryana,619,Palwal,PALWAL,-,-,Ganga,Ganga,Yamuna,Yamuna,Yamuna,Yamuna,28.09472222,77.47722222,08-07-2023 20:30,3
2539,2539,Rahimpur,CWC,6,Haryana,619,Palwal,PALWAL,-,-,Ganga,Ganga,Yamuna,Yamuna,Yamuna,Yamuna,28.09472222,77.47722222,09-07-2023 08:30,10
2540,2540,Rahimpur,CWC,6,Haryana,619,Palwal,PALWAL,-,-,Ganga,Ganga,Yamuna,Yamuna,Yamuna,Yamuna,28.09472222,77.47722222,09-07-2023 14:30,4
2541,2541,Rahimpur,CWC,6,Haryana,619,Palwal,PALWAL,-,-,Ganga,Ganga,Yamuna,Yamuna,Yamuna,Yamuna,28.09472222,77.47722222,09-07-2023 17:30,5
2542,2542,Rahimpur,CWC,6,Haryana,619,Palwal,PALWAL,-,-,Ganga,Ganga,Yamuna,Yamuna,Yamuna,Yamuna,28.09472222,77.47722222,10-07-2023 14:30,55
2543,2543,Rahimpur,CWC,6,Haryana,619,Palwal,PALWAL,-,-,Ganga,Ganga,Yamuna,Yamuna,Yamuna,Yamuna,28.09472222,77.47722222,10-07-2023 20:30,4
2544,2544,Rahimpur,CWC,6,Haryana,619,Palwal,PALWAL,-,-,Ganga,Ganga,Yamuna,Yamuna,Yamuna,Yamuna,28.09472222,77.47722222,11-07-2023 08:30,23
2545,2545,Rahimpur,CWC,6,Haryana,619,Palwal,PALWAL,-,-,Ganga,Ganga,Yamuna,Yamuna,Yamuna,Yamuna,28.09472222,77.47722222,17-07-2023 14:30,5
2546,2546,Rahimpur,CWC,6,Haryana,619,Palwal,PALWAL,-,-,Ganga,Ganga,Yamuna,Yamuna,Yamuna,Yamuna,28.09472222,77.47722222,22-07-2023 14:30,2
2547,2547,Rahimpur,CWC,6,Haryana,619,Palwal,PALWAL,-,-,Ganga,Ganga,Yamuna,Yamuna,Yamuna,Yamuna,28.09472222,77.47722222,26-07-2023 08:30,4
2548,2548,Rahimpur,CWC,6,Haryana,619,Palwal,PALWAL,-,-,Ganga,Ganga,Yamuna,Yamuna,Yamuna,Yamuna,28.09472222,77.47722222,26-07-2023 11:30,44
2549,2549,Rahimpur,CWC,6,Haryana,619,Palwal,PALWAL,-,-,Ganga,Ganga,Yamuna,Yamuna,Yamuna,Yamuna,28.09472222,77.47722222,29-07-2023 08:30,5
2550,2550,Rahimpur,CWC,6,Haryana,619,Palwal,PALWAL,-,-,Ganga,Ganga,Yamuna,Yamuna,Yamuna,Yamuna,28.09472222,77.47722222,29-07-2023 11:30,8
2551,2551,Rahimpur,CWC,6,Haryana,619,Palwal,PALWAL,-,-,Ganga,Ganga,Yamuna,Yamuna,Yamuna,Yamuna,28.09472222,77.47722222,05-08-2023 08:30,64
2552,2552,Rahimpur,CWC,6,Haryana,619,Palwal,PALWAL,-,-,Ganga,Ganga,Yamuna,Yamuna,Yamuna,Yamuna,28.09472222,77.47722222,19-08-2023 05:30,8.2
2553,2553,Rahimpur,CWC,6,Haryana,619,Palwal,PALWAL,-,-,Ganga,Ganga,Yamuna,Yamuna,Yamuna,Yamuna,28.09472222,77.47722222,19-08-2023 08:30,2
2554,2554,Rahimpur,CWC,6,Haryana,619,Palwal,PALWAL,-,-,Ganga,Ganga,Yamuna,Yamuna,Yamuna,Yamuna,28.09472222,77.47722222,22-08-2023 20:30,4
2555,2555,Rahimpur,CWC,6,Haryana,619,Palwal,PALWAL,-,-,Ganga,Ganga,Yamuna,Yamuna,Yamuna,Yamuna,28.09472222,77.47722222,23-08-2023 08:30,5
2556,2556,Rahimpur,CWC,6,Haryana,619,Palwal,PALWAL,-,-,Ganga,Ganga,Yamuna,Yamuna,Yamuna,Yamuna,28.09472222,77.47722222,23-08-2023 11:30,7
2557,2557,Rahimpur,CWC,6,Haryana,619,Palwal,PALWAL,-,-,Ganga,Ganga,Yamuna,Yamuna,Yamuna,Yamuna,28.09472222,77.47722222,23-08-2023 20:30,3
2558,2558,Rahimpur,CWC,6,Haryana,619,Palwal,PALWAL,-,-,Ganga,Ganga,Yamuna,Yamuna,Yamuna,Yamuna,28.09472222,77.47722222,06-09-2023 08:30,27.2
2559,2559,Rahimpur,CWC,6,Haryana,619,Palwal,PALWAL,-,-,Ganga,Ganga,Yamuna,Yamuna,Yamuna,Yamuna,28.09472222,77.47722222,08-09-2023 20:30,14
2560,2560,Rahimpur,CWC,6,Haryana,619,Palwal,PALWAL,-,-,Ganga,Ganga,Yamuna,Yamuna,Yamuna,Yamuna,28.09472222,77.47722222,10-09-2023 08:30,8
2561,2561,Rahimpur,CWC,6,Haryana,619,Palwal,PALWAL,-,-,Ganga,Ganga,Yamuna,Yamuna,Yamuna,Yamuna,28.09472222,77.47722222,10-09-2023 11:30,10
2562,2562,Rahimpur,CWC,6,Haryana,619,Palwal,PALWAL,-,-,Ganga,Ganga,Yamuna,Yamuna,Yamuna,Yamuna,28.09472222,77.47722222,10-09-2023 14:30,15
2563,2563,Rahimpur,CWC,6,Haryana,619,Palwal,PALWAL,-,-,Ganga,Ganga,Yamuna,Yamuna,Yamuna,Yamuna,28.09472222,77.47722222,16-09-2023 17:30,20
2564,2564,Rahimpur,CWC,6,Haryana,619,Palwal,PALWAL,-,-,Ganga,Ganga,Yamuna,Yamuna,Yamuna,Yamuna,28.09472222,77.47722222,24-09-2023 20:30,3
2565,2565,Rahimpur,CWC,6,Haryana,619,Palwal,PALWAL,-,-,Ganga,Ganga,Yamuna,Yamuna,Yamuna,Yamuna,28.09472222,77.47722222,17-10-2023 11:30,2
2566,2566,Rahimpur,CWC,6,Haryana,619,Palwal,PALWAL,-,-,Ganga,Ganga,Yamuna,Yamuna,Yamuna,Yamuna,28.09472222,77.47722222,04-12-2023 08:30,2
2567,2567,Rahimpur,CWC,6,Haryana,619,Palwal,PALWAL,-,-,Ganga,Ganga,Yamuna,Yamuna,Yamuna,Yamuna,28.09472222,77.47722222,01-02-2024 08:30,20
2568,2568,Rahimpur,CWC,6,Haryana,619,Palwal,PALWAL,-,-,Ganga,Ganga,Yamuna,Yamuna,Yamuna,Yamuna,28.09472222,77.47722222,02-02-2024 08:30,3
2569,2569,Rahimpur,CWC,6,Haryana,619,Palwal,PALWAL,-,-,Ganga,Ganga,Yamuna,Yamuna,Yamuna,Yamuna,28.09472222,77.47722222,02-03-2024 08:30,6
2570,2570,Rahimpur,CWC,6,Haryana,619,Palwal,PALWAL,-,-,Ganga,Ganga,Yamuna,Yamuna,Yamuna,Yamuna,28.09472222,77.47722222,04-03-2024 08:30,4
2571,2571,Rahimpur,CWC,6,Haryana,619,Palwal,PALWAL,-,-,Ganga,Ganga,Yamuna,Yamuna,Yamuna,Yamuna,28.09472222,77.47722222,14-03-2024 08:30,2
2572,2572,Rahimpur,CWC,6,Haryana,619,Palwal,PALWAL,-,-,Ganga,Ganga,Yamuna,Yamuna,Yamuna,Yamuna,28.09472222,77.47722222,30-03-2024 08:30,1.2
2573,2573,Rahimpur,CWC,6,Haryana,619,Palwal,PALWAL,-,-,Ganga,Ganga,Yamuna,Yamuna,Yamuna,Yamuna,28.09472222,77.47722222,06-06-2024 08:30,1
2574,2574,Rahimpur,CWC,6,Haryana,619,Palwal,PALWAL,-,-,Ganga,Ganga,Yamuna,Yamuna,Yamuna,Yamuna,28.09472222,77.47722222,28-06-2024 08:30,24.2
2575,2575,Rahimpur,CWC,6,Haryana,619,Palwal,PALWAL,-,-,Ganga,Ganga,Yamuna,Yamuna,Yamuna,Yamuna,28.09472222,77.47722222,29-06-2024 08:30,2
2576,2576,Rahimpur,CWC,6,Haryana,619,Palwal,PALWAL,-,-,Ganga,Ganga,Yamuna,Yamuna,Yamuna,Yamuna,28.09472222,77.47722222,02-07-2024 20:30,16
2577,2577,Rahimpur,CWC,6,Haryana,619,Palwal,PALWAL,-,-,Ganga,Ganga,Yamuna,Yamuna,Yamuna,Yamuna,28.09472222,77.47722222,04-07-2024 08:30,10
2578,2578,Rahimpur,CWC,6,Haryana,619,Palwal,PALWAL,-,-,Ganga,Ganga,Yamuna,Yamuna,Yamuna,Yamuna,28.09472222,77.47722222,05-07-2024 08:30,2
2579,2579,Rahimpur,CWC,6,Haryana,619,Palwal,PALWAL,-,-,Ganga,Ganga,Yamuna,Yamuna,Yamuna,Yamuna,28.09472222,77.47722222,15-07-2024 17:30,1
2580,2580,Rahimpur,CWC,6,Haryana,619,Palwal,PALWAL,-,-,Ganga,Ganga,Yamuna,Yamuna,Yamuna,Yamuna,28.09472222,77.47722222,21-07-2024 20:30,19
2581,2581,Rahimpur,CWC,6,Haryana,619,Palwal,PALWAL,-,-,Ganga,Ganga,Yamuna,Yamuna,Yamuna,Yamuna,28.09472222,77.47722222,24-07-2024 14:30,20
2582,2582,Rahimpur,CWC,6,Haryana,619,Palwal,PALWAL,-,-,Ganga,Ganga,Yamuna,Yamuna,Yamuna,Yamuna,28.09472222,77.47722222,25-07-2024 08:30,105
2583,2583,Rahimpur,CWC,6,Haryana,619,Palwal,PALWAL,-,-,Ganga,Ganga,Yamuna,Yamuna,Yamuna,Yamuna,28.09472222,77.47722222,25-07-2024 11:30,1
2584,2584,Rahimpur,CWC,6,Haryana,619,Palwal,PALWAL,-,-,Ganga,Ganga,Yamuna,Yamuna,Yamuna,Yamuna,28.09472222,77.47722222,26-07-2024 08:30,8
2585,2585,Rahimpur,CWC,6,Haryana,619,Palwal,PALWAL,-,-,Ganga,Ganga,Yamuna,Yamuna,Yamuna,Yamuna,28.09472222,77.47722222,01-08-2024 08:30,3
2586,2586,Rahimpur,CWC,6,Haryana,619,Palwal,PALWAL,-,-,Ganga,Ganga,Yamuna,Yamuna,Yamuna,Yamuna,28.09472222,77.47722222,06-08-2024 23:30,1
2587,2587,Rahimpur,CWC,6,Haryana,619,Palwal,PALWAL,-,-,Ganga,Ganga,Yamuna,Yamuna,Yamuna,Yamuna,28.09472222,77.47722222,08-08-2024 05:30,25
2588,2588,Rahimpur,CWC,6,Haryana,619,Palwal,PALWAL,-,-,Ganga,Ganga,Yamuna,Yamuna,Yamuna,Yamuna,28.09472222,77.47722222,10-08-2024 14:30,14
2589,2589,Rahimpur,CWC,6,Haryana,619,Palwal,PALWAL,-,-,Ganga,Ganga,Yamuna,Yamuna,Yamuna,Yamuna,28.09472222,77.47722222,11-08-2024 08:30,1
2590,2590,Rahimpur,CWC,6,Haryana,619,Palwal,PALWAL,-,-,Ganga,Ganga,Yamuna,Yamuna,Yamuna,Yamuna,28.09472222,77.47722222,11-08-2024 17:30,8
2591,2591,Rahimpur,CWC,6,Haryana,619,Palwal,PALWAL,-,-,Ganga,Ganga,Yamuna,Yamuna,Yamuna,Yamuna,28.09472222,77.47722222,11-08-2024 23:30,5
2592,2592,Rahimpur,CWC,6,Haryana,619,Palwal,PALWAL,-,-,Ganga,Ganga,Yamuna,Yamuna,Yamuna,Yamuna,28.09472222,77.47722222,13-08-2024 02:30,7
2593,2593,Rahimpur,CWC,6,Haryana,619,Palwal,PALWAL,-,-,Ganga,Ganga,Yamuna,Yamuna,Yamuna,Yamuna,28.09472222,77.47722222,13-08-2024 05:30,2
2594,2594,Rahimpur,CWC,6,Haryana,619,Palwal,PALWAL,-,-,Ganga,Ganga,Yamuna,Yamuna,Yamuna,Yamuna,28.09472222,77.47722222,19-08-2024 17:30,7
2595,2595,Rahimpur,CWC,6,Haryana,619,Palwal,PALWAL,-,-,Ganga,Ganga,Yamuna,Yamuna,Yamuna,Yamuna,28.09472222,77.47722222,23-08-2024 08:30,69
2596,2596,Rahimpur,CWC,6,Haryana,619,Palwal,PALWAL,-,-,Ganga,Ganga,Yamuna,Yamuna,Yamuna,Yamuna,28.09472222,77.47722222,23-08-2024 11:30,2
2597,2597,Rahimpur,CWC,6,Haryana,619,Palwal,PALWAL,-,-,Ganga,Ganga,Yamuna,Yamuna,Yamuna,Yamuna,28.09472222,77.47722222,25-08-2024 08:30,3
2598,2598,Rahimpur,CWC,6,Haryana,619,Palwal,PALWAL,-,-,Ganga,Ganga,Yamuna,Yamuna,Yamuna,Yamuna,28.09472222,77.47722222,26-08-2024 14:30,2
2599,2599,Rahimpur,CWC,6,Haryana,619,Palwal,PALWAL,-,-,Ganga,Ganga,Yamuna,Yamuna,Yamuna,Yamuna,28.09472222,77.47722222,27-08-2024 08:30,7
2600,2600,Rahimpur,CWC,6,Haryana,619,Palwal,PALWAL,-,-,Ganga,Ganga,Yamuna,Yamuna,Yamuna,Yamuna,28.09472222,77.47722222,28-08-2024 08:30,29
2601,2601,Rahimpur,CWC,6,Haryana,619,Palwal,PALWAL,-,-,Ganga,Ganga,Yamuna,Yamuna,Yamuna,Yamuna,28.09472222,77.47722222,28-08-2024 14:30,1
2602,2602,Rahimpur,CWC,6,Haryana,619,Palwal,PALWAL,-,-,Ganga,Ganga,Yamuna,Yamuna,Yamuna,Yamuna,28.09472222,77.47722222,29-08-2024 05:30,30
2603,2603,Rahimpur,CWC,6,Haryana,619,Palwal,PALWAL,-,-,Ganga,Ganga,Yamuna,Yamuna,Yamuna,Yamuna,28.09472222,77.47722222,29-08-2024 08:30,35
2604,2604,Rahimpur,CWC,6,Haryana,619,Palwal,PALWAL,-,-,Ganga,Ganga,Yamuna,Yamuna,Yamuna,Yamuna,28.09472222,77.47722222,29-08-2024 14:30,2
2605,2605,Rahimpur,CWC,6,Haryana,619,Palwal,PALWAL,-,-,Ganga,Ganga,Yamuna,Yamuna,Yamuna,Yamuna,28.09472222,77.47722222,04-09-2024 08:30,2
2606,2606,Rahimpur,CWC,6,Haryana,619,Palwal,PALWAL,-,-,Ganga,Ganga,Yamuna,Yamuna,Yamuna,Yamuna,28.09472222,77.47722222,06-09-2024 08:30,62
2607,2607,Rahimpur,CWC,6,Haryana,619,Palwal,PALWAL,-,-,Ganga,Ganga,Yamuna,Yamuna,Yamuna,Yamuna,28.09472222,77.47722222,06-09-2024 11:30,9
2608,2608,Rahimpur,CWC,6,Haryana,619,Palwal,PALWAL,-,-,Ganga,Ganga,Yamuna,Yamuna,Yamuna,Yamuna,28.09472222,77.47722222,06-09-2024 14:30,2
2609,2609,Rahimpur,CWC,6,Haryana,619,Palwal,PALWAL,-,-,Ganga,Ganga,Yamuna,Yamuna,Yamuna,Yamuna,28.09472222,77.47722222,06-09-2024 17:30,36
2610,2610,Rahimpur,CWC,6,Haryana,619,Palwal,PALWAL,-,-,Ganga,Ganga,Yamuna,Yamuna,Yamuna,Yamuna,28.09472222,77.47722222,07-09-2024 14:30,15
2611,2611,Rahimpur,CWC,6,Haryana,619,Palwal,PALWAL,-,-,Ganga,Ganga,Yamuna,Yamuna,Yamuna,Yamuna,28.09472222,77.47722222,08-09-2024 08:30,13
2612,2612,Rahimpur,CWC,6,Haryana,619,Palwal,PALWAL,-,-,Ganga,Ganga,Yamuna,Yamuna,Yamuna,Yamuna,28.09472222,77.47722222,08-09-2024 11:30,1.4
2613,2613,Rahimpur,CWC,6,Haryana,619,Palwal,PALWAL,-,-,Ganga,Ganga,Yamuna,Yamuna,Yamuna,Yamuna,28.09472222,77.47722222,08-09-2024 14:30,3
2614,2614,Rahimpur,CWC,6,Haryana,619,Palwal,PALWAL,-,-,Ganga,Ganga,Yamuna,Yamuna,Yamuna,Yamuna,28.09472222,77.47722222,11-09-2024 08:30,3
2615,2615,Rahimpur,CWC,6,Haryana,619,Palwal,PALWAL,-,-,Ganga,Ganga,Yamuna,Yamuna,Yamuna,Yamuna,28.09472222,77.47722222,11-09-2024 11:30,1
2616,2616,Rahimpur,CWC,6,Haryana,619,Palwal,PALWAL,-,-,Ganga,Ganga,Yamuna,Yamuna,Yamuna,Yamuna,28.09472222,77.47722222,12-09-2024 02:30,5
2617,2617,Rahimpur,CWC,6,Haryana,619,Palwal,PALWAL,-,-,Ganga,Ganga,Yamuna,Yamuna,Yamuna,Yamuna,28.09472222,77.47722222,12-09-2024 05:30,7
2618,2618,Rahimpur,CWC,6,Haryana,619,Palwal,PALWAL,-,-,Ganga,Ganga,Yamuna,Yamuna,Yamuna,Yamuna,28.09472222,77.47722222,12-09-2024 08:30,20
2619,2619,Rahimpur,CWC,6,Haryana,619,Palwal,PALWAL,-,-,Ganga,Ganga,Yamuna,Yamuna,Yamuna,Yamuna,28.09472222,77.47722222,12-09-2024 11:30,7
2620,2620,Rahimpur,CWC,6,Haryana,619,Palwal,PALWAL,-,-,Ganga,Ganga,Yamuna,Yamuna,Yamuna,Yamuna,28.09472222,77.47722222,12-09-2024 14:30,9
2621,2621,Rahimpur,CWC,6,Haryana,619,Palwal,PALWAL,-,-,Ganga,Ganga,Yamuna,Yamuna,Yamuna,Yamuna,28.09472222,77.47722222,12-09-2024 17:30,68
2622,2622,Rahimpur,CWC,6,Haryana,619,Palwal,PALWAL,-,-,Ganga,Ganga,Yamuna,Yamuna,Yamuna,Yamuna,28.09472222,77.47722222,13-09-2024 05:30,20
2623,2623,Rahimpur,CWC,6,Haryana,619,Palwal,PALWAL,-,-,Ganga,Ganga,Yamuna,Yamuna,Yamuna,Yamuna,28.09472222,77.47722222,13-09-2024 17:30,7
2624,2624,Rahimpur,CWC,6,Haryana,619,Palwal,PALWAL,-,-,Ganga,Ganga,Yamuna,Yamuna,Yamuna,Yamuna,28.09472222,77.47722222,13-09-2024 20:30,12
2625,2625,Rahimpur,CWC,6,Haryana,619,Palwal,PALWAL,-,-,Ganga,Ganga,Yamuna,Yamuna,Yamuna,Yamuna,28.09472222,77.47722222,14-09-2024 11:30,1
2626,2626,Rahimpur,CWC,6,Haryana,619,Palwal,PALWAL,-,-,Ganga,Ganga,Yamuna,Yamuna,Yamuna,Yamuna,28.09472222,77.47722222,17-09-2024 17:30,32
2627,2627,Rahimpur,CWC,6,Haryana,619,Palwal,PALWAL,-,-,Ganga,Ganga,Yamuna,Yamuna,Yamuna,Yamuna,28.09472222,77.47722222,18-09-2024 11:30,3
2628,2628,Rahimpur,CWC,6,Haryana,619,Palwal,PALWAL,-,-,Ganga,Ganga,Yamuna,Yamuna,Yamuna,Yamuna,28.09472222,77.47722222,18-09-2024 14:30,6
2629,2629,Rahimpur,CWC,6,Haryana,619,Palwal,PALWAL,-,-,Ganga,Ganga,Yamuna,Yamuna,Yamuna,Yamuna,28.09472222,77.47722222,18-09-2024 17:30,4
2630,2630,Rahimpur,CWC,6,Haryana,619,Palwal,PALWAL,-,-,Ganga,Ganga,Yamuna,Yamuna,Yamuna,Yamuna,28.09472222,77.47722222,28-12-2024 08:30,11
2631,2631,Rahimpur,CWC,6,Haryana,619,Palwal,PALWAL,-,-,Ganga,Ganga,Yamuna,Yamuna,Yamuna,Yamuna,28.09472222,77.47722222,12-01-2025 08:30,7
2632,2632,Rahimpur,CWC,6,Haryana,619,Palwal,PALWAL,-,-,Ganga,Ganga,Yamuna,Yamuna,Yamuna,Yamuna,28.09472222,77.47722222,16-01-2025 08:30,1
2633,2633,Rahimpur,CWC,6,Haryana,619,Palwal,PALWAL,-,-,Ganga,Ganga,Yamuna,Yamuna,Yamuna,Yamuna,28.09472222,77.47722222,23-01-2025 08:30,3
2634,2634,Rahimpur,CWC,6,Haryana,619,Palwal,PALWAL,-,-,Ganga,Ganga,Yamuna,Yamuna,Yamuna,Yamuna,28.09472222,77.47722222,20-02-2025 08:30,3
2635,2635,Rahimpur,CWC,6,Haryana,619,Palwal,PALWAL,-,-,Ganga,Ganga,Yamuna,Yamuna,Yamuna,Yamuna,28.09472222,77.47722222,01-03-2025 08:30,48
2636,2636,Rahimpur,CWC,6,Haryana,619,Palwal,PALWAL,-,-,Ganga,Ganga,Yamuna,Yamuna,Yamuna,Yamuna,28.09472222,77.47722222,14-03-2025 08:30,3
2637,2637,Rahimpur,CWC,6,Haryana,619,Palwal,PALWAL,-,-,Ganga,Ganga,Yamuna,Yamuna,Yamuna,Yamuna,28.09472222,77.47722222,15-03-2025 08:30,2
2638,2638,Rahimpur,CWC,6,Haryana,619,Palwal,PALWAL,-,-,Ganga,Ganga,Yamuna,Yamuna,Yamuna,Yamuna,28.09472222,77.47722222,12-04-2025 08:30,1
2639,2639,Rahimpur,CWC,6,Haryana,619,Palwal,PALWAL,-,-,Ganga,Ganga,Yamuna,Yamuna,Yamuna,Yamuna,28.09472222,77.47722222,13-04-2025 08:30,1
2640,2640,Rahimpur,CWC,6,Haryana,619,Palwal,PALWAL,-,-,Ganga,Ganga,Yamuna,Yamuna,Yamuna,Yamuna,28.09472222,77.47722222,02-05-2025 08:30,26
2641,2641,Rahimpur,CWC,6,Haryana,619,Palwal,PALWAL,-,-,Ganga,Ganga,Yamuna,Yamuna,Yamuna,Yamuna,28.09472222,77.47722222,03-05-2025 08:30,6
2642,2642,Rahimpur,CWC,6,Haryana,619,Palwal,PALWAL,-,-,Ganga,Ganga,Yamuna,Yamuna,Yamuna,Yamuna,28.09472222,77.47722222,08-05-2025 08:30,12
2643,2643,Rahimpur,CWC,6,Haryana,619,Palwal,PALWAL,-,-,Ganga,Ganga,Yamuna,Yamuna,Yamuna,Yamuna,28.09472222,77.47722222,09-05-2025 08:30,6
2644,2644,Rahimpur,CWC,6,Haryana,619,Palwal,PALWAL,-,-,Ganga,Ganga,Yamuna,Yamuna,Yamuna,Yamuna,28.09472222,77.47722222,18-05-2025 08:30,5
2645,2645,Rahimpur,CWC,6,Haryana,619,Palwal,PALWAL,-,-,Ganga,Ganga,Yamuna,Yamuna,Yamuna,Yamuna,28.09472222,77.47722222,22-05-2025 08:30,6
2646,2646,Rahimpur,CWC,6,Haryana,619,Palwal,PALWAL,-,-,Ganga,Ganga,Yamuna,Yamuna,Yamuna,Yamuna,28.09472222,77.47722222,25-05-2025 08:30,17
2647,2647,Rahimpur,CWC,6,Haryana,619,Palwal,PALWAL,-,-,Ganga,Ganga,Yamuna,Yamuna,Yamuna,Yamuna,28.09472222,77.47722222,26-05-2025 08:30,10
2648,2648,Rahimpur,CWC,6,Haryana,619,Palwal,PALWAL,-,-,Ganga,Ganga,Yamuna,Yamuna,Yamuna,Yamuna,28.09472222,77.47722222,27-05-2025 08:30,8
2649,2649,Rahimpur,CWC,6,Haryana,619,Palwal,PALWAL,-,-,Ganga,Ganga,Yamuna,Yamuna,Yamuna,Yamuna,28.09472222,77.47722222,01-06-2025 08:30,2
2650,2650,Rahimpur,CWC,6,Haryana,619,Palwal,PALWAL,-,-,Ganga,Ganga,Yamuna,Yamuna,Yamuna,Yamuna,28.09472222,77.47722222,17-06-2025 20:30,3
2651,2651,Rahimpur,CWC,6,Haryana,619,Palwal,PALWAL,-,-,Ganga,Ganga,Yamuna,Yamuna,Yamuna,Yamuna,28.09472222,77.47722222,18-06-2025 08:30,1
2652,2652,Rahimpur,CWC,6,Haryana,619,Palwal,PALWAL,-,-,Ganga,Ganga,Yamuna,Yamuna,Yamuna,Yamuna,28.09472222,77.47722222,23-06-2025 17:30,23
2653,2653,Rahimpur,CWC,6,Haryana,619,Palwal,PALWAL,-,-,Ganga,Ganga,Yamuna,Yamuna,Yamuna,Yamuna,28.09472222,77.47722222,24-06-2025 23:30,45
2654,2654,Rahimpur,CWC,6,Haryana,619,Palwal,PALWAL,-,-,Ganga,Ganga,Yamuna,Yamuna,Yamuna,Yamuna,28.09472222,77.47722222,25-06-2025 08:30,35
2655,2655,Rahimpur,CWC,6,Haryana,619,Palwal,PALWAL,-,-,Ganga,Ganga,Yamuna,Yamuna,Yamuna,Yamuna,28.09472222,77.47722222,01-07-2025 05:30,45
2656,2656,Rahimpur,CWC,6,Haryana,619,Palwal,PALWAL,-,-,Ganga,Ganga,Yamuna,Yamuna,Yamuna,Yamuna,28.09472222,77.47722222,05-07-2025 08:30,6
2657,2657,Rahimpur,CWC,6,Haryana,619,Palwal,PALWAL,-,-,Ganga,Ganga,Yamuna,Yamuna,Yamuna,Yamuna,28.09472222,77.47722222,06-07-2025 08:30,30
2658,2658,Rahimpur,CWC,6,Haryana,619,Palwal,PALWAL,-,-,Ganga,Ganga,Yamuna,Yamuna,Yamuna,Yamuna,28.09472222,77.47722222,06-07-2025 17:30,22
2659,2659,Rahimpur,CWC,6,Haryana,619,Palwal,PALWAL,-,-,Ganga,Ganga,Yamuna,Yamuna,Yamuna,Yamuna,28.09472222,77.47722222,07-07-2025 08:30,44
2660,2660,Rahimpur,CWC,6,Haryana,619,Palwal,PALWAL,-,-,Ganga,Ganga,Yamuna,Yamuna,Yamuna,Yamuna,28.09472222,77.47722222,10-07-2025 08:30,10
2661,2661,Rahimpur,CWC,6,Haryana,619,Palwal,PALWAL,-,-,Ganga,Ganga,Yamuna,Yamuna,Yamuna,Yamuna,28.09472222,77.47722222,10-07-2025 11:30,6
2662,2662,Rahimpur,CWC,6,Haryana,619,Palwal,PALWAL,-,-,Ganga,Ganga,Yamuna,Yamuna,Yamuna,Yamuna,28.09472222,77.47722222,13-07-2025 20:30,10
2663,2663,Rahimpur,CWC,6,Haryana,619,Palwal,PALWAL,-,-,Ganga,Ganga,Yamuna,Yamuna,Yamuna,Yamuna,28.09472222,77.47722222,14-07-2025 20:30,5
2664,2664,Rahimpur,CWC,6,Haryana,619,Palwal,PALWAL,-,-,Ganga,Ganga,Yamuna,Yamuna,Yamuna,Yamuna,28.09472222,77.47722222,15-07-2025 08:30,12
2665,2665,Rahimpur,CWC,6,Haryana,619,Palwal,PALWAL,-,-,Ganga,Ganga,Yamuna,Yamuna,Yamuna,Yamuna,28.09472222,77.47722222,21-07-2025 05:30,12.2
2666,2666,Rahimpur,CWC,6,Haryana,619,Palwal,PALWAL,-,-,Ganga,Ganga,Yamuna,Yamuna,Yamuna,Yamuna,28.09472222,77.47722222,21-07-2025 08:30,11.4
2667,2667,Rahimpur,CWC,6,Haryana,619,Palwal,PALWAL,-,-,Ganga,Ganga,Yamuna,Yamuna,Yamuna,Yamuna,28.09472222,77.47722222,23-07-2025 08:30,30
2668,2668,Rahimpur,CWC,6,Haryana,619,Palwal,PALWAL,-,-,Ganga,Ganga,Yamuna,Yamuna,Yamuna,Yamuna,28.09472222,77.47722222,23-07-2025 11:30,40
2669,2669,Rahimpur,CWC,6,Haryana,619,Palwal,PALWAL,-,-,Ganga,Ganga,Yamuna,Yamuna,Yamuna,Yamuna,28.09472222,77.47722222,24-07-2025 02:30,7
2670,2670,Rahimpur,CWC,6,Haryana,619,Palwal,PALWAL,-,-,Ganga,Ganga,Yamuna,Yamuna,Yamuna,Yamuna,28.09472222,77.47722222,29-07-2025 08:30,2
2671,2671,Rahimpur,CWC,6,Haryana,619,Palwal,PALWAL,-,-,Ganga,Ganga,Yamuna,Yamuna,Yamuna,Yamuna,28.09472222,77.47722222,29-07-2025 14:30,35
2672,2672,Rahimpur,CWC,6,Haryana,619,Palwal,PALWAL,-,-,Ganga,Ganga,Yamuna,Yamuna,Yamuna,Yamuna,28.09472222,77.47722222,30-07-2025 17:30,7
2673,2673,Rahimpur,CWC,6,Haryana,619,Palwal,PALWAL,-,-,Ganga,Ganga,Yamuna,Yamuna,Yamuna,Yamuna,28.09472222,77.47722222,30-07-2025 20:30,60
2674,2674,Rahimpur,CWC,6,Haryana,619,Palwal,PALWAL,-,-,Ganga,Ganga,Yamuna,Yamuna,Yamuna,Yamuna,28.09472222,77.47722222,30-07-2025 23:30,2
2675,2675,Rahimpur,CWC,6,Haryana,619,Palwal,PALWAL,-,-,Ganga,Ganga,Yamuna,Yamuna,Yamuna,Yamuna,28.09472222,77.47722222,31-07-2025 17:30,33
2676,2676,Rahimpur,CWC,6,Haryana,619,Palwal,PALWAL,-,-,Ganga,Ganga,Yamuna,Yamuna,Yamuna,Yamuna,28.09472222,77.47722222,03-08-2025 05:30,55
2677,2677,Rahimpur,CWC,6,Haryana,619,Palwal,PALWAL,-,-,Ganga,Ganga,Yamuna,Yamuna,Yamuna,Yamuna,28.09472222,77.47722222,04-08-2025 08:30,22
2678,2678,Rahimpur,CWC,6,Haryana,619,Palwal,PALWAL,-,-,Ganga,Ganga,Yamuna,Yamuna,Yamuna,Yamuna,28.09472222,77.47722222,09-08-2025 08:30,46
2679,2679,Rahimpur,CWC,6,Haryana,619,Palwal,PALWAL,-,-,Ganga,Ganga,Yamuna,Yamuna,Yamuna,Yamuna,28.09472222,77.47722222,09-08-2025 11:30,10
2680,2680,Rahimpur,CWC,6,Haryana,619,Palwal,PALWAL,-,-,Ganga,Ganga,Yamuna,Yamuna,Yamuna,Yamuna,28.09472222,77.47722222,12-08-2025 08:30,2
2681,2681,Rahimpur,CWC,6,Haryana,619,Palwal,PALWAL,-,-,Ganga,Ganga,Yamuna,Yamuna,Yamuna,Yamuna,28.09472222,77.47722222,14-08-2025 11:30,3
2682,2682,Rahimpur,CWC,6,Haryana,619,Palwal,PALWAL,-,-,Ganga,Ganga,Yamuna,Yamuna,Yamuna,Yamuna,28.09472222,77.47722222,22-08-2025 08:30,2
2683,2683,Rahimpur,CWC,6,Haryana,619,Palwal,PALWAL,-,-,Ganga,Ganga,Yamuna,Yamuna,Yamuna,Yamuna,28.09472222,77.47722222,23-08-2025 14:30,2
2684,2684,Rahimpur,CWC,6,Haryana,619,Palwal,PALWAL,-,-,Ganga,Ganga,Yamuna,Yamuna,Yamuna,Yamuna,28.09472222,77.47722222,23-08-2025 20:30,2
2685,2685,Rahimpur,CWC,6,Haryana,619,Palwal,PALWAL,-,-,Ganga,Ganga,Yamuna,Yamuna,Yamuna,Yamuna,28.09472222,77.47722222,25-08-2025 08:30,5
2686,2686,Rahimpur,CWC,6,Haryana,619,Palwal,PALWAL,-,-,Ganga,Ganga,Yamuna,Yamuna,Yamuna,Yamuna,28.09472222,77.47722222,25-08-2025 11:30,4
2687,2687,Rahimpur,CWC,6,Haryana,619,Palwal,PALWAL,-,-,Ganga,Ganga,Yamuna,Yamuna,Yamuna,Yamuna,28.09472222,77.47722222,27-08-2025 11:30,4
2688,2688,Rahimpur,CWC,6,Haryana,619,Palwal,PALWAL,-,-,Ganga,Ganga,Yamuna,Yamuna,Yamuna,Yamuna,28.09472222,77.47722222,27-08-2025 14:30,26
2689,2689,Rahimpur,CWC,6,Haryana,619,Palwal,PALWAL,-,-,Ganga,Ganga,Yamuna,Yamuna,Yamuna,Yamuna,28.09472222,77.47722222,01-09-2025 17:30,23
2690,2690,Rahimpur,CWC,6,Haryana,619,Palwal,PALWAL,-,-,Ganga,Ganga,Yamuna,Yamuna,Yamuna,Yamuna,28.09472222,77.47722222,01-09-2025 20:30,5
2691,2691,Rahimpur,CWC,6,Haryana,619,Palwal,PALWAL,-,-,Ganga,Ganga,Yamuna,Yamuna,Yamuna,Yamuna,28.09472222,77.47722222,01-09-2025 23:30,20
2692,2692,Rahimpur,CWC,6,Haryana,619,Palwal,PALWAL,-,-,Ganga,Ganga,Yamuna,Yamuna,Yamuna,Yamuna,28.09472222,77.47722222,02-09-2025 05:30,20
2693,2693,Rahimpur,CWC,6,Haryana,619,Palwal,PALWAL,-,-,Ganga,Ganga,Yamuna,Yamuna,Yamuna,Yamuna,28.09472222,77.47722222,02-09-2025 17:30,3
2694,2694,Rahimpur,CWC,6,Haryana,619,Palwal,PALWAL,-,-,Ganga,Ganga,Yamuna,Yamuna,Yamuna,Yamuna,28.09472222,77.47722222,03-09-2025 14:30,7
2695,2695,Rahimpur,CWC,6,Haryana,619,Palwal,PALWAL,-,-,Ganga,Ganga,Yamuna,Yamuna,Yamuna,Yamuna,28.09472222,77.47722222,03-09-2025 17:30,2
2696,2696,Rahimpur,CWC,6,Haryana,619,Palwal,PALWAL,-,-,Ganga,Ganga,Yamuna,Yamuna,Yamuna,Yamuna,28.09472222,77.47722222,03-09-2025 20:30,2
2697,2697,Rahimpur,CWC,6,Haryana,619,Palwal,PALWAL,-,-,Ganga,Ganga,Yamuna,Yamuna,Yamuna,Yamuna,28.09472222,77.47722222,04-09-2025 17:30,5
2698,2698,Rahimpur,CWC,6,Haryana,619,Palwal,PALWAL,-,-,Ganga,Ganga,Yamuna,Yamuna,Yamuna,Yamuna,28.09472222,77.47722222,17-09-2025 14:30,6
2699,2699,Rahimpur,CWC,6,Haryana,619,Palwal,PALWAL,-,-,Ganga,Ganga,Yamuna,Yamuna,Yamuna,Yamuna,28.09472222,77.47722222,02-10-2025 14:30,7
2700,2700,Rahimpur,CWC,6,Haryana,619,Palwal,PALWAL,-,-,Ganga,Ganga,Yamuna,Yamuna,Yamuna,Yamuna,28.09472222,77.47722222,06-10-2025 17:30,5
2701,2701,Rahimpur,CWC,6,Haryana,619,Palwal,PALWAL,-,-,Ganga,Ganga,Yamuna,Yamuna,Yamuna,Yamuna,28.09472222,77.47722222,07-10-2025 08:30,35
2702,2702,Rahimpur,CWC,6,Haryana,619,Palwal,PALWAL,-,-,Ganga,Ganga,Yamuna,Yamuna,Yamuna,Yamuna,28.09472222,77.47722222,08-10-2025 08:30,5
